contract_date,actual_high_f,refit_prediction_f,masked_prediction_f,published_prediction_f,station_id,prediction_delta_f,refit_error_f,masked_error_f,refit_minus_published_f,actual_rounded_f,actual_bucket,refit_rounded_f,refit_bucket,masked_rounded_f,masked_bucket,anchored_masked_prediction_f,published_error_f,anchored_masked_error_f,published_rounded_f,anchored_masked_rounded_f,published_bucket,anchored_masked_bucket
2026-01-01,62.0,62.2718980710718,62.2718980710718,62.29616703810096,KATL,0.0,-0.2718980710717957,-0.2718980710717957,-0.0242689670291653,62,62-63,62,62-63,62,62-63,62.29616703810096,-0.2961670381009611,-0.2961670381009611,62,62,62-63,62-63
2026-01-02,61.0,62.81772861932876,62.81772861932876,62.79449610449606,KATL,0.0,-1.8177286193287612,-1.8177286193287612,0.0232325148326992,61,60-61,63,62-63,63,62-63,62.79449610449606,-1.7944961044960621,-1.7944961044960621,63,63,62-63,62-63
2026-01-03,57.0,56.09751725840225,56.09751725840225,56.12916188276842,KATL,0.0,0.9024827415977512,0.9024827415977512,-0.0316446243661729,57,56-57,56,56-57,56,56-57,56.12916188276842,0.8708381172315782,0.8708381172315782,56,56,56-57,56-57
2026-01-04,63.0,61.98566697052721,61.98566697052721,61.96777278494531,KATL,0.0,1.0143330294727877,1.0143330294727877,0.0178941855819019,63,62-63,62,62-63,62,62-63,61.96777278494531,1.0322272150546894,1.0322272150546894,62,62,62-63,62-63
2026-01-05,66.0,62.632741824010274,62.632741824010274,62.61957763891425,KATL,0.0,3.367258175989725,3.367258175989725,0.0131641850960235,66,66-67,63,62-63,63,62-63,62.61957763891425,3.380422361085749,3.380422361085749,63,63,62-63,62-63
2026-01-06,62.0,63.4551515917436,63.4551515917436,63.40474226853728,KATL,0.0,-1.4551515917436006,-1.4551515917436006,0.050409323206324,62,62-63,63,62-63,63,62-63,63.40474226853728,-1.4047422685372766,-1.4047422685372766,63,63,62-63,62-63
2026-01-07,70.0,71.62582026953143,71.62582026953143,71.64836816209369,KATL,0.0,-1.625820269531431,-1.625820269531431,-0.0225478925622582,70,70-71,72,72-73,72,72-73,71.64836816209369,-1.6483681620936892,-1.6483681620936892,72,72,72-73,72-73
2026-01-08,70.0,69.76215369472821,69.76215369472821,69.76390687935852,KATL,0.0,0.2378463052717876,0.2378463052717876,-0.0017531846303029,70,70-71,70,70-71,70,70-71,69.76390687935852,0.2360931206414847,0.2360931206414847,70,70,70-71,70-71
2026-01-09,70.0,72.42707800667672,72.42707800667672,72.38193174544777,KATL,0.0,-2.427078006676723,-2.427078006676723,0.0451462612289503,70,70-71,72,72-73,72,72-73,72.38193174544777,-2.3819317454477726,-2.3819317454477726,72,72,72-73,72-73
2026-01-10,71.0,72.2879540096391,72.2879540096391,72.28290012831705,KATL,0.0,-1.287954009639094,-1.287954009639094,0.0050538813220413,71,70-71,72,72-73,72,72-73,72.28290012831705,-1.2829001283170527,-1.2829001283170527,72,72,72-73,72-73
2026-01-11,55.0,55.1548514238938,55.1548514238938,55.19680575170962,KATL,0.0,-0.1548514238937954,-0.1548514238937954,-0.0419543278158229,55,54-55,55,54-55,55,54-55,55.19680575170962,-0.19680575170961845,-0.19680575170961845,55,55,54-55,54-55
2026-01-12,52.0,50.78348750576217,50.78348750576217,50.74977075519574,KATL,0.0,1.2165124942378327,1.2165124942378327,0.0337167505664268,52,52-53,51,50-51,51,50-51,50.74977075519574,1.2502292448042596,1.2502292448042596,51,51,50-51,50-51
2026-01-13,62.0,60.00705885674728,60.00705885674728,59.97085307294228,KATL,0.0,1.9929411432527215,1.9929411432527215,0.0362057838049949,62,62-63,60,60-61,60,60-61,59.97085307294228,2.0291469270577167,2.0291469270577167,60,60,60-61,60-61
2026-01-14,52.0,50.6515664717395,50.66106008516215,50.64987840961476,KATL,0.0094936134226486,1.3484335282605002,1.3389399148378516,0.0016880621247423,52,52-53,51,50-51,51,50-51,50.659372023037406,1.3501215903852426,1.340627976962594,51,51,50-51,50-51
2026-01-15,37.0,37.202487069709846,37.202487069709846,37.17513525289255,KATL,0.0,-0.2024870697098464,-0.2024870697098464,0.0273518168172941,37,36-37,37,36-37,37,36-37,37.17513525289255,-0.17513525289255227,-0.17513525289255227,37,37,36-37,36-37
2026-01-16,53.0,52.34527280835007,52.34527280835007,52.34809683527884,KATL,0.0,0.6547271916499326,0.6547271916499326,-0.0028240269287707,53,52-53,52,52-53,52,52-53,52.34809683527884,0.6519031647211619,0.6519031647211619,52,52,52-53,52-53
2026-01-17,53.0,55.59048490423751,55.59048490423751,55.57310817847969,KATL,0.0,-2.590484904237506,-2.590484904237506,0.0173767257578134,53,52-53,56,56-57,56,56-57,55.57310817847969,-2.5731081784796928,-2.5731081784796928,56,56,56-57,56-57
2026-01-18,43.0,42.71056508822816,42.71056508822816,42.710565088227895,KATL,0.0,0.289434911771842,0.289434911771842,2.629008122312371e-13,43,42-43,43,42-43,43,42-43,42.710565088227895,0.2894349117721049,0.2894349117721049,43,43,42-43,42-43
2026-01-19,47.0,46.8399539833771,46.8399539833771,46.807197126503006,KATL,0.0,0.1600460166228998,0.1600460166228998,0.0327568568740943,47,46-47,47,46-47,47,46-47,46.807197126503006,0.1928028734969942,0.1928028734969942,47,47,46-47,46-47
2026-01-20,47.0,44.98984016486327,44.98984016486327,44.91804787154881,KATL,0.0,2.010159835136733,2.010159835136733,0.0717922933144592,47,46-47,45,44-45,45,44-45,44.91804787154881,2.081952128451192,2.081952128451192,45,45,44-45,44-45
2026-01-21,55.0,56.012494797697,56.012494797697,56.061079278878445,KATL,0.0,-1.012494797697002,-1.012494797697002,-0.048584481181443,55,54-55,56,56-57,56,56-57,56.061079278878445,-1.061079278878445,-1.061079278878445,56,56,56-57,56-57
2026-01-22,50.0,48.41500307754258,48.42379164517398,48.45363648059936,KATL,0.0087885676313987,1.584996922457421,1.5762083548260222,-0.038633403056778,50,50-51,48,48-49,48,48-49,48.462425048230756,1.5463635194006429,1.537574951769244,48,48,48-49,48-49
2026-01-23,54.0,51.940128897698834,51.940128897698834,51.98934185205705,KATL,0.0,2.059871102301166,2.059871102301166,-0.049212954358218,54,54-55,52,52-53,52,52-53,51.98934185205705,2.010658147942948,2.010658147942948,52,52,52-53,52-53
2026-01-24,47.0,46.79579568523221,46.79579568523221,46.814420294452844,KATL,0.0,0.204204314767793,0.204204314767793,-0.0186246092206374,47,46-47,47,46-47,47,46-47,46.814420294452844,0.18557970554715553,0.18557970554715553,47,47,46-47,46-47
2026-01-25,39.0,41.52800828279603,41.53690426106021,41.53898888580402,KATL,0.0088959782641779,-2.52800828279603,-2.536904261060208,-0.0109806030079866,39,38-39,42,42-43,42,42-43,41.547884864068195,-2.5389888858040166,-2.5478848640681946,42,42,42-43,42-43
2026-01-26,37.0,37.177258449605326,37.177258449605326,37.177258449605134,KATL,0.0,-0.1772584496053255,-0.1772584496053255,1.9184653865522705e-13,37,36-37,37,36-37,37,36-37,37.177258449605134,-0.1772584496051337,-0.1772584496051337,37,37,36-37,36-37
2026-01-27,43.0,41.91342071575913,41.91342071575913,41.9837938536913,KATL,0.0,1.0865792842408697,1.0865792842408697,-0.0703731379321723,43,42-43,42,42-43,42,42-43,41.9837938536913,1.016206146308697,1.016206146308697,42,42,42-43,42-43
2026-01-28,50.0,46.84793474457167,46.84793474457167,46.84361550477343,KATL,0.0,3.152065255428333,3.152065255428333,0.0043192397982352,50,50-51,47,46-47,47,46-47,46.84361550477343,3.1563844952265683,3.1563844952265683,47,47,46-47,46-47
2026-01-29,47.0,48.33667163910017,48.33667163910017,48.4063307852776,KATL,0.0,-1.3366716391001674,-1.3366716391001674,-0.069659146177436,47,46-47,48,48-49,48,48-49,48.4063307852776,-1.4063307852776035,-1.4063307852776035,48,48,48-49,48-49
2026-01-30,53.0,53.17507239809922,53.17507239809922,53.14923700438318,KATL,0.0,-0.1750723980992177,-0.1750723980992177,0.0258353937160364,53,52-53,53,52-53,53,52-53,53.14923700438318,-0.14923700438318122,-0.14923700438318122,53,53,52-53,52-53
2026-01-31,34.0,33.44211398952785,33.44211398952785,33.44211398952764,KATL,0.0,0.5578860104721528,0.5578860104721528,2.0605739337042905e-13,34,34-35,33,32-33,33,32-33,33.44211398952764,0.5578860104723589,0.5578860104723589,33,33,32-33,32-33
2026-02-01,36.0,35.4117287335156,35.4117287335156,35.45493211592978,KATL,0.0,0.5882712664843979,0.5882712664843979,-0.0432033824141768,36,36-37,35,34-35,35,34-35,35.45493211592978,0.545067884070221,0.545067884070221,35,35,34-35,34-35
2026-02-02,51.0,50.25394787432552,50.25394787432552,50.24842891684184,KATL,0.0,0.7460521256744812,0.7460521256744812,0.0055189574836802,51,50-51,50,50-51,50,50-51,50.24842891684184,0.7515710831581615,0.7515710831581615,50,50,50-51,50-51
2026-02-03,60.0,60.70004543414088,60.70004543414088,60.74279752464682,KATL,0.0,-0.7000454341408826,-0.7000454341408826,-0.0427520905059353,60,60-61,61,60-61,61,60-61,60.74279752464682,-0.7427975246468179,-0.7427975246468179,61,61,60-61,60-61
2026-02-04,56.0,54.6960695161958,54.6960695161958,54.71796010365033,KATL,0.0,1.3039304838042014,1.3039304838042014,-0.0218905874545285,56,56-57,55,54-55,55,54-55,54.71796010365033,1.2820398963496729,1.2820398963496729,55,55,54-55,54-55
2026-02-05,45.0,43.72097214097474,43.72097214097474,43.72046266477837,KATL,0.0,1.2790278590252555,1.2790278590252555,0.0005094761963775,45,44-45,44,44-45,44,44-45,43.72046266477837,1.279537335221633,1.279537335221633,44,44,44-45,44-45
2026-02-06,65.0,61.488226328743394,61.488226328743394,61.56376183660413,KATL,0.0,3.5117736712566057,3.5117736712566057,-0.0755355078607351,65,64-65,61,60-61,61,60-61,61.56376183660413,3.4362381633958705,3.4362381633958705,62,62,62-63,62-63
2026-02-07,54.0,51.93690934660041,51.93690934660041,51.98436518504954,KATL,0.0,2.063090653399591,2.063090653399591,-0.0474558384491317,54,54-55,52,52-53,52,52-53,51.98436518504954,2.0156348149504595,2.0156348149504595,52,52,52-53,52-53
2026-02-08,60.0,59.08535496495815,59.08535496495815,59.13575405049736,KATL,0.0,0.9146450350418504,0.9146450350418504,-0.0503990855392117,60,60-61,59,58-59,59,58-59,59.13575405049736,0.8642459495026387,0.8642459495026387,59,59,58-59,58-59
2026-02-09,67.0,64.65237122619565,64.65237122619565,64.68436910130497,KATL,0.0,2.3476287738043453,2.3476287738043453,-0.0319978751093117,67,66-67,65,64-65,65,64-65,64.68436910130497,2.3156308986950336,2.3156308986950336,65,65,64-65,64-65
2026-02-10,69.0,70.66016927721107,70.66016927721107,70.75836200875369,KATL,0.0,-1.660169277211068,-1.660169277211068,-0.0981927315426247,69,68-69,71,70-71,71,70-71,70.75836200875369,-1.7583620087536929,-1.7583620087536929,71,71,70-71,70-71
2026-02-11,64.0,67.40228323127583,67.40228323127583,67.36426666843788,KATL,0.0,-3.402283231275831,-3.402283231275831,0.0380165628379529,64,64-65,67,66-67,67,66-67,67.36426666843788,-3.364266668437878,-3.364266668437878,67,67,66-67,66-67
2026-02-12,64.0,63.19796913896664,63.19796913896664,63.20350035255551,KATL,0.0,0.8020308610333586,0.8020308610333586,-0.0055312135888669,64,64-65,63,62-63,63,62-63,63.20350035255551,0.7964996474444916,0.7964996474444916,63,63,62-63,62-63
2026-02-13,62.0,61.28185959713085,61.28185959713085,61.29268080738622,KATL,0.0,0.718140402869146,0.718140402869146,-0.010821210255365,62,62-63,61,60-61,61,60-61,61.29268080738622,0.707319192613781,0.707319192613781,61,61,60-61,60-61
2026-02-14,62.0,63.8937328680111,63.8937328680111,63.93939329679306,KATL,0.0,-1.8937328680110996,-1.8937328680110996,-0.0456604287819573,62,62-63,64,64-65,64,64-65,63.93939329679306,-1.9393932967930567,-1.9393932967930567,64,64,64-65,64-65
2026-02-15,60.0,60.44848821212071,60.43954092176741,60.538188653569975,KATL,-0.0089472903532978,-0.4484882121207079,-0.43954092176741,-0.089700441449267,60,60-61,60,60-61,60,60-61,60.52924136321668,-0.5381886535699749,-0.529241363216677,61,61,60-61,60-61
2026-02-16,68.0,66.75076045825286,66.75076045825286,66.7935680445234,KATL,0.0,1.2492395417471442,1.2492395417471442,-0.0428075862705412,68,68-69,67,66-67,67,66-67,66.7935680445234,1.206431955476603,1.206431955476603,67,67,66-67,66-67
2026-02-17,69.0,69.14081203227978,69.14081203227978,69.15095442256504,KATL,0.0,-0.1408120322797827,-0.1408120322797827,-0.0101423902852531,69,68-69,69,68-69,69,68-69,69.15095442256504,-0.15095442256503588,-0.15095442256503588,69,69,68-69,68-69
2026-02-18,68.0,67.40601435311717,67.40601435311717,67.47932633433967,KATL,0.0,0.5939856468828282,0.5939856468828282,-0.0733119812225027,68,68-69,67,66-67,67,66-67,67.47932633433967,0.5206736656603255,0.5206736656603255,67,67,66-67,66-67
2026-02-19,79.0,77.19833390274513,77.19833390274513,77.18567021824995,KATL,0.0,1.8016660972548664,1.8016660972548664,0.0126636844951804,79,78-79,77,76-77,77,76-77,77.18567021824995,1.8143297817500468,1.8143297817500468,77,77,76-77,76-77
2026-02-20,79.0,78.76234627817226,78.76234627817226,78.73465018267045,KATL,0.0,0.2376537218277405,0.2376537218277405,0.0276960955018097,79,78-79,79,78-79,79,78-79,78.73465018267045,0.2653498173295503,0.2653498173295503,79,79,78-79,78-79
2026-02-21,66.0,66.95600610625597,66.94984452535441,66.95600610625618,KATL,-0.006161580901562,-0.9560061062559696,-0.9498445253544076,-2.131628207280301e-13,66,66-67,67,66-67,67,66-67,66.94984452535462,-0.9560061062561829,-0.9498445253546208,67,67,66-67,66-67
2026-02-22,53.0,53.17659768203326,53.17659768203326,53.19107496407014,KATL,0.0,-0.1765976820332611,-0.1765976820332611,-0.0144772820368785,53,52-53,53,52-53,53,52-53,53.19107496407014,-0.19107496407013969,-0.19107496407013969,53,53,52-53,52-53
2026-02-23,40.0,40.827256083678094,40.827256083678094,40.76355763255855,KATL,0.0,-0.827256083678094,-0.827256083678094,0.0636984511195422,40,40-41,41,40-41,41,40-41,40.76355763255855,-0.7635576325585518,-0.7635576325585518,41,41,40-41,40-41
2026-02-24,53.0,53.39650815562256,53.39650815562256,53.45756688927563,KATL,0.0,-0.3965081556225627,-0.3965081556225627,-0.0610587336530699,53,52-53,53,52-53,53,52-53,53.45756688927563,-0.4575668892756326,-0.4575668892756326,53,53,52-53,52-53
2026-02-25,62.0,63.75061545761967,63.75061545761967,63.74288842234508,KATL,0.0,-1.7506154576196735,-1.7506154576196735,0.0077270352745912,62,62-63,64,64-65,64,64-65,63.74288842234508,-1.7428884223450822,-1.7428884223450822,64,64,64-65,64-65
2026-02-26,63.0,66.05793948600073,66.05793948600073,65.98869494672293,KATL,0.0,-3.057939486000734,-3.057939486000734,0.069244539277804,63,62-63,66,66-67,66,66-67,65.98869494672293,-2.98869494672293,-2.98869494672293,66,66,66-67,66-67
2026-02-27,69.0,67.72477473879707,67.72477473879707,67.77637528193874,KATL,0.0,1.2752252612029338,1.2752252612029338,-0.0516005431416743,69,68-69,68,68-69,68,68-69,67.77637528193874,1.2236247180612594,1.2236247180612594,68,68,68-69,68-69
2026-02-28,71.0,67.85741802834583,67.85741802834583,67.85682574186215,KATL,0.0,3.1425819716541668,3.1425819716541668,0.0005922864836804,71,70-71,68,68-69,68,68-69,67.85682574186215,3.1431742581378472,3.1431742581378472,68,68,68-69,68-69
2026-03-01,77.0,77.52325737241765,77.52325737241765,77.54117132649742,KATL,0.0,-0.5232573724176461,-0.5232573724176461,-0.0179139540797734,77,76-77,78,78-79,78,78-79,77.54117132649742,-0.5411713264974196,-0.5411713264974196,78,78,78-79,78-79
2026-03-02,76.0,73.4580848377007,73.4580848377007,73.40086124979327,KATL,0.0,2.541915162299304,2.541915162299304,0.0572235879074298,76,76-77,73,72-73,73,72-73,73.40086124979327,2.599138750206734,2.599138750206734,73,73,72-73,72-73
2026-03-03,63.0,65.31784777633376,65.31784777633376,65.30869402610504,KATL,0.0,-2.317847776333764,-2.317847776333764,0.0091537502287195,63,62-63,65,64-65,65,64-65,65.30869402610504,-2.3086940261050444,-2.3086940261050444,65,65,64-65,64-65
2026-03-04,75.0,75.34015745804685,75.34015745804685,75.3608671213601,KATL,0.0,-0.3401574580468463,-0.3401574580468463,-0.020709663313255,75,74-75,75,74-75,75,74-75,75.3608671213601,-0.36086712136010135,-0.36086712136010135,75,75,74-75,74-75
2026-03-05,80.0,79.63937686003288,79.63926803721823,79.69330437257322,KATL,-0.0001088228146528,0.3606231399671173,0.3607319627817702,-0.0539275125403406,80,80-81,80,80-81,80,80-81,79.69319554975857,0.3066956274267767,0.30680445024142955,80,80,80-81,80-81
2026-03-06,81.0,82.347226868595,82.347226868595,82.33008148428553,KATL,0.0,-1.3472268685950013,-1.3472268685950013,0.0171453843094724,81,80-81,82,82-83,82,82-83,82.33008148428553,-1.3300814842855289,-1.3300814842855289,82,82,82-83,82-83
2026-03-07,82.0,81.35680798361787,81.35680798361787,81.39499259129748,KATL,0.0,0.6431920163821303,0.6431920163821303,-0.0381846076796108,82,82-83,81,80-81,81,80-81,81.39499259129748,0.6050074087025195,0.6050074087025195,81,81,80-81,80-81
2026-03-08,69.0,68.7236580868145,68.72308162055381,68.69660914900189,KATL,-0.0005764662606821,0.2763419131855045,0.2769183794461867,0.0270489378126086,69,68-69,69,68-69,69,68-69,68.6960326827412,0.30339085099811314,0.30396731725879533,69,69,68-69,68-69
2026-03-09,77.0,76.40284606134504,76.40284606134504,76.37687180464762,KATL,0.0,0.5971539386549551,0.5971539386549551,0.0259742566974239,77,76-77,76,76-77,76,76-77,76.37687180464762,0.6231281953523791,0.6231281953523791,76,76,76-77,76-77
2026-03-10,80.0,76.23735950793407,76.23735950793407,76.22502988941773,KATL,0.0,3.762640492065927,3.762640492065927,0.0123296185163468,80,80-81,76,76-77,76,76-77,76.22502988941773,3.7749701105822737,3.7749701105822737,76,76,76-77,76-77
2026-03-11,81.0,80.39558086723378,80.39558086723378,80.46194547617266,KATL,0.0,0.6044191327662247,0.6044191327662247,-0.0663646089388834,81,80-81,80,80-81,80,80-81,80.46194547617266,0.5380545238273413,0.5380545238273413,80,80,80-81,80-81
2026-03-12,71.0,71.15305996697909,71.15305996697909,71.15305996697883,KATL,0.0,-0.1530599669790859,-0.1530599669790859,2.557953848736361e-13,71,70-71,71,70-71,71,70-71,71.15305996697883,-0.15305996697883018,-0.15305996697883018,71,71,70-71,70-71
2026-03-13,68.0,66.70012586372185,66.70012586372185,66.69825362183212,KATL,0.0,1.2998741362781487,1.2998741362781487,0.0018722418897283,68,68-69,67,66-67,67,66-67,66.69825362183212,1.301746378167877,1.301746378167877,67,67,66-67,66-67
2026-03-14,77.0,77.04114889414674,77.04114889414674,77.07847498701084,KATL,0.0,-0.0411488941467439,-0.0411488941467439,-0.0373260928640917,77,76-77,77,76-77,77,76-77,77.07847498701084,-0.07847498701083566,-0.07847498701083566,77,77,76-77,76-77
2026-03-15,72.0,73.84876861893274,73.84876861893274,73.89439537811016,KATL,0.0,-1.8487686189327377,-1.8487686189327377,-0.0456267591774235,72,72-73,74,74-75,74,74-75,73.89439537811016,-1.8943953781101612,-1.8943953781101612,74,74,74-75,74-75
2026-03-16,68.0,67.94904039031907,67.94904039031907,67.94904039031887,KATL,0.0,0.0509596096809303,0.0509596096809303,1.9895196601282805e-13,68,68-69,68,68-69,68,68-69,67.94904039031887,0.050959609681129336,0.050959609681129336,68,68,68-69,68-69
2026-03-17,48.0,47.445306423521295,47.445306423521295,47.47558320557442,KATL,0.0,0.5546935764787051,0.5546935764787051,-0.0302767820531215,48,48-49,47,46-47,47,46-47,47.47558320557442,0.5244167944255835,0.5244167944255835,47,47,46-47,46-47
2026-03-18,56.0,57.7201258961613,57.7201258961613,57.7267764038814,KATL,0.0,-1.7201258961612993,-1.7201258961612993,-0.0066505077201028,56,56-57,58,58-59,58,58-59,57.7267764038814,-1.7267764038814022,-1.7267764038814022,58,58,58-59,58-59
2026-03-19,69.0,68.56282204409898,68.56282204409898,68.58867919333615,KATL,0.0,0.4371779559010207,0.4371779559010207,-0.0258571492371686,69,68-69,69,68-69,69,68-69,68.58867919333615,0.41132080666385207,0.41132080666385207,69,69,68-69,68-69
2026-03-20,76.0,76.74291588631834,76.74291588631834,76.709971083779,KATL,0.0,-0.7429158863183432,-0.7429158863183432,0.0329448025393475,76,76-77,77,76-77,77,76-77,76.709971083779,-0.7099710837789956,-0.7099710837789956,77,77,76-77,76-77
2026-03-21,83.0,83.77274936556643,83.77274936556643,83.73319231417787,KATL,0.0,-0.7727493655664261,-0.7727493655664261,0.0395570513885559,83,82-83,84,84-85,84,84-85,83.73319231417787,-0.7331923141778702,-0.7331923141778702,84,84,84-85,84-85
2026-03-22,83.0,83.86610403681821,83.86610403681821,83.8222429259861,KATL,0.0,-0.8661040368182142,-0.8661040368182142,0.0438611108321111,83,82-83,84,84-85,84,84-85,83.8222429259861,-0.822242925986103,-0.822242925986103,84,84,84-85,84-85
2026-03-23,80.0,79.61727642934977,79.61727642934977,79.61828368509302,KATL,0.0,0.3827235706502279,0.3827235706502279,-0.0010072557432465,80,80-81,80,80-81,80,80-81,79.61828368509302,0.3817163149069813,0.3817163149069813,80,80,80-81,80-81
2026-03-24,69.0,66.73628708176885,66.73628708176885,66.77580500898507,KATL,0.0,2.2637129182311497,2.2637129182311497,-0.0395179272162238,69,68-69,67,66-67,67,66-67,66.77580500898507,2.224194991014926,2.224194991014926,67,67,66-67,66-67
2026-03-25,68.0,69.68703719524439,69.68703719524439,69.70738377945752,KATL,0.0,-1.687037195244386,-1.687037195244386,-0.0203465842131294,68,68-69,70,70-71,70,70-71,69.70738377945752,-1.7073837794575155,-1.7073837794575155,70,70,70-71,70-71
2026-03-26,79.0,82.47711863818816,82.47711863818816,82.49482696303438,KATL,0.0,-3.477118638188159,-3.477118638188159,-0.0177083248462253,79,78-79,82,82-83,82,82-83,82.49482696303438,-3.4948269630343844,-3.4948269630343844,82,82,82-83,82-83
2026-03-27,83.0,83.51624327216241,83.51624327216241,83.46174723990416,KATL,0.0,-0.5162432721624128,-0.5162432721624128,0.0544960322582568,83,82-83,84,84-85,84,84-85,83.46174723990416,-0.461747239904156,-0.461747239904156,83,83,82-83,82-83
2026-03-28,70.0,67.35525730033655,67.35525730033655,67.36210405965754,KATL,0.0,2.6447426996634533,2.6447426996634533,-0.0068467593209931,70,70-71,67,66-67,67,66-67,67.36210405965754,2.63789594034246,2.63789594034246,67,67,66-67,66-67
2026-03-29,65.0,64.76600859757707,64.76600859757707,64.77354688140491,KATL,0.0,0.2339914024229301,0.2339914024229301,-0.0075382838278414,65,64-65,65,64-65,65,64-65,64.77354688140491,0.22645311859508865,0.22645311859508865,65,65,64-65,64-65
2026-03-30,73.0,72.99458458315726,72.98574385064575,72.96196747028017,KATL,-0.0088407325115156,0.0054154168427373,0.014256149354253,0.0326171128770909,73,72-73,73,72-73,73,72-73,72.95312673776866,0.03803252971982829,0.046873262231343915,73,73,72-73,72-73
2026-03-31,83.0,81.26454826177257,81.26454826177257,81.34293384897806,KATL,0.0,1.7354517382274253,1.7354517382274253,-0.0783855872054886,83,82-83,81,80-81,81,80-81,81.34293384897806,1.6570661510219367,1.6570661510219367,81,81,80-81,80-81
2026-04-01,84.0,82.63046824808359,82.63046824808359,82.63612910924287,KATL,0.0,1.369531751916412,1.369531751916412,-0.0056608611592849,84,84-85,83,82-83,83,82-83,82.63612910924287,1.363870890757127,1.363870890757127,83,83,82-83,82-83
2026-04-02,82.0,82.56035758179222,82.56035758179222,82.61743490676672,KATL,0.0,-0.5603575817922177,-0.5603575817922177,-0.0570773249745002,82,82-83,83,82-83,83,82-83,82.61743490676672,-0.617434906766718,-0.617434906766718,83,83,82-83,82-83
2026-04-03,82.0,81.24869051637745,81.24869051637745,81.26456100658852,KATL,0.0,0.7513094836225491,0.7513094836225491,-0.0158704902110713,82,82-83,81,80-81,81,80-81,81.26456100658852,0.7354389934114778,0.7354389934114778,81,81,80-81,80-81
2026-04-04,82.0,80.93440504194584,80.93440504194584,80.95291102688977,KATL,0.0,1.065594958054163,1.065594958054163,-0.0185059849439284,82,82-83,81,80-81,81,80-81,80.95291102688977,1.0470889731102346,1.0470889731102346,81,81,80-81,80-81
2026-04-05,70.0,71.60614835350248,71.6118803571138,71.55910281249903,KATL,0.0057320036113281,-1.6061483535024763,-1.6118803571138045,0.0470455410034418,70,70-71,72,72-73,72,72-73,71.56483481611036,-1.5591028124990345,-1.5648348161103627,72,72,72-73,72-73
2026-04-06,66.0,68.88459299316337,68.88459299316337,68.86109813246688,KATL,0.0,-2.8845929931633663,-2.8845929931633663,0.0234948606964877,66,66-67,69,68-69,69,68-69,68.86109813246688,-2.8610981324668785,-2.8610981324668785,69,69,68-69,68-69
2026-04-07,77.0,76.11489481717314,76.11489481717314,76.13118846244477,KATL,0.0,0.8851051828268623,0.8851051828268623,-0.0162936452716309,77,76-77,76,76-77,76,76-77,76.13118846244477,0.8688115375552314,0.8688115375552314,76,76,76-77,76-77
2026-04-08,69.0,68.59955214074103,68.59955214074103,68.60928618622309,KATL,0.0,0.4004478592589748,0.4004478592589748,-0.0097340454820624,69,68-69,69,68-69,69,68-69,68.60928618622309,0.3907138137769124,0.3907138137769124,69,69,68-69,68-69
2026-04-09,71.0,71.33630567761789,71.33630567761789,71.30867196511852,KATL,0.0,-0.3363056776178865,-0.3363056776178865,0.0276337124993659,71,70-71,71,70-71,71,70-71,71.30867196511852,-0.3086719651185206,-0.3086719651185206,71,71,70-71,70-71
2026-04-10,77.0,78.4794213531263,78.4794213531263,78.48000335121749,KATL,0.0,-1.4794213531262983,-1.4794213531262983,-0.0005819980911923,77,76-77,78,78-79,78,78-79,78.48000335121749,-1.4800033512174906,-1.4800033512174906,78,78,78-79,78-79
2026-04-11,84.0,83.99125223409237,83.99125223409237,83.96127920069286,KATL,0.0,0.0087477659076284,0.0087477659076284,0.0299730333995142,84,84-85,84,84-85,84,84-85,83.96127920069286,0.038720799307142784,0.038720799307142784,84,84,84-85,84-85
2026-04-12,85.0,84.38843905527493,84.38843905527493,84.39074417952803,KATL,0.0,0.6115609447250705,0.6115609447250705,-0.0023051242530982,85,84-85,84,84-85,84,84-85,84.39074417952803,0.6092558204719722,0.6092558204719722,84,84,84-85,84-85
2026-04-13,82.0,81.07984434110864,81.07984434110864,81.03427107402042,KATL,0.0,0.9201556588913604,0.9201556588913604,0.0455732670882156,82,82-83,81,80-81,81,80-81,81.03427107402042,0.965728925979576,0.965728925979576,81,81,80-81,80-81
2026-04-14,85.0,85.08853847876732,85.08853847876732,85.10397919406121,KATL,0.0,-0.0885384787673189,-0.0885384787673189,-0.0154407152938915,85,84-85,85,84-85,85,84-85,85.10397919406121,-0.10397919406121048,-0.10397919406121048,85,85,84-85,84-85
2026-04-15,84.0,85.9093671613851,85.9093671613851,85.90166997171384,KATL,0.0,-1.9093671613851055,-1.9093671613851055,0.007697189671262,84,84-85,86,86-87,86,86-87,85.90166997171384,-1.9016699717138437,-1.9016699717138437,86,86,86-87,86-87
2026-04-16,85.0,85.34389757352686,85.34389757352686,85.35185983328374,KATL,0.0,-0.3438975735268599,-0.3438975735268599,-0.00796225975688,85,84-85,85,84-85,85,84-85,85.35185983328374,-0.35185983328373993,-0.35185983328373993,85,85,84-85,84-85
2026-04-17,88.0,87.75208754792314,87.75208754792314,87.73053724422032,KATL,0.0,0.2479124520768607,0.2479124520768607,0.0215503037028241,88,88-89,88,88-89,88,88-89,87.73053724422032,0.2694627557796849,0.2694627557796849,88,88,88-89,88-89
2026-04-18,83.0,85.14986510687373,85.14986510687373,85.11722462910896,KATL,0.0,-2.149865106873733,-2.149865106873733,0.0326404777647724,83,82-83,85,84-85,85,84-85,85.11722462910896,-2.1172246291089607,-2.1172246291089607,85,85,84-85,84-85
2026-04-19,70.0,72.01426031149879,72.01426031149879,72.05850364318893,KATL,0.0,-2.014260311498788,-2.014260311498788,-0.04424333169014,70,70-71,72,72-73,72,72-73,72.05850364318893,-2.058503643188928,-2.058503643188928,72,72,72-73,72-73
2026-04-20,76.0,76.45782632429743,76.45782632429743,76.49999130706642,KATL,0.0,-0.4578263242974287,-0.4578263242974287,-0.0421649827689947,76,76-77,76,76-77,76,76-77,76.49999130706642,-0.4999913070664235,-0.4999913070664235,76,76,76-77,76-77
2026-04-21,78.0,79.21894381307047,79.21894381307047,79.22510955619825,KATL,0.0,-1.2189438130704673,-1.2189438130704673,-0.0061657431277808,78,78-79,79,78-79,79,78-79,79.22510955619825,-1.2251095561982481,-1.2251095561982481,79,79,78-79,78-79
2026-04-22,83.0,81.81972318261542,81.81972318261542,81.81373404746623,KATL,0.0,1.1802768173845806,1.1802768173845806,0.0059891351491927,83,82-83,82,82-83,82,82-83,81.81373404746623,1.1862659525337733,1.1862659525337733,82,82,82-83,82-83
2026-04-23,82.0,83.72141674608385,83.72141674608385,83.71158091483997,KATL,0.0,-1.7214167460838468,-1.7214167460838468,0.0098358312438762,82,82-83,84,84-85,84,84-85,83.71158091483997,-1.7115809148399705,-1.7115809148399705,84,84,84-85,84-85
2026-04-24,84.0,83.31873136816004,83.31873136816004,83.30886296147837,KATL,0.0,0.6812686318399557,0.6812686318399557,0.0098684066816758,84,84-85,83,82-83,83,82-83,83.30886296147837,0.6911370385216316,0.6911370385216316,83,83,82-83,82-83
2026-04-25,74.0,76.25166655637273,76.25166655637273,76.23017660872709,KATL,0.0,-2.251666556372726,-2.251666556372726,0.0214899476456338,74,74-75,76,76-77,76,76-77,76.23017660872709,-2.230176608727092,-2.230176608727092,76,76,76-77,76-77
2026-04-26,83.0,82.99308025304319,82.99308025304319,83.03538640470039,KATL,0.0,0.0069197469568109,0.0069197469568109,-0.0423061516572005,83,82-83,83,82-83,83,82-83,83.03538640470039,-0.03538640470038956,-0.03538640470038956,83,83,82-83,82-83
2026-04-27,75.0,77.44483551607262,77.44483551607262,77.48481988139027,KATL,0.0,-2.444835516072615,-2.444835516072615,-0.0399843653176503,75,74-75,77,76-77,77,76-77,77.48481988139027,-2.4848198813902656,-2.4848198813902656,77,77,76-77,76-77
2026-04-28,66.0,73.18976237447092,73.19765252205,73.25865891221,KATL,0.00789014757909,-7.1897623744709165,-7.197652522050007,-0.0688965377390786,66,66-67,73,72-73,73,72-73,73.26654905978909,-7.258658912209995,-7.266549059789085,73,73,72-73,72-73
2026-04-29,83.0,79.87919030429246,79.87919030429246,79.93920680534346,KATL,0.0,3.1208096957075355,3.1208096957075355,-0.0600165010509954,83,82-83,80,80-81,80,80-81,79.93920680534346,3.06079319465654,3.06079319465654,80,80,80-81,80-81
2026-04-30,74.0,76.36252586186941,76.36252586186941,76.44281987350773,KATL,0.0,-2.3625258618694147,-2.3625258618694147,-0.0802940116383155,74,74-75,76,76-77,76,76-77,76.44281987350773,-2.44281987350773,-2.44281987350773,76,76,76-77,76-77
2026-05-01,65.0,71.01987165975511,71.01987165975511,71.00155093738168,KATL,0.0,-6.019871659755111,-6.019871659755111,0.0183207223734314,65,64-65,71,70-71,71,70-71,71.00155093738168,-6.00155093738168,-6.00155093738168,71,71,70-71,70-71
2026-05-02,72.0,69.17689692786541,69.17689692786541,69.21416159482199,KATL,0.0,2.823103072134586,2.823103072134586,-0.0372646669565739,72,72-73,69,68-69,69,68-69,69.21416159482199,2.785838405178012,2.785838405178012,69,69,68-69,68-69
2026-05-03,72.0,71.88555805288075,71.88555805288075,71.8861353600018,KATL,0.0,0.1144419471192463,0.1144419471192463,-0.0005773071210484,72,72-73,72,72-73,72,72-73,71.8861353600018,0.11386463999819796,0.11386463999819796,72,72,72-73,72-73
2026-05-04,77.0,79.28922118585174,79.28922118585174,79.26122367941151,KATL,0.0,-2.289221185851744,-2.289221185851744,0.0279975064402293,77,76-77,79,78-79,79,78-79,79.26122367941151,-2.261223679411515,-2.261223679411515,79,79,78-79,78-79
2026-05-05,80.0,80.75181819857062,80.75181819857062,80.72681017817142,KATL,0.0,-0.7518181985706178,-0.7518181985706178,0.0250080203991984,80,80-81,81,80-81,81,80-81,80.72681017817142,-0.7268101781714194,-0.7268101781714194,81,81,80-81,80-81
2026-05-06,81.0,82.33026129639988,82.33026129639988,82.34293814355614,KATL,0.0,-1.3302612963998826,-1.3302612963998826,-0.012676847156257,81,80-81,82,82-83,82,82-83,82.34293814355614,-1.3429381435561396,-1.3429381435561396,82,82,82-83,82-83
2026-05-07,72.0,72.99573339798093,72.99876449443543,72.94823097245873,KATL,0.0030310964545066,-0.9957333979809276,-0.9987644944354344,0.0475024255221967,72,72-73,73,72-73,73,72-73,72.95126206891324,-0.948230972458731,-0.9512620689132376,73,73,72-73,72-73
2026-05-08,72.0,72.4957371882135,72.4957371882135,72.53470205744598,KATL,0.0,-0.4957371882134964,-0.4957371882134964,-0.0389648692324868,72,72-73,72,72-73,72,72-73,72.53470205744598,-0.5347020574459833,-0.5347020574459833,73,73,72-73,72-73
2026-05-09,71.0,75.1073484765637,75.1073484765637,75.16692077436788,KATL,0.0,-4.1073484765637005,-4.1073484765637005,-0.0595722978041806,71,70-71,75,74-75,75,74-75,75.16692077436788,-4.166920774367881,-4.166920774367881,75,75,74-75,74-75
2026-05-10,82.0,82.12419225590405,82.12419225590405,82.17849449769274,KATL,0.0,-0.1241922559040489,-0.1241922559040489,-0.0543022417886902,82,82-83,82,82-83,82,82-83,82.17849449769274,-0.17849449769273917,-0.17849449769273917,82,82,82-83,82-83
2026-05-11,82.0,81.19003291077306,81.19003291077306,81.17316137971652,KATL,0.0,0.8099670892269444,0.8099670892269444,0.0168715310565374,82,82-83,81,80-81,81,80-81,81.17316137971652,0.8268386202834819,0.8268386202834819,81,81,80-81,80-81
2026-05-12,73.0,72.44485645266423,72.44485645266423,72.4806963992374,KATL,0.0,0.5551435473357742,0.5551435473357742,-0.0358399465731764,73,72-73,72,72-73,72,72-73,72.4806963992374,0.5193036007625977,0.5193036007625977,72,72,72-73,72-73
2026-05-13,80.0,80.13947615208534,80.13947615208534,80.17863357587105,KATL,0.0,-0.1394761520853364,-0.1394761520853364,-0.0391574237857099,80,80-81,80,80-81,80,80-81,80.17863357587105,-0.17863357587104645,-0.17863357587104645,80,80,80-81,80-81
2026-05-14,76.0,75.04537503293861,75.04537503293861,75.07692819346197,KATL,0.0,0.9546249670613918,0.9546249670613918,-0.0315531605233587,76,76-77,75,74-75,75,74-75,75.07692819346197,0.923071806538033,0.923071806538033,75,75,74-75,74-75
2026-05-15,78.0,79.8272549696883,79.8272549696883,79.85211115496985,KATL,0.0,-1.8272549696882976,-1.8272549696882976,-0.0248561852815498,78,78-79,80,80-81,80,80-81,79.85211115496985,-1.8521111549698475,-1.8521111549698475,80,80,80-81,80-81
2026-05-16,86.0,84.69587536339029,84.69587536339029,84.71686675473535,KATL,0.0,1.304124636609714,1.304124636609714,-0.0209913913450634,86,86-87,85,84-85,85,84-85,84.71686675473535,1.2831332452646507,1.2831332452646507,85,85,84-85,84-85
2026-05-17,89.0,88.16230664095364,88.16230664095364,88.13849632165251,KATL,0.0,0.8376933590463551,0.8376933590463551,0.023810319301134,89,88-89,88,88-89,88,88-89,88.13849632165251,0.8615036783474892,0.8615036783474892,88,88,88-89,88-89
2026-05-18,87.0,88.2666938264605,88.2666938264605,88.2840474150582,KATL,0.0,-1.2666938264604966,-1.2666938264604966,-0.0173535885977003,87,86-87,88,88-89,88,88-89,88.2840474150582,-1.2840474150581969,-1.2840474150581969,88,88,88-89,88-89
2026-05-19,88.0,87.66310615763724,87.66310615763724,87.71311446853163,KATL,0.0,0.3368938423627554,0.3368938423627554,-0.050008310894384,88,88-89,88,88-89,88,88-89,87.71311446853163,0.28688553146837137,0.28688553146837137,88,88,88-89,88-89
2026-05-20,89.0,89.79864350580397,89.79864350580397,89.77554050484991,KATL,0.0,-0.798643505803966,-0.798643505803966,0.0231030009540518,89,88-89,90,90-91,90,90-91,89.77554050484991,-0.7755405048499142,-0.7755405048499142,90,90,90-91,90-91
2026-05-21,86.0,85.83091765070368,85.83091765070368,85.79597477766568,KATL,0.0,0.1690823492963176,0.1690823492963176,0.0349428730380054,86,86-87,86,86-87,86,86-87,85.79597477766568,0.20402522233432308,0.20402522233432308,86,86,86-87,86-87
2026-05-22,87.0,83.95496712330531,83.95496712330531,83.8948664777276,KATL,0.0,3.045032876694691,3.045032876694691,0.0601006455777053,87,86-87,84,84-85,84,84-85,83.8948664777276,3.1051335222723964,3.1051335222723964,84,84,84-85,84-85
2026-05-23,84.0,79.54827296515536,79.54827296515536,79.53136727504817,KATL,0.0,4.451727034844637,4.451727034844637,0.016905690107194,84,84-85,80,80-81,80,80-81,79.53136727504817,4.468632724951831,4.468632724951831,80,80,80-81,80-81
2026-05-24,84.0,77.22297820214908,77.22236448395996,77.24509512388765,KATL,-0.0006137181891148,6.777021797850921,6.777635516040036,-0.0221169217385721,84,84-85,77,76-77,77,76-77,77.24448140569854,6.754904876112349,6.7555185943014635,77,77,76-77,76-77
2026-05-25,79.0,80.13359908425288,80.13359908425288,80.10828294472385,KATL,0.0,-1.1335990842528787,-1.1335990842528787,0.0253161395290248,79,78-79,80,80-81,80,80-81,80.10828294472385,-1.1082829447238538,-1.1082829447238538,80,80,80-81,80-81
2026-05-26,81.0,80.69817270497288,80.69817270497288,80.63543240811383,KATL,0.0,0.3018272950271239,0.3018272950271239,0.0627402968590473,81,80-81,81,80-81,81,80-81,80.63543240811383,0.36456759188617127,0.36456759188617127,81,81,80-81,80-81
2026-05-27,84.0,83.62884886171888,83.62884886171888,83.57766142237186,KATL,0.0,0.371151138281121,0.371151138281121,0.0511874393470179,84,84-85,84,84-85,84,84-85,83.57766142237186,0.422338577628139,0.422338577628139,84,84,84-85,84-85
2026-05-28,86.0,85.81199469718214,85.81199469718214,85.79109376455382,KATL,0.0,0.1880053028178565,0.1880053028178565,0.0209009326283222,86,86-87,86,86-87,86,86-87,85.79109376455382,0.2089062354461788,0.2089062354461788,86,86,86-87,86-87
2026-05-29,83.0,81.18297152552232,81.18297152552232,81.1529907066585,KATL,0.0,1.8170284744776808,1.8170284744776808,0.0299808188638195,83,82-83,81,80-81,81,80-81,81.1529907066585,1.8470092933415003,1.8470092933415003,81,81,80-81,80-81
2026-05-30,84.0,83.13645248879499,83.13645248879499,83.14778430030123,KATL,0.0,0.863547511205013,0.863547511205013,-0.0113318115062384,84,84-85,83,82-83,83,82-83,83.14778430030123,0.8522156996987746,0.8522156996987746,83,83,82-83,82-83
2026-05-31,75.0,75.67275923155327,75.67275923155327,75.6949056228151,KATL,0.0,-0.6727592315532718,-0.6727592315532718,-0.0221463912618276,75,74-75,76,76-77,76,76-77,75.6949056228151,-0.6949056228150994,-0.6949056228150994,76,76,76-77,76-77
2026-06-01,84.0,84.43433333448077,84.43433333448077,84.45909082544482,KATL,0.0,-0.4343333344807689,-0.4343333344807689,-0.0247574909640491,84,84-85,84,84-85,84,84-85,84.45909082544482,-0.45909082544481805,-0.45909082544481805,84,84,84-85,84-85
2026-06-02,82.0,81.12084065243846,81.12084065243846,81.10206712021285,KATL,0.0,0.87915934756154,0.87915934756154,0.0187735322256088,82,82-83,81,80-81,81,80-81,81.10206712021285,0.8979328797871489,0.8979328797871489,81,81,80-81,80-81
2026-06-03,78.0,77.36132989920522,77.36132989920522,77.32738079351162,KATL,0.0,0.6386701007947835,0.6386701007947835,0.0339491056935941,78,78-79,77,76-77,77,76-77,77.32738079351162,0.6726192064883776,0.6726192064883776,77,77,76-77,76-77
2026-06-04,82.0,83.4453909838199,83.4453909838199,83.41612985801696,KATL,0.0,-1.4453909838199053,-1.4453909838199053,0.0292611258029467,82,82-83,83,82-83,83,82-83,83.41612985801696,-1.4161298580169586,-1.4161298580169586,83,83,82-83,82-83
2026-06-05,85.0,85.05951877065398,85.05951877065398,85.0573354881616,KATL,0.0,-0.0595187706539803,-0.0595187706539803,0.0021832824923819,85,84-85,85,84-85,85,84-85,85.0573354881616,-0.05733548816159839,-0.05733548816159839,85,85,84-85,84-85
2026-06-06,86.0,87.0229163210092,87.0229163210092,86.95430897235586,KATL,0.0,-1.0229163210092054,-1.0229163210092054,0.0686073486533445,86,86-87,87,86-87,87,86-87,86.95430897235586,-0.9543089723558609,-0.9543089723558609,87,87,86-87,86-87
2026-06-07,84.0,83.53137661307898,83.53137661307898,83.54062545435865,KATL,0.0,0.4686233869210241,0.4686233869210241,-0.0092488412796711,84,84-85,84,84-85,84,84-85,83.54062545435865,0.45937454564135294,0.45937454564135294,84,84,84-85,84-85
2026-06-08,81.0,80.74179921277864,80.74179921277864,80.76640985153193,KATL,0.0,0.2582007872213552,0.2582007872213552,-0.0246106387532876,81,80-81,81,80-81,81,80-81,80.76640985153193,0.23359014846806758,0.23359014846806758,81,81,80-81,80-81
2026-06-09,82.0,82.8305870626849,82.8305870626849,82.8210643892424,KATL,0.0,-0.8305870626848986,-0.8305870626848986,0.009522673442504,82,82-83,83,82-83,83,82-83,82.8210643892424,-0.8210643892423946,-0.8210643892423946,83,83,82-83,82-83
2026-06-10,88.0,88.22102553545021,88.22102553545021,88.20119589319457,KATL,0.0,-0.2210255354502095,-0.2210255354502095,0.0198296422556438,88,88-89,88,88-89,88,88-89,88.20119589319457,-0.20119589319456566,-0.20119589319456566,88,88,88-89,88-89
2026-06-11,92.0,92.87579412173103,92.87579412173103,92.85584779996776,KATL,0.0,-0.8757941217310474,-0.8757941217310474,0.0199463217632853,92,92-93,93,92-93,93,92-93,92.85584779996776,-0.8558477999677621,-0.8558477999677621,93,93,92-93,92-93
2026-06-12,91.0,92.80158679041496,92.80158679041496,92.76693087331314,KATL,0.0,-1.8015867904149587,-1.8015867904149587,0.0346559171018157,91,90-91,93,92-93,93,92-93,92.76693087331314,-1.766930873313143,-1.766930873313143,93,93,92-93,92-93
2026-06-13,93.0,93.27172812367652,93.27172812367652,93.27635067806678,KATL,0.0,-0.2717281236765245,-0.2717281236765245,-0.0046225543902522,93,92-93,93,92-93,93,92-93,93.27635067806678,-0.2763506780667768,-0.2763506780667768,93,93,92-93,92-93
2026-06-14,90.0,89.42382161516505,89.42382161516505,89.35215906917928,KATL,0.0,0.5761783848349467,0.5761783848349467,0.0716625459857738,90,90-91,89,88-89,89,88-89,89.35215906917928,0.6478409308207205,0.6478409308207205,89,89,88-89,88-89
2026-06-15,80.0,83.55095602524018,83.55095602524018,83.5451560129678,KATL,0.0,-3.5509560252401826,-3.5509560252401826,0.0058000122723882,80,80-81,84,84-85,84,84-85,83.5451560129678,-3.5451560129677944,-3.5451560129677944,84,84,84-85,84-85
2026-06-16,73.0,75.26929443527465,75.27963093578025,75.26673023352971,KATL,0.0103365005056019,-2.269294435274645,-2.279630935780247,0.0025642017449314,73,72-73,75,74-75,75,74-75,75.27706673403532,-2.2667302335297137,-2.2770667340353157,75,75,74-75,74-75
2026-06-17,85.0,86.91669316584886,86.91669316584886,86.9443795534212,KATL,0.0,-1.916693165848855,-1.916693165848855,-0.0276863875723449,85,84-85,87,86-87,87,86-87,86.9443795534212,-1.9443795534212,-1.9443795534212,87,87,86-87,86-87
2026-06-18,87.0,86.08739102807796,86.08739102807796,85.9941839560308,KATL,0.0,0.9126089719220404,0.9126089719220404,0.0932070720471642,87,86-87,86,86-87,86,86-87,85.9941839560308,1.0058160439692045,1.0058160439692045,86,86,86-87,86-87
2026-06-19,88.0,86.56823051243316,86.56823051243316,86.5911112565693,KATL,0.0,1.4317694875668394,1.4317694875668394,-0.0228807441361453,88,88-89,87,86-87,87,86-87,86.5911112565693,1.408888743430694,1.408888743430694,87,87,86-87,86-87
2026-06-20,86.0,86.06302823186145,86.06302823186145,85.99654628247738,KATL,0.0,-0.0630282318614519,-0.0630282318614519,0.0664819493840696,86,86-87,86,86-87,86,86-87,85.99654628247738,0.003453717522617694,0.003453717522617694,86,86,86-87,86-87
2026-06-21,86.0,84.9338578329489,84.9338578329489,84.88432506382608,KATL,0.0,1.0661421670510975,1.0661421670510975,0.0495327691228197,86,86-87,85,84-85,85,84-85,84.88432506382608,1.1156749361739173,1.1156749361739173,85,85,84-85,84-85
2026-01-01,73.0,74.10527738630562,74.10527738630562,74.13289200902129,KAUS,0.0,-1.105277386305616,-1.105277386305616,-0.0276146227156743,73,72-73,74,74-75,74,74-75,74.13289200902129,-1.1328920090212904,-1.1328920090212904,74,74,74-75,74-75
2026-01-02,89.0,88.72945005792015,88.72945005792015,88.73377956560505,KAUS,0.0,0.2705499420798531,0.2705499420798531,-0.0043295076849005,89,88-89,89,88-89,89,88-89,88.73377956560505,0.2662204343949526,0.2662204343949526,89,89,88-89,88-89
2026-01-03,76.0,75.36081839725831,75.36081839725831,75.41358955420515,KAUS,0.0,0.6391816027416866,0.6391816027416866,-0.0527711569468323,76,76-77,75,74-75,75,74-75,75.41358955420515,0.5864104457948542,0.5864104457948542,75,75,74-75,74-75
2026-01-04,71.0,70.84865698005439,70.84865698005439,70.93419290367687,KAUS,0.0,0.1513430199456138,0.1513430199456138,-0.085535923622487,71,70-71,71,70-71,71,70-71,70.93419290367687,0.06580709632312676,0.06580709632312676,71,71,70-71,70-71
2026-01-05,76.0,76.1568018843806,76.1568018843806,76.23057261071017,KAUS,0.0,-0.1568018843805987,-0.1568018843805987,-0.0737707263295703,76,76-77,76,76-77,76,76-77,76.23057261071017,-0.2305726107101691,-0.2305726107101691,76,76,76-77,76-77
2026-01-06,83.0,83.96041171138823,83.96041171138823,83.97515514188484,KAUS,0.0,-0.9604117113882324,-0.9604117113882324,-0.0147434304966083,83,82-83,84,84-85,84,84-85,83.97515514188484,-0.9751551418848408,-0.9751551418848408,84,84,84-85,84-85
2026-01-07,80.0,80.15314441518792,80.15314441518792,80.08676762396311,KAUS,0.0,-0.1531444151879242,-0.1531444151879242,0.0663767912248118,80,80-81,80,80-81,80,80-81,80.08676762396311,-0.08676762396311233,-0.08676762396311233,80,80,80-81,80-81
2026-01-08,79.0,80.86355865280805,80.86355865280805,80.71812412459138,KAUS,0.0,-1.8635586528080523,-1.8635586528080523,0.1454345282166684,79,78-79,81,80-81,81,80-81,80.71812412459138,-1.7181241245913839,-1.7181241245913839,81,81,80-81,80-81
2026-01-09,72.0,71.64459273499784,71.64459273499784,71.76060785921837,KAUS,0.0,0.3554072650021567,0.3554072650021567,-0.1160151242205245,72,72-73,72,72-73,72,72-73,71.76060785921837,0.23939214078163218,0.23939214078163218,72,72,72-73,72-73
2026-01-10,60.0,60.79132066019302,60.79132066019302,60.93840841685404,KAUS,0.0,-0.7913206601930227,-0.7913206601930227,-0.1470877566610156,60,60-61,61,60-61,61,60-61,60.93840841685404,-0.9384084168540383,-0.9384084168540383,61,61,60-61,60-61
2026-01-11,63.0,63.16750088324913,63.16750088324913,63.07629759429319,KAUS,0.0,-0.1675008832491329,-0.1675008832491329,0.0912032889559455,63,62-63,63,62-63,63,62-63,63.07629759429319,-0.07629759429318739,-0.07629759429318739,63,63,62-63,62-63
2026-01-12,63.0,62.273838153808825,62.273838153808825,62.187046454241205,KAUS,0.0,0.7261618461911752,0.7261618461911752,0.0867916995676196,63,62-63,62,62-63,62,62-63,62.187046454241205,0.8129535457587949,0.8129535457587949,62,62,62-63,62-63
2026-01-13,60.0,60.67843470678419,60.67843470678419,60.58344938427795,KAUS,0.0,-0.6784347067841878,-0.6784347067841878,0.0949853225062398,60,60-61,61,60-61,61,60-61,60.58344938427795,-0.583449384277948,-0.583449384277948,61,61,60-61,60-61
2026-01-14,69.0,69.06117725843502,69.06117725843502,69.01685417626794,KAUS,0.0,-0.0611772584350234,-0.0611772584350234,0.0443230821670823,69,68-69,69,68-69,69,68-69,69.01685417626794,-0.016854176267941057,-0.016854176267941057,69,69,68-69,68-69
2026-01-15,66.0,64.5024127386116,64.5024127386116,64.49629755953181,KAUS,0.0,1.4975872613884036,1.4975872613884036,0.006115179079785,66,66-67,65,64-65,65,64-65,64.49629755953181,1.5037024404681887,1.5037024404681887,64,64,64-65,64-65
2026-01-16,76.0,73.84956851499693,73.84956851499693,73.96458741046114,KAUS,0.0,2.150431485003068,2.150431485003068,-0.1150188954642033,76,76-77,74,74-75,74,74-75,73.96458741046114,2.035412589538865,2.035412589538865,74,74,74-75,74-75
2026-01-17,55.0,54.40440641734686,54.40440641734686,54.44993136138241,KAUS,0.0,0.5955935826531373,0.5955935826531373,-0.0455249440355487,55,54-55,54,54-55,54,54-55,54.44993136138241,0.5500686386175886,0.5500686386175886,54,54,54-55,54-55
2026-01-18,64.0,62.36743227267938,62.36743227267938,62.329028198148194,KAUS,0.0,1.6325677273206196,1.6325677273206196,0.0384040745311864,64,64-65,62,62-63,62,62-63,62.329028198148194,1.670971801851806,1.670971801851806,62,62,62-63,62-63
2026-01-19,68.0,67.75642598786797,67.75642598786797,67.74098418735379,KAUS,0.0,0.2435740121320293,0.2435740121320293,0.015441800514182,68,68-69,68,68-69,68,68-69,67.74098418735379,0.25901581264621143,0.25901581264621143,68,68,68-69,68-69
2026-01-20,60.0,59.45434965294878,59.45434965294878,59.51095404748936,KAUS,0.0,0.5456503470512217,0.5456503470512217,-0.0566043945405851,60,60-61,59,58-59,59,58-59,59.51095404748936,0.48904595251063654,0.48904595251063654,60,60,60-61,60-61
2026-01-21,75.0,73.74753221500647,73.74753221500647,73.69782499652095,KAUS,0.0,1.2524677849935273,1.2524677849935273,0.0497072184855227,75,74-75,74,74-75,74,74-75,73.69782499652095,1.30217500347905,1.30217500347905,74,74,74-75,74-75
2026-01-22,69.0,70.18498313703773,70.18498313703773,70.17667288573092,KAUS,0.0,-1.184983137037733,-1.184983137037733,0.0083102513068098,69,68-69,70,70-71,70,70-71,70.17667288573092,-1.1766728857309232,-1.1766728857309232,70,70,70-71,70-71
2026-01-23,67.0,69.34183649748499,69.34586421997,69.27446507356339,KAUS,0.0040277224850058,-2.341836497484991,-2.3458642199699966,0.0673714239215996,67,66-67,69,68-69,69,68-69,69.2784927960484,-2.274465073563391,-2.278492796048397,69,69,68-69,68-69
2026-01-24,45.0,43.06544966192232,43.06544966192232,43.36517896459848,KAUS,0.0,1.9345503380776776,1.9345503380776776,-0.2997293026761554,45,44-45,43,42-43,43,42-43,43.36517896459848,1.6348210354015222,1.6348210354015222,43,43,42-43,42-43
2026-01-25,29.0,29.08562027941028,29.08562027941028,29.24145442367172,KAUS,0.0,-0.085620279410282,-0.085620279410282,-0.155834144261437,29,28-29,29,28-29,29,28-29,29.24145442367172,-0.2414544236717191,-0.2414544236717191,29,29,28-29,28-29
2026-01-26,37.0,34.322116958523225,34.322116958523225,34.37039520165715,KAUS,0.0,2.677883041476776,2.677883041476776,-0.0482782431339288,37,36-37,34,34-35,34,34-35,34.37039520165715,2.6296047983428465,2.6296047983428465,34,34,34-35,34-35
2026-01-27,50.0,46.81727111094703,46.81727111094703,46.77418246844485,KAUS,0.0,3.1827288890529744,3.1827288890529744,0.0430886425021768,50,50-51,47,46-47,47,46-47,46.77418246844485,3.225817531555151,3.225817531555151,47,47,46-47,46-47
2026-01-28,57.0,55.31401755979218,55.31401755979218,55.474639319741,KAUS,0.0,1.685982440207816,1.685982440207816,-0.1606217599488175,57,56-57,55,54-55,55,54-55,55.474639319741,1.5253606802589985,1.5253606802589985,55,55,54-55,54-55
2026-01-29,72.0,70.15532582854135,70.15532582854135,70.24094782465558,KAUS,0.0,1.8446741714586492,1.8446741714586492,-0.0856219961142272,72,72-73,70,70-71,70,70-71,70.24094782465558,1.7590521753444222,1.7590521753444222,70,70,70-71,70-71
2026-01-30,55.0,55.40301741381175,55.40301741381175,55.42780124896393,KAUS,0.0,-0.4030174138117459,-0.4030174138117459,-0.0247838351521849,55,54-55,55,54-55,55,54-55,55.42780124896393,-0.4278012489639309,-0.4278012489639309,55,55,54-55,54-55
2026-01-31,44.0,43.35292386698584,43.35292386698584,43.43621098317787,KAUS,0.0,0.6470761330141599,0.6470761330141599,-0.0832871161920323,44,44-45,43,42-43,43,42-43,43.43621098317787,0.5637890168221276,0.5637890168221276,43,43,42-43,42-43
2026-02-01,57.0,55.40485472752912,55.40485472752912,55.34021364156537,KAUS,0.0,1.59514527247088,1.59514527247088,0.0646410859637498,57,56-57,55,54-55,55,54-55,55.34021364156537,1.65978635843463,1.65978635843463,55,55,54-55,54-55
2026-02-02,68.0,69.81167308554244,69.81167308554244,69.79599756820444,KAUS,0.0,-1.8116730855424377,-1.8116730855424377,0.0156755173379963,68,68-69,70,70-71,70,70-71,69.79599756820444,-1.7959975682044416,-1.7959975682044416,70,70,70-71,70-71
2026-02-03,72.0,71.9325669880336,71.9325669880336,71.70859230356128,KAUS,0.0,0.0674330119664006,0.0674330119664006,0.2239746844723242,72,72-73,72,72-73,72,72-73,71.70859230356128,0.2914076964387249,0.2914076964387249,72,72,72-73,72-73
2026-02-04,64.0,64.57699086971282,64.57699086971282,64.62833294901294,KAUS,0.0,-0.5769908697128159,-0.5769908697128159,-0.0513420793001273,64,64-65,65,64-65,65,64-65,64.62833294901294,-0.6283329490129432,-0.6283329490129432,65,65,64-65,64-65
2026-02-05,69.0,68.7955815526936,68.7955815526936,68.73911639239192,KAUS,0.0,0.204418447306395,0.204418447306395,0.0564651603016841,69,68-69,69,68-69,69,68-69,68.73911639239192,0.26088360760807916,0.26088360760807916,69,69,68-69,68-69
2026-02-06,82.0,81.99011411284205,81.99011411284205,81.86832036571512,KAUS,0.0,0.0098858871579494,0.0098858871579494,0.1217937471269294,82,82-83,82,82-83,82,82-83,81.86832036571512,0.13167963428487894,0.13167963428487894,82,82,82-83,82-83
2026-02-07,84.0,81.4451966534752,81.4451966534752,81.38292142809672,KAUS,0.0,2.554803346524807,2.554803346524807,0.062275225378471,84,84-85,81,80-81,81,80-81,81.38292142809672,2.617078571903278,2.617078571903278,81,81,80-81,80-81
2026-02-08,80.0,79.03001485699014,79.03001485699014,78.88930662800433,KAUS,0.0,0.9699851430098648,0.9699851430098648,0.140708228985801,80,80-81,79,78-79,79,78-79,78.88930662800433,1.1106933719956658,1.1106933719956658,79,79,78-79,78-79
2026-02-09,85.0,84.16830923067349,84.16830923067349,83.98351720125572,KAUS,0.0,0.8316907693265136,0.8316907693265136,0.184792029417764,85,84-85,84,84-85,84,84-85,83.98351720125572,1.0164827987442777,1.0164827987442777,84,84,84-85,84-85
2026-02-10,69.0,74.7359754700034,74.7359754700034,74.66859421130506,KAUS,0.0,-5.735975470003396,-5.735975470003396,0.0673812586983331,69,68-69,75,74-75,75,74-75,74.66859421130506,-5.668594211305063,-5.668594211305063,75,75,74-75,74-75
2026-02-11,75.0,73.64236646778858,73.64236646778858,73.59561841316997,KAUS,0.0,1.3576335322114232,1.3576335322114232,0.0467480546186038,75,74-75,74,74-75,74,74-75,73.59561841316997,1.4043815868300271,1.4043815868300271,74,74,74-75,74-75
2026-02-12,81.0,79.64834886645114,79.64834886645114,79.48110760395956,KAUS,0.0,1.351651133548856,1.351651133548856,0.1672412624915864,81,80-81,80,80-81,80,80-81,79.48110760395956,1.5188923960404423,1.5188923960404423,79,79,78-79,78-79
2026-02-13,81.0,81.35527782228712,81.35527782228712,81.21880913271318,KAUS,0.0,-0.3552778222871211,-0.3552778222871211,0.1364686895739453,81,80-81,81,80-81,81,80-81,81.21880913271318,-0.2188091327131758,-0.2188091327131758,81,81,80-81,80-81
2026-02-14,74.0,72.87030070383632,72.87030070383632,72.90060523067666,KAUS,0.0,1.129699296163679,1.129699296163679,-0.0303045268403394,74,74-75,73,72-73,73,72-73,72.90060523067666,1.0993947693233395,1.0993947693233395,73,73,72-73,72-73
2026-02-15,74.0,71.66936694947816,71.66936694947816,71.58445785915826,KAUS,0.0,2.33063305052184,2.33063305052184,0.084909090319897,74,74-75,72,72-73,72,72-73,71.58445785915826,2.415542140841737,2.415542140841737,72,72,72-73,72-73
2026-02-16,77.0,76.74726557527585,76.74726557527585,76.71872183884535,KAUS,0.0,0.252734424724153,0.252734424724153,0.0285437364304925,77,76-77,77,76-77,77,76-77,76.71872183884535,0.28127816115464555,0.28127816115464555,77,77,76-77,76-77
2026-02-17,84.0,81.41767906167553,81.41767906167553,81.41484236266183,KAUS,0.0,2.582320938324472,2.582320938324472,0.0028366990136987,84,84-85,81,80-81,81,80-81,81.41484236266183,2.5851576373381704,2.5851576373381704,81,81,80-81,80-81
2026-02-18,77.0,82.47417305455001,82.47417305455001,82.3000874461278,KAUS,0.0,-5.474173054550008,-5.474173054550008,0.1740856084222031,77,76-77,82,82-83,82,82-83,82.3000874461278,-5.3000874461278045,-5.3000874461278045,82,82,82-83,82-83
2026-02-19,85.0,84.76204104004904,84.76204104004904,84.60287290707366,KAUS,0.0,0.2379589599509586,0.2379589599509586,0.1591681329753811,85,84-85,85,84-85,85,84-85,84.60287290707366,0.39712709292633974,0.39712709292633974,85,85,84-85,84-85
2026-02-20,67.0,68.16768479205258,68.16768479205258,68.11882703136341,KAUS,0.0,-1.167684792052583,-1.167684792052583,0.0488577606891738,67,66-67,68,68-69,68,68-69,68.11882703136341,-1.1188270313634092,-1.1188270313634092,68,68,68-69,68-69
2026-02-21,72.0,72.70430434609779,72.70430434609779,72.73148629070995,KAUS,0.0,-0.7043043460977856,-0.7043043460977856,-0.0271819446121668,72,72-73,73,72-73,73,72-73,72.73148629070995,-0.7314862907099524,-0.7314862907099524,73,73,72-73,72-73
2026-02-22,62.0,61.44451777209333,61.44451777209333,61.39299941952834,KAUS,0.0,0.5554822279066656,0.5554822279066656,0.0515183525649973,62,62-63,61,60-61,61,60-61,61.39299941952834,0.6070005804716629,0.6070005804716629,61,61,60-61,60-61
2026-02-23,66.0,64.65998452153394,64.65998452153394,64.68369303289874,KAUS,0.0,1.3400154784660572,1.3400154784660572,-0.0237085113648021,66,66-67,65,64-65,65,64-65,64.68369303289874,1.316306967101255,1.316306967101255,65,65,64-65,64-65
2026-02-24,75.0,74.98531201559659,74.98531201559659,74.93644989599807,KAUS,0.0,0.0146879844034089,0.0146879844034089,0.0488621195985246,75,74-75,75,74-75,75,74-75,74.93644989599807,0.0635501040019335,0.0635501040019335,75,75,74-75,74-75
2026-02-25,87.0,86.80739401315661,86.80739401315661,86.64634108865812,KAUS,0.0,0.1926059868433896,0.1926059868433896,0.1610529244984917,87,86-87,87,86-87,87,86-87,86.64634108865812,0.3536589113418813,0.3536589113418813,87,87,86-87,86-87
2026-02-26,85.0,85.60823806018176,85.60823806018176,85.39910710888874,KAUS,0.0,-0.6082380601817619,-0.6082380601817619,0.2091309512930195,85,84-85,86,86-87,86,86-87,85.39910710888874,-0.39910710888874235,-0.39910710888874235,85,85,84-85,84-85
2026-02-27,87.0,85.20607611686412,85.20607611686412,85.1556421188603,KAUS,0.0,1.793923883135875,1.793923883135875,0.0504339980038253,87,86-87,85,84-85,85,84-85,85.1556421188603,1.8443578811397003,1.8443578811397003,85,85,84-85,84-85
2026-02-28,87.0,85.07067479283738,85.07067479283738,84.94512664392897,KAUS,0.0,1.92932520716262,1.92932520716262,0.1255481489084076,87,86-87,85,84-85,85,84-85,84.94512664392897,2.0548733560710275,2.0548733560710275,85,85,84-85,84-85
2026-03-01,85.0,83.03306020114715,83.03306020114715,82.9302408695653,KAUS,0.0,1.9669397988528488,1.9669397988528488,0.1028193315818555,85,84-85,83,82-83,83,82-83,82.9302408695653,2.0697591304347043,2.0697591304347043,83,83,82-83,82-83
2026-03-02,85.0,82.42024116923393,82.42024116923393,82.32263434377799,KAUS,0.0,2.5797588307660675,2.5797588307660675,0.0976068254559408,85,84-85,82,82-83,82,82-83,82.32263434377799,2.6773656562220083,2.6773656562220083,82,82,82-83,82-83
2026-03-03,88.0,86.49685982893725,86.49685982893725,86.44241140911618,KAUS,0.0,1.5031401710627534,1.5031401710627534,0.054448419821071,88,88-89,86,86-87,86,86-87,86.44241140911618,1.5575885908838245,1.5575885908838245,86,86,86-87,86-87
2026-03-04,87.0,83.96794005798098,83.96794005798098,83.84538812649032,KAUS,0.0,3.0320599420190177,3.0320599420190177,0.122551931490662,87,86-87,84,84-85,84,84-85,83.84538812649032,3.1546118735096798,3.1546118735096798,84,84,84-85,84-85
2026-03-05,87.0,83.63854285525525,83.63854285525525,83.55228432636889,KAUS,0.0,3.3614571447447474,3.3614571447447474,0.0862585288863613,87,86-87,84,84-85,84,84-85,83.55228432636889,3.4477156736311088,3.4477156736311088,84,84,84-85,84-85
2026-03-06,84.0,84.42234916831146,84.42300377169138,84.32286735745397,KAUS,0.0006546033799281,-0.4223491683114559,-0.4230037716913841,0.0994818108574833,84,84-85,84,84-85,84,84-85,84.3235219608339,-0.32286735745397266,-0.32352196083390083,84,84,84-85,84-85
2026-03-07,77.0,77.95997986177811,77.96124986281009,77.92649545256586,KAUS,0.0012700010319832,-0.959979861778109,-0.9612498628100924,0.0334844092122494,77,76-77,78,78-79,78,78-79,77.92776545359784,-0.9264954525658595,-0.9277654535978428,78,78,78-79,78-79
2026-03-08,67.0,67.07762911795463,67.07762911795463,67.08854531167823,KAUS,0.0,-0.0776291179546291,-0.0776291179546291,-0.0109161937236024,67,66-67,67,66-67,67,66-67,67.08854531167823,-0.08854531167823154,-0.08854531167823154,67,67,66-67,66-67
2026-03-09,78.0,80.8533142806857,80.8533142806857,80.72564537459694,KAUS,0.0,-2.8533142806856944,-2.8533142806856944,0.1276689060887577,78,78-79,81,80-81,81,80-81,80.72564537459694,-2.7256453745969367,-2.7256453745969367,81,81,80-81,80-81
2026-03-10,84.0,82.29068697813699,82.29068697813699,82.28852572176284,KAUS,0.0,1.7093130218630108,1.7093130218630108,0.0021612563741513,84,84-85,82,82-83,82,82-83,82.28852572176284,1.7114742782371621,1.7114742782371621,82,82,82-83,82-83
2026-03-11,81.0,81.79065410856052,81.79065410856052,81.82634092275599,KAUS,0.0,-0.790654108560517,-0.790654108560517,-0.035686814195472,81,80-81,82,82-83,82,82-83,81.82634092275599,-0.826340922755989,-0.826340922755989,82,82,82-83,82-83
2026-03-12,66.0,66.36649645068367,66.36649645068367,66.43233412954368,KAUS,0.0,-0.3664964506836696,-0.3664964506836696,-0.0658376788600065,66,66-67,66,66-67,66,66-67,66.43233412954368,-0.4323341295436762,-0.4323341295436762,66,66,66-67,66-67
2026-03-13,81.0,79.05595565360798,79.05595565360798,78.9485185015913,KAUS,0.0,1.944044346392019,1.944044346392019,0.1074371520166863,81,80-81,79,78-79,79,78-79,78.9485185015913,2.0514814984087053,2.0514814984087053,79,79,78-79,78-79
2026-03-14,85.0,80.55081801248802,80.55081801248802,80.39408800401881,KAUS,0.0,4.449181987511977,4.449181987511977,0.1567300084692107,85,84-85,81,80-81,81,80-81,80.39408800401881,4.605911995981188,4.605911995981188,80,80,80-81,80-81
2026-03-15,97.0,89.47292807747156,89.47292807747156,89.29229679040128,KAUS,0.0,7.527071922528435,7.527071922528435,0.1806312870702839,97,96-97,89,88-89,89,88-89,89.29229679040128,7.707703209598719,7.707703209598719,89,89,88-89,88-89
2026-03-16,54.0,55.72564357775745,55.72564357775745,55.67542860310171,KAUS,0.0,-1.7256435777574524,-1.7256435777574524,0.0502149746557449,54,54-55,56,56-57,56,56-57,55.67542860310171,-1.6754286031017074,-1.6754286031017074,56,56,56-57,56-57
2026-03-17,67.0,65.86575986518986,65.86575986518986,65.7678735616189,KAUS,0.0,1.134240134810142,1.134240134810142,0.0978863035709594,67,66-67,66,66-67,66,66-67,65.7678735616189,1.2321264383811013,1.2321264383811013,66,66,66-67,66-67
2026-03-18,77.0,77.15365585157667,77.15365585157667,77.08895848419198,KAUS,0.0,-0.1536558515766728,-0.1536558515766728,0.0646973673846957,77,76-77,77,76-77,77,76-77,77.08895848419198,-0.08895848419197705,-0.08895848419197705,77,77,76-77,76-77
2026-03-19,85.0,84.54288700837778,84.54288700837778,84.46561648700364,KAUS,0.0,0.4571129916222247,0.4571129916222247,0.0772705213741318,85,84-85,85,84-85,85,84-85,84.46561648700364,0.5343835129963566,0.5343835129963566,84,84,84-85,84-85
2026-03-20,90.0,88.92557215243032,88.92557215243032,88.79237402864555,KAUS,0.0,1.0744278475696802,1.0744278475696802,0.1331981237847657,90,90-91,89,88-89,89,88-89,88.79237402864555,1.207625971354446,1.207625971354446,89,89,88-89,88-89
2026-03-21,93.0,90.19549059174405,90.19549059174405,90.00494294149807,KAUS,0.0,2.804509408255953,2.804509408255953,0.1905476502459748,93,92-93,90,90-91,90,90-91,90.00494294149807,2.995057058501928,2.995057058501928,90,90,90-91,90-91
2026-03-22,92.0,90.15727577990272,90.15727577990272,89.99692246432753,KAUS,0.0,1.842724220097281,1.842724220097281,0.1603533155751932,92,92-93,90,90-91,90,90-91,89.99692246432753,2.0030775356724746,2.0030775356724746,90,90,90-91,90-91
2026-03-23,86.0,86.59759251790939,86.59759251790939,86.4980674668081,KAUS,0.0,-0.5975925179093906,-0.5975925179093906,0.0995250511012955,86,86-87,87,86-87,87,86-87,86.4980674668081,-0.4980674668080951,-0.4980674668080951,86,86,86-87,86-87
2026-03-24,87.0,86.07649226764643,86.07649226764643,85.9235867060811,KAUS,0.0,0.9235077323535704,0.9235077323535704,0.1529055615653334,87,86-87,86,86-87,86,86-87,85.9235867060811,1.076413293918904,1.076413293918904,86,86,86-87,86-87
2026-03-25,89.0,88.06354758079834,88.06354758079834,87.98324970399652,KAUS,0.0,0.9364524192016574,0.9364524192016574,0.0802978768018221,89,88-89,88,88-89,88,88-89,87.98324970399652,1.0167502960034795,1.0167502960034795,88,88,88-89,88-89
2026-03-26,89.0,88.13901042169593,88.13901042169593,88.0168955611014,KAUS,0.0,0.8609895783040713,0.8609895783040713,0.1221148605945217,89,88-89,88,88-89,88,88-89,88.0168955611014,0.983104438898593,0.983104438898593,88,88,88-89,88-89
2026-03-27,87.0,86.91473772929407,86.91473772929407,86.89338352136376,KAUS,0.0,0.0852622707059254,0.0852622707059254,0.0213542079303152,87,86-87,87,86-87,87,86-87,86.89338352136376,0.10661647863624069,0.10661647863624069,87,87,86-87,86-87
2026-03-28,72.0,70.51713465413224,70.51713465413224,70.43596803050664,KAUS,0.0,1.482865345867765,1.482865345867765,0.0811666236255916,72,72-73,71,70-71,71,70-71,70.43596803050664,1.5640319694933567,1.5640319694933567,70,70,70-71,70-71
2026-03-29,84.0,85.09784745042231,85.09784745042231,85.01799363643065,KAUS,0.0,-1.0978474504223072,-1.0978474504223072,0.0798538139916615,84,84-85,85,84-85,85,84-85,85.01799363643065,-1.0179936364306457,-1.0179936364306457,85,85,84-85,84-85
2026-03-30,88.0,87.38261303964562,87.38261303964562,87.25494451723631,KAUS,0.0,0.6173869603543807,0.6173869603543807,0.1276685224093086,88,88-89,87,86-87,87,86-87,87.25494451723631,0.7450554827636893,0.7450554827636893,87,87,86-87,86-87
2026-03-31,89.0,87.18807346341906,87.18807346341906,87.15413395626895,KAUS,0.0,1.8119265365809407,1.8119265365809407,0.0339395071501087,89,88-89,87,86-87,87,86-87,87.15413395626895,1.84586604373105,1.84586604373105,87,87,86-87,86-87
2026-04-01,91.0,88.65236173161885,88.65236173161885,88.60302474129597,KAUS,0.0,2.3476382683811465,2.3476382683811465,0.0493369903228853,91,90-91,89,88-89,89,88-89,88.60302474129597,2.396975258704032,2.396975258704032,89,89,88-89,88-89
2026-04-02,86.0,85.76654863819492,85.76654863819492,85.81361087306183,KAUS,0.0,0.2334513618050806,0.2334513618050806,-0.0470622348669138,86,86-87,86,86-87,86,86-87,85.81361087306183,0.18638912693816678,0.18638912693816678,86,86,86-87,86-87
2026-04-03,83.0,86.34808786532311,86.34808786532311,86.37775338383202,KAUS,0.0,-3.3480878653231088,-3.3480878653231088,-0.0296655185089065,83,82-83,86,86-87,86,86-87,86.37775338383202,-3.3777533838320153,-3.3777533838320153,86,86,86-87,86-87
2026-04-04,78.0,78.11511016920024,78.11511016920024,78.18309644507063,KAUS,0.0,-0.1151101692002356,-0.1151101692002356,-0.0679862758703961,78,78-79,78,78-79,78,78-79,78.18309644507063,-0.18309644507063183,-0.18309644507063183,78,78,78-79,78-79
2026-04-05,65.0,67.10289222927658,67.10289222927658,67.08667034694183,KAUS,0.0,-2.102892229276577,-2.102892229276577,0.0162218823347473,65,64-65,67,66-67,67,66-67,67.08667034694183,-2.0866703469418297,-2.0866703469418297,67,67,66-67,66-67
2026-04-06,73.0,73.9112711126968,73.9112711126968,73.92048964976226,KAUS,0.0,-0.9112711126967952,-0.9112711126967952,-0.0092185370654647,73,72-73,74,74-75,74,74-75,73.92048964976226,-0.9204896497622599,-0.9204896497622599,74,74,74-75,74-75
2026-04-07,75.0,76.33649732161872,76.33649732161872,76.27384246333457,KAUS,0.0,-1.3364973216187224,-1.3364973216187224,0.0626548582841479,75,74-75,76,76-77,76,76-77,76.27384246333457,-1.2738424633345744,-1.2738424633345744,76,76,76-77,76-77
2026-04-08,80.0,81.46113670839873,81.46113670839873,81.4508345233494,KAUS,0.0,-1.461136708398726,-1.461136708398726,0.0103021850493263,80,80-81,81,80-81,81,80-81,81.4508345233494,-1.4508345233493998,-1.4508345233493998,81,81,80-81,80-81
2026-04-09,81.0,79.79313544106854,79.79313544106854,79.87561827612741,KAUS,0.0,1.206864558931457,1.206864558931457,-0.0824828350588688,81,80-81,80,80-81,80,80-81,79.87561827612741,1.1243817238725882,1.1243817238725882,80,80,80-81,80-81
2026-04-10,82.0,79.34267849331486,79.34267849331486,79.30281132901062,KAUS,0.0,2.657321506685136,2.657321506685136,0.0398671643042405,82,82-83,79,78-79,79,78-79,79.30281132901062,2.6971886709893766,2.6971886709893766,79,79,78-79,78-79
2026-04-11,83.0,82.52562395802833,82.52562395802833,82.6486308319831,KAUS,0.0,0.4743760419716665,0.4743760419716665,-0.1230068739547647,83,82-83,83,82-83,83,82-83,82.6486308319831,0.35136916801690177,0.35136916801690177,83,83,82-83,82-83
2026-04-12,80.0,78.62509773458646,78.62509773458646,78.72779347874456,KAUS,0.0,1.3749022654135388,1.3749022654135388,-0.1026957441580975,80,80-81,79,78-79,79,78-79,78.72779347874456,1.2722065212554412,1.2722065212554412,79,79,78-79,78-79
2026-04-13,87.0,85.65107720873935,85.65107720873935,85.69197099378667,KAUS,0.0,1.348922791260648,1.348922791260648,-0.0408937850473165,87,86-87,86,86-87,86,86-87,85.69197099378667,1.3080290062133315,1.3080290062133315,86,86,86-87,86-87
2026-04-14,87.0,83.8374283723007,83.8374283723007,83.72905474332349,KAUS,0.0,3.162571627699293,3.162571627699293,0.108373628977219,87,86-87,84,84-85,84,84-85,83.72905474332349,3.2709452566765123,3.2709452566765123,84,84,84-85,84-85
2026-04-15,84.0,85.53796396288533,85.53796396288533,85.61168328787171,KAUS,0.0,-1.5379639628853283,-1.5379639628853283,-0.073719324986385,84,84-85,86,86-87,86,86-87,85.61168328787171,-1.6116832878717133,-1.6116832878717133,86,86,86-87,86-87
2026-04-16,88.0,87.69717753464498,87.69717753464498,87.62131202928288,KAUS,0.0,0.3028224653550211,0.3028224653550211,0.0758655053621026,88,88-89,88,88-89,88,88-89,87.62131202928288,0.3786879707171238,0.3786879707171238,88,88,88-89,88-89
2026-04-17,89.0,88.3902480860699,88.3902480860699,88.36447014699614,KAUS,0.0,0.6097519139300971,0.6097519139300971,0.0257779390737624,89,88-89,88,88-89,88,88-89,88.36447014699614,0.6355298530038596,0.6355298530038596,88,88,88-89,88-89
2026-04-18,73.0,72.33612607636945,72.33238797501184,72.44253727610143,KAUS,-0.0037381013576123,0.6638739236305469,0.6676120249881592,-0.1064111997319798,73,72-73,72,72-73,72,72-73,72.43879917474382,0.557462723898567,0.5612008252561793,72,72,72-73,72-73
2026-04-19,71.0,72.74496468183762,72.74496468183762,72.87042656500478,KAUS,0.0,-1.7449646818376152,-1.7449646818376152,-0.1254618831671621,71,70-71,73,72-73,73,72-73,72.87042656500478,-1.8704265650047773,-1.8704265650047773,73,73,72-73,72-73
2026-04-20,61.0,62.90261726098106,62.902116252684365,62.84644264401268,KAUS,-0.0005010082966947,-1.90261726098106,-1.9021162526843651,0.0561746169683772,61,60-61,63,62-63,63,62-63,62.84594163571599,-1.8464426440126829,-1.8459416357159881,63,63,62-63,62-63
2026-04-21,64.0,66.09402036414845,66.09186090893859,65.98939520309517,KAUS,-0.0021594552098633,-2.0940203641484487,-2.0918609089385853,0.1046251610532778,64,64-65,66,66-67,66,66-67,65.98723574788531,-1.989395203095171,-1.9872357478853075,66,66,66-67,66-67
2026-04-22,84.0,78.77008089824618,78.77008089824618,78.76258265275206,KAUS,0.0,5.229919101753822,5.229919101753822,0.0074982454941192,84,84-85,79,78-79,79,78-79,78.76258265275206,5.237417347247941,5.237417347247941,79,79,78-79,78-79
2026-04-23,82.0,82.91371816764158,82.91371816764158,82.9378198703571,KAUS,0.0,-0.9137181676415764,-0.9137181676415764,-0.0241017027155265,82,82-83,83,82-83,83,82-83,82.9378198703571,-0.937819870357103,-0.937819870357103,83,83,82-83,82-83
2026-04-24,89.0,88.61698299991396,88.61698299991396,88.61632386517806,KAUS,0.0,0.383017000086042,0.383017000086042,0.0006591347358977,89,88-89,89,88-89,89,88-89,88.61632386517806,0.38367613482193974,0.38367613482193974,89,89,88-89,88-89
2026-04-25,89.0,91.35674938116227,91.35674938116227,91.30547627501052,KAUS,0.0,-2.356749381162288,-2.356749381162288,0.0512731061517683,89,88-89,91,90-91,91,90-91,91.30547627501052,-2.3054762750105198,-2.3054762750105198,91,91,90-91,90-91
2026-04-26,87.0,88.79897005320626,88.79897005320626,88.69454812387863,KAUS,0.0,-1.7989700532062614,-1.7989700532062614,0.1044219293276285,87,86-87,89,88-89,89,88-89,88.69454812387863,-1.6945481238786329,-1.6945481238786329,89,89,88-89,88-89
2026-04-27,87.0,89.33364378361404,89.33364378361404,89.1932257035672,KAUS,0.0,-2.333643783614036,-2.333643783614036,0.1404180800468424,87,86-87,89,88-89,89,88-89,89.1932257035672,-2.193225703567194,-2.193225703567194,89,89,88-89,88-89
2026-04-28,89.0,91.27735338667296,91.27735338667296,91.21656753500808,KAUS,0.0,-2.2773533866729707,-2.2773533866729707,0.0607858516648889,89,88-89,91,90-91,91,90-91,91.21656753500808,-2.216567535008082,-2.216567535008082,91,91,90-91,90-91
2026-04-29,80.0,85.21865369644533,85.21865369644533,85.63418717057601,KAUS,0.0,-5.21865369644533,-5.21865369644533,-0.4155334741306831,80,80-81,85,84-85,85,84-85,85.63418717057601,-5.634187170576013,-5.634187170576013,86,86,86-87,86-87
2026-04-30,71.0,74.9659897223659,74.9659897223659,74.96008122919262,KAUS,0.0,-3.965989722365904,-3.965989722365904,0.0059084931732797,71,70-71,75,74-75,75,74-75,74.96008122919262,-3.9600812291926246,-3.9600812291926246,75,75,74-75,74-75
2026-05-01,64.0,63.80037436680186,63.7990001945699,63.87955067513559,KAUS,-0.0013741722319622,0.1996256331981385,0.2009998054301007,-0.0791763083337286,64,64-65,64,64-65,64,64-65,63.87817650290363,0.12044932486440985,0.12182349709637208,64,64,64-65,64-65
2026-05-02,75.0,73.84335578711078,73.84335578711078,73.81874285441606,KAUS,0.0,1.1566442128892191,1.1566442128892191,0.0246129326947226,75,74-75,74,74-75,74,74-75,73.81874285441606,1.1812571455839418,1.1812571455839418,74,74,74-75,74-75
2026-05-03,80.0,79.16464858892341,79.16464858892341,79.08046423605414,KAUS,0.0,0.8353514110765872,0.8353514110765872,0.084184352869272,80,80-81,79,78-79,79,78-79,79.08046423605414,0.9195357639458592,0.9195357639458592,79,79,78-79,78-79
2026-05-04,82.0,83.48609391474221,83.48609391474221,83.38159844195913,KAUS,0.0,-1.486093914742213,-1.486093914742213,0.1044954727830855,82,82-83,83,82-83,83,82-83,83.38159844195913,-1.3815984419591274,-1.3815984419591274,83,83,82-83,82-83
2026-05-05,84.0,85.3423054107056,85.3423054107056,85.07873822686224,KAUS,0.0,-1.342305410705606,-1.342305410705606,0.2635671838433637,84,84-85,85,84-85,85,84-85,85.07873822686224,-1.0787382268622423,-1.0787382268622423,85,85,84-85,84-85
2026-05-07,68.0,70.96244932305655,70.96244932305655,70.98041524395263,KAUS,0.0,-2.9624493230565463,-2.9624493230565463,-0.0179659208960885,68,68-69,71,70-71,71,70-71,70.98041524395263,-2.980415243952635,-2.980415243952635,71,71,70-71,70-71
2026-05-08,81.0,79.75826923037063,79.75826923037063,79.73940277587148,KAUS,0.0,1.2417307696293705,1.2417307696293705,0.0188664544991468,81,80-81,80,80-81,80,80-81,79.73940277587148,1.2605972241285173,1.2605972241285173,80,80,80-81,80-81
2026-05-09,89.0,88.64100738523031,88.64100738523031,88.58334857004523,KAUS,0.0,0.35899261476969,0.35899261476969,0.0576588151850785,89,88-89,89,88-89,89,88-89,88.58334857004523,0.41665142995476856,0.41665142995476856,89,89,88-89,88-89
2026-05-10,90.0,90.2815052010554,90.2815052010554,90.16080534685302,KAUS,0.0,-0.2815052010554097,-0.2815052010554097,0.1206998542023853,90,90-91,90,90-91,90,90-91,90.16080534685302,-0.1608053468530244,-0.1608053468530244,90,90,90-91,90-91
2026-05-11,80.0,78.33374738326434,78.33374738326434,78.29457226794408,KAUS,0.0,1.6662526167356615,1.6662526167356615,0.0391751153202619,80,80-81,78,78-79,78,78-79,78.29457226794408,1.7054277320559237,1.7054277320559237,78,78,78-79,78-79
2026-05-12,84.0,84.69461220209749,84.69461220209749,84.64695444688353,KAUS,0.0,-0.6946122020974883,-0.6946122020974883,0.0476577552139616,84,84-85,85,84-85,85,84-85,84.64695444688353,-0.6469544468835267,-0.6469544468835267,85,85,84-85,84-85
2026-05-13,89.0,89.8067774456295,89.8067774456295,89.74489829310471,KAUS,0.0,-0.8067774456295069,-0.8067774456295069,0.0618791525247957,89,88-89,90,90-91,90,90-91,89.74489829310471,-0.7448982931047112,-0.7448982931047112,90,90,90-91,90-91
2026-05-14,89.0,90.30629805955223,90.30629805955223,90.2294088276795,KAUS,0.0,-1.306298059552233,-1.306298059552233,0.0768892318727267,89,88-89,90,90-91,90,90-91,90.2294088276795,-1.2294088276795065,-1.2294088276795065,90,90,90-91,90-91
2026-05-15,89.0,90.46581786952254,90.46581786952254,90.35193109318752,KAUS,0.0,-1.4658178695225388,-1.4658178695225388,0.1138867763350219,89,88-89,90,90-91,90,90-91,90.35193109318752,-1.3519310931875168,-1.3519310931875168,90,90,90-91,90-91
2026-05-16,89.0,89.68519991872097,89.68519991872097,89.55177010726914,KAUS,0.0,-0.6851999187209685,-0.6851999187209685,0.1334298114518333,89,88-89,90,90-91,90,90-91,89.55177010726914,-0.5517701072691352,-0.5517701072691352,90,90,90-91,90-91
2026-05-17,87.0,89.38351512661656,89.38351512661656,89.36946540356227,KAUS,0.0,-2.383515126616558,-2.383515126616558,0.0140497230542848,87,86-87,89,88-89,89,88-89,89.36946540356227,-2.3694654035622733,-2.3694654035622733,89,89,88-89,88-89
2026-05-18,92.0,90.50491635631631,90.50491635631631,90.50120363195772,KAUS,0.0,1.495083643683671,1.495083643683671,0.003712724358607,92,92-93,91,90-91,91,90-91,90.50120363195772,1.498796368042278,1.498796368042278,91,91,90-91,90-91
2026-05-19,91.0,90.30605130171874,90.30605130171874,90.4690117755372,KAUS,0.0,0.693948698281261,0.693948698281261,-0.1629604738184582,91,90-91,90,90-91,90,90-91,90.4690117755372,0.5309882244628028,0.5309882244628028,90,90,90-91,90-91
2026-05-20,84.0,81.04581070626217,81.04581070626217,81.20207109664264,KAUS,0.0,2.9541892937378265,2.9541892937378265,-0.1562603903804671,84,84-85,81,80-81,81,80-81,81.20207109664264,2.7979289033573593,2.7979289033573593,81,81,80-81,80-81
2026-05-21,81.0,81.21824972305443,81.21824972305443,81.3148726158877,KAUS,0.0,-0.2182497230544271,-0.2182497230544271,-0.0966228928332668,81,80-81,81,80-81,81,80-81,81.3148726158877,-0.314872615887694,-0.314872615887694,81,81,80-81,80-81
2026-05-22,87.0,87.11832468285628,87.11832468285628,87.14998708609309,KAUS,0.0,-0.1183246828562829,-0.1183246828562829,-0.0316624032368082,87,86-87,87,86-87,87,86-87,87.14998708609309,-0.1499870860930912,-0.1499870860930912,87,87,86-87,86-87
2026-05-23,83.0,84.48087275266798,84.48087275266798,84.59020968914072,KAUS,0.0,-1.4808727526679777,-1.4808727526679777,-0.1093369364727436,83,82-83,84,84-85,84,84-85,84.59020968914072,-1.5902096891407211,-1.5902096891407211,85,85,84-85,84-85
2026-05-24,87.0,88.8346855354256,88.8346855354256,88.83191860865523,KAUS,0.0,-1.8346855354256064,-1.8346855354256064,0.0027669267703771,87,86-87,89,88-89,89,88-89,88.83191860865523,-1.8319186086552293,-1.8319186086552293,89,89,88-89,88-89
2026-05-25,88.0,87.73289426970935,87.73289426970935,87.70388268419869,KAUS,0.0,0.2671057302906519,0.2671057302906519,0.0290115855106591,88,88-89,88,88-89,88,88-89,87.70388268419869,0.29611731580131107,0.29611731580131107,88,88,88-89,88-89
2026-05-26,88.0,88.42876051201016,88.42876051201016,88.45791537859931,KAUS,0.0,-0.4287605120101574,-0.4287605120101574,-0.0291548665891525,88,88-89,88,88-89,88,88-89,88.45791537859931,-0.45791537859931,-0.45791537859931,88,88,88-89,88-89
2026-05-27,77.0,79.75219166347705,79.75219166347705,79.60264255425861,KAUS,0.0,-2.752191663477049,-2.752191663477049,0.1495491092184409,77,76-77,80,80-81,80,80-81,79.60264255425861,-2.6026425542586082,-2.6026425542586082,80,80,80-81,80-81
2026-05-28,89.0,89.08140448794468,89.08140448794468,89.00580761932078,KAUS,0.0,-0.0814044879446811,-0.0814044879446811,0.0755968686239043,89,88-89,89,88-89,89,88-89,89.00580761932078,-0.00580761932077678,-0.00580761932077678,89,89,88-89,88-89
2026-05-29,90.0,92.29866228030907,92.29866228030907,92.19681275630786,KAUS,0.0,-2.298662280309074,-2.298662280309074,0.10184952400121,90,90-91,92,92-93,92,92-93,92.19681275630786,-2.196812756307864,-2.196812756307864,92,92,92-93,92-93
2026-05-30,87.0,90.53029511452868,90.53029511452868,90.47811366587815,KAUS,0.0,-3.53029511452867,-3.53029511452867,0.0521814486505149,87,86-87,91,90-91,91,90-91,90.47811366587815,-3.478113665878155,-3.478113665878155,90,90,90-91,90-91
2026-05-31,89.0,91.6830554124698,91.6830554124698,91.6274014989397,KAUS,0.0,-2.6830554124698125,-2.6830554124698125,0.0556539135301079,89,88-89,92,92-93,92,92-93,91.6274014989397,-2.6274014989397045,-2.6274014989397045,92,92,92-93,92-93
2026-06-01,92.0,91.20917953053358,91.20917953053358,91.2875997036711,KAUS,0.0,0.7908204694664249,0.7908204694664249,-0.0784201731375304,92,92-93,91,90-91,91,90-91,91.2875997036711,0.7124002963288945,0.7124002963288945,91,91,90-91,90-91
2026-06-02,93.0,91.89559819219478,91.84328784901498,91.91237224312358,KAUS,-0.0523103431797977,1.1044018078052176,1.1567121509850151,-0.0167740509288023,93,92-93,92,92-93,92,92-93,91.86006189994379,1.0876277568764152,1.139938100056213,92,92,92-93,92-93
2026-06-03,88.0,87.43627923759472,87.51159558139818,87.44838311117397,KAUS,0.0753163438034647,0.563720762405282,0.4884044186018172,-0.0121038735792495,88,88-89,87,86-87,88,88-89,87.52369945497743,0.5516168888260324,0.4763005450225677,87,88,86-87,88-89
2026-06-04,86.0,85.86847885679998,85.99451119343921,85.9995772903601,KAUS,0.126032336639227,0.1315211432000183,0.0054888065607912,-0.1310984335601119,86,86-87,86,86-87,86,86-87,86.12560962699932,0.0004227096399063157,-0.12560962699932077,86,86,86-87,86-87
2026-06-05,86.0,86.40856363571179,86.53675865673857,86.47969938580728,KAUS,0.1281950210267837,-0.4085636357117863,-0.53675865673857,-0.0711357500954932,86,86-87,86,86-87,87,86-87,86.60789440683406,-0.47969938580727955,-0.6078944068340633,86,87,86-87,86-87
2026-06-06,91.0,89.37450161575302,89.6059881017272,89.49283084457495,KAUS,0.2314864859741874,1.6254983842469812,1.3940118982727938,-0.1183292288219348,91,90-91,89,88-89,90,90-91,89.72431733054914,1.5071691554250464,1.275682669450859,89,90,88-89,90-91
2026-06-07,90.0,89.36966477505922,89.57383043189415,89.38805406653562,KAUS,0.204165656834931,0.6303352249407794,0.4261695681058484,-0.0183892914763958,90,90-91,89,88-89,90,90-91,89.59221972337055,0.6119459334643835,0.4077802766294525,89,90,88-89,90-91
2026-06-08,88.0,90.45428243329052,90.82540578205445,90.56147070963488,KAUS,0.3711233487639305,-2.4542824332905155,-2.825405782054446,-0.1071882763443596,88,88-89,90,90-91,91,90-91,90.9325940583988,-2.561470709634875,-2.9325940583988057,91,91,90-91,90-91
2026-06-09,92.0,92.11552721687238,92.19186267277884,92.10559566005472,KAUS,0.0763354559064453,-0.1155272168723797,-0.191862672778825,0.0099315568176621,92,92-93,92,92-93,92,92-93,92.18193111596116,-0.10559566005471765,-0.18193111596116296,92,92,92-93,92-93
2026-06-10,90.0,92.34051489067012,92.36154959372595,92.35096028229388,KAUS,0.0210347030558466,-2.340514890670107,-2.361549593725954,-0.0104453916237758,90,90-91,92,92-93,92,92-93,92.37199498534973,-2.350960282293883,-2.3719949853497297,92,92,92-93,92-93
2026-06-11,93.0,92.78423656744523,92.85794957518648,92.70304394122702,KAUS,0.0737130077412331,0.2157634325547519,0.1420504248135188,0.0811926262182254,93,92-93,93,92-93,93,92-93,92.77675694896826,0.29695605877297737,0.22324305103174424,93,93,92-93,92-93
2026-06-12,94.0,91.54461786424594,91.63229263086625,91.5519094295108,KAUS,0.0876747666203101,2.455382135754064,2.367707369133754,-0.0072915652648646,94,94-95,92,92-93,92,92-93,91.63958419613111,2.4480905704891995,2.3604158038688894,92,92,92-93,92-93
2026-06-13,93.0,93.86471765787024,93.86471765787024,93.83654220320854,KAUS,0.0,-0.86471765787023,-0.86471765787023,0.0281754546616923,93,92-93,94,94-95,94,94-95,93.83654220320854,-0.8365422032085377,-0.8365422032085377,94,94,94-95,94-95
2026-06-14,92.0,91.40210213280888,91.50426494933927,91.55851268611468,KAUS,0.1021628165304093,0.5978978671911221,0.4957350506607128,-0.156410553305804,92,92-93,91,90-91,92,92-93,91.66067550264509,0.44148731388531814,0.33932449735490877,92,92,92-93,92-93
2026-06-15,83.0,83.07426372825192,83.0720722475741,83.18290325735745,KAUS,-0.0021914806778227,-0.0742637282519211,-0.0720722475740984,-0.1086395291055311,83,82-83,83,82-83,83,82-83,83.18071177667963,-0.18290325735745228,-0.18071177667962957,83,83,82-83,82-83
2026-06-16,90.0,87.0280308450189,87.44614881637999,87.07050081717374,KAUS,0.4181179713610845,2.971969154981096,2.5538511836200115,-0.0424699721548336,90,90-91,87,86-87,87,86-87,87.48861878853482,2.9294991828262624,2.511381211465178,87,87,86-87,86-87
2026-06-17,89.0,90.86510857714948,90.86510857714948,90.7898130169586,KAUS,0.0,-1.8651085771494704,-1.8651085771494704,0.0752955601908667,89,88-89,91,90-91,91,90-91,90.7898130169586,-1.789813016958604,-1.789813016958604,91,91,90-91,90-91
2026-06-18,97.0,96.5908355313062,96.5908355313062,96.47359546011631,KAUS,0.0,0.4091644686938025,0.4091644686938025,0.1172400711898831,97,96-97,97,96-97,97,96-97,96.47359546011631,0.5264045398836856,0.5264045398836856,96,96,96-97,96-97
2026-06-19,88.0,90.90471817966016,90.90471817966016,90.696968657322,KAUS,0.0,-2.9047181796601507,-2.9047181796601507,0.2077495223381475,88,88-89,91,90-91,91,90-91,90.696968657322,-2.696968657322003,-2.696968657322003,91,91,90-91,90-91
2026-06-20,89.0,88.4973006559503,88.4973006559503,88.4452505025328,KAUS,0.0,0.5026993440497023,0.5026993440497023,0.0520501534174968,89,88-89,88,88-89,88,88-89,88.4452505025328,0.5547494974671991,0.5547494974671991,88,88,88-89,88-89
2026-06-21,93.0,90.79397043873732,90.79397043873732,90.7402300266968,KAUS,0.0,2.2060295612626817,2.2060295612626817,0.0537404120405113,93,92-93,91,90-91,91,90-91,90.7402300266968,2.259769973303193,2.259769973303193,91,91,90-91,90-91
2026-01-01,70.0,70.05093285373648,70.05093285373648,70.05446147446364,KDAL,0.0,-0.0509328537364837,-0.0509328537364837,-0.0035286207271525,70,70-71,70,70-71,70,70-71,70.05446147446364,-0.05446147446363625,-0.05446147446363625,70,70,70-71,70-71
2026-01-02,76.0,74.59028036013238,74.59028036013238,74.58059505380312,KDAL,0.0,1.4097196398676175,1.4097196398676175,0.0096853063292599,76,76-77,75,74-75,75,74-75,74.58059505380312,1.4194049461968774,1.4194049461968774,75,75,74-75,74-75
2026-01-03,64.0,63.57631378440244,63.57631378440244,63.568714567546,KDAL,0.0,0.4236862155975629,0.4236862155975629,0.007599216856434,64,64-65,64,64-65,64,64-65,63.568714567546,0.431285432453997,0.431285432453997,64,64,64-65,64-65
2026-01-04,63.0,62.75325148851438,62.75325148851438,62.771602098710176,KDAL,0.0,0.2467485114856202,0.2467485114856202,-0.0183506101957959,63,62-63,63,62-63,63,62-63,62.771602098710176,0.2283979012898243,0.2283979012898243,63,63,62-63,62-63
2026-01-05,70.0,72.49760210677539,72.49760210677539,72.48651178594427,KDAL,0.0,-2.497602106775389,-2.497602106775389,0.0110903208311157,70,70-71,72,72-73,72,72-73,72.48651178594427,-2.4865117859442734,-2.4865117859442734,72,72,72-73,72-73
2026-01-06,77.0,74.15475640261053,74.15475640261053,74.13567848447914,KDAL,0.0,2.8452435973894694,2.8452435973894694,0.0190779181313871,77,76-77,74,74-75,74,74-75,74.13567848447914,2.8643215155208566,2.8643215155208566,74,74,74-75,74-75
2026-01-07,80.0,75.89144042704963,75.89144042704963,75.88845257249308,KDAL,0.0,4.108559572950369,4.108559572950369,0.0029878545565509,80,80-81,76,76-77,76,76-77,75.88845257249308,4.11154742750692,4.11154742750692,76,76,76-77,76-77
2026-01-08,79.0,78.60669293750013,78.60669293750013,78.56104691620168,KDAL,0.0,0.393307062499872,0.393307062499872,0.0456460212984524,79,78-79,79,78-79,79,78-79,78.56104691620168,0.43895308379832443,0.43895308379832443,79,79,78-79,78-79
2026-01-09,70.0,70.12715083237465,70.12715083237465,70.16412647686727,KDAL,0.0,-0.127150832374653,-0.127150832374653,-0.0369756444926139,70,70-71,70,70-71,70,70-71,70.16412647686727,-0.164126476867267,-0.164126476867267,70,70,70-71,70-71
2026-01-10,54.0,54.56541518522525,54.56541518522525,54.55173120367762,KDAL,0.0,-0.5654151852252483,-0.5654151852252483,0.0136839815476292,54,54-55,55,54-55,55,54-55,54.55173120367762,-0.551731203677619,-0.551731203677619,55,55,54-55,54-55
2026-01-11,61.0,60.93374685784449,60.93374685784449,60.913811785648974,KDAL,0.0,0.0662531421555101,0.0662531421555101,0.0199350721955156,61,60-61,61,60-61,61,60-61,60.913811785648974,0.08618821435102575,0.08618821435102575,61,61,60-61,60-61
2026-01-12,65.0,62.28054261351681,62.28054261351681,62.30761933985348,KDAL,0.0,2.7194573864831924,2.7194573864831924,-0.0270767263366735,65,64-65,62,62-63,62,62-63,62.30761933985348,2.692380660146519,2.692380660146519,62,62,62-63,62-63
2026-01-13,66.0,65.21014402569307,65.21014402569307,65.17189322165325,KDAL,0.0,0.7898559743069313,0.7898559743069313,0.0382508040398192,66,66-67,65,64-65,65,64-65,65.17189322165325,0.8281067783467506,0.8281067783467506,65,65,64-65,64-65
2026-01-14,62.0,61.56494403699246,61.56494403699246,61.547781092670334,KDAL,0.0,0.4350559630075423,0.4350559630075423,0.0171629443221235,62,62-63,62,62-63,62,62-63,61.547781092670334,0.45221890732966585,0.45221890732966585,62,62,62-63,62-63
2026-01-15,58.0,58.71726018324139,58.71726018324139,58.72608284494081,KDAL,0.0,-0.7172601832413932,-0.7172601832413932,-0.0088226616994191,58,58-59,59,58-59,59,58-59,58.72608284494081,-0.7260828449408123,-0.7260828449408123,59,59,58-59,58-59
2026-01-16,59.0,59.07768305728154,59.07768305728154,59.059300421713374,KDAL,0.0,-0.0776830572815399,-0.0776830572815399,0.0183826355681659,59,58-59,59,58-59,59,58-59,59.059300421713374,-0.05930042171337391,-0.05930042171337391,59,59,58-59,58-59
2026-01-17,43.0,43.80993865406408,43.80993865406408,43.82118563132417,KDAL,0.0,-0.8099386540640836,-0.8099386540640836,-0.011246977260086,43,42-43,44,44-45,44,44-45,43.82118563132417,-0.8211856313241697,-0.8211856313241697,44,44,44-45,44-45
2026-01-18,61.0,55.73891048930506,55.73891048930506,55.731485689607766,KDAL,0.0,5.261089510694937,5.261089510694937,0.0074247996972971,61,60-61,56,56-57,56,56-57,55.731485689607766,5.268514310392234,5.268514310392234,56,56,56-57,56-57
2026-01-19,53.0,53.20203092880146,53.20203092880146,53.21309595158068,KDAL,0.0,-0.202030928801463,-0.202030928801463,-0.0110650227792135,53,52-53,53,52-53,53,52-53,53.21309595158068,-0.2130959515806765,-0.2130959515806765,53,53,52-53,52-53
2026-01-20,54.0,53.50043525843499,53.50043525843499,53.502894215242605,KDAL,0.0,0.4995647415650097,0.4995647415650097,-0.0024589568076152,54,54-55,54,54-55,54,54-55,53.502894215242605,0.49710578475739453,0.49710578475739453,54,54,54-55,54-55
2026-01-21,65.0,61.945683383534885,61.945683383534885,61.94739159312088,KDAL,0.0,3.0543166164651154,3.0543166164651154,-0.0017082095859919,65,64-65,62,62-63,62,62-63,61.94739159312088,3.0526084068791235,3.0526084068791235,62,62,62-63,62-63
2026-01-22,53.0,57.61099794034008,57.61099794034008,57.6213864290048,KDAL,0.0,-4.610997940340084,-4.610997940340084,-0.0103884886647165,53,52-53,58,58-59,58,58-59,57.6213864290048,-4.621386429004801,-4.621386429004801,58,58,58-59,58-59
2026-01-23,53.0,52.90942814989534,52.90942814989534,52.90942814989716,KDAL,0.0,0.0905718501046592,0.0905718501046592,-1.8189894035458565e-12,53,52-53,53,52-53,53,52-53,52.90942814989716,0.0905718501028403,0.0905718501028403,53,53,52-53,52-53
2026-01-24,33.0,32.943606206538604,32.943606206538604,32.94360620653974,KDAL,0.0,0.056393793461396,0.056393793461396,-1.1368683772161605e-12,33,32-33,33,32-33,33,32-33,32.94360620653974,0.05639379346025919,0.05639379346025919,33,33,32-33,32-33
2026-01-25,21.0,20.1955208018953,20.19675892902829,20.18179762653505,KDAL,0.0012381271329928,0.8044791981047013,0.8032410709717084,0.0137231753602442,21,20-21,20,20-21,20,20-21,20.183035753668044,0.8182023734649491,0.8169642463319562,20,20,20-21,20-21
2026-01-26,32.0,29.115534912005764,29.115534912005764,29.103277532703625,KDAL,0.0,2.8844650879942364,2.8844650879942364,0.0122573793021381,32,32-33,29,28-29,29,28-29,29.103277532703625,2.8967224672963745,2.8967224672963745,29,29,28-29,28-29
2026-01-27,41.0,41.389905318028966,41.389905318028966,41.40611586160467,KDAL,0.0,-0.3899053180289655,-0.3899053180289655,-0.0162105435757027,41,40-41,41,40-41,41,40-41,41.40611586160467,-0.4061158616046683,-0.4061158616046683,41,41,40-41,40-41
2026-01-28,49.0,46.6365228808183,46.6365228808183,46.61169250589525,KDAL,0.0,2.3634771191817023,2.3634771191817023,0.0248303749230487,49,48-49,47,46-47,47,46-47,46.61169250589525,2.388307494104751,2.388307494104751,47,47,46-47,46-47
2026-01-29,59.0,59.95803033790894,59.95803033790894,59.93593237468136,KDAL,0.0,-0.9580303379089372,-0.9580303379089372,0.0220979632275799,59,58-59,60,60-61,60,60-61,59.93593237468136,-0.9359323746813573,-0.9359323746813573,60,60,60-61,60-61
2026-01-30,48.0,47.47778411240241,47.47778411240241,47.47368627226011,KDAL,0.0,0.5222158875975893,0.5222158875975893,0.0040978401423004,48,48-49,47,46-47,47,46-47,47.47368627226011,0.5263137277398897,0.5263137277398897,47,47,46-47,46-47
2026-01-31,33.0,33.92525858255595,33.92525858255595,33.91106204850984,KDAL,0.0,-0.9252585825559478,-0.9252585825559478,0.0141965340461069,33,32-33,34,34-35,34,34-35,33.91106204850984,-0.9110620485098408,-0.9110620485098408,34,34,34-35,34-35
2026-02-01,51.0,52.10857449992636,52.10857449992636,52.13027317551491,KDAL,0.0,-1.1085744999263554,-1.1085744999263554,-0.0216986755885528,51,50-51,52,52-53,52,52-53,52.13027317551491,-1.1302731755149082,-1.1302731755149082,52,52,52-53,52-53
2026-02-02,70.0,66.85680249351917,66.85680249351917,66.83467196934183,KDAL,0.0,3.1431975064808317,3.1431975064808317,0.0221305241773421,70,70-71,67,66-67,67,66-67,66.83467196934183,3.1653280306581735,3.1653280306581735,67,67,66-67,66-67
2026-02-03,67.0,66.50640091556092,66.50640091556092,66.50752097364845,KDAL,0.0,0.4935990844390829,0.4935990844390829,-0.0011200580875367,67,66-67,67,66-67,67,66-67,66.50752097364845,0.49247902635154617,0.49247902635154617,67,67,66-67,66-67
2026-02-04,55.0,55.81108701107488,55.81108701107488,55.811784755457225,KDAL,0.0,-0.811087011074882,-0.811087011074882,-0.000697744382343,55,54-55,56,56-57,56,56-57,55.811784755457225,-0.8117847554572251,-0.8117847554572251,56,56,56-57,56-57
2026-02-05,70.0,68.78494408356832,68.78494408356832,68.76796689139837,KDAL,0.0,1.2150559164316803,1.2150559164316803,0.0169771921699464,70,70-71,69,68-69,69,68-69,68.76796689139837,1.2320331086016267,1.2320331086016267,69,69,68-69,68-69
2026-02-06,83.0,80.61821373956357,80.61821373956357,80.5852498776859,KDAL,0.0,2.381786260436428,2.381786260436428,0.0329638618776755,83,82-83,81,80-81,81,80-81,80.5852498776859,2.4147501223141035,2.4147501223141035,81,81,80-81,80-81
2026-02-07,73.0,72.95137645375111,72.95137645375111,72.95455690572793,KDAL,0.0,0.0486235462488906,0.0486235462488906,-0.0031804519768172,73,72-73,73,72-73,73,72-73,72.95455690572793,0.04544309427207338,0.04544309427207338,73,73,72-73,72-73
2026-02-08,79.0,77.43710542655528,77.43710542655528,77.37384546456535,KDAL,0.0,1.5628945734447228,1.5628945734447228,0.0632599619899281,79,78-79,77,76-77,77,76-77,77.37384546456535,1.626154535434651,1.626154535434651,77,77,76-77,76-77
2026-02-09,84.0,80.84583969036845,80.84583969036845,80.85039981899043,KDAL,0.0,3.15416030963155,3.15416030963155,-0.0045601286219749,84,84-85,81,80-81,81,80-81,80.85039981899043,3.149600181009575,3.149600181009575,81,81,80-81,80-81
2026-02-10,74.0,75.84623109553469,75.84623109553469,75.86834486612531,KDAL,0.0,-1.8462310955346908,-1.8462310955346908,-0.0221137705906215,74,74-75,76,76-77,76,76-77,75.86834486612531,-1.8683448661253124,-1.8683448661253124,76,76,76-77,76-77
2026-02-11,66.0,65.98385371085087,65.98385371085087,65.98889476861585,KDAL,0.0,0.0161462891491339,0.0161462891491339,-0.0050410577649842,66,66-67,66,66-67,66,66-67,65.98889476861585,0.01110523138414976,0.01110523138414976,66,66,66-67,66-67
2026-02-12,75.0,74.49152945629997,74.49152945629997,74.50176673702583,KDAL,0.0,0.5084705437000281,0.5084705437000281,-0.0102372807258603,75,74-75,74,74-75,74,74-75,74.50176673702583,0.4982332629741677,0.4982332629741677,75,75,74-75,74-75
2026-02-13,77.0,77.9559020254782,77.9559020254782,77.9540409217056,KDAL,0.0,-0.9559020254781956,-0.9559020254781956,0.0018611037725975,77,76-77,78,78-79,78,78-79,77.9540409217056,-0.9540409217055981,-0.9540409217055981,78,78,78-79,78-79
2026-02-14,69.0,68.8908548119681,68.8935323632671,68.89085481197182,KDAL,0.0026775512990013,0.1091451880319027,0.1064676367329013,-3.723243935382925e-12,69,68-69,69,68-69,69,68-69,68.89353236327082,0.10914518802817952,0.10646763672917814,69,69,68-69,68-69
2026-02-15,69.0,65.80905458284691,65.80905458284691,65.78521543788109,KDAL,0.0,3.190945417153088,3.190945417153088,0.0238391449658195,69,68-69,66,66-67,66,66-67,65.78521543788109,3.2147845621189077,3.2147845621189077,66,66,66-67,66-67
2026-02-16,70.0,71.53413880982833,71.53413880982833,71.48771092966577,KDAL,0.0,-1.5341388098283346,-1.5341388098283346,0.0464278801625681,70,70-71,72,72-73,72,72-73,71.48771092966577,-1.4877109296657665,-1.4877109296657665,71,71,70-71,70-71
2026-02-17,77.0,74.22921987639745,74.22921987639745,74.19801841787758,KDAL,0.0,2.770780123602549,2.770780123602549,0.0312014585198738,77,76-77,74,74-75,74,74-75,74.19801841787758,2.8019815821224228,2.8019815821224228,74,74,74-75,74-75
2026-02-18,77.0,77.05737402894023,77.05737402894023,77.0251796991355,KDAL,0.0,-0.0573740289402309,-0.0573740289402309,0.0321943298047244,77,76-77,77,76-77,77,76-77,77.0251796991355,-0.02517969913550644,-0.02517969913550644,77,77,76-77,76-77
2026-02-19,78.0,78.45126682012985,78.45126682012985,78.41024202195227,KDAL,0.0,-0.4512668201298453,-0.4512668201298453,0.0410247981775739,78,78-79,78,78-79,78,78-79,78.41024202195227,-0.41024202195227133,-0.41024202195227133,78,78,78-79,78-79
2026-02-20,61.0,62.43912864602439,62.43912864602439,62.42244802165378,KDAL,0.0,-1.4391286460243862,-1.4391286460243862,0.0166806243706076,61,60-61,62,62-63,62,62-63,62.42244802165378,-1.4224480216537785,-1.4224480216537785,62,62,62-63,62-63
2026-02-21,62.0,60.3483687062793,60.3483687062793,60.31181487570103,KDAL,0.0,1.6516312937206976,1.6516312937206976,0.0365538305782706,62,62-63,60,60-61,60,60-61,60.31181487570103,1.6881851242989683,1.6881851242989683,60,60,60-61,60-61
2026-02-22,58.0,56.80368406936815,56.80368406936815,56.80403969520861,KDAL,0.0,1.1963159306318474,1.1963159306318474,-0.0003556258404557,58,58-59,57,56-57,57,56-57,56.80403969520861,1.1959603047913916,1.1959603047913916,57,57,56-57,56-57
2026-02-23,60.0,59.27669884939941,59.27669884939941,59.27108729524917,KDAL,0.0,0.7233011506005909,0.7233011506005909,0.0056115541502421,60,60-61,59,58-59,59,58-59,59.27108729524917,0.728912704750833,0.728912704750833,59,59,58-59,58-59
2026-02-24,71.0,71.91594192376131,71.91594192376131,71.88332188030358,KDAL,0.0,-0.9159419237613092,-0.9159419237613092,0.0326200434577259,71,70-71,72,72-73,72,72-73,71.88332188030358,-0.8833218803035834,-0.8833218803035834,72,72,72-73,72-73
2026-02-25,80.0,82.3730590533845,82.3730590533845,82.35763957637504,KDAL,0.0,-2.373059053384494,-2.373059053384494,0.0154194770094591,80,80-81,82,82-83,82,82-83,82.35763957637504,-2.3576395763750355,-2.3576395763750355,82,82,82-83,82-83
2026-02-26,82.0,80.80382401622285,80.80382401622285,80.79799684508127,KDAL,0.0,1.1961759837771524,1.1961759837771524,0.0058271711415756,82,82-83,81,80-81,81,80-81,80.79799684508127,1.202003154918728,1.202003154918728,81,81,80-81,80-81
2026-02-27,82.0,80.80616472197929,80.80616472197929,80.80084886780965,KDAL,0.0,1.193835278020714,1.193835278020714,0.0053158541696376,82,82-83,81,80-81,81,80-81,80.80084886780965,1.1991511321903516,1.1991511321903516,81,81,80-81,80-81
2026-02-28,83.0,83.8119378159816,83.8119378159816,83.80090519637305,KDAL,0.0,-0.8119378159815938,-0.8119378159815938,0.0110326196085424,83,82-83,84,84-85,84,84-85,83.80090519637305,-0.8009051963730514,-0.8009051963730514,84,84,84-85,84-85
2026-03-01,81.0,77.98790878829688,77.98790878829688,77.94552504560394,KDAL,0.0,3.0120912117031224,3.0120912117031224,0.0423837426929338,81,80-81,78,78-79,78,78-79,77.94552504560394,3.0544749543960563,3.0544749543960563,78,78,78-79,78-79
2026-03-02,82.0,77.88978910048962,77.88978910048962,77.86739264697047,KDAL,0.0,4.110210899510378,4.110210899510378,0.0223964535191498,82,82-83,78,78-79,78,78-79,77.86739264697047,4.1326073530295275,4.1326073530295275,78,78,78-79,78-79
2026-03-03,84.0,81.41499746422383,81.41499746422383,81.41384012509029,KDAL,0.0,2.585002535776169,2.585002535776169,0.0011573391335417,84,84-85,81,80-81,81,80-81,81.41384012509029,2.586159874909711,2.586159874909711,81,81,80-81,80-81
2026-03-04,81.0,77.14259581882492,77.14620444987551,77.1485365046724,KDAL,0.0036086310505965,3.857404181175085,3.853795550124488,-0.0059406858474915,81,80-81,77,76-77,77,76-77,77.152145135723,3.851463495327593,3.8478548642769965,77,77,76-77,76-77
2026-03-05,81.0,79.20141063099169,79.20141063099169,79.19866598513802,KDAL,0.0,1.7985893690083117,1.7985893690083117,0.0027446458536672,81,80-81,79,78-79,79,78-79,79.19866598513802,1.801334014861979,1.801334014861979,79,79,78-79,78-79
2026-03-06,83.0,80.06769497094791,80.06769497094791,80.06995365342752,KDAL,0.0,2.932305029052088,2.932305029052088,-0.0022586824796064,83,82-83,80,80-81,80,80-81,80.06995365342752,2.9300463465724818,2.9300463465724818,80,80,80-81,80-81
2026-03-07,75.0,75.23302381860378,75.23302381860378,75.22984569976722,KDAL,0.0,-0.2330238186037831,-0.2330238186037831,0.0031781188365584,75,74-75,75,74-75,75,74-75,75.22984569976722,-0.2298456997672247,-0.2298456997672247,75,75,74-75,74-75
2026-03-08,75.0,72.17072782213422,72.17072782213422,72.19134020653897,KDAL,0.0,2.829272177865775,2.829272177865775,-0.0206123844047425,75,74-75,72,72-73,72,72-73,72.19134020653897,2.8086597934610325,2.8086597934610325,72,72,72-73,72-73
2026-03-09,84.0,82.34734725370147,82.34734725370147,82.38449119608106,KDAL,0.0,1.6526527462985283,1.6526527462985283,-0.0371439423795862,84,84-85,82,82-83,82,82-83,82.38449119608106,1.6155088039189422,1.6155088039189422,82,82,82-83,82-83
2026-03-10,82.0,79.75765136234091,79.75765136234091,79.81611116601283,KDAL,0.0,2.2423486376590915,2.2423486376590915,-0.0584598036719228,82,82-83,80,80-81,80,80-81,79.81611116601283,2.1838888339871687,2.1838888339871687,80,80,80-81,80-81
2026-03-11,76.0,74.75169915944218,74.75169915944218,74.74886544174342,KDAL,0.0,1.2483008405578175,1.2483008405578175,0.0028337176987633,76,76-77,75,74-75,75,74-75,74.74886544174342,1.251134558256581,1.251134558256581,75,75,74-75,74-75
2026-03-12,63.0,62.88873534319869,62.88873534319869,62.88967744462482,KDAL,0.0,0.1112646568013104,0.1112646568013104,-0.0009421014261334,63,62-63,63,62-63,63,62-63,62.88967744462482,0.11032255537517699,0.11032255537517699,63,63,62-63,62-63
2026-03-13,76.0,78.50902658719475,78.50902658719475,78.48220504680633,KDAL,0.0,-2.5090265871947537,-2.5090265871947537,0.0268215403884255,76,76-77,79,78-79,79,78-79,78.48220504680633,-2.482205046806328,-2.482205046806328,78,78,78-79,78-79
2026-03-14,81.0,79.55353626318131,79.55353626318131,79.51452852010298,KDAL,0.0,1.4464637368186857,1.4464637368186857,0.0390077430783293,81,80-81,80,80-81,80,80-81,79.51452852010298,1.485471479897015,1.485471479897015,80,80,80-81,80-81
2026-03-15,85.0,82.05505864337717,82.05505864337717,82.0390017779499,KDAL,0.0,2.9449413566228344,2.9449413566228344,0.0160568654272594,85,84-85,82,82-83,82,82-83,82.0390017779499,2.960998222050094,2.960998222050094,82,82,82-83,82-83
2026-03-16,48.0,48.41161221947196,48.41161221947196,48.43080036945483,KDAL,0.0,-0.4116122194719622,-0.4116122194719622,-0.0191881499828667,48,48-49,48,48-49,48,48-49,48.43080036945483,-0.430800369454829,-0.430800369454829,48,48,48-49,48-49
2026-03-17,63.0,62.08440722208722,62.08440722208722,62.064623541787455,KDAL,0.0,0.915592777912778,0.915592777912778,0.019783680299767,63,62-63,62,62-63,62,62-63,62.064623541787455,0.935376458212545,0.935376458212545,62,62,62-63,62-63
2026-03-18,74.0,74.37547571239924,74.37547571239924,74.33657579492504,KDAL,0.0,-0.3754757123992362,-0.3754757123992362,0.0388999174741968,74,74-75,74,74-75,74,74-75,74.33657579492504,-0.3365757949250394,-0.3365757949250394,74,74,74-75,74-75
2026-03-19,86.0,84.57040354057213,84.57040354057213,84.50051753503344,KDAL,0.0,1.42959645942787,1.42959645942787,0.0698860055386916,86,86-87,85,84-85,85,84-85,84.50051753503344,1.4994824649665617,1.4994824649665617,85,85,84-85,84-85
2026-03-20,89.0,88.25468863447756,88.25468863447756,88.23112240856756,KDAL,0.0,0.7453113655224399,0.7453113655224399,0.0235662259100024,89,88-89,88,88-89,88,88-89,88.23112240856756,0.7688775914324424,0.7688775914324424,88,88,88-89,88-89
2026-03-21,91.0,89.7723787079569,89.7723787079569,89.73266688808788,KDAL,0.0,1.2276212920430964,1.2276212920430964,0.0397118198690265,91,90-91,90,90-91,90,90-91,89.73266688808788,1.267333111912123,1.267333111912123,90,90,90-91,90-91
2026-03-22,93.0,91.6935200937719,91.6935200937719,91.64219239915974,KDAL,0.0,1.3064799062281054,1.3064799062281054,0.051327694612155,93,92-93,92,92-93,92,92-93,91.64219239915974,1.3578076008402604,1.3578076008402604,92,92,92-93,92-93
2026-03-23,80.0,80.56377515087374,80.56377515087374,80.5572034080499,KDAL,0.0,-0.5637751508737381,-0.5637751508737381,0.0065717428238372,80,80-81,81,80-81,81,80-81,80.5572034080499,-0.5572034080499009,-0.5572034080499009,81,81,80-81,80-81
2026-03-24,83.0,84.27643053695746,84.27643053695746,84.28206170192453,KDAL,0.0,-1.276430536957463,-1.276430536957463,-0.0056311649670703,83,82-83,84,84-85,84,84-85,84.28206170192453,-1.2820617019245333,-1.2820617019245333,84,84,84-85,84-85
2026-03-25,84.0,84.40831362455036,84.40831362455036,84.38594032632177,KDAL,0.0,-0.4083136245503596,-0.4083136245503596,0.0223732982285866,84,84-85,84,84-85,84,84-85,84.38594032632177,-0.3859403263217729,-0.3859403263217729,84,84,84-85,84-85
2026-03-26,85.0,85.17085749537337,85.17085749537337,85.16446102081935,KDAL,0.0,-0.1708574953733688,-0.1708574953733688,0.0063964745540232,85,84-85,85,84-85,85,84-85,85.16446102081935,-0.16446102081934555,-0.16446102081934555,85,85,84-85,84-85
2026-03-27,74.0,74.7120133631777,74.7120133631777,74.69473640848611,KDAL,0.0,-0.7120133631777037,-0.7120133631777037,0.0172769546915958,74,74-75,75,74-75,75,74-75,74.69473640848611,-0.6947364084861078,-0.6947364084861078,75,75,74-75,74-75
2026-03-28,57.0,62.348514987159305,62.34740151961045,62.30295494142173,KDAL,-0.0011134675488548,-5.348514987159305,-5.34740151961045,0.0455600457375737,57,56-57,62,62-63,62,62-63,62.30184147387288,-5.302954941421731,-5.3018414738728765,62,62,62-63,62-63
2026-03-29,82.0,81.91521114850438,81.91521114850438,81.92478138997528,KDAL,0.0,0.0847888514956167,0.0847888514956167,-0.0095702414708966,82,82-83,82,82-83,82,82-83,81.92478138997528,0.07521861002472008,0.07521861002472008,82,82,82-83,82-83
2026-03-30,83.0,82.65257031647587,82.65257031647587,82.64307960556764,KDAL,0.0,0.3474296835241262,0.3474296835241262,0.0094907109082384,83,82-83,83,82-83,83,82-83,82.64307960556764,0.3569203944323647,0.3569203944323647,83,83,82-83,82-83
2026-03-31,85.0,83.68493822507774,83.68493822507774,83.62916530967577,KDAL,0.0,1.3150617749222562,1.3150617749222562,0.0557729154019739,85,84-85,84,84-85,84,84-85,83.62916530967577,1.37083469032423,1.37083469032423,84,84,84-85,84-85
2026-04-01,86.0,83.79077614227484,83.79077614227484,83.79404353208115,KDAL,0.0,2.2092238577251635,2.2092238577251635,-0.0032673898063109,86,86-87,84,84-85,84,84-85,83.79404353208115,2.2059564679188526,2.2059564679188526,84,84,84-85,84-85
2026-04-02,82.0,82.07211639487821,82.07211639487821,82.07378159862698,KDAL,0.0,-0.0721163948782077,-0.0721163948782077,-0.0016652037487716,82,82-83,82,82-83,82,82-83,82.07378159862698,-0.07378159862697942,-0.07378159862697942,82,82,82-83,82-83
2026-04-03,83.0,81.45208817846705,81.45208817846705,81.46406873022819,KDAL,0.0,1.5479118215329493,1.5479118215329493,-0.0119805517611411,83,82-83,81,80-81,81,80-81,81.46406873022819,1.5359312697718082,1.5359312697718082,81,81,80-81,80-81
2026-04-04,74.0,73.87354119041991,73.87354119041991,73.87354119042246,KDAL,0.0,0.126458809580086,0.126458809580086,-2.543742994021159e-12,74,74-75,74,74-75,74,74-75,73.87354119042246,0.1264588095775423,0.1264588095775423,74,74,74-75,74-75
2026-04-05,70.0,69.63059728572176,69.63059728572176,69.63843789554339,KDAL,0.0,0.3694027142782374,0.3694027142782374,-0.0078406098216277,70,70-71,70,70-71,70,70-71,69.63843789554339,0.36156210445660975,0.36156210445660975,70,70,70-71,70-71
2026-04-06,72.0,72.20767303532077,72.20767303532077,72.20037092443889,KDAL,0.0,-0.2076730353207665,-0.2076730353207665,0.0073021108818807,72,72-73,72,72-73,72,72-73,72.20037092443889,-0.20037092443888582,-0.20037092443888582,72,72,72-73,72-73
2026-04-07,72.0,72.20411880228184,72.20411880228184,72.2119390339581,KDAL,0.0,-0.2041188022818403,-0.2041188022818403,-0.0078202316762627,72,72-73,72,72-73,72,72-73,72.2119390339581,-0.2119390339581031,-0.2119390339581031,72,72,72-73,72-73
2026-04-08,78.0,78.24195978862883,78.24195978862883,78.23696186927793,KDAL,0.0,-0.2419597886288329,-0.2419597886288329,0.0049979193508988,78,78-79,78,78-79,78,78-79,78.23696186927793,-0.23696186927793406,-0.23696186927793406,78,78,78-79,78-79
2026-04-09,79.0,79.4374589042199,79.4374589042199,79.46139861059939,KDAL,0.0,-0.4374589042198948,-0.4374589042198948,-0.0239397063794939,79,78-79,79,78-79,79,78-79,79.46139861059939,-0.4613986105993888,-0.4613986105993888,79,79,78-79,78-79
2026-04-10,82.0,80.37758825861728,80.37758825861728,80.38956544577067,KDAL,0.0,1.6224117413827202,1.6224117413827202,-0.0119771871533913,82,82-83,80,80-81,80,80-81,80.38956544577067,1.6104345542293288,1.6104345542293288,80,80,80-81,80-81
2026-04-11,80.0,78.78971953726311,78.78971953726311,78.75152233959574,KDAL,0.0,1.2102804627368895,1.2102804627368895,0.0381971976673725,80,80-81,79,78-79,79,78-79,78.75152233959574,1.2484776604042622,1.2484776604042622,79,79,78-79,78-79
2026-04-12,73.0,75.59931640062746,75.59931640062746,75.6163844785838,KDAL,0.0,-2.5993164006274583,-2.5993164006274583,-0.0170680779563383,73,72-73,76,76-77,76,76-77,75.6163844785838,-2.6163844785837966,-2.6163844785837966,76,76,76-77,76-77
2026-04-13,83.0,83.81833462400635,83.81833462400635,83.80621223536447,KDAL,0.0,-0.8183346240063543,-0.8183346240063543,0.0121223886418846,83,82-83,84,84-85,84,84-85,83.80621223536447,-0.8062122353644696,-0.8062122353644696,84,84,84-85,84-85
2026-04-14,80.0,79.35725165428336,79.35725165428336,79.35592786415484,KDAL,0.0,0.6427483457166403,0.6427483457166403,0.0013237901285236,80,80-81,79,78-79,79,78-79,79.35592786415484,0.644072135845164,0.644072135845164,79,79,78-79,78-79
2026-04-15,79.0,78.96793577249315,78.96793577249315,78.96329477558095,KDAL,0.0,0.0320642275068507,0.0320642275068507,0.0046409969122009,79,78-79,79,78-79,79,78-79,78.96329477558095,0.036705224419051774,0.036705224419051774,79,79,78-79,78-79
2026-04-16,85.0,84.9026094719131,84.9026094719131,84.9502678149574,KDAL,0.0,0.0973905280869047,0.0973905280869047,-0.0476583430443042,85,84-85,85,84-85,85,84-85,84.9502678149574,0.04973218504260046,0.04973218504260046,85,85,84-85,84-85
2026-04-17,83.0,81.92602562241846,81.92602562241846,81.96065085038023,KDAL,0.0,1.0739743775815356,1.0739743775815356,-0.0346252279617687,83,82-83,82,82-83,82,82-83,81.96065085038023,1.0393491496197669,1.0393491496197669,82,82,82-83,82-83
2026-04-19,72.0,72.76051331380621,72.76051331380621,72.74466809688624,KDAL,0.0,-0.7605133138062143,-0.7605133138062143,0.0158452169199705,72,72-73,73,72-73,73,72-73,72.74466809688624,-0.7446680968862438,-0.7446680968862438,73,73,72-73,72-73
2026-04-20,70.0,71.34593663826111,71.34593663826111,71.35056072180053,KDAL,0.0,-1.345936638261108,-1.345936638261108,-0.0046240835394257,70,70-71,71,70-71,71,70-71,71.35056072180053,-1.3505607218005338,-1.3505607218005338,71,71,70-71,70-71
2026-04-21,63.0,62.56237095104792,62.5595095391065,62.52935355016936,KDAL,-0.0028614119414172,0.4376290489520826,0.4404904608934998,0.0330174008785562,63,62-63,63,62-63,63,62-63,62.526492138227944,0.47064644983063886,0.47350786177205606,63,63,62-63,62-63
2026-04-22,77.0,74.41940322819826,74.41940322819826,74.43644280261529,KDAL,0.0,2.580596771801737,2.580596771801737,-0.0170395744170264,77,76-77,74,74-75,74,74-75,74.43644280261529,2.5635571973847107,2.5635571973847107,74,74,74-75,74-75
2026-04-23,81.0,79.27917617248663,79.27917617248663,79.32658798590091,KDAL,0.0,1.720823827513371,1.720823827513371,-0.0474118134142855,81,80-81,79,78-79,79,78-79,79.32658798590091,1.6734120140990854,1.6734120140990854,79,79,78-79,78-79
2026-04-24,89.0,89.73840741941,89.73840741941,89.78205804131773,KDAL,0.0,-0.7384074194099952,-0.7384074194099952,-0.0436506219077301,89,88-89,90,90-91,90,90-91,89.78205804131773,-0.7820580413177254,-0.7820580413177254,90,90,90-91,90-91
2026-04-25,86.0,87.85722610192641,87.85722610192641,87.87074790056562,KDAL,0.0,-1.857226101926415,-1.857226101926415,-0.0135217986392035,86,86-87,88,88-89,88,88-89,87.87074790056562,-1.8707479005656182,-1.8707479005656182,88,88,88-89,88-89
2026-04-26,85.0,84.87746616767251,84.87746616767251,84.89634028261841,KDAL,0.0,0.1225338323274911,0.1225338323274911,-0.0188741149459019,85,84-85,85,84-85,85,84-85,84.89634028261841,0.10365971738158919,0.10365971738158919,85,85,84-85,84-85
2026-04-27,91.0,92.5375438369363,92.5375438369363,92.52011199969796,KDAL,0.0,-1.537543836936294,-1.537543836936294,0.0174318372383339,91,90-91,93,92-93,93,92-93,92.52011199969796,-1.52011199969796,-1.52011199969796,93,93,92-93,92-93
2026-04-28,83.0,85.92524852563474,85.92524852563474,85.94900124870767,KDAL,0.0,-2.9252485256347427,-2.9252485256347427,-0.0237527230729313,83,82-83,86,86-87,86,86-87,85.94900124870767,-2.949001248707674,-2.949001248707674,86,86,86-87,86-87
2026-04-29,75.0,75.00305555202819,75.00305555202819,75.02407024916313,KDAL,0.0,-0.0030555520281865,-0.0030555520281865,-0.0210146971349445,75,74-75,75,74-75,75,74-75,75.02407024916313,-0.024070249163131052,-0.024070249163131052,75,75,74-75,74-75
2026-04-30,65.0,64.94483901021646,64.94537739182962,64.9879780389636,KDAL,0.0005383816131683,0.0551609897835447,0.0546226081703764,-0.0431390287471487,65,64-65,65,64-65,65,64-65,64.98851642057677,0.012021961036396078,0.011483579423227752,65,65,64-65,64-65
2026-05-01,65.0,63.78462641750549,63.78462641750549,63.79026410582672,KDAL,0.0,1.215373582494507,1.215373582494507,-0.0056376883212294,65,64-65,64,64-65,64,64-65,63.79026410582672,1.2097358941732779,1.2097358941732779,64,64,64-65,64-65
2026-05-02,77.0,77.94890093151412,77.94890093151412,77.95745430505248,KDAL,0.0,-0.9489009315141176,-0.9489009315141176,-0.008553373538362,77,76-77,78,78-79,78,78-79,77.95745430505248,-0.9574543050524795,-0.9574543050524795,78,78,78-79,78-79
2026-05-03,81.0,81.81622787835708,81.81622787835708,81.82654938117936,KDAL,0.0,-0.8162278783570827,-0.8162278783570827,-0.0103215028222791,81,80-81,82,82-83,82,82-83,81.82654938117936,-0.8265493811793618,-0.8265493811793618,82,82,82-83,82-83
2026-05-04,81.0,82.35423683633616,82.35423683633616,82.32425712131362,KDAL,0.0,-1.354236836336156,-1.354236836336156,0.0299797150225344,81,80-81,82,82-83,82,82-83,82.32425712131362,-1.3242571213136216,-1.3242571213136216,82,82,82-83,82-83
2026-05-05,90.0,90.11005848362586,90.11005848362586,90.13427706282054,KDAL,0.0,-0.1100584836258633,-0.1100584836258633,-0.0242185791946809,90,90-91,90,90-91,90,90-91,90.13427706282054,-0.1342770628205443,-0.1342770628205443,90,90,90-91,90-91
2026-05-06,63.0,66.25251256826529,66.24980188716623,66.21303658302757,KDAL,-0.0027106810990602,-3.2525125682652885,-3.249801887166228,0.0394759852377148,63,62-63,66,66-67,66,66-67,66.21032590192851,-3.2130365830275736,-3.2103259019285133,66,66,66-67,66-67
2026-05-07,74.0,74.17363545493657,74.17363545493657,74.13587925777502,KDAL,0.0,-0.1736354549365728,-0.1736354549365728,0.0377561971615563,74,74-75,74,74-75,74,74-75,74.13587925777502,-0.13587925777501653,-0.13587925777501653,74,74,74-75,74-75
2026-05-08,75.0,79.24840727029368,79.24840727029368,79.22029006403936,KDAL,0.0,-4.248407270293683,-4.248407270293683,0.028117206254322,75,74-75,79,78-79,79,78-79,79.22029006403936,-4.220290064039361,-4.220290064039361,79,79,78-79,78-79
2026-05-09,90.0,87.67561966916101,87.67561966916101,87.66560746158186,KDAL,0.0,2.3243803308389914,2.3243803308389914,0.0100122075791517,90,90-91,88,88-89,88,88-89,87.66560746158186,2.334392538418143,2.334392538418143,88,88,88-89,88-89
2026-05-10,79.0,84.93297680393778,84.93297680393778,84.94910302441419,KDAL,0.0,-5.932976803937777,-5.932976803937777,-0.0161262204764085,79,78-79,85,84-85,85,84-85,84.94910302441419,-5.949103024414185,-5.949103024414185,85,85,84-85,84-85
2026-05-11,78.0,76.80091053082946,76.80091053082946,76.80386510060849,KDAL,0.0,1.199089469170545,1.199089469170545,-0.0029545697790354,78,78-79,77,76-77,77,76-77,76.80386510060849,1.1961348993915095,1.1961348993915095,77,77,76-77,76-77
2026-05-12,86.0,82.6232246640374,82.6232246640374,82.60437563248398,KDAL,0.0,3.3767753359626056,3.3767753359626056,0.0188490315534153,86,86-87,83,82-83,83,82-83,82.60437563248398,3.395624367516021,3.395624367516021,83,83,82-83,82-83
2026-05-13,90.0,89.96160453433873,89.96160453433873,89.96329229249366,KDAL,0.0,0.0383954656612672,0.0383954656612672,-0.0016877581549294,90,90-91,90,90-91,90,90-91,89.96329229249366,0.03670770750633778,0.03670770750633778,90,90,90-91,90-91
2026-05-14,91.0,91.32233879082764,91.32233879082764,91.31122530932426,KDAL,0.0,-0.3223387908276294,-0.3223387908276294,0.0111134815033722,91,90-91,91,90-91,91,90-91,91.31122530932426,-0.3112253093242572,-0.3112253093242572,91,91,90-91,90-91
2026-05-15,88.0,87.9333137004748,87.9333137004748,87.90432390078527,KDAL,0.0,0.0666862995252017,0.0666862995252017,0.0289897996895263,88,88-89,88,88-89,88,88-89,87.90432390078527,0.09567609921472808,0.09567609921472808,88,88,88-89,88-89
2026-05-16,87.0,86.52557930609136,86.52557930609136,86.50248892788507,KDAL,0.0,0.474420693908641,0.474420693908641,0.023090378206291,87,86-87,87,86-87,87,86-87,86.50248892788507,0.49751107211493206,0.49751107211493206,87,87,86-87,86-87
2026-05-17,87.0,85.89272829633194,85.89485931819794,85.90666173698841,KDAL,0.0021310218660062,1.1072717036680615,1.1051406818020553,-0.0139334406564728,87,86-87,86,86-87,86,86-87,85.90879275885442,1.0933382630115887,1.0912072411455824,86,86,86-87,86-87
2026-05-18,90.0,90.01908261526353,90.01908261526353,89.9712387312351,KDAL,0.0,-0.0190826152635281,-0.0190826152635281,0.0478438840284241,90,90-91,90,90-91,90,90-91,89.9712387312351,0.02876126876489593,0.02876126876489593,90,90,90-91,90-91
2026-05-19,85.0,84.42727252067968,84.42727252067968,84.42744266224794,KDAL,0.0,0.5727274793203208,0.5727274793203208,-0.0001701415682617,85,84-85,84,84-85,84,84-85,84.42744266224794,0.572557337752059,0.572557337752059,84,84,84-85,84-85
2026-05-20,81.0,79.55552418311201,79.55552418311201,79.55749471318786,KDAL,0.0,1.4444758168879872,1.4444758168879872,-0.0019705300758516,81,80-81,80,80-81,80,80-81,79.55749471318786,1.4425052868121355,1.4425052868121355,80,80,80-81,80-81
2026-05-21,76.0,77.17824442966493,77.17733796653593,77.167709155572,KDAL,-0.0009064631289987,-1.1782444296649288,-1.17733796653593,0.0105352740929305,76,76-77,77,76-77,77,76-77,77.166802692443,-1.1677091555719983,-1.1668026924429995,77,77,76-77,76-77
2026-05-22,87.0,84.92571107360624,84.92571107360624,84.90940331952673,KDAL,0.0,2.0742889263937627,2.0742889263937627,0.0163077540795058,87,86-87,85,84-85,85,84-85,84.90940331952673,2.0905966804732685,2.0905966804732685,85,85,84-85,84-85
2026-05-23,84.0,84.12806243145891,84.12806243145891,84.14509621373345,KDAL,0.0,-0.1280624314589147,-0.1280624314589147,-0.0170337822745381,84,84-85,84,84-85,84,84-85,84.14509621373345,-0.14509621373345283,-0.14509621373345283,84,84,84-85,84-85
2026-05-24,88.0,88.33313125467991,88.33313125467991,88.34176505426909,KDAL,0.0,-0.3331312546799125,-0.3331312546799125,-0.0086337995891767,88,88-89,88,88-89,88,88-89,88.34176505426909,-0.3417650542690893,-0.3417650542690893,88,88,88-89,88-89
2026-05-25,86.0,87.82847659881587,87.82847659881587,87.8446560485444,KDAL,0.0,-1.828476598815868,-1.828476598815868,-0.0161794497285256,86,86-87,88,88-89,88,88-89,87.8446560485444,-1.844656048544394,-1.844656048544394,88,88,88-89,88-89
2026-05-26,86.0,87.25317526763504,87.25317526763504,87.21259898058634,KDAL,0.0,-1.2531752676350436,-1.2531752676350436,0.040576287048708,86,86-87,87,86-87,87,86-87,87.21259898058634,-1.2125989805863355,-1.2125989805863355,87,87,86-87,86-87
2026-05-27,84.0,81.84787011202191,81.84457523799689,81.8292010239962,KDAL,-0.0032948740250162,2.1521298879780915,2.155424762003108,0.0186690880257032,84,84-85,82,82-83,82,82-83,81.82590614997119,2.1707989760037947,2.174093850028811,82,82,82-83,82-83
2026-05-28,87.0,85.6871946683871,85.6871946683871,85.6661091321334,KDAL,0.0,1.312805331612907,1.312805331612907,0.0210855362536932,87,86-87,86,86-87,86,86-87,85.6661091321334,1.3338908678666002,1.3338908678666002,86,86,86-87,86-87
2026-05-29,90.0,92.14426801522691,92.14426801522691,92.09343636216572,KDAL,0.0,-2.144268015226928,-2.144268015226928,0.0508316530612091,90,90-91,92,92-93,92,92-93,92.09343636216572,-2.0934363621657184,-2.0934363621657184,92,92,92-93,92-93
2026-05-30,93.0,90.55581210745235,90.55581210745235,90.52616077327662,KDAL,0.0,2.444187892547632,2.444187892547632,0.0296513341757531,93,92-93,91,90-91,91,90-91,90.52616077327662,2.473839226723385,2.473839226723385,91,91,90-91,90-91
2026-05-31,93.0,94.05717991035024,94.05717991035024,94.03864897095804,KDAL,0.0,-1.0571799103502286,-1.0571799103502286,0.0185309393921926,93,92-93,94,94-95,94,94-95,94.03864897095804,-1.038648970958036,-1.038648970958036,94,94,94-95,94-95
2026-06-01,94.0,93.87663673842792,93.87663673842792,93.87645902736271,KDAL,0.0,0.1233632615720665,0.1233632615720665,0.0001777110652199,94,94-95,94,94-95,94,94-95,93.87645902736271,0.12354097263728647,0.12354097263728647,94,94,94-95,94-95
2026-06-02,96.0,94.78679883365288,94.4994673437505,94.7942420208532,KDAL,-0.2873314899023853,1.213201166347119,1.5005326562495045,-0.0074431872003231,96,96-97,95,94-95,94,94-95,94.50691053095082,1.2057579791467958,1.4930894690491812,95,95,94-95,94-95
2026-06-03,89.0,88.96103936574121,88.6572040184796,88.96810182235151,KDAL,-0.3038353472616109,0.0389606342587853,0.3427959815203962,-0.0070624566102992,89,88-89,89,88-89,89,88-89,88.6642664750899,0.031898177648486126,0.335733524910097,89,89,88-89,88-89
2026-06-04,86.0,86.90566078730895,86.89395522645412,86.88213081121721,KDAL,-0.0117055608548213,-0.9056607873089462,-0.8939552264541248,0.0235299760917371,86,86-87,87,86-87,87,86-87,86.87042525036239,-0.882130811217209,-0.8704252503623877,87,87,86-87,86-87
2026-06-05,83.0,85.46432405022699,85.38238841735075,85.44949360002782,KDAL,-0.0819356328762381,-2.464324050226992,-2.3823884173507537,0.0148304501991702,83,82-83,85,84-85,85,84-85,85.36755796715158,-2.4494936000278216,-2.3675579671515834,85,85,84-85,84-85
2026-06-06,88.0,84.9564357207614,84.69067807878865,84.92426811918112,KDAL,-0.2657576419727547,3.043564279238595,3.3093219212113496,0.0321676015802836,88,88-89,85,84-85,85,84-85,84.65851047720837,3.0757318808188785,3.3414895227916332,85,85,84-85,84-85
2026-06-07,92.0,90.36445003532512,90.02544881233794,90.36816639816357,KDAL,-0.3390012229871786,1.6355499646748797,1.9745511876620585,-0.0037163628384462,92,92-93,90,90-91,90,90-91,90.02916517517639,1.6318336018364334,1.970834824823612,90,90,90-91,90-91
2026-06-08,94.0,92.6419930129175,92.4720106340163,92.6096280905256,KDAL,-0.1699823789011958,1.3580069870825042,1.5279893659837,0.032364922391892,94,94-95,93,92-93,92,92-93,92.43964571162441,1.3903719094743963,1.560354288375592,93,92,92-93,92-93
2026-06-09,92.0,91.9420013626447,91.76264963618068,91.915099279248,KDAL,-0.1793517264640343,0.0579986373552969,0.2373503638193312,0.0269020833967061,92,92-93,92,92-93,92,92-93,91.73574755278396,0.08490072075200317,0.26425244721603747,92,92,92-93,92-93
2026-06-10,93.0,91.95392072467652,91.80344802782886,91.93981897178791,KDAL,-0.1504726968476575,1.0460792753234784,1.196551972171136,0.0141017528886067,93,92-93,92,92-93,92,92-93,91.78934627494026,1.0601810282120852,1.2106537250597427,92,92,92-93,92-93
2026-06-11,93.0,93.6930097108256,93.39219607312911,93.67608355774932,KDAL,-0.3008136376964785,-0.6930097108255922,-0.3921960731291136,0.0169261530762696,93,92-93,94,94-95,93,92-93,93.37526992005284,-0.6760835577493225,-0.375269920052844,94,93,94-95,92-93
2026-06-12,89.0,91.7407308423453,91.54022914488029,91.72091765452294,KDAL,-0.2005016974650146,-2.7407308423453003,-2.5402291448802856,0.0198131878223648,89,88-89,92,92-93,92,92-93,91.52041595705792,-2.7209176545229354,-2.5204159570579208,92,92,92-93,92-93
2026-06-13,91.0,93.12505834379223,93.12505834379223,93.13537325469254,KDAL,0.0,-2.125058343792233,-2.125058343792233,-0.0103149109003055,91,90-91,93,92-93,93,92-93,93.13537325469254,-2.1353732546925386,-2.1353732546925386,93,93,92-93,92-93
2026-06-14,84.0,87.42396997445118,87.29057962692457,87.39317249217392,KDAL,-0.133390347526614,-3.4239699744511825,-3.2905796269245684,0.0307974822772649,84,84-85,87,86-87,87,86-87,87.2597821446473,-3.3931724921739175,-3.2597821446473034,87,87,86-87,86-87
2026-06-15,86.0,86.6609704827443,86.6609704827443,86.64733805590336,KDAL,0.0,-0.6609704827443039,-0.6609704827443039,0.0136324268409424,86,86-87,87,86-87,87,86-87,86.64733805590336,-0.6473380559033615,-0.6473380559033615,87,87,86-87,86-87
2026-06-16,89.0,90.50252152906872,90.34534164038836,90.45966505756682,KDAL,-0.1571798886803606,-1.50252152906873,-1.3453416403883691,0.0428564715019064,89,88-89,91,90-91,90,90-91,90.30248516888646,-1.4596650575668235,-1.302485168886463,90,90,90-91,90-91
2026-06-17,91.0,91.82309277450705,91.82309277450705,91.81416979155642,KDAL,0.0,-0.823092774507046,-0.823092774507046,0.0089229829506223,91,90-91,92,92-93,92,92-93,91.81416979155642,-0.8141697915564237,-0.8141697915564237,92,92,92-93,92-93
2026-06-18,94.0,93.78546361276588,93.78546361276588,93.79227153155836,KDAL,0.0,0.2145363872341192,0.2145363872341192,-0.0068079187924752,94,94-95,94,94-95,94,94-95,93.79227153155836,0.20772846844164405,0.20772846844164405,94,94,94-95,94-95
2026-06-19,84.0,85.45268051083515,85.45268051083515,85.44559498633316,KDAL,0.0,-1.452680510835151,-1.452680510835151,0.0070855245019885,84,84-85,85,84-85,85,84-85,85.44559498633316,-1.4455949863331625,-1.4455949863331625,85,85,84-85,84-85
2026-06-20,92.0,89.96797035169853,89.96797035169853,89.96665664684011,KDAL,0.0,2.0320296483014744,2.0320296483014744,0.0013137048584184,92,92-93,90,90-91,90,90-91,89.96665664684011,2.033343353159893,2.033343353159893,90,90,90-91,90-91
2026-06-21,92.0,91.52448467144396,91.52448467144396,91.5270933904316,KDAL,0.0,0.4755153285560283,0.4755153285560283,-0.0026087189876307,92,92-93,92,92-93,92,92-93,91.5270933904316,0.4729066095683976,0.4729066095683976,92,92,92-93,92-93
2026-01-01,73.0,72.55207385100086,72.55207385100086,72.53593851576285,KHOU,0.0,0.4479261489991444,0.4479261489991444,0.0161353352380047,73,72-73,73,72-73,73,72-73,72.53593851576285,0.4640614842371491,0.4640614842371491,73,73,72-73,72-73
2026-01-02,84.0,83.03654488199012,83.03654488199012,83.08474773892321,KHOU,0.0,0.9634551180098754,0.9634551180098754,-0.0482028569330879,84,84-85,83,82-83,83,82-83,83.08474773892321,0.9152522610767875,0.9152522610767875,83,83,82-83,82-83
2026-01-03,78.0,77.74802980368983,77.74802980368983,77.73392130084966,KHOU,0.0,0.2519701963101681,0.2519701963101681,0.0141085028401732,78,78-79,78,78-79,78,78-79,77.73392130084966,0.26607869915034144,0.26607869915034144,78,78,78-79,78-79
2026-01-04,66.0,66.42489564036478,66.42489564036478,66.47468591911444,KHOU,0.0,-0.424895640364781,-0.424895640364781,-0.0497902787496542,66,66-67,66,66-67,66,66-67,66.47468591911444,-0.47468591911443525,-0.47468591911443525,66,66,66-67,66-67
2026-01-05,77.0,76.6137090535054,76.6137090535054,76.59107793258978,KHOU,0.0,0.3862909464945971,0.3862909464945971,0.0226311209156193,77,76-77,77,76-77,77,76-77,76.59107793258978,0.4089220674102165,0.4089220674102165,77,77,76-77,76-77
2026-01-06,81.0,80.75820014737712,80.75820014737712,80.71434191180862,KHOU,0.0,0.2417998526228757,0.2417998526228757,0.0438582355685071,81,80-81,81,80-81,81,80-81,80.71434191180862,0.28565808819138283,0.28565808819138283,81,81,80-81,80-81
2026-01-07,80.0,79.14603459397077,79.14603459397077,79.19550737998182,KHOU,0.0,0.8539654060292321,0.8539654060292321,-0.0494727860110515,80,80-81,79,78-79,79,78-79,79.19550737998182,0.8044926200181806,0.8044926200181806,79,79,78-79,78-79
2026-01-08,79.0,79.54751490023409,79.54751490023409,79.54175409108008,KHOU,0.0,-0.5475149002340913,-0.5475149002340913,0.0057608091540117,79,78-79,80,80-81,80,80-81,79.54175409108008,-0.5417540910800795,-0.5417540910800795,80,80,80-81,80-81
2026-01-09,81.0,79.91991274722602,79.91991274722602,79.88972289808834,KHOU,0.0,1.0800872527739784,1.0800872527739784,0.0301898491376846,81,80-81,80,80-81,80,80-81,79.88972289808834,1.110277101911663,1.110277101911663,80,80,80-81,80-81
2026-01-10,68.0,67.8963222732035,67.8963222732035,67.93173647859327,KHOU,0.0,0.103677726796505,0.103677726796505,-0.0354142053897703,68,68-69,68,68-69,68,68-69,67.93173647859327,0.06826352140673464,0.06826352140673464,68,68,68-69,68-69
2026-01-11,65.0,63.19198753907284,63.19198753907284,63.16957063608125,KHOU,0.0,1.8080124609271595,1.8080124609271595,0.0224169029915941,65,64-65,63,62-63,63,62-63,63.16957063608125,1.8304293639187534,1.8304293639187534,63,63,62-63,62-63
2026-01-12,60.0,60.56139109175044,60.56139109175044,60.55582103127588,KHOU,0.0,-0.561391091750437,-0.561391091750437,0.0055700604745538,60,60-61,61,60-61,61,60-61,60.55582103127588,-0.5558210312758831,-0.5558210312758831,61,61,60-61,60-61
2026-01-13,57.0,61.11854874635674,61.11854874635674,61.10028815714462,KHOU,0.0,-4.118548746356737,-4.118548746356737,0.0182605892121188,57,56-57,61,60-61,61,60-61,61.10028815714462,-4.100288157144618,-4.100288157144618,61,61,60-61,60-61
2026-01-14,69.0,68.18858398182364,68.18858398182364,68.2000698019315,KHOU,0.0,0.8114160181763594,0.8114160181763594,-0.0114858201078646,69,68-69,68,68-69,68,68-69,68.2000698019315,0.7999301980684947,0.7999301980684947,68,68,68-69,68-69
2026-01-15,60.0,59.43690364553883,59.43690364553883,59.43531010550233,KHOU,0.0,0.5630963544611731,0.5630963544611731,0.0015935400364952,60,60-61,59,58-59,59,58-59,59.43531010550233,0.5646898944976684,0.5646898944976684,59,59,58-59,58-59
2026-01-16,76.0,75.45472045693927,75.45472045693927,75.44405895727365,KHOU,0.0,0.5452795430607296,0.5452795430607296,0.0106614996656162,76,76-77,75,74-75,75,74-75,75.44405895727365,0.5559410427263458,0.5559410427263458,75,75,74-75,74-75
2026-01-17,58.0,59.0830898516359,59.0830898516359,59.081742184173365,KHOU,0.0,-1.083089851635897,-1.083089851635897,0.0013476674625323,58,58-59,59,58-59,59,58-59,59.081742184173365,-1.0817421841733648,-1.0817421841733648,59,59,58-59,58-59
2026-01-18,56.0,55.43007615871598,55.43007615871598,55.40521125724326,KHOU,0.0,0.5699238412840231,0.5699238412840231,0.0248649014727178,56,56-57,55,54-55,55,54-55,55.40521125724326,0.5947887427567409,0.5947887427567409,55,55,54-55,54-55
2026-01-19,67.0,66.63006523394739,66.63006523394739,66.6496961826858,KHOU,0.0,0.3699347660526086,0.3699347660526086,-0.0196309487384098,67,66-67,67,66-67,67,66-67,66.6496961826858,0.3503038173141988,0.3503038173141988,67,67,66-67,66-67
2026-01-20,65.0,64.7479596733262,64.7479596733262,64.72477440735211,KHOU,0.0,0.2520403266737929,0.2520403266737929,0.0231852659740923,65,64-65,65,64-65,65,64-65,64.72477440735211,0.27522559264788526,0.27522559264788526,65,65,64-65,64-65
2026-01-21,68.0,68.74349262129637,68.76999199118326,68.69333894252009,KHOU,0.026499369886892,-0.7434926212963688,-0.7699919911832609,0.050153678776283,68,68-69,69,68-69,69,68-69,68.71983831240698,-0.6933389425200858,-0.7198383124069778,69,69,68-69,68-69
2026-01-22,66.0,69.91377259274768,69.91377259274768,69.90515694135335,KHOU,0.0,-3.913772592747677,-3.913772592747677,0.0086156513943222,66,66-67,70,70-71,70,70-71,69.90515694135335,-3.9051569413533542,-3.9051569413533542,70,70,70-71,70-71
2026-01-23,65.0,66.71203714944126,66.71203714944126,66.71047325615694,KHOU,0.0,-1.712037149441258,-1.712037149441258,0.0015638932843131,65,64-65,67,66-67,67,66-67,66.71047325615694,-1.710473256156945,-1.710473256156945,67,67,66-67,66-67
2026-01-24,61.0,60.79952042692928,60.81420832821991,60.79952042692928,KHOU,0.0146879012906282,0.2004795730707158,0.1857916717800876,7.105427357601002e-15,61,60-61,61,60-61,61,60-61,60.814208328219905,0.20047957307072295,0.1857916717800947,61,61,60-61,60-61
2026-01-25,36.0,36.25866813220722,36.25866813220722,36.25866813220723,KHOU,0.0,-0.2586681322072195,-0.2586681322072195,-7.105427357601002e-15,36,36-37,36,36-37,36,36-37,36.25866813220723,-0.2586681322072266,-0.2586681322072266,36,36,36-37,36-37
2026-01-26,39.0,38.937210524475226,38.937210524475226,38.98263781187661,KHOU,0.0,0.0627894755247737,0.0627894755247737,-0.045427287401381,39,38-39,39,38-39,39,38-39,38.98263781187661,0.01736218812339274,0.01736218812339274,39,39,38-39,38-39
2026-01-27,52.0,49.26502123070755,49.26502123070755,49.31570586609158,KHOU,0.0,2.7349787692924465,2.7349787692924465,-0.0506846353840231,52,52-53,49,48-49,49,48-49,49.31570586609158,2.6842941339084234,2.6842941339084234,49,49,48-49,48-49
2026-01-28,59.0,57.96715881463546,57.96715881463546,57.96839971884896,KHOU,0.0,1.0328411853645392,1.0328411853645392,-0.0012409042134962,59,58-59,58,58-59,58,58-59,57.96839971884896,1.031600281151043,1.031600281151043,58,58,58-59,58-59
2026-01-29,69.0,67.59724902640502,67.59724902640502,67.62166955153721,KHOU,0.0,1.4027509735949764,1.4027509735949764,-0.0244205251321858,69,68-69,68,68-69,68,68-69,67.62166955153721,1.3783304484627905,1.3783304484627905,68,68,68-69,68-69
2026-01-30,54.0,55.85694586141401,55.85694586141401,55.851117357280216,KHOU,0.0,-1.856945861414012,-1.856945861414012,0.0058285041337953,54,54-55,56,56-57,56,56-57,55.851117357280216,-1.8511173572802164,-1.8511173572802164,56,56,56-57,56-57
2026-01-31,48.0,46.29088891271056,46.29088891271056,46.251536299588906,KHOU,0.0,1.7091110872894433,1.7091110872894433,0.0393526131216503,48,48-49,46,46-47,46,46-47,46.251536299588906,1.7484637004110937,1.7484637004110937,46,46,46-47,46-47
2026-02-01,53.0,53.75984528983161,53.75984528983161,53.761091215657984,KHOU,0.0,-0.7598452898316097,-0.7598452898316097,-0.0012459258263746,53,52-53,54,54-55,54,54-55,53.761091215657984,-0.7610912156579843,-0.7610912156579843,54,54,54-55,54-55
2026-02-02,70.0,69.8960143589361,69.8960143589361,69.86602857866772,KHOU,0.0,0.1039856410639004,0.1039856410639004,0.029985780268376,70,70-71,70,70-71,70,70-71,69.86602857866772,0.13397142133227646,0.13397142133227646,70,70,70-71,70-71
2026-02-03,70.0,71.2028747787717,71.21610607516224,71.22166165392707,KHOU,0.0132312963905434,-1.202874778771701,-1.2161060751622443,-0.0187868751553708,70,70-71,71,70-71,71,70-71,71.23489295031762,-1.2216616539270717,-1.2348929503176151,71,71,70-71,70-71
2026-02-04,65.0,64.9929469943186,64.9929469943186,65.00689772196341,KHOU,0.0,0.0070530056813993,0.0070530056813993,-0.0139507276448114,65,64-65,65,64-65,65,64-65,65.00689772196341,-0.006897721963412096,-0.006897721963412096,65,65,64-65,64-65
2026-02-05,64.0,63.85422833667965,63.85422833667965,63.86720957864856,KHOU,0.0,0.145771663320346,0.145771663320346,-0.0129812419689088,64,64-65,64,64-65,64,64-65,63.86720957864856,0.13279042135143726,0.13279042135143726,64,64,64-65,64-65
2026-02-06,78.0,75.5514673064128,75.5514673064128,75.56180763549695,KHOU,0.0,2.4485326935871967,2.4485326935871967,-0.0103403290841441,78,78-79,76,76-77,76,76-77,75.56180763549695,2.4381923645030525,2.4381923645030525,76,76,76-77,76-77
2026-02-07,72.0,74.04650310409625,74.04650310409625,74.04682245054298,KHOU,0.0,-2.046503104096246,-2.046503104096246,-0.0003193464467301,72,72-73,74,74-75,74,74-75,74.04682245054298,-2.046822450542976,-2.046822450542976,74,74,74-75,74-75
2026-02-08,77.0,74.09938290716154,74.09938290716154,74.11690451256209,KHOU,0.0,2.900617092838459,2.900617092838459,-0.017521605400546,77,76-77,74,74-75,74,74-75,74.11690451256209,2.883095487437913,2.883095487437913,74,74,74-75,74-75
2026-02-09,79.0,79.6830714123815,79.6830714123815,79.66534322110313,KHOU,0.0,-0.6830714123814943,-0.6830714123814943,0.0177281912783655,79,78-79,80,80-81,80,80-81,79.66534322110313,-0.6653432211031287,-0.6653432211031287,80,80,80-81,80-81
2026-02-10,78.0,76.57352287618791,76.57352287618791,76.58949152400835,KHOU,0.0,1.4264771238120917,1.4264771238120917,-0.0159686478204434,78,78-79,77,76-77,77,76-77,76.58949152400835,1.410508475991648,1.410508475991648,77,77,76-77,76-77
2026-02-11,76.0,76.97781336965674,76.99269214172419,76.94828847468739,KHOU,0.0148787720674476,-0.9778133696567436,-0.9926921417241914,0.0295248949693558,76,76-77,77,76-77,77,76-77,76.96316724675484,-0.9482884746873879,-0.9631672467548356,77,77,76-77,76-77
2026-02-12,80.0,78.35979844744395,78.35979844744395,78.34488716594058,KHOU,0.0,1.64020155255605,1.64020155255605,0.0149112815033731,80,80-81,78,78-79,78,78-79,78.34488716594058,1.6551128340594232,1.6551128340594232,78,78,78-79,78-79
2026-02-13,77.0,76.765726843598,76.765726843598,76.77380941585449,KHOU,0.0,0.234273156401997,0.234273156401997,-0.0080825722564839,77,76-77,77,76-77,77,76-77,76.77380941585449,0.22619058414551318,0.22619058414551318,77,77,76-77,76-77
2026-02-14,74.0,75.70477321368577,75.70477321368577,75.71299189035014,KHOU,0.0,-1.704773213685769,-1.704773213685769,-0.0082186766643701,74,74-75,76,76-77,76,76-77,75.71299189035014,-1.712991890350139,-1.712991890350139,76,76,76-77,76-77
2026-02-15,70.0,70.0693862495463,70.0693862495463,70.04334740364054,KHOU,0.0,-0.069386249546298,-0.069386249546298,0.0260388459057594,70,70-71,70,70-71,70,70-71,70.04334740364054,-0.04334740364053857,-0.04334740364053857,70,70,70-71,70-71
2026-02-16,71.0,71.0706368741522,71.0706368741522,70.98438965747461,KHOU,0.0,-0.0706368741521998,-0.0706368741521998,0.0862472166775916,71,70-71,71,70-71,71,70-71,70.98438965747461,0.01561034252539173,0.01561034252539173,71,71,70-71,70-71
2026-02-17,78.0,77.45981005849825,77.45981005849825,77.39330784430894,KHOU,0.0,0.540189941501751,0.540189941501751,0.0665022141893132,78,78-79,77,76-77,77,76-77,77.39330784430894,0.6066921556910643,0.6066921556910643,77,77,76-77,76-77
2026-02-18,79.0,78.50839299603983,78.50839299603983,78.49362522553686,KHOU,0.0,0.4916070039601692,0.4916070039601692,0.0147677705029707,79,78-79,79,78-79,79,78-79,78.49362522553686,0.5063747744631399,0.5063747744631399,78,78,78-79,78-79
2026-02-19,81.0,81.41382446170303,81.41382446170303,81.34883633421342,KHOU,0.0,-0.4138244617030295,-0.4138244617030295,0.0649881274896131,81,80-81,81,80-81,81,80-81,81.34883633421342,-0.3488363342134164,-0.3488363342134164,81,81,80-81,80-81
2026-02-20,80.0,79.5650456252341,79.5650456252341,79.58439876366164,KHOU,0.0,0.4349543747658941,0.4349543747658941,-0.0193531384275331,80,80-81,80,80-81,80,80-81,79.58439876366164,0.415601236338361,0.415601236338361,80,80,80-81,80-81
2026-02-21,80.0,80.07626227696495,80.07626227696495,80.04739006425231,KHOU,0.0,-0.0762622769649539,-0.0762622769649539,0.0288722127126419,80,80-81,80,80-81,80,80-81,80.04739006425231,-0.04739006425231196,-0.04739006425231196,80,80,80-81,80-81
2026-02-22,65.0,63.46899683841055,63.46899683841055,63.418519939019255,KHOU,0.0,1.531003161589453,1.531003161589453,0.0504768993912918,65,64-65,63,62-63,63,62-63,63.418519939019255,1.581480060980745,1.581480060980745,63,63,62-63,62-63
2026-02-23,64.0,63.77943075074321,63.77943075074321,63.77948728298675,KHOU,0.0,0.2205692492567905,0.2205692492567905,-5.653224354063013e-05,64,64-65,64,64-65,64,64-65,63.77948728298675,0.22051271701324993,0.22051271701324993,64,64,64-65,64-65
2026-02-24,69.0,70.2702736005686,70.2702736005686,70.2362499371405,KHOU,0.0,-1.2702736005686006,-1.2702736005686006,0.0340236634281012,69,68-69,70,70-71,70,70-71,70.2362499371405,-1.2362499371404994,-1.2362499371404994,70,70,70-71,70-71
2026-02-25,78.0,79.37480308521495,79.37480308521495,79.33551550692724,KHOU,0.0,-1.3748030852149498,-1.3748030852149498,0.0392875782877126,78,78-79,79,78-79,79,78-79,79.33551550692724,-1.335515506927237,-1.335515506927237,79,79,78-79,78-79
2026-02-26,80.0,80.21422236627474,80.21422236627474,80.14969078209377,KHOU,0.0,-0.2142223662747397,-0.2142223662747397,0.064531584180969,80,80-81,80,80-81,80,80-81,80.14969078209377,-0.14969078209377074,-0.14969078209377074,80,80,80-81,80-81
2026-02-27,85.0,84.88171752715023,84.88171752715023,84.88962728227777,KHOU,0.0,0.1182824728497706,0.1182824728497706,-0.0079097551275424,85,84-85,85,84-85,85,84-85,84.88962728227777,0.11037271772222823,0.11037271772222823,85,85,84-85,84-85
2026-02-28,80.0,71.81070095600134,71.81070095600134,71.83460200873914,KHOU,0.0,8.189299043998659,8.189299043998659,-0.0239010527377985,80,80-81,72,72-73,72,72-73,71.83460200873914,8.16539799126086,8.16539799126086,72,72,72-73,72-73
2026-03-01,79.0,79.15986012177953,79.15986012177953,79.13542192890884,KHOU,0.0,-0.1598601217795305,-0.1598601217795305,0.02443819287069,79,78-79,79,78-79,79,78-79,79.13542192890884,-0.13542192890884053,-0.13542192890884053,79,79,78-79,78-79
2026-03-02,81.0,80.27769504514303,80.27769504514303,80.25715848530953,KHOU,0.0,0.7223049548569662,0.7223049548569662,0.0205365598335021,81,80-81,80,80-81,80,80-81,80.25715848530953,0.7428415146904683,0.7428415146904683,80,80,80-81,80-81
2026-03-03,81.0,81.01489140620833,81.01489140620833,80.97249744862886,KHOU,0.0,-0.0148914062083349,-0.0148914062083349,0.0423939575794776,81,80-81,81,80-81,81,80-81,80.97249744862886,0.02750255137114266,0.02750255137114266,81,81,80-81,80-81
2026-03-04,81.0,80.74625163261749,80.74625163261749,80.7611118311453,KHOU,0.0,0.2537483673825136,0.2537483673825136,-0.0148601985278133,81,80-81,81,80-81,81,80-81,80.7611118311453,0.2388881688547002,0.2388881688547002,81,81,80-81,80-81
2026-03-05,81.0,81.12953339549775,81.12953339549775,81.14100784789495,KHOU,0.0,-0.1295333954977451,-0.1295333954977451,-0.0114744523972092,81,80-81,81,80-81,81,80-81,81.14100784789495,-0.14100784789495435,-0.14100784789495435,81,81,80-81,80-81
2026-03-06,83.0,82.72803002039524,82.72803002039524,82.71676268690894,KHOU,0.0,0.2719699796047621,0.2719699796047621,0.0112673334863018,83,82-83,83,82-83,83,82-83,82.71676268690894,0.2832373130910639,0.2832373130910639,83,83,82-83,82-83
2026-03-07,84.0,83.42431701018221,83.42431701018221,83.3915231358704,KHOU,0.0,0.5756829898177926,0.5756829898177926,0.0327938743118068,84,84-85,83,82-83,83,82-83,83.3915231358704,0.6084768641295994,0.6084768641295994,83,83,82-83,82-83
2026-03-08,71.0,73.64130313866562,73.64130313866562,73.65189261626051,KHOU,0.0,-2.64130313866562,-2.64130313866562,-0.0105894775948911,71,70-71,74,74-75,74,74-75,73.65189261626051,-2.651892616260511,-2.651892616260511,74,74,74-75,74-75
2026-03-09,83.0,80.98696574163439,80.98696574163439,80.95610687195604,KHOU,0.0,2.013034258365608,2.013034258365608,0.0308588696783544,83,82-83,81,80-81,81,80-81,80.95610687195604,2.043893128043962,2.043893128043962,81,81,80-81,80-81
2026-03-10,84.0,82.24687393245092,82.24687393245092,82.24647322376413,KHOU,0.0,1.7531260675490756,1.7531260675490756,0.0004007086867972,84,84-85,82,82-83,82,82-83,82.24647322376413,1.7535267762358728,1.7535267762358728,82,82,82-83,82-83
2026-03-11,80.0,79.42973817128002,79.42973817128002,79.4447887468735,KHOU,0.0,0.5702618287199783,0.5702618287199783,-0.0150505755934773,80,80-81,79,78-79,79,78-79,79.4447887468735,0.555211253126501,0.555211253126501,79,79,78-79,78-79
2026-03-12,67.0,67.55024190390392,67.55024190390392,67.5143001081198,KHOU,0.0,-0.5502419039039239,-0.5502419039039239,0.0359417957841259,67,66-67,68,68-69,68,68-69,67.5143001081198,-0.514300108119798,-0.514300108119798,68,68,68-69,68-69
2026-03-13,74.0,74.63805480637316,74.63805480637316,74.62864952745574,KHOU,0.0,-0.6380548063731624,-0.6380548063731624,0.009405278917427,74,74-75,75,74-75,75,74-75,74.62864952745574,-0.6286495274557353,-0.6286495274557353,75,75,74-75,74-75
2026-03-14,79.0,78.98377466726247,78.98377466726247,78.97647193064194,KHOU,0.0,0.0162253327375339,0.0162253327375339,0.0073027366205309,79,78-79,79,78-79,79,78-79,78.97647193064194,0.02352806935806484,0.02352806935806484,79,79,78-79,78-79
2026-03-15,82.0,81.62699685141992,81.62699685141992,81.57235099612927,KHOU,0.0,0.3730031485800822,0.3730031485800822,0.0546458552906443,82,82-83,82,82-83,82,82-83,81.57235099612927,0.4276490038707266,0.4276490038707266,82,82,82-83,82-83
2026-03-16,63.0,63.20418066688861,63.20418066688861,63.1791010572612,KHOU,0.0,-0.204180666888611,-0.204180666888611,0.0250796096274115,63,62-63,63,62-63,63,62-63,63.1791010572612,-0.17910105726119951,-0.17910105726119951,63,63,62-63,62-63
2026-03-17,59.0,60.13729032685637,60.13729032685637,60.07992096838026,KHOU,0.0,-1.1372903268563732,-1.1372903268563732,0.0573693584761159,59,58-59,60,60-61,60,60-61,60.07992096838026,-1.0799209683802573,-1.0799209683802573,60,60,60-61,60-61
2026-03-18,71.0,73.12297230515146,73.12297230515146,73.19079808038543,KHOU,0.0,-2.122972305151464,-2.122972305151464,-0.0678257752339703,71,70-71,73,72-73,73,72-73,73.19079808038543,-2.1907980803854343,-2.1907980803854343,73,73,72-73,72-73
2026-03-19,79.0,79.23857145079161,79.23857145079161,79.26937777742066,KHOU,0.0,-0.2385714507916105,-0.2385714507916105,-0.0308063266290474,79,78-79,79,78-79,79,78-79,79.26937777742066,-0.26937777742065805,-0.26937777742065805,79,79,78-79,78-79
2026-03-20,82.0,81.93894829452356,81.93894829452356,81.93219279643286,KHOU,0.0,0.0610517054764443,0.0610517054764443,0.0067554980906976,82,82-83,82,82-83,82,82-83,81.93219279643286,0.06780720356714198,0.06780720356714198,82,82,82-83,82-83
2026-03-21,85.0,83.29926994764436,83.29926994764436,83.26900820081923,KHOU,0.0,1.700730052355638,1.700730052355638,0.0302617468251327,85,84-85,83,82-83,83,82-83,83.26900820081923,1.7309917991807708,1.7309917991807708,83,83,82-83,82-83
2026-03-22,84.0,82.8976513101093,82.8976513101093,82.95291430195641,KHOU,0.0,1.1023486898907038,1.1023486898907038,-0.0552629918471154,84,84-85,83,82-83,83,82-83,82.95291430195641,1.0470856980435883,1.0470856980435883,83,83,82-83,82-83
2026-03-23,83.0,83.63967056999525,83.63967056999525,83.66655897385589,KHOU,0.0,-0.6396705699952463,-0.6396705699952463,-0.0268884038606387,83,82-83,84,84-85,84,84-85,83.66655897385589,-0.666558973855885,-0.666558973855885,84,84,84-85,84-85
2026-03-24,80.0,80.40617916281246,80.40617916281246,80.35669021006706,KHOU,0.0,-0.4061791628124638,-0.4061791628124638,0.0494889527454063,80,80-81,80,80-81,80,80-81,80.35669021006706,-0.3566902100670575,-0.3566902100670575,80,80,80-81,80-81
2026-03-25,83.0,82.34648750984731,82.34648750984731,82.29800659154887,KHOU,0.0,0.6535124901526927,0.6535124901526927,0.0484809182984378,83,82-83,82,82-83,82,82-83,82.29800659154887,0.7019934084511306,0.7019934084511306,82,82,82-83,82-83
2026-03-26,82.0,82.43001124997909,82.43001124997909,82.41296742893431,KHOU,0.0,-0.4300112499790884,-0.4300112499790884,0.0170438210447798,82,82-83,82,82-83,82,82-83,82.41296742893431,-0.4129674289343086,-0.4129674289343086,82,82,82-83,82-83
2026-03-27,85.0,84.60247884053013,84.60247884053013,84.61286312846353,KHOU,0.0,0.3975211594698749,0.3975211594698749,-0.0103842879334052,85,84-85,85,84-85,85,84-85,84.61286312846353,0.3871368715364696,0.3871368715364696,85,85,84-85,84-85
2026-03-28,74.0,75.42723232216575,75.42723232216575,75.37951806190716,KHOU,0.0,-1.42723232216575,-1.42723232216575,0.0477142602585871,74,74-75,75,74-75,75,74-75,75.37951806190716,-1.379518061907163,-1.379518061907163,75,75,74-75,74-75
2026-03-29,81.0,80.61924307388043,80.61924307388043,80.62798517083021,KHOU,0.0,0.3807569261195738,0.3807569261195738,-0.0087420969497884,81,80-81,81,80-81,81,80-81,80.62798517083021,0.37201482916978534,0.37201482916978534,81,81,80-81,80-81
2026-03-30,83.0,82.50143376303312,82.50143376303312,82.49134953792627,KHOU,0.0,0.4985662369668802,0.4985662369668802,0.0100842251068513,83,82-83,83,82-83,83,82-83,82.49134953792627,0.5086504620737315,0.5086504620737315,82,82,82-83,82-83
2026-03-31,82.0,82.15369729253469,82.15369729253469,82.14485560924682,KHOU,0.0,-0.1536972925346873,-0.1536972925346873,0.0088416832878692,82,82-83,82,82-83,82,82-83,82.14485560924682,-0.14485560924681806,-0.14485560924681806,82,82,82-83,82-83
2026-04-01,84.0,81.70090798857267,81.70090798857267,81.71384296897435,KHOU,0.0,2.2990920114273337,2.2990920114273337,-0.0129349804016811,84,84-85,82,82-83,82,82-83,81.71384296897435,2.2861570310256525,2.2861570310256525,82,82,82-83,82-83
2026-04-02,82.0,82.95542495500844,82.95542495500844,82.90724032624242,KHOU,0.0,-0.9554249550084392,-0.9554249550084392,0.0481846287660232,82,82-83,83,82-83,83,82-83,82.90724032624242,-0.907240326242416,-0.907240326242416,83,83,82-83,82-83
2026-04-03,84.0,80.71566546356848,80.71566546356848,80.72942126937508,KHOU,0.0,3.2843345364315155,3.2843345364315155,-0.0137558058065963,84,84-85,81,80-81,81,80-81,80.72942126937508,3.270578730624919,3.270578730624919,81,81,80-81,80-81
2026-04-04,81.0,82.04434146232931,82.05528506322278,82.02263113126507,KHOU,0.0109436008934693,-1.0443414623293137,-1.055285063222783,0.0217103310642414,81,80-81,82,82-83,82,82-83,82.03357473215854,-1.0226311312650722,-1.0335747321585416,82,82,82-83,82-83
2026-04-05,66.0,70.14305394020192,70.14305394020192,70.14770328903522,KHOU,0.0,-4.143053940201924,-4.143053940201924,-0.004649348833297,66,66-67,70,70-71,70,70-71,70.14770328903522,-4.147703289035221,-4.147703289035221,70,70,70-71,70-71
2026-04-06,73.0,72.49203376344174,72.49203376344174,72.51059986225133,KHOU,0.0,0.5079662365582607,0.5079662365582607,-0.0185660988095861,73,72-73,72,72-73,72,72-73,72.51059986225133,0.4894001377486745,0.4894001377486745,73,73,72-73,72-73
2026-04-07,74.0,74.83154545035119,74.83154545035119,74.82998533819313,KHOU,0.0,-0.8315454503511859,-0.8315454503511859,0.0015601121580601,74,74-75,75,74-75,75,74-75,74.82998533819313,-0.8299853381931257,-0.8299853381931257,75,75,74-75,74-75
2026-04-08,78.0,78.7653101491133,78.7653101491133,78.80199477106876,KHOU,0.0,-0.7653101491133043,-0.7653101491133043,-0.0366846219554588,78,78-79,79,78-79,79,78-79,78.80199477106876,-0.8019947710687632,-0.8019947710687632,79,79,78-79,78-79
2026-04-09,81.0,79.6724942956223,79.6724942956223,79.67810794628411,KHOU,0.0,1.3275057043776997,1.3275057043776997,-0.0056136506618145,81,80-81,80,80-81,80,80-81,79.67810794628411,1.3218920537158851,1.3218920537158851,80,80,80-81,80-81
2026-04-10,77.0,78.52560021795978,78.52560021795978,78.53854935588285,KHOU,0.0,-1.5256002179597772,-1.5256002179597772,-0.0129491379230728,77,76-77,79,78-79,79,78-79,78.53854935588285,-1.53854935588285,-1.53854935588285,79,79,78-79,78-79
2026-04-11,81.0,80.07164283296412,80.07164283296412,80.08523037255593,KHOU,0.0,0.928357167035884,0.928357167035884,-0.0135875395918105,81,80-81,80,80-81,80,80-81,80.08523037255593,0.9147696274440733,0.9147696274440733,80,80,80-81,80-81
2026-04-12,79.0,79.5650686208262,79.5650686208262,79.50271099790459,KHOU,0.0,-0.5650686208261959,-0.5650686208261959,0.0623576229216098,79,78-79,80,80-81,80,80-81,79.50271099790459,-0.5027109979045861,-0.5027109979045861,80,80,80-81,80-81
2026-04-13,81.0,81.32805157330539,81.32805157330539,81.32951100279018,KHOU,0.0,-0.3280515733053875,-0.3280515733053875,-0.0014594294847967,81,80-81,81,80-81,81,80-81,81.32951100279018,-0.3295110027901842,-0.3295110027901842,81,81,80-81,80-81
2026-04-14,83.0,81.58267971678715,81.58267971678715,81.57278511520195,KHOU,0.0,1.417320283212845,1.417320283212845,0.0098946015852021,83,82-83,82,82-83,82,82-83,81.57278511520195,1.4272148847980475,1.4272148847980475,82,82,82-83,82-83
2026-04-15,83.0,82.67965945347488,82.67965945347488,82.69056559997296,KHOU,0.0,0.3203405465251165,0.3203405465251165,-0.0109061464980726,83,82-83,83,82-83,83,82-83,82.69056559997296,0.3094344000270439,0.3094344000270439,83,83,82-83,82-83
2026-04-16,85.0,84.78707468044811,84.78707468044811,84.74874003776215,KHOU,0.0,0.2129253195518856,0.2129253195518856,0.0383346426859674,85,84-85,85,84-85,85,84-85,84.74874003776215,0.2512599622378531,0.2512599622378531,85,85,84-85,84-85
2026-04-17,82.0,82.23669254383748,82.23669254383748,82.24001776180229,KHOU,0.0,-0.2366925438374778,-0.2366925438374778,-0.0033252179648144,82,82-83,82,82-83,82,82-83,82.24001776180229,-0.24001776180229228,-0.24001776180229228,82,82,82-83,82-83
2026-04-18,84.0,83.58885471476329,83.58885471476329,83.5220990266632,KHOU,0.0,0.4111452852367137,0.4111452852367137,0.0667556881000877,84,84-85,84,84-85,84,84-85,83.5220990266632,0.47790097333680137,0.47790097333680137,84,84,84-85,84-85
2026-04-19,70.0,68.79916035943472,68.79916035943472,68.77173572348033,KHOU,0.0,1.2008396405652777,1.2008396405652777,0.0274246359543894,70,70-71,69,68-69,69,68-69,68.77173572348033,1.228264276519667,1.228264276519667,69,69,68-69,68-69
2026-04-20,71.0,70.8086086328565,70.8086086328565,70.78066862367163,KHOU,0.0,0.1913913671434954,0.1913913671434954,0.0279400091848742,71,70-71,71,70-71,71,70-71,70.78066862367163,0.21933137632836974,0.21933137632836974,71,71,70-71,70-71
2026-04-22,81.0,78.9364758196535,78.9364758196535,78.86039335726747,KHOU,0.0,2.063524180346505,2.063524180346505,0.0760824623860259,81,80-81,79,78-79,79,78-79,78.86039335726747,2.139606642732531,2.139606642732531,79,79,78-79,78-79
2026-04-23,83.0,81.81293498251739,81.81293498251739,81.81009026595174,KHOU,0.0,1.1870650174826096,1.1870650174826096,0.0028447165656473,83,82-83,82,82-83,82,82-83,81.81009026595174,1.189909734048257,1.189909734048257,82,82,82-83,82-83
2026-04-24,82.0,84.21560882207808,84.21560882207808,84.16971613427452,KHOU,0.0,-2.2156088220780816,-2.2156088220780816,0.0458926878035583,82,82-83,84,84-85,84,84-85,84.16971613427452,-2.1697161342745233,-2.1697161342745233,84,84,84-85,84-85
2026-04-25,86.0,85.92025254783492,85.92025254783492,85.95786741692152,KHOU,0.0,0.0797474521650798,0.0797474521650798,-0.037614869086596,86,86-87,86,86-87,86,86-87,85.95786741692152,0.042132583078483776,0.042132583078483776,86,86,86-87,86-87
2026-04-26,85.0,84.33128611542087,84.33128611542087,84.3732532268615,KHOU,0.0,0.6687138845791338,0.6687138845791338,-0.041967111440627,85,84-85,84,84-85,84,84-85,84.3732532268615,0.6267467731385068,0.6267467731385068,84,84,84-85,84-85
2026-04-27,88.0,86.0749860265823,86.0749860265823,86.03752024924228,KHOU,0.0,1.9250139734177052,1.9250139734177052,0.0374657773400173,88,88-89,86,86-87,86,86-87,86.03752024924228,1.9624797507577227,1.9624797507577227,86,86,86-87,86-87
2026-04-28,87.0,88.01026581938626,88.01026581938626,87.99508012290346,KHOU,0.0,-1.0102658193862624,-1.0102658193862624,0.0151856964828027,87,86-87,88,88-89,88,88-89,87.99508012290346,-0.9950801229034596,-0.9950801229034596,88,88,88-89,88-89
2026-04-29,85.0,86.3213541450992,86.3213541450992,86.34600662778625,KHOU,0.0,-1.3213541450992068,-1.3213541450992068,-0.0246524826870455,85,84-85,86,86-87,86,86-87,86.34600662778625,-1.3460066277862524,-1.3460066277862524,86,86,86-87,86-87
2026-04-30,88.0,84.59408539739277,84.59408539739277,84.6117904868099,KHOU,0.0,3.4059146026072256,3.4059146026072256,-0.0177050894171202,88,88-89,85,84-85,85,84-85,84.6117904868099,3.3882095131901053,3.3882095131901053,85,85,84-85,84-85
2026-05-01,70.0,69.8967584181827,69.91093018143516,69.8967584181827,KHOU,0.0141717632524631,0.1032415818173007,0.0890698185648375,0.0,70,70-71,70,70-71,70,70-71,69.91093018143516,0.1032415818173007,0.08906981856483753,70,70,70-71,70-71
2026-05-02,76.0,73.80396895026087,73.80396895026087,73.82912411657588,KHOU,0.0,2.1960310497391333,2.1960310497391333,-0.0251551663150166,76,76-77,74,74-75,74,74-75,73.82912411657588,2.1708758834241166,2.1708758834241166,74,74,74-75,74-75
2026-05-03,78.0,79.19044878186538,79.19044878186538,79.2255075444312,KHOU,0.0,-1.1904487818653848,-1.1904487818653848,-0.0350587625658107,78,78-79,79,78-79,79,78-79,79.2255075444312,-1.2255075444311956,-1.2255075444311956,79,79,78-79,78-79
2026-05-04,81.0,81.39744806917707,81.39744806917707,81.4105614411767,KHOU,0.0,-0.3974480691770736,-0.3974480691770736,-0.0131133719996228,81,80-81,81,80-81,81,80-81,81.4105614411767,-0.41056144117669646,-0.41056144117669646,81,81,80-81,80-81
2026-05-05,83.0,83.77934188695971,83.77934188695971,83.75597441920216,KHOU,0.0,-0.7793418869597133,-0.7793418869597133,0.0233674677575521,83,82-83,84,84-85,84,84-85,83.75597441920216,-0.7559744192021611,-0.7559744192021611,84,84,84-85,84-85
2026-05-06,85.0,84.2635144184418,84.2635144184418,84.28396152125677,KHOU,0.0,0.736485581558199,0.736485581558199,-0.0204471028149697,85,84-85,84,84-85,84,84-85,84.28396152125677,0.7160384787432292,0.7160384787432292,84,84,84-85,84-85
2026-05-07,79.0,76.51659976896319,76.51659976896319,76.49227455982395,KHOU,0.0,2.48340023103681,2.48340023103681,0.0243252091392349,79,78-79,77,76-77,77,76-77,76.49227455982395,2.5077254401760456,2.5077254401760456,76,76,76-77,76-77
2026-05-08,75.0,76.38154258442086,76.38154258442086,76.4478039836201,KHOU,0.0,-1.3815425844208562,-1.3815425844208562,-0.0662613991992486,75,74-75,76,76-77,76,76-77,76.4478039836201,-1.4478039836201049,-1.4478039836201049,76,76,76-77,76-77
2026-05-09,90.0,84.35224473507252,84.35224473507252,84.331186800523,KHOU,0.0,5.647755264927483,5.647755264927483,0.0210579345495176,90,90-91,84,84-85,84,84-85,84.331186800523,5.668813199477,5.668813199477,84,84,84-85,84-85
2026-05-10,87.0,87.07225925482251,87.07225925482251,87.08532744699014,KHOU,0.0,-0.0722592548225122,-0.0722592548225122,-0.0130681921676227,87,86-87,87,86-87,87,86-87,87.08532744699014,-0.08532744699013506,-0.08532744699013506,87,87,86-87,86-87
2026-05-11,81.0,80.56088299301872,80.56088299301872,80.51808483628403,KHOU,0.0,0.4391170069812773,0.4391170069812773,0.0427981567346904,81,80-81,81,80-81,81,80-81,80.51808483628403,0.48191516371596776,0.48191516371596776,81,81,80-81,80-81
2026-05-12,85.0,84.076792268111,84.076792268111,84.08715885085887,KHOU,0.0,0.9232077318889936,0.9232077318889936,-0.0103665827478636,85,84-85,84,84-85,84,84-85,84.08715885085887,0.9128411491411299,0.9128411491411299,84,84,84-85,84-85
2026-05-13,90.0,89.17620312458219,89.17620312458219,89.18153650169518,KHOU,0.0,0.8237968754178127,0.8237968754178127,-0.0053333771129899,90,90-91,89,88-89,89,88-89,89.18153650169518,0.8184634983048227,0.8184634983048227,89,89,88-89,88-89
2026-05-14,90.0,90.45581853761288,90.45581853761288,90.48745333323436,KHOU,0.0,-0.4558185376128847,-0.4558185376128847,-0.0316347956214713,90,90-91,90,90-91,90,90-91,90.48745333323436,-0.487453333234356,-0.487453333234356,90,90,90-91,90-91
2026-05-15,88.0,87.95287407387981,87.95287407387981,87.98811656186587,KHOU,0.0,0.0471259261201879,0.0471259261201879,-0.0352424879860535,88,88-89,88,88-89,88,88-89,87.98811656186587,0.011883438134134394,0.011883438134134394,88,88,88-89,88-89
2026-05-16,88.0,86.22746313582664,86.22746313582664,86.28747280288836,KHOU,0.0,1.772536864173361,1.772536864173361,-0.0600096670617205,88,88-89,86,86-87,86,86-87,86.28747280288836,1.7125271971116405,1.7125271971116405,86,86,86-87,86-87
2026-05-17,85.0,86.83066481327221,86.83066481327221,86.81334784667283,KHOU,0.0,-1.8306648132722076,-1.8306648132722076,0.017316966599381,85,84-85,87,86-87,87,86-87,86.81334784667283,-1.8133478466728263,-1.8133478466728263,87,87,86-87,86-87
2026-05-18,87.0,86.21798749199388,86.21798749199388,86.22392070205157,KHOU,0.0,0.7820125080061189,0.7820125080061189,-0.0059332100576909,87,86-87,86,86-87,86,86-87,86.22392070205157,0.7760792979484279,0.7760792979484279,86,86,86-87,86-87
2026-05-19,88.0,86.32680096099007,86.32680096099007,86.32879043907705,KHOU,0.0,1.6731990390099298,1.6731990390099298,-0.0019894780869833,88,88-89,86,86-87,86,86-87,86.32879043907705,1.6712095609229465,1.6712095609229465,86,86,86-87,86-87
2026-05-20,80.0,80.1826729215473,80.198484865824,80.15099569600719,KHOU,0.0158119442767059,-0.1826729215472937,-0.1984848658239997,0.0316772255401076,80,80-81,80,80-81,80,80-81,80.16680764028389,-0.1509956960071861,-0.16680764028389206,80,80,80-81,80-81
2026-05-21,81.0,78.35883436204327,78.374909902185,78.35839355710468,KHOU,0.0160755401417276,2.641165637956732,2.625090097815004,0.0004408049385915,81,80-81,78,78-79,78,78-79,78.3744690972464,2.6416064428953234,2.625530902753596,78,78,78-79,78-79
2026-05-22,90.0,87.22141401477275,87.22141401477275,87.19806403841558,KHOU,0.0,2.7785859852272523,2.7785859852272523,0.0233499763571671,90,90-91,87,86-87,87,86-87,87.19806403841558,2.8019359615844195,2.8019359615844195,87,87,86-87,86-87
2026-05-23,80.0,83.53975811799896,83.53975811799896,83.58312377635205,KHOU,0.0,-3.539758117998957,-3.539758117998957,-0.0433656583530961,80,80-81,84,84-85,84,84-85,83.58312377635205,-3.5831237763520534,-3.5831237763520534,84,84,84-85,84-85
2026-05-24,85.0,84.16266014715038,84.16266014715038,84.15206282076036,KHOU,0.0,0.8373398528496239,0.8373398528496239,0.0105973263900125,85,84-85,84,84-85,84,84-85,84.15206282076036,0.8479371792396364,0.8479371792396364,84,84,84-85,84-85
2026-05-25,88.0,86.91433007690046,86.91433007690046,86.92026230650147,KHOU,0.0,1.0856699230995446,1.0856699230995446,-0.0059322296010151,88,88-89,87,86-87,87,86-87,86.92026230650147,1.0797376934985294,1.0797376934985294,87,87,86-87,86-87
2026-05-26,88.0,87.72368886771805,87.72368886771805,87.72006268376049,KHOU,0.0,0.2763111322819469,0.2763111322819469,0.0036261839575644,88,88-89,88,88-89,88,88-89,87.72006268376049,0.27993731623951135,0.27993731623951135,88,88,88-89,88-89
2026-05-27,79.0,79.8735726010743,79.8735726010743,79.8454822299113,KHOU,0.0,-0.8735726010743008,-0.8735726010743008,0.0280903711630031,79,78-79,80,80-81,80,80-81,79.8454822299113,-0.8454822299112976,-0.8454822299112976,80,80,80-81,80-81
2026-05-28,89.0,87.92612129854956,87.92612129854956,87.90363403971737,KHOU,0.0,1.0738787014504396,1.0738787014504396,0.0224872588321858,89,88-89,88,88-89,88,88-89,87.90363403971737,1.0963659602826255,1.0963659602826255,88,88,88-89,88-89
2026-05-29,90.0,90.72931982993556,90.72931982993556,90.74302070585873,KHOU,0.0,-0.7293198299355481,-0.7293198299355481,-0.0137008759231775,90,90-91,91,90-91,91,90-91,90.74302070585873,-0.7430207058587257,-0.7430207058587257,91,91,90-91,90-91
2026-05-30,91.0,91.27831039137362,91.27831039137362,91.26797369829409,KHOU,0.0,-0.2783103913736227,-0.2783103913736227,0.0103366930795374,91,90-91,91,90-91,91,90-91,91.26797369829409,-0.26797369829408524,-0.26797369829408524,91,91,90-91,90-91
2026-05-31,90.0,89.99461585379204,89.99461585379204,90.01078034039892,KHOU,0.0,0.0053841462079589,0.0053841462079589,-0.0161644866068826,90,90-91,90,90-91,90,90-91,90.01078034039892,-0.010780340398923727,-0.010780340398923727,90,90,90-91,90-91
2026-06-01,91.0,90.4785016267275,90.4785016267275,90.45669377323,KHOU,0.0,0.5214983732724932,0.5214983732724932,0.0218078534975063,91,90-91,90,90-91,90,90-91,90.45669377323,0.5433062267699995,0.5433062267699995,90,90,90-91,90-91
2026-06-02,90.0,88.69555168395559,88.48309666357493,88.748516300021,KHOU,-0.2124550203806592,1.3044483160444145,1.5169033364250737,-0.0529646160654095,90,90-91,89,88-89,88,88-89,88.53606127964034,1.2514836999790049,1.463938720359664,89,89,88-89,88-89
2026-06-03,84.0,83.91788248476708,84.03502656082472,83.90148218748391,KHOU,0.1171440760576416,0.0821175152329232,-0.0350265608247184,0.0164002972831696,84,84-85,84,84-85,84,84-85,84.01862626354155,0.09851781251609282,-0.018626263541548838,84,84,84-85,84-85
2026-06-04,85.0,82.70857607152519,82.8541958873277,82.66548957163897,KHOU,0.1456198158025188,2.291423928474813,2.1458041126722947,0.0430864998862148,85,84-85,83,82-83,83,82-83,82.81110938744149,2.3345104283610283,2.1888906125585095,83,83,82-83,82-83
2026-06-05,84.0,85.90310115834387,85.91105316788831,85.89592538098358,KHOU,0.0079520095444394,-1.9031011583438728,-1.911053167888312,0.0071757773602882,84,84-85,86,86-87,86,86-87,85.90387739052802,-1.8959253809835843,-1.9038773905280237,86,86,86-87,86-87
2026-06-06,88.0,87.09138601356672,87.05205934798028,87.10043806884349,KHOU,-0.0393266655864437,0.9086139864332808,0.9479406520197244,-0.0090520552767685,88,88-89,87,86-87,87,86-87,87.06111140325704,0.8995619311565122,0.9388885967429559,87,87,86-87,86-87
2026-06-07,85.0,86.21514895576844,86.20386513480264,86.2524767472528,KHOU,-0.0112838209658008,-1.2151489557684414,-1.2038651348026406,-0.0373277914843583,85,84-85,86,86-87,86,86-87,86.241192926287,-1.2524767472527998,-1.241192926286999,86,86,86-87,86-87
2026-06-08,90.0,87.60611013244082,87.57983036600014,87.60175227865085,KHOU,-0.0262797664406804,2.393889867559181,2.420169633999862,0.0043578537899691,90,90-91,88,88-89,88,88-89,87.57547251221017,2.3982477213491507,2.424527487789831,88,88,88-89,88-89
2026-06-09,90.0,90.39702480445766,90.38484149409952,90.4046547429101,KHOU,-0.0121833103581252,-0.3970248044576578,-0.3848414940995326,-0.0076299384524389,90,90-91,90,90-91,90,90-91,90.39247143255197,-0.40465474291009684,-0.3924714325519716,90,90,90-91,90-91
2026-06-10,91.0,90.27796237555916,90.23321486504516,90.2307818953988,KHOU,-0.0447475105140142,0.72203762444083,0.7667851349548442,0.0471804801603639,91,90-91,90,90-91,90,90-91,90.18603438488479,0.7692181046011939,0.8139656151152082,90,90,90-91,90-91
2026-06-11,92.0,91.21839128206032,91.2192686582873,91.18668894288837,KHOU,0.0008773762269811,0.781608717939676,0.7807313417126949,0.0317023391719573,92,92-93,91,90-91,91,90-91,91.18756631911535,0.8133110571116333,0.8124336808846522,91,91,90-91,90-91
2026-06-12,91.0,90.84560663443104,90.71977401912817,90.80944254055817,KHOU,-0.1258326153028832,0.15439336556895,0.2802259808718332,0.0361640938728839,91,90-91,91,90-91,91,90-91,90.68360992525528,0.190557459441834,0.31639007474471725,91,91,90-91,90-91
2026-06-13,92.0,92.3160498479896,92.3160498479896,92.26716223804556,KHOU,0.0,-0.3160498479895892,-0.3160498479895892,0.0488876099440318,92,92-93,92,92-93,92,92-93,92.26716223804556,-0.2671622380455574,-0.2671622380455574,92,92,92-93,92-93
2026-06-14,90.0,90.07414457129607,89.91220139043747,90.11304724312032,KHOU,-0.1619431808586142,-0.0741445712960882,0.087798609562526,-0.038902671824232,90,90-91,90,90-91,90,90-91,89.9511040622617,-0.11304724312032022,0.04889593773829404,90,90,90-91,90-91
2026-06-15,82.0,83.55211103409655,83.57282633676796,83.50810303017715,KHOU,0.0207153026714053,-1.552111034096555,-1.5728263367679602,0.0440080039194015,82,82-83,84,84-85,84,84-85,83.52881833284856,-1.5081030301771534,-1.5288183328485587,84,84,84-85,84-85
2026-06-16,82.0,80.79875689583838,80.83835113065831,80.81880772891441,KHOU,0.0395942348199298,1.2012431041616196,1.1616488693416898,-0.0200508330760271,82,82-83,81,80-81,81,80-81,80.85840196373434,1.1811922710855924,1.1415980362656626,81,81,80-81,80-81
2026-06-17,88.0,86.29896594833482,86.31918512374656,86.33757288950066,KHOU,0.0202191754117393,1.7010340516651752,1.6808148762534358,-0.0386069411658382,88,88-89,86,86-87,86,86-87,86.3577920649124,1.662427110499337,1.6422079350875975,86,86,86-87,86-87
2026-06-18,94.0,93.76428574300684,93.76428574300684,93.7547968579334,KHOU,0.0,0.2357142569931625,0.2357142569931625,0.0094888850734378,94,94-95,94,94-95,94,94-95,93.7547968579334,0.24520314206660032,0.24520314206660032,94,94,94-95,94-95
2026-06-19,92.0,92.52020044879492,92.52020044879492,92.53386803537558,KHOU,0.0,-0.5202004487949097,-0.5202004487949097,-0.0136675865806665,92,92-93,93,92-93,93,92-93,92.53386803537558,-0.5338680353755763,-0.5338680353755763,93,93,92-93,92-93
2026-06-20,85.0,88.39019369385444,88.41098847112534,88.38965194746326,KHOU,0.0207947772708934,-3.3901936938544424,-3.410988471125336,0.0005417463911783,85,84-85,88,88-89,88,88-89,88.41044672473416,-3.389651947463264,-3.4104467247341574,88,88,88-89,88-89
2026-06-21,88.0,86.75246717626267,86.75246717626267,86.71292251067555,KHOU,0.0,1.2475328237373304,1.2475328237373304,0.0395446655871154,88,88-89,87,86-87,87,86-87,86.71292251067555,1.2870774893244459,1.2870774893244459,87,87,86-87,86-87
2026-01-01,64.0,63.78731822639812,63.78731822639812,63.81569515890216,KLAX,0.0,0.2126817736018793,0.2126817736018793,-0.0283769325040381,64,64-65,64,64-65,64,64-65,63.81569515890216,0.18430484109784118,0.18430484109784118,64,64,64-65,64-65
2026-01-02,64.0,66.1016988893098,66.1016988893098,66.07067120836777,KLAX,0.0,-2.1016988893098016,-2.1016988893098016,0.0310276809420315,64,64-65,66,66-67,66,66-67,66.07067120836777,-2.07067120836777,-2.07067120836777,66,66,66-67,66-67
2026-01-03,63.0,63.48882913759942,63.48882913759942,63.5162860037037,KLAX,0.0,-0.4888291375994171,-0.4888291375994171,-0.0274568661042806,63,62-63,63,62-63,63,62-63,63.5162860037037,-0.5162860037036978,-0.5162860037036978,64,64,64-65,64-65
2026-01-04,62.0,61.96217218839868,61.96217218839868,62.013951127282766,KLAX,0.0,0.0378278116013177,0.0378278116013177,-0.0517789388840839,62,62-63,62,62-63,62,62-63,62.013951127282766,-0.013951127282766151,-0.013951127282766151,62,62,62-63,62-63
2026-01-05,64.0,62.16362445079339,62.16362445079339,62.214088051347645,KLAX,0.0,1.836375549206608,1.836375549206608,-0.0504636005542522,64,64-65,62,62-63,62,62-63,62.214088051347645,1.7859119486523554,1.7859119486523554,62,62,62-63,62-63
2026-01-06,65.0,63.78262612097354,63.78262612097354,63.8259837628152,KLAX,0.0,1.2173738790264608,1.2173738790264608,-0.0433576418416592,65,64-65,64,64-65,64,64-65,63.8259837628152,1.1740162371848015,1.1740162371848015,64,64,64-65,64-65
2026-01-07,64.0,64.27183924244424,64.27183924244424,64.24771458063962,KLAX,0.0,-0.2718392424442442,-0.2718392424442442,0.0241246618046204,64,64-65,64,64-65,64,64-65,64.24771458063962,-0.2477145806396237,-0.2477145806396237,64,64,64-65,64-65
2026-01-08,62.0,61.28081761806651,61.28081761806651,61.33074102322906,KLAX,0.0,0.7191823819334928,0.7191823819334928,-0.0499234051625521,62,62-63,61,60-61,61,60-61,61.33074102322906,0.6692589767709407,0.6692589767709407,61,61,60-61,60-61
2026-01-09,62.0,63.55225993334759,63.55225993334759,63.57973718633352,KLAX,0.0,-1.5522599333475924,-1.5522599333475924,-0.0274772529859248,62,62-63,64,64-65,64,64-65,63.57973718633352,-1.5797371863335172,-1.5797371863335172,64,64,64-65,64-65
2026-01-10,70.0,68.41876604392007,68.41876604392007,68.41689539439638,KLAX,0.0,1.5812339560799271,1.5812339560799271,0.0018706495236955,70,70-71,68,68-69,68,68-69,68.41689539439638,1.5831046056036229,1.5831046056036229,68,68,68-69,68-69
2026-01-11,74.0,72.90165154035522,72.90165154035522,72.89063147304607,KLAX,0.0,1.0983484596447823,1.0983484596447823,0.0110200673091469,74,74-75,73,72-73,73,72-73,72.89063147304607,1.1093685269539293,1.1093685269539293,73,73,72-73,72-73
2026-01-12,72.0,71.30935907048956,71.30935907048956,71.28810392802212,KLAX,0.0,0.6906409295104368,0.6906409295104368,0.0212551424674387,72,72-73,71,70-71,71,70-71,71.28810392802212,0.7118960719778755,0.7118960719778755,71,71,70-71,70-71
2026-01-13,79.0,77.12499381878749,77.12499381878749,77.15658580913235,KLAX,0.0,1.8750061812125125,1.8750061812125125,-0.0315919903448644,79,78-79,77,76-77,77,76-77,77.15658580913235,1.843414190867648,1.843414190867648,77,77,76-77,76-77
2026-01-14,79.0,77.95527815960465,77.95527815960465,77.943539609738,KLAX,0.0,1.0447218403953542,1.0447218403953542,0.0117385498666493,79,78-79,78,78-79,78,78-79,77.943539609738,1.0564603902620036,1.0564603902620036,78,78,78-79,78-79
2026-01-15,82.0,79.6903494173342,79.6903494173342,79.73721846502119,KLAX,0.0,2.309650582665796,2.309650582665796,-0.0468690476869824,82,82-83,80,80-81,80,80-81,79.73721846502119,2.2627815349788136,2.2627815349788136,80,80,80-81,80-81
2026-01-16,77.0,74.96622271062789,74.96622271062789,74.96459081777317,KLAX,0.0,2.033777289372111,2.033777289372111,0.0016318928547178,77,76-77,75,74-75,75,74-75,74.96459081777317,2.0354091822268288,2.0354091822268288,75,75,74-75,74-75
2026-01-17,76.0,78.07148706543026,78.07148706543026,78.06755960957979,KLAX,0.0,-2.071487065430261,-2.071487065430261,0.0039274558504729,76,76-77,78,78-79,78,78-79,78.06755960957979,-2.0675596095797886,-2.0675596095797886,78,78,78-79,78-79
2026-01-18,76.0,75.82420126028043,75.82420126028043,75.80924093721035,KLAX,0.0,0.1757987397195677,0.1757987397195677,0.0149603230700847,76,76-77,76,76-77,76,76-77,75.80924093721035,0.1907590627896525,0.1907590627896525,76,76,76-77,76-77
2026-01-19,74.0,70.58521254313773,70.58521254313773,70.53901783162699,KLAX,0.0,3.414787456862271,3.414787456862271,0.0461947115107364,74,74-75,71,70-71,71,70-71,70.53901783162699,3.4609821683730075,3.4609821683730075,71,71,70-71,70-71
2026-01-20,69.0,70.44697789419334,70.44697789419334,70.47992676926866,KLAX,0.0,-1.4469778941933384,-1.4469778941933384,-0.0329488750753199,69,68-69,70,70-71,70,70-71,70.47992676926866,-1.4799267692686584,-1.4799267692686584,70,70,70-71,70-71
2026-01-21,62.0,62.86897759596207,62.86897759596207,62.88565737661791,KLAX,0.0,-0.8689775959620647,-0.8689775959620647,-0.016679780655842,62,62-63,63,62-63,63,62-63,62.88565737661791,-0.8856573766179068,-0.8856573766179068,63,63,62-63,62-63
2026-01-22,62.0,62.67490350616308,62.67490350616308,62.74163336389701,KLAX,0.0,-0.6749035061630835,-0.6749035061630835,-0.0667298577339252,62,62-63,63,62-63,63,62-63,62.74163336389701,-0.7416333638970087,-0.7416333638970087,63,63,62-63,62-63
2026-01-23,64.0,63.85213716650656,63.85213716650656,63.88232555551799,KLAX,0.0,0.1478628334934413,0.1478628334934413,-0.0301883890114282,64,64-65,64,64-65,64,64-65,63.88232555551799,0.11767444448201303,0.11767444448201303,64,64,64-65,64-65
2026-01-24,63.0,62.98711904825328,62.98711904825328,62.98562030504971,KLAX,0.0,0.0128809517467232,0.0128809517467232,0.0014987432035695,63,62-63,63,62-63,63,62-63,62.98562030504971,0.014379694950292787,0.014379694950292787,63,63,62-63,62-63
2026-01-25,68.0,65.63295240251003,65.63295240251003,65.69327499057552,KLAX,0.0,2.367047597489972,2.367047597489972,-0.0603225880654889,68,68-69,66,66-67,66,66-67,65.69327499057552,2.3067250094244827,2.3067250094244827,66,66,66-67,66-67
2026-01-26,72.0,71.36700496385463,71.36700496385463,71.32608710346011,KLAX,0.0,0.632995036145374,0.632995036145374,0.040917860394515,72,72-73,71,70-71,71,70-71,71.32608710346011,0.6739128965398891,0.6739128965398891,71,71,70-71,70-71
2026-01-27,71.0,72.35688883437268,72.35688883437268,72.28653773149183,KLAX,0.0,-1.3568888343726826,-1.3568888343726826,0.0703511028808492,71,70-71,72,72-73,72,72-73,72.28653773149183,-1.2865377314918334,-1.2865377314918334,72,72,72-73,72-73
2026-01-28,68.0,68.98964105171751,68.98964105171751,68.99255797536603,KLAX,0.0,-0.9896410517175128,-0.9896410517175128,-0.0029169236485131,68,68-69,69,68-69,69,68-69,68.99255797536603,-0.9925579753660259,-0.9925579753660259,69,69,68-69,68-69
2026-01-29,80.0,78.1332360363664,78.1332360363664,78.15621989670035,KLAX,0.0,1.866763963633602,1.866763963633602,-0.0229838603339516,80,80-81,78,78-79,78,78-79,78.15621989670035,1.8437801032996504,1.8437801032996504,78,78,78-79,78-79
2026-01-30,82.0,80.92868245537886,80.92868245537886,80.90709807705221,KLAX,0.0,1.071317544621138,1.071317544621138,0.0215843783266507,82,82-83,81,80-81,81,80-81,80.90709807705221,1.0929019229477888,1.0929019229477888,81,81,80-81,80-81
2026-01-31,84.0,81.041404210281,81.041404210281,80.95764693560024,KLAX,0.0,2.9585957897189985,2.9585957897189985,0.0837572746807637,84,84-85,81,80-81,81,80-81,80.95764693560024,3.0423530643997623,3.0423530643997623,81,81,80-81,80-81
2026-02-01,78.0,78.25989618421411,78.25989618421411,78.2453456714877,KLAX,0.0,-0.2598961842141136,-0.2598961842141136,0.0145505127264158,78,78-79,78,78-79,78,78-79,78.2453456714877,-0.24534567148769781,-0.24534567148769781,78,78,78-79,78-79
2026-02-02,73.0,71.58873411995826,71.58873411995826,71.68381472749512,KLAX,0.0,1.4112658800417393,1.4112658800417393,-0.0950806075368575,73,72-73,72,72-73,72,72-73,71.68381472749512,1.3161852725048817,1.3161852725048817,72,72,72-73,72-73
2026-02-03,74.0,73.08791391775004,73.08791391775004,73.15020394862006,KLAX,0.0,0.9120860822499566,0.9120860822499566,-0.0622900308700167,74,74-75,73,72-73,73,72-73,73.15020394862006,0.8497960513799399,0.8497960513799399,73,73,72-73,72-73
2026-02-04,87.0,84.82631684472709,84.82631684472709,84.83551442834312,KLAX,0.0,2.1736831552729114,2.1736831552729114,-0.0091975836160287,87,86-87,85,84-85,85,84-85,84.83551442834312,2.1644855716568827,2.1644855716568827,85,85,84-85,84-85
2026-02-05,83.0,80.59490729137046,80.59490729137046,80.59641138356568,KLAX,0.0,2.405092708629539,2.405092708629539,-0.0015040921952191,83,82-83,81,80-81,81,80-81,80.59641138356568,2.4035886164343196,2.4035886164343196,81,81,80-81,80-81
2026-02-06,68.0,68.38781788575344,68.38781788575344,68.36989752417253,KLAX,0.0,-0.3878178857534351,-0.3878178857534351,0.0179203615809058,68,68-69,68,68-69,68,68-69,68.36989752417253,-0.3698975241725293,-0.3698975241725293,68,68,68-69,68-69
2026-02-07,68.0,69.39757636497792,69.39757636497792,69.36541119920724,KLAX,0.0,-1.3975763649779225,-1.3975763649779225,0.032165165770678,68,68-69,69,68-69,69,68-69,69.36541119920724,-1.3654111992072444,-1.3654111992072444,69,69,68-69,68-69
2026-02-08,80.0,80.39276278903489,80.39276278903489,80.40976254132117,KLAX,0.0,-0.3927627890348901,-0.3927627890348901,-0.0169997522862814,80,80-81,80,80-81,80,80-81,80.40976254132117,-0.4097625413211716,-0.4097625413211716,80,80,80-81,80-81
2026-02-09,77.0,74.25891646642783,74.25891646642783,74.23222954427213,KLAX,0.0,2.7410835335721657,2.7410835335721657,0.0266869221557044,77,76-77,74,74-75,74,74-75,74.23222954427213,2.76777045572787,2.76777045572787,74,74,74-75,74-75
2026-02-10,65.0,65.525039008297,65.525039008297,65.60905351112595,KLAX,0.0,-0.525039008297,-0.525039008297,-0.0840145028289498,65,64-65,66,66-67,66,66-67,65.60905351112595,-0.6090535111259499,-0.6090535111259499,66,66,66-67,66-67
2026-02-11,63.0,63.21612964756911,63.21612964756911,63.20534269283634,KLAX,0.0,-0.2161296475691116,-0.2161296475691116,0.0107869547327723,63,62-63,63,62-63,63,62-63,63.20534269283634,-0.20534269283633932,-0.20534269283633932,63,63,62-63,62-63
2026-02-12,64.0,65.06276958230737,65.06276958230737,65.02884129808672,KLAX,0.0,-1.062769582307368,-1.062769582307368,0.03392828422065,64,64-65,65,64-65,65,64-65,65.02884129808672,-1.0288412980867179,-1.0288412980867179,65,65,64-65,64-65
2026-02-13,67.0,68.67353236470736,68.67353236470736,68.68236973919409,KLAX,0.0,-1.6735323647073557,-1.6735323647073557,-0.0088373744867311,67,66-67,69,68-69,69,68-69,68.68236973919409,-1.6823697391940868,-1.6823697391940868,69,69,68-69,68-69
2026-02-14,66.0,66.02067756892474,66.02067756892474,66.00552024643595,KLAX,0.0,-0.0206775689247393,-0.0206775689247393,0.0151573224887897,66,66-67,66,66-67,66,66-67,66.00552024643595,-0.005520246435949616,-0.005520246435949616,66,66,66-67,66-67
2026-02-15,62.0,63.567950720263525,63.567950720263525,63.61190508621064,KLAX,0.0,-1.567950720263525,-1.567950720263525,-0.0439543659471155,62,62-63,64,64-65,64,64-65,63.61190508621064,-1.6119050862106405,-1.6119050862106405,64,64,64-65,64-65
2026-02-16,57.0,58.73949694455152,58.73717298063151,58.778740273101775,KLAX,-0.0023239639200056,-1.7394969445515187,-1.737172980631513,-0.0392433285502562,57,56-57,59,58-59,59,58-59,58.77641630918177,-1.778740273101775,-1.7764163091817693,59,59,58-59,58-59
2026-02-17,60.0,58.59532890201415,58.59300493809414,58.629113144599714,KLAX,-0.0023239639200127,1.4046710979858474,1.4069950619058602,-0.0337842425855612,60,60-61,59,58-59,59,58-59,58.6267891806797,1.3708868554002862,1.373210819320299,59,59,58-59,58-59
2026-02-18,58.0,58.464256021025015,58.464256021025015,58.48492197204015,KLAX,0.0,-0.4642560210250153,-0.4642560210250153,-0.0206659510151325,58,58-59,58,58-59,58,58-59,58.48492197204015,-0.48492197204014786,-0.48492197204014786,58,58,58-59,58-59
2026-02-19,57.0,56.12291312409709,56.12068847526548,56.16766771011476,KLAX,-0.0022246488316071,0.8770868759029113,0.8793115247345185,-0.0447545860176745,57,56-57,56,56-57,56,56-57,56.165443061283156,0.8323322898852368,0.8345569387168439,56,56,56-57,56-57
2026-02-20,58.0,56.87350452317959,56.87350452317959,56.88202803492327,KLAX,0.0,1.1264954768204092,1.1264954768204092,-0.0085235117436823,58,58-59,57,56-57,57,56-57,56.88202803492327,1.1179719650767268,1.1179719650767268,57,57,56-57,56-57
2026-02-21,69.0,67.68959843884899,67.68959843884899,67.66405880323575,KLAX,0.0,1.3104015611510107,1.3104015611510107,0.0255396356132422,69,68-69,68,68-69,68,68-69,67.66405880323575,1.335941196764253,1.335941196764253,68,68,68-69,68-69
2026-02-22,68.0,69.74790600951363,69.74790600951363,69.78677977482619,KLAX,0.0,-1.7479060095136276,-1.7479060095136276,-0.0388737653125588,68,68-69,70,70-71,70,70-71,69.78677977482619,-1.7867797748261864,-1.7867797748261864,70,70,70-71,70-71
2026-02-23,72.0,75.61786131856361,75.61786131856361,75.6599531752537,KLAX,0.0,-3.617861318563613,-3.617861318563613,-0.0420918566900923,72,72-73,76,76-77,76,76-77,75.6599531752537,-3.6599531752537047,-3.6599531752537047,76,76,76-77,76-77
2026-02-24,75.0,74.6749264654616,74.6749264654616,74.60515075143158,KLAX,0.0,0.3250735345384044,0.3250735345384044,0.0697757140300154,75,74-75,75,74-75,75,74-75,74.60515075143158,0.39484924856841985,0.39484924856841985,75,75,74-75,74-75
2026-02-25,69.0,70.17275608381283,70.17275608381283,70.19514407639252,KLAX,0.0,-1.1727560838128284,-1.1727560838128284,-0.022387992579695,69,68-69,70,70-71,70,70-71,70.19514407639252,-1.1951440763925234,-1.1951440763925234,70,70,70-71,70-71
2026-02-26,73.0,73.855348013055,73.855348013055,73.99046442307122,KLAX,0.0,-0.8553480130550071,-0.8553480130550071,-0.1351164100162094,73,72-73,74,74-75,74,74-75,73.99046442307122,-0.9904644230712165,-0.9904644230712165,74,74,74-75,74-75
2026-02-27,83.0,85.85837588599595,85.85837588599595,85.90547240453287,KLAX,0.0,-2.8583758859959545,-2.8583758859959545,-0.0470965185369181,83,82-83,86,86-87,86,86-87,85.90547240453287,-2.9054724045328726,-2.9054724045328726,86,86,86-87,86-87
2026-02-28,79.0,80.6158400465566,80.6158400465566,80.63630100160468,KLAX,0.0,-1.615840046556599,-1.615840046556599,-0.0204609550480796,79,78-79,81,80-81,81,80-81,80.63630100160468,-1.6363010016046786,-1.6363010016046786,81,81,80-81,80-81
2026-03-01,77.0,77.06336916833509,77.06336916833509,77.06336916833513,KLAX,0.0,-0.0633691683350861,-0.0633691683350861,-4.263256414560601e-14,77,76-77,77,76-77,77,76-77,77.06336916833513,-0.06336916833512873,-0.06336916833512873,77,77,76-77,76-77
2026-03-02,65.0,66.17310258020173,66.17310258020173,66.15721204325882,KLAX,0.0,-1.1731025802017283,-1.1731025802017283,0.0158905369429049,65,64-65,66,66-67,66,66-67,66.15721204325882,-1.1572120432588235,-1.1572120432588235,66,66,66-67,66-67
2026-03-03,66.0,67.44140809972139,67.44140809972139,67.37089502825566,KLAX,0.0,-1.4414080997213858,-1.4414080997213858,0.0705130714657258,66,66-67,67,66-67,67,66-67,67.37089502825566,-1.37089502825566,-1.37089502825566,67,67,66-67,66-67
2026-03-04,65.0,64.03132309259286,64.03132309259286,63.9864627847755,KLAX,0.0,0.9686769074071436,0.9686769074071436,0.044860307817359,65,64-65,64,64-65,64,64-65,63.9864627847755,1.0135372152245026,1.0135372152245026,64,64,64-65,64-65
2026-03-05,75.0,72.98782584248873,72.98782584248873,73.05010607337957,KLAX,0.0,2.012174157511268,2.012174157511268,-0.0622802308908347,75,74-75,73,72-73,73,72-73,73.05010607337957,1.9498939266204331,1.9498939266204331,73,73,72-73,72-73
2026-03-06,73.0,72.67127742288041,72.67127742288041,72.66722576777542,KLAX,0.0,0.3287225771195921,0.3287225771195921,0.0040516551049876,73,72-73,73,72-73,73,72-73,72.66722576777542,0.3327742322245797,0.3327742322245797,73,73,72-73,72-73
2026-03-07,78.0,76.43473210315025,76.43473210315025,76.39462040951764,KLAX,0.0,1.5652678968497469,1.5652678968497469,0.0401116936326104,78,78-79,76,76-77,76,76-77,76.39462040951764,1.6053795904823573,1.6053795904823573,76,76,76-77,76-77
2026-03-08,88.0,85.18021538858221,85.18021538858221,85.14499088530503,KLAX,0.0,2.819784611417788,2.819784611417788,0.0352245032771776,88,88-89,85,84-85,85,84-85,85.14499088530503,2.8550091146949654,2.8550091146949654,85,85,84-85,84-85
2026-03-09,69.0,69.0611413678342,69.0611413678342,68.97324790548458,KLAX,0.0,-0.0611413678341961,-0.0611413678341961,0.0878934623496121,69,68-69,69,68-69,69,68-69,68.97324790548458,0.026752094515416047,0.026752094515416047,69,69,68-69,68-69
2026-03-10,66.0,64.8657165621788,64.8657165621788,64.89793157460538,KLAX,0.0,1.134283437821196,1.134283437821196,-0.032215012426576,66,66-67,65,64-65,65,64-65,64.89793157460538,1.10206842539462,1.10206842539462,65,65,64-65,64-65
2026-03-11,67.0,67.75654751704539,67.75654751704539,67.69200601863217,KLAX,0.0,-0.7565475170453908,-0.7565475170453908,0.0645414984132202,67,66-67,68,68-69,68,68-69,67.69200601863217,-0.6920060186321706,-0.6920060186321706,68,68,68-69,68-69
2026-03-12,82.0,82.74135377805233,82.74135377805233,82.78151096902154,KLAX,0.0,-0.7413537780523285,-0.7413537780523285,-0.0401571909692108,82,82-83,83,82-83,83,82-83,82.78151096902154,-0.7815109690215394,-0.7815109690215394,83,83,82-83,82-83
2026-03-13,86.0,84.9102891929766,84.9102891929766,84.8846267200849,KLAX,0.0,1.089710807023394,1.089710807023394,0.0256624728917103,86,86-87,85,84-85,85,84-85,84.8846267200849,1.1153732799151044,1.1153732799151044,85,85,84-85,84-85
2026-03-14,78.0,76.97269853874482,76.97269853874482,76.99740848973828,KLAX,0.0,1.0273014612551776,1.0273014612551776,-0.0247099509934543,78,78-79,77,76-77,77,76-77,76.99740848973828,1.0025915102617233,1.0025915102617233,77,77,76-77,76-77
2026-03-15,67.0,69.8743128928683,69.8743128928683,69.82216993682323,KLAX,0.0,-2.8743128928683035,-2.8743128928683035,0.0521429560450741,67,66-67,70,70-71,70,70-71,69.82216993682323,-2.8221699368232294,-2.8221699368232294,70,70,70-71,70-71
2026-03-16,69.0,67.81275394603041,67.81275394603041,67.75522498923486,KLAX,0.0,1.187246053969588,1.187246053969588,0.0575289567955508,69,68-69,68,68-69,68,68-69,67.75522498923486,1.2447750107651387,1.2447750107651387,68,68,68-69,68-69
2026-03-17,90.0,91.02947228884553,91.02947228884553,91.1200738407248,KLAX,0.0,-1.0294722888455254,-1.0294722888455254,-0.0906015518792742,90,90-91,91,90-91,91,90-91,91.1200738407248,-1.1200738407247997,-1.1200738407247997,91,91,90-91,90-91
2026-03-18,81.0,83.31379919734917,83.31379919734917,83.28998658684336,KLAX,0.0,-2.3137991973491694,-2.3137991973491694,0.0238126105058142,81,80-81,83,82-83,83,82-83,83.28998658684336,-2.289986586843355,-2.289986586843355,83,83,82-83,82-83
2026-03-19,81.0,82.20364389679008,82.20364389679008,82.21178749644834,KLAX,0.0,-1.2036438967900835,-1.2036438967900835,-0.0081435996582541,81,80-81,82,82-83,82,82-83,82.21178749644834,-1.2117874964483377,-1.2117874964483377,82,82,82-83,82-83
2026-03-20,82.0,81.33815608062612,81.33815608062612,81.34551635088359,KLAX,0.0,0.6618439193738794,0.6618439193738794,-0.0073602702574646,82,82-83,81,80-81,81,80-81,81.34551635088359,0.6544836491164148,0.6544836491164148,81,81,80-81,80-81
2026-03-21,74.0,73.83672311915083,73.83672311915083,73.84093381548561,KLAX,0.0,0.1632768808491675,0.1632768808491675,-0.0042106963347805,74,74-75,74,74-75,74,74-75,73.84093381548561,0.15906618451438703,0.15906618451438703,74,74,74-75,74-75
2026-03-22,68.0,69.97263130110484,69.97263130110484,69.94850687728689,KLAX,0.0,-1.9726313011048404,-1.9726313011048404,0.0241244238179518,68,68-69,70,70-71,70,70-71,69.94850687728689,-1.9485068772868885,-1.9485068772868885,70,70,70-71,70-71
2026-03-23,71.0,69.47417748322361,69.47417748322361,69.4483447644231,KLAX,0.0,1.5258225167763868,1.5258225167763868,0.0258327188005154,71,70-71,69,68-69,69,68-69,69.4483447644231,1.5516552355769022,1.5516552355769022,69,69,68-69,68-69
2026-03-24,69.0,70.69112150518961,70.69112150518961,70.6374524666748,KLAX,0.0,-1.6911215051896136,-1.6911215051896136,0.0536690385148119,69,68-69,71,70-71,71,70-71,70.6374524666748,-1.6374524666748016,-1.6374524666748016,71,71,70-71,70-71
2026-03-25,68.0,68.05364422334863,68.05364422334863,68.072534340108,KLAX,0.0,-0.0536442233486269,-0.0536442233486269,-0.0188901167593797,68,68-69,68,68-69,68,68-69,68.072534340108,-0.07253434010800675,-0.07253434010800675,68,68,68-69,68-69
2026-03-26,71.0,72.73105622692967,72.73105622692967,72.76315166090092,KLAX,0.0,-1.7310562269296668,-1.7310562269296668,-0.03209543397125,71,70-71,73,72-73,73,72-73,72.76315166090092,-1.7631516609009168,-1.7631516609009168,73,73,72-73,72-73
2026-03-27,70.0,69.31862552488056,69.31862552488056,69.34804573113392,KLAX,0.0,0.6813744751194406,0.6813744751194406,-0.0294202062533628,70,70-71,69,68-69,69,68-69,69.34804573113392,0.6519542688660778,0.6519542688660778,69,69,68-69,68-69
2026-03-28,66.0,67.67864670137462,67.67864670137462,67.67756870363328,KLAX,0.0,-1.6786467013746176,-1.6786467013746176,0.0010779977413335,66,66-67,68,68-69,68,68-69,67.67756870363328,-1.677568703633284,-1.677568703633284,68,68,68-69,68-69
2026-03-29,72.0,71.49549191116093,71.49549191116093,71.5588902373185,KLAX,0.0,0.5045080888390743,0.5045080888390743,-0.0633983261575679,72,72-73,71,70-71,71,70-71,71.5588902373185,0.44110976268150637,0.44110976268150637,72,72,72-73,72-73
2026-03-30,69.0,70.2029676453051,70.2029676453051,70.25317522471886,KLAX,0.0,-1.202967645305094,-1.202967645305094,-0.0502075794137653,69,68-69,70,70-71,70,70-71,70.25317522471886,-1.2531752247188592,-1.2531752247188592,70,70,70-71,70-71
2026-03-31,69.0,70.7315371955173,70.7315371955173,70.78834313052026,KLAX,0.0,-1.731537195517305,-1.731537195517305,-0.0568059350029557,69,68-69,71,70-71,71,70-71,70.78834313052026,-1.7883431305202606,-1.7883431305202606,71,71,70-71,70-71
2026-04-01,67.0,67.73533413427455,67.73533413427455,67.76811732459714,KLAX,0.0,-0.7353341342745523,-0.7353341342745523,-0.0327831903225899,67,66-67,68,68-69,68,68-69,67.76811732459714,-0.7681173245971422,-0.7681173245971422,68,68,68-69,68-69
2026-04-02,68.0,67.86672920986328,67.86672920986328,67.88385664671067,KLAX,0.0,0.13327079013672,0.13327079013672,-0.0171274368473888,68,68-69,68,68-69,68,68-69,67.88385664671067,0.11614335328933123,0.11614335328933123,68,68,68-69,68-69
2026-04-03,78.0,73.70244841127884,73.70244841127884,73.67895030906146,KLAX,0.0,4.297551588721163,4.297551588721163,0.0234981022173741,78,78-79,74,74-75,74,74-75,73.67895030906146,4.321049690938537,4.321049690938537,74,74,74-75,74-75
2026-04-04,85.0,82.84699096335488,82.84699096335488,82.86023519177725,KLAX,0.0,2.153009036645116,2.153009036645116,-0.0132442284223657,85,84-85,83,82-83,83,82-83,82.86023519177725,2.1397648082227505,2.1397648082227505,83,83,82-83,82-83
2026-04-05,75.0,76.60855367975704,76.60855367975704,76.67643855662283,KLAX,0.0,-1.608553679757037,-1.608553679757037,-0.06788487686579,75,74-75,77,76-77,77,76-77,76.67643855662283,-1.676438556622827,-1.676438556622827,77,77,76-77,76-77
2026-04-06,77.0,76.0259692752254,76.0259692752254,75.98363557338298,KLAX,0.0,0.9740307247745932,0.9740307247745932,0.0423337018424234,77,76-77,76,76-77,76,76-77,75.98363557338298,1.0163644266170166,1.0163644266170166,76,76,76-77,76-77
2026-04-07,69.0,69.66888838855222,69.66888838855222,69.64130788086521,KLAX,0.0,-0.6688883885522188,-0.6688883885522188,0.0275805076870057,69,68-69,70,70-71,70,70-71,69.64130788086521,-0.6413078808652131,-0.6413078808652131,70,70,70-71,70-71
2026-04-08,70.0,70.20645981394847,70.20645981394847,70.13343060478418,KLAX,0.0,-0.2064598139484701,-0.2064598139484701,0.0730292091642894,70,70-71,70,70-71,70,70-71,70.13343060478418,-0.13343060478418067,-0.13343060478418067,70,70,70-71,70-71
2026-04-09,71.0,71.72032664847886,71.72032664847886,71.69259620227062,KLAX,0.0,-0.72032664847886,-0.72032664847886,0.0277304462082383,71,70-71,72,72-73,72,72-73,71.69259620227062,-0.6925962022706216,-0.6925962022706216,72,72,72-73,72-73
2026-04-10,67.0,67.34872140729996,67.34872140729996,67.29655677887862,KLAX,0.0,-0.348721407299962,-0.348721407299962,0.0521646284213375,67,66-67,67,66-67,67,66-67,67.29655677887862,-0.2965567788786245,-0.2965567788786245,67,67,66-67,66-67
2026-04-11,68.0,68.07709765436819,68.07709765436819,68.03992959106404,KLAX,0.0,-0.0770976543681882,-0.0770976543681882,0.0371680633041506,68,68-69,68,68-69,68,68-69,68.03992959106404,-0.039929591064037595,-0.039929591064037595,68,68,68-69,68-69
2026-04-12,68.0,65.88702811356359,65.88702811356359,65.92852818803061,KLAX,0.0,2.112971886436412,2.112971886436412,-0.0415000744670237,68,68-69,66,66-67,66,66-67,65.92852818803061,2.0714718119693885,2.0714718119693885,66,66,66-67,66-67
2026-04-13,66.0,65.53566625790361,65.53566625790361,65.62507100297867,KLAX,0.0,0.464333742096386,0.464333742096386,-0.0894047450750576,66,66-67,66,66-67,66,66-67,65.62507100297867,0.3749289970213283,0.3749289970213283,66,66,66-67,66-67
2026-04-14,68.0,68.17060968010281,68.17060968010281,68.12581839158194,KLAX,0.0,-0.1706096801028138,-0.1706096801028138,0.0447912885208694,68,68-69,68,68-69,68,68-69,68.12581839158194,-0.1258183915819444,-0.1258183915819444,68,68,68-69,68-69
2026-04-15,69.0,68.2162169209572,68.2162169209572,68.24859719406975,KLAX,0.0,0.7837830790428058,0.7837830790428058,-0.032380273112551,69,68-69,68,68-69,68,68-69,68.24859719406975,0.7514028059302547,0.7514028059302547,68,68,68-69,68-69
2026-04-16,69.0,68.75141793730305,68.75141793730305,68.71000532722164,KLAX,0.0,0.2485820626969541,0.2485820626969541,0.0414126100814087,69,68-69,69,68-69,69,68-69,68.71000532722164,0.2899946727783629,0.2899946727783629,69,69,68-69,68-69
2026-04-17,72.0,69.23133044541744,69.23133044541744,69.24946063578913,KLAX,0.0,2.7686695545825586,2.7686695545825586,-0.0181301903716928,72,72-73,69,68-69,69,68-69,69.24946063578913,2.7505393642108658,2.7505393642108658,69,69,68-69,68-69
2026-04-18,76.0,75.07775231562913,75.07775231562913,75.18057985222138,KLAX,0.0,0.9222476843708732,0.9222476843708732,-0.1028275365922581,76,76-77,75,74-75,75,74-75,75.18057985222138,0.8194201477786152,0.8194201477786152,75,75,74-75,74-75
2026-04-19,70.0,70.3548515548297,70.3548515548297,70.36022626415571,KLAX,0.0,-0.3548515548296933,-0.3548515548296933,-0.0053747093260199,70,70-71,70,70-71,70,70-71,70.36022626415571,-0.36022626415571324,-0.36022626415571324,70,70,70-71,70-71
2026-04-20,70.0,69.00309625193803,69.00309625193803,69.00309625193808,KLAX,0.0,0.9969037480619676,0.9969037480619676,-4.263256414560601e-14,70,70-71,69,68-69,69,68-69,69.00309625193808,0.9969037480619249,0.9969037480619249,69,69,68-69,68-69
2026-04-21,70.0,67.25183678315096,67.25091568322694,67.21398296958137,KLAX,-0.0009210999240281,2.7481632168490364,2.7490843167730645,0.0378538135695976,70,70-71,67,66-67,67,66-67,67.21306186965734,2.786017030418634,2.786938130342662,67,67,66-67,66-67
2026-04-22,66.0,67.32949233266635,67.32949233266635,67.36887307214133,KLAX,0.0,-1.329492332666348,-1.329492332666348,-0.0393807394749785,66,66-67,67,66-67,67,66-67,67.36887307214133,-1.3688730721413265,-1.3688730721413265,67,67,66-67,66-67
2026-04-23,71.0,70.89367574913204,70.89367574913204,70.86895556688513,KLAX,0.0,0.1063242508679565,0.1063242508679565,0.0247201822469094,71,70-71,71,70-71,71,70-71,70.86895556688513,0.1310444331148659,0.1310444331148659,71,71,70-71,70-71
2026-04-24,73.0,71.16613028584896,71.16613028584896,71.21252957794624,KLAX,0.0,1.8338697141510352,1.8338697141510352,-0.0463992920972771,73,72-73,71,70-71,71,70-71,71.21252957794624,1.787470422053758,1.787470422053758,71,71,70-71,70-71
2026-04-25,65.0,65.55396953991574,65.55396953991574,65.59020213629813,KLAX,0.0,-0.5539695399157409,-0.5539695399157409,-0.0362325963823906,65,64-65,66,66-67,66,66-67,65.59020213629813,-0.5902021362981316,-0.5902021362981316,66,66,66-67,66-67
2026-04-26,66.0,64.64393294667485,64.64393294667485,64.6357517494574,KLAX,0.0,1.3560670533251482,1.3560670533251482,0.0081811972174534,66,66-67,65,64-65,65,64-65,64.6357517494574,1.3642482505426017,1.3642482505426017,65,65,64-65,64-65
2026-04-27,66.0,66.06512785094915,66.06512785094915,66.03801617211255,KLAX,0.0,-0.0651278509491533,-0.0651278509491533,0.0271116788366043,66,66-67,66,66-67,66,66-67,66.03801617211255,-0.03801617211254893,-0.03801617211254893,66,66,66-67,66-67
2026-04-28,68.0,67.67557814014536,67.67557814014536,67.70004135197806,KLAX,0.0,0.3244218598546382,0.3244218598546382,-0.0244632118326961,68,68-69,68,68-69,68,68-69,67.70004135197806,0.29995864802194205,0.29995864802194205,68,68,68-69,68-69
2026-04-29,68.0,68.26766467925657,68.26766467925657,68.34781224538425,KLAX,0.0,-0.2676646792565691,-0.2676646792565691,-0.0801475661276782,68,68-69,68,68-69,68,68-69,68.34781224538425,-0.3478122453842474,-0.3478122453842474,68,68,68-69,68-69
2026-04-30,68.0,67.7810629983726,67.7810629983726,67.77558449114521,KLAX,0.0,0.2189370016273955,0.2189370016273955,0.0054785072273944,68,68-69,68,68-69,68,68-69,67.77558449114521,0.2244155088547899,0.2244155088547899,68,68,68-69,68-69
2026-05-01,69.0,69.44486514791731,69.44486514791731,69.47250703800037,KLAX,0.0,-0.4448651479173122,-0.4448651479173122,-0.0276418900830606,69,68-69,69,68-69,69,68-69,69.47250703800037,-0.47250703800037286,-0.47250703800037286,69,69,68-69,68-69
2026-05-02,67.0,66.53191424698636,66.53191424698636,66.56221010221135,KLAX,0.0,0.4680857530136393,0.4680857530136393,-0.0302958552249918,67,66-67,67,66-67,67,66-67,66.56221010221135,0.4377898977886474,0.4377898977886474,67,67,66-67,66-67
2026-05-03,66.0,65.0771890633954,65.0771890633954,65.10022687556372,KLAX,0.0,0.9228109366046056,0.9228109366046056,-0.0230378121683259,66,66-67,65,64-65,65,64-65,65.10022687556372,0.8997731244362797,0.8997731244362797,65,65,64-65,64-65
2026-05-04,67.0,66.26773647815962,66.26773647815962,66.33025762815643,KLAX,0.0,0.7322635218403803,0.7322635218403803,-0.0625211499968116,67,66-67,66,66-67,66,66-67,66.33025762815643,0.6697423718435687,0.6697423718435687,66,66,66-67,66-67
2026-05-05,65.0,65.89182302846963,65.89182302846963,65.88787988005265,KLAX,0.0,-0.8918230284696307,-0.8918230284696307,0.0039431484169796,65,64-65,66,66-67,66,66-67,65.88787988005265,-0.8878798800526511,-0.8878798800526511,66,66,66-67,66-67
2026-05-06,68.0,68.17675191485769,68.17675191485769,68.17745058825781,KLAX,0.0,-0.1767519148576894,-0.1767519148576894,-0.000698673400123,68,68-69,68,68-69,68,68-69,68.17745058825781,-0.17745058825781257,-0.17745058825781257,68,68,68-69,68-69
2026-05-07,68.0,68.89565763267743,68.89565763267743,68.91749943526078,KLAX,0.0,-0.8956576326774268,-0.8956576326774268,-0.0218418025833528,68,68-69,69,68-69,69,68-69,68.91749943526078,-0.9174994352607797,-0.9174994352607797,69,69,68-69,68-69
2026-05-08,68.0,68.73707864033089,68.73707864033089,68.72454358579085,KLAX,0.0,-0.7370786403308927,-0.7370786403308927,0.012535054540038,68,68-69,69,68-69,69,68-69,68.72454358579085,-0.7245435857908546,-0.7245435857908546,69,69,68-69,68-69
2026-05-09,69.0,68.70955275788378,68.70955275788378,68.72523515958011,KLAX,0.0,0.2904472421162154,0.2904472421162154,-0.0156824016963241,69,68-69,69,68-69,69,68-69,68.72523515958011,0.27476484041989124,0.27476484041989124,69,69,68-69,68-69
2026-05-11,66.0,69.08400690228092,69.08400690228092,69.00237375205052,KLAX,0.0,-3.084006902280919,-3.084006902280919,0.0816331502304024,66,66-67,69,68-69,69,68-69,69.00237375205052,-3.0023737520505165,-3.0023737520505165,69,69,68-69,68-69
2026-05-12,66.0,66.07270805450467,66.07270805450467,66.10035827264554,KLAX,0.0,-0.0727080545046732,-0.0727080545046732,-0.0276502181408631,66,66-67,66,66-67,66,66-67,66.10035827264554,-0.10035827264553632,-0.10035827264553632,66,66,66-67,66-67
2026-05-13,69.0,67.77261489443238,67.77261489443238,67.79896270999296,KLAX,0.0,1.2273851055676204,1.2273851055676204,-0.0263478155605838,69,68-69,68,68-69,68,68-69,67.79896270999296,1.2010372900070365,1.2010372900070365,68,68,68-69,68-69
2026-05-14,69.0,68.78224045317468,68.78224045317468,68.8340328481026,KLAX,0.0,0.2177595468253201,0.2177595468253201,-0.0517923949279151,69,68-69,69,68-69,69,68-69,68.8340328481026,0.16596715189740507,0.16596715189740507,69,69,68-69,68-69
2026-05-15,68.0,68.57578410009516,68.57578410009516,68.64271659948355,KLAX,0.0,-0.5757841000951629,-0.5757841000951629,-0.0669324993883861,68,68-69,69,68-69,69,68-69,68.64271659948355,-0.6427165994835491,-0.6427165994835491,69,69,68-69,68-69
2026-05-16,69.0,68.57542787092218,68.57542787092218,68.65158896227027,KLAX,0.0,0.4245721290778164,0.4245721290778164,-0.0761610913480836,69,68-69,69,68-69,69,68-69,68.65158896227027,0.3484110377297327,0.3484110377297327,69,69,68-69,68-69
2026-05-17,69.0,67.97945315441552,67.97945315441552,67.91914050292398,KLAX,0.0,1.0205468455844766,1.0205468455844766,0.060312651491543,69,68-69,68,68-69,68,68-69,67.91914050292398,1.0808594970760197,1.0808594970760197,68,68,68-69,68-69
2026-05-18,71.0,70.19105243153274,70.19105243153274,70.2040905160189,KLAX,0.0,0.8089475684672607,0.8089475684672607,-0.0130380844861548,71,70-71,70,70-71,70,70-71,70.2040905160189,0.7959094839811058,0.7959094839811058,70,70,70-71,70-71
2026-05-19,74.0,74.2866630068469,74.2866630068469,74.33549793599437,KLAX,0.0,-0.2866630068468936,-0.2866630068468936,-0.0488349291474747,74,74-75,74,74-75,74,74-75,74.33549793599437,-0.3354979359943684,-0.3354979359943684,74,74,74-75,74-75
2026-05-20,76.0,77.28732821211324,77.28732821211324,77.31554802092867,KLAX,0.0,-1.2873282121132377,-1.2873282121132377,-0.0282198088154359,76,76-77,77,76-77,77,76-77,77.31554802092867,-1.3155480209286736,-1.3155480209286736,77,77,76-77,76-77
2026-05-21,72.0,72.32908432483117,72.32908432483117,72.34985379942323,KLAX,0.0,-0.3290843248311716,-0.3290843248311716,-0.0207694745920576,72,72-73,72,72-73,72,72-73,72.34985379942323,-0.34985379942322936,-0.34985379942322936,72,72,72-73,72-73
2026-05-22,67.0,67.33104763357197,67.33104763357197,67.25924581793966,KLAX,0.0,-0.3310476335719698,-0.3310476335719698,0.0718018156323125,67,66-67,67,66-67,67,66-67,67.25924581793966,-0.2592458179396573,-0.2592458179396573,67,67,66-67,66-67
2026-05-23,68.0,67.82384658060688,67.82384658060688,67.84732238427213,KLAX,0.0,0.1761534193931169,0.1761534193931169,-0.0234758036652493,68,68-69,68,68-69,68,68-69,67.84732238427213,0.15267761572786753,0.15267761572786753,68,68,68-69,68-69
2026-05-24,68.0,67.22999257289494,67.22999257289494,67.17905087316177,KLAX,0.0,0.7700074271050568,0.7700074271050568,0.0509416997331726,68,68-69,67,66-67,67,66-67,67.17905087316177,0.8209491268382294,0.8209491268382294,67,67,66-67,66-67
2026-05-25,68.0,67.66183912442926,67.66183912442926,67.6609805879267,KLAX,0.0,0.3381608755707361,0.3381608755707361,0.0008585365025624,68,68-69,68,68-69,68,68-69,67.6609805879267,0.33901941207329855,0.33901941207329855,68,68,68-69,68-69
2026-05-26,68.0,65.99235685776914,65.99235685776914,65.98023952336744,KLAX,0.0,2.0076431422308616,2.0076431422308616,0.0121173344016938,68,68-69,66,66-67,66,66-67,65.98023952336744,2.0197604766325554,2.0197604766325554,66,66,66-67,66-67
2026-05-27,65.0,65.97833439181805,65.97833439181805,66.01690045280291,KLAX,0.0,-0.978334391818052,-0.978334391818052,-0.0385660609848628,65,64-65,66,66-67,66,66-67,66.01690045280291,-1.0169004528029149,-1.0169004528029149,66,66,66-67,66-67
2026-05-28,68.0,66.48410112809643,66.48410112809643,66.48115631276296,KLAX,0.0,1.5158988719035733,1.5158988719035733,0.0029448153334641,68,68-69,66,66-67,66,66-67,66.48115631276296,1.5188436872370374,1.5188436872370374,66,66,66-67,66-67
2026-05-29,67.0,67.49585258277816,67.49585258277816,67.54688530676057,KLAX,0.0,-0.4958525827781557,-0.4958525827781557,-0.0510327239824164,67,66-67,67,66-67,67,66-67,67.54688530676057,-0.5468853067605721,-0.5468853067605721,68,68,68-69,68-69
2026-05-30,69.0,70.233139338321,70.233139338321,70.26288499770962,KLAX,0.0,-1.2331393383209956,-1.2331393383209956,-0.0297456593886238,69,68-69,70,70-71,70,70-71,70.26288499770962,-1.2628849977096195,-1.2628849977096195,70,70,70-71,70-71
2026-05-31,71.0,71.20784935519923,71.20784935519923,71.2670628199736,KLAX,0.0,-0.2078493551992295,-0.2078493551992295,-0.0592134647743733,71,70-71,71,70-71,71,70-71,71.2670628199736,-0.2670628199736029,-0.2670628199736029,71,71,70-71,70-71
2026-06-01,71.0,71.92562084411374,71.94878019493153,71.97233007010493,KLAX,0.0231593508177923,-0.9256208441137376,-0.9487801949315298,-0.0467092259911936,71,70-71,72,72-73,72,72-73,71.99548942092272,-0.9723300701049311,-0.9954894209227234,72,72,72-73,72-73
2026-06-02,69.0,68.05592378159399,68.25599708855438,68.08137920779629,KLAX,0.200073306960391,0.9440762184060104,0.7440029114456195,-0.0254554262022992,69,68-69,68,68-69,68,68-69,68.28145251475668,0.9186207922037113,0.7185474852433202,68,68,68-69,68-69
2026-06-03,68.0,69.58443232147435,69.59420285295872,69.57424740577427,KLAX,0.0097705314843636,-1.5844323214743523,-1.5942028529587162,0.0101849157000799,68,68-69,70,70-71,70,70-71,69.58401793725864,-1.5742474057742726,-1.5840179372586363,70,70,70-71,70-71
2026-06-04,71.0,69.90752022179478,70.12073555881744,69.87704485972884,KLAX,0.2132153370226603,1.0924797782052167,0.8792644411825563,0.0304753620659425,71,70-71,70,70-71,70,70-71,70.0902601967515,1.1229551402711593,0.9097398032484989,70,70,70-71,70-71
2026-06-05,70.0,69.19441018162647,69.19441018162647,69.15919505934869,KLAX,0.0,0.8055898183735337,0.8055898183735337,0.0352151222777763,70,70-71,69,68-69,69,68-69,69.15919505934869,0.8408049406513101,0.8408049406513101,69,69,68-69,68-69
2026-06-06,71.0,70.43927721772228,70.43927721772228,70.48259516848759,KLAX,0.0,0.5607227822777219,0.5607227822777219,-0.0433179507653136,71,70-71,70,70-71,70,70-71,70.48259516848759,0.5174048315124082,0.5174048315124082,70,70,70-71,70-71
2026-06-07,71.0,70.02100653083744,70.02100653083744,70.09370612045845,KLAX,0.0,0.9789934691625604,0.9789934691625604,-0.0726995896210098,71,70-71,70,70-71,70,70-71,70.09370612045845,0.9062938795415505,0.9062938795415505,70,70,70-71,70-71
2026-06-08,72.0,70.95604408511444,70.95604408511444,71.02094890386812,KLAX,0.0,1.043955914885558,1.043955914885558,-0.0649048187536749,72,72-73,71,70-71,71,70-71,71.02094890386812,0.979051096131883,0.979051096131883,71,71,70-71,70-71
2026-06-09,72.0,71.12917760345057,71.12917760345057,71.1922407180421,KLAX,0.0,0.8708223965494284,0.8708223965494284,-0.0630631145915288,72,72-73,71,70-71,71,70-71,71.1922407180421,0.8077592819578996,0.8077592819578996,71,71,70-71,70-71
2026-06-10,74.0,73.99088731194801,73.99088731194801,74.0248940873793,KLAX,0.0,0.0091126880519851,0.0091126880519851,-0.0340067754312798,74,74-75,74,74-75,74,74-75,74.0248940873793,-0.02489408737929466,-0.02489408737929466,74,74,74-75,74-75
2026-06-11,74.0,74.0052603386636,74.04778926624816,74.05059984204328,KLAX,0.0425289275845557,-0.0052603386636036,-0.0477892662481593,-0.0453395033796795,74,74-75,74,74-75,74,74-75,74.09312876962784,-0.05059984204328316,-0.09312876962783889,74,74,74-75,74-75
2026-06-12,73.0,73.7809551458705,73.74028718251785,73.84079409687317,KLAX,-0.0406679633526465,-0.7809551458704931,-0.7402871825178465,-0.0598389510026748,73,72-73,74,74-75,74,74-75,73.80012613352052,-0.840794096873168,-0.8001261335205214,74,74,74-75,74-75
2026-06-13,72.0,72.17528555366185,72.17528555366185,72.16968305170663,KLAX,0.0,-0.1752855536618511,-0.1752855536618511,0.0056025019552237,72,72-73,72,72-73,72,72-73,72.16968305170663,-0.16968305170662745,-0.16968305170662745,72,72,72-73,72-73
2026-06-14,71.0,70.69215207077104,70.81468435318268,70.74198742583417,KLAX,0.1225322824116403,0.3078479292289557,0.1853156468173153,-0.0498353550631236,71,70-71,71,70-71,71,70-71,70.86451970824581,0.2580125741658321,0.13548029175419174,71,71,70-71,70-71
2026-06-15,71.0,71.44731116762631,71.4204816334102,71.44519258735868,KLAX,-0.0268295342161053,-0.4473111676263102,-0.4204816334102048,0.0021185802676342,71,70-71,71,70-71,71,70-71,71.41836305314257,-0.44519258735867595,-0.4183630531425706,71,71,70-71,70-71
2026-06-16,69.0,70.09524581161875,70.0836506064786,70.11292141133971,KLAX,-0.0115952051401535,-1.095245811618753,-1.0836506064785991,-0.0176755997209596,69,68-69,70,70-71,70,70-71,70.10132620619956,-1.1129214113397126,-1.101326206199559,70,70,70-71,70-71
2026-06-17,70.0,70.29689186049333,70.29689186049333,70.31015378700219,KLAX,0.0,-0.2968918604933321,-0.2968918604933321,-0.0132619265088607,70,70-71,70,70-71,70,70-71,70.31015378700219,-0.31015378700219287,-0.31015378700219287,70,70,70-71,70-71
2026-06-18,70.0,68.94560857287325,69.0123068552599,68.93298089217015,KLAX,0.0666982823866391,1.0543914271267454,0.9876931447401064,0.0126276807031047,70,70-71,69,68-69,69,68-69,68.99967917455679,1.06701910782985,1.000320825443211,69,69,68-69,68-69
2026-06-19,70.0,68.8831761872819,68.8831761872819,68.91933112861702,KLAX,0.0,1.1168238127180956,1.1168238127180956,-0.0361549413351127,70,70-71,69,68-69,69,68-69,68.91933112861702,1.0806688713829828,1.0806688713829828,69,69,68-69,68-69
2026-06-20,70.0,69.17729907835444,69.17729907835444,69.2707524550008,KLAX,0.0,0.8227009216455627,0.8227009216455627,-0.0934533766463658,70,70-71,69,68-69,69,68-69,69.2707524550008,0.7292475449991969,0.7292475449991969,69,69,68-69,68-69
2026-06-21,70.0,69.55501612283412,69.55501612283412,69.54712393399372,KLAX,0.0,0.4449838771658818,0.4449838771658818,0.0078921888404011,70,70-71,70,70-71,70,70-71,69.54712393399372,0.45287606600628294,0.45287606600628294,70,70,70-71,70-71
2026-01-01,36.0,36.01416144657367,36.01416144657367,36.01416144657124,KLGA,0.0,-0.0141614465736665,-0.0141614465736665,2.4300561562995426e-12,36,36-37,36,36-37,36,36-37,36.01416144657124,-0.014161446571236525,-0.014161446571236525,36,36,36-37,36-37
2026-01-02,30.0,31.276174646304494,31.276174646304494,31.2716994364974,KLGA,0.0,-1.2761746463044936,-1.2761746463044936,0.0044752098070972,30,30-31,31,30-31,31,30-31,31.2716994364974,-1.2716994364974,-1.2716994364974,31,31,30-31,30-31
2026-01-03,31.0,31.76451476321916,31.76451476321916,31.779154321319325,KLGA,0.0,-0.7645147632191609,-0.7645147632191609,-0.0146395581001641,31,30-31,32,32-33,32,32-33,31.779154321319325,-0.779154321319325,-0.779154321319325,32,32,32-33,32-33
2026-01-04,34.0,35.49372737162465,35.49372737162465,35.505137505473655,KLGA,0.0,-1.4937273716246509,-1.4937273716246509,-0.0114101338490044,34,34-35,35,34-35,35,34-35,35.505137505473655,-1.5051375054736553,-1.5051375054736553,36,36,36-37,36-37
2026-01-05,38.0,36.09046997960198,36.09046997960198,36.06506861562368,KLGA,0.0,1.909530020398023,1.909530020398023,0.0254013639782968,38,38-39,36,36-37,36,36-37,36.06506861562368,1.9349313843763198,1.9349313843763198,36,36,36-37,36-37
2026-01-06,39.0,42.0918039040574,42.0918039040574,42.08076736683911,KLGA,0.0,-3.0918039040574,-3.0918039040574,0.0110365372182883,39,38-39,42,42-43,42,42-43,42.08076736683911,-3.080767366839112,-3.080767366839112,42,42,42-43,42-43
2026-01-07,48.0,50.09088146291385,50.09088146291385,50.084328838387975,KLGA,0.0,-2.090881462913849,-2.090881462913849,0.0065526245258737,48,48-49,50,50-51,50,50-51,50.084328838387975,-2.0843288383879752,-2.0843288383879752,50,50,50-51,50-51
2026-01-08,49.0,50.026435636296505,50.026435636296505,50.02430660954076,KLGA,0.0,-1.0264356362965046,-1.0264356362965046,0.0021290267557461,49,48-49,50,50-51,50,50-51,50.02430660954076,-1.0243066095407585,-1.0243066095407585,50,50,50-51,50-51
2026-01-09,54.0,52.06454041428669,52.06454041428669,52.03675765816115,KLGA,0.0,1.9354595857133103,1.9354595857133103,0.0277827561255392,54,54-55,52,52-53,52,52-53,52.03675765816115,1.9632423418388498,1.9632423418388498,52,52,52-53,52-53
2026-01-10,52.0,51.97270320907013,51.97270320907013,51.9727032090709,KLGA,0.0,0.0272967909298671,0.0272967909298671,-7.673861546209082e-13,52,52-53,52,52-53,52,52-53,51.9727032090709,0.027296790929099757,0.027296790929099757,52,52,52-53,52-53
2026-01-11,47.0,45.2836191335794,45.2836191335794,45.26174251556373,KLGA,0.0,1.7163808664206002,1.7163808664206002,0.0218766180156677,47,46-47,45,44-45,45,44-45,45.26174251556373,1.738257484436268,1.738257484436268,45,45,44-45,44-45
2026-01-12,40.0,42.26538572450015,42.26538572450015,42.28480285278643,KLGA,0.0,-2.265385724500149,-2.265385724500149,-0.0194171282862782,40,40-41,42,42-43,42,42-43,42.28480285278643,-2.2848028527864273,-2.2848028527864273,42,42,42-43,42-43
2026-01-13,47.0,46.87225808037528,46.87225808037528,46.86920562031534,KLGA,0.0,0.1277419196247251,0.1277419196247251,0.0030524600599335,47,46-47,47,46-47,47,46-47,46.86920562031534,0.13079437968465868,0.13079437968465868,47,47,46-47,46-47
2026-01-14,50.0,51.61757878106816,51.61757878106816,51.59673534591771,KLGA,0.0,-1.6175787810681612,-1.6175787810681612,0.0208434351504536,50,50-51,52,52-53,52,52-53,51.59673534591771,-1.5967353459177076,-1.5967353459177076,52,52,52-53,52-53
2026-01-15,46.0,46.01728371100507,46.01728371100507,46.00884509254387,KLGA,0.0,-0.0172837110050707,-0.0172837110050707,0.0084386184611986,46,46-47,46,46-47,46,46-47,46.00884509254387,-0.008845092543872113,-0.008845092543872113,46,46,46-47,46-47
2026-01-16,34.0,34.759818693795864,34.759818693795864,34.76207140204759,KLGA,0.0,-0.7598186937958644,-0.7598186937958644,-0.0022527082517243,34,34-35,35,34-35,35,34-35,34.76207140204759,-0.7620714020475887,-0.7620714020475887,35,35,34-35,34-35
2026-01-17,40.0,40.31378472268826,40.32248310110433,40.30344054126382,KLGA,0.0086983784160707,-0.3137847226882613,-0.3224831011043321,0.0103441814244433,40,40-41,40,40-41,40,40-41,40.31213891967989,-0.3034405412638179,-0.3121389196798887,40,40,40-41,40-41
2026-01-18,35.0,34.86272917606004,34.87097530595976,34.84468173862372,KLGA,0.0082461298997174,0.1372708239399571,0.1290246940402397,0.0180474374363228,35,34-35,35,34-35,35,34-35,34.85292786852344,0.15531826137628002,0.14707213147656262,35,35,34-35,34-35
2026-01-19,32.0,32.1526684542428,32.1526684542428,32.16620841643428,KLGA,0.0,-0.1526684542428,-0.1526684542428,-0.01353996219148,32,32-33,32,32-33,32,32-33,32.16620841643428,-0.16620841643428008,-0.16620841643428008,32,32,32-33,32-33
2026-01-20,25.0,25.062725922658903,25.062725922658903,25.068001472987483,KLGA,0.0,-0.0627259226589025,-0.0627259226589025,-0.0052755503285801,25,24-25,25,24-25,25,24-25,25.068001472987483,-0.06800147298748271,-0.06800147298748271,25,25,24-25,24-25
2026-01-21,39.0,36.83444094605407,36.83444094605407,36.81665946168986,KLGA,0.0,2.165559053945927,2.165559053945927,0.0177814843642138,39,38-39,37,36-37,37,36-37,36.81665946168986,2.1833405383101407,2.1833405383101407,37,37,36-37,36-37
2026-01-22,48.0,47.25386388101355,47.25386388101355,47.22445532301106,KLGA,0.0,0.746136118986449,0.746136118986449,0.029408558002494,48,48-49,47,46-47,47,46-47,47.22445532301106,0.7755446769889431,0.7755446769889431,47,47,46-47,46-47
2026-01-23,38.0,38.19879320000359,38.19879320000359,38.199577274970686,KLGA,0.0,-0.1987932000035925,-0.1987932000035925,-0.0007840749670933,38,38-39,38,38-39,38,38-39,38.199577274970686,-0.1995772749706859,-0.1995772749706859,38,38,38-39,38-39
2026-01-24,18.0,17.566974476562105,17.566974476562105,17.56928171219283,KLGA,0.0,0.4330255234378946,0.4330255234378946,-0.0023072356307238,18,18-19,18,18-19,18,18-19,17.56928171219283,0.4307182878071707,0.4307182878071707,18,18,18-19,18-19
2026-01-25,23.0,27.274731498787933,27.278350710898422,27.282692663615656,KLGA,0.0036192121104932,-4.274731498787933,-4.278350710898426,-0.0079611648277229,23,22-23,27,26-27,27,26-27,27.28631187572615,-4.282692663615656,-4.286311875726149,27,27,26-27,26-27
2026-01-26,27.0,27.077057135757,27.077057135757,27.08246082859293,KLGA,0.0,-0.077057135757002,-0.077057135757002,-0.0054036928359266,27,26-27,27,26-27,27,26-27,27.08246082859293,-0.08246082859292869,-0.08246082859292869,27,27,26-27,26-27
2026-01-27,22.0,21.48833892994081,21.48833892994081,21.54094621013405,KLGA,0.0,0.5116610700591941,0.5116610700591941,-0.0526072801932429,22,22-23,21,20-21,21,20-21,21.54094621013405,0.45905378986595125,0.45905378986595125,22,22,22-23,22-23
2026-01-28,24.0,22.819028082707774,22.819028082707774,22.842862384192777,KLGA,0.0,1.1809719172922222,1.1809719172922222,-0.0238343014849995,24,24-25,23,22-23,23,22-23,22.842862384192777,1.1571376158072226,1.1571376158072226,23,23,22-23,22-23
2026-01-29,24.0,22.08110564254941,22.08110564254941,22.10672905096556,KLGA,0.0,1.91889435745059,1.91889435745059,-0.0256234084161484,24,24-25,22,22-23,22,22-23,22.10672905096556,1.8932709490344415,1.8932709490344415,22,22,22-23,22-23
2026-01-30,19.0,17.97208571350652,17.97208571350652,18.01650086934118,KLGA,0.0,1.0279142864934805,1.0279142864934805,-0.0444151558346597,19,18-19,18,18-19,18,18-19,18.01650086934118,0.9834991306588208,0.9834991306588208,18,18,18-19,18-19
2026-01-31,24.0,21.22741483228933,21.22741483228933,21.2248742090816,KLGA,0.0,2.7725851677106697,2.7725851677106697,0.0025406232077287,24,24-25,21,20-21,21,20-21,21.2248742090816,2.7751257909183984,2.7751257909183984,21,21,20-21,20-21
2026-02-01,25.0,22.292766517765,22.292766517765,22.27866456999902,KLGA,0.0,2.707233482235001,2.707233482235001,0.0141019477659796,25,24-25,22,22-23,22,22-23,22.27866456999902,2.7213354300009804,2.7213354300009804,22,22,22-23,22-23
2026-02-02,35.0,32.76277363861876,32.76277363861876,32.824320439861395,KLGA,0.0,2.2372263613812398,2.2372263613812398,-0.0615468012426347,35,34-35,33,32-33,33,32-33,32.824320439861395,2.1756795601386045,2.1756795601386045,33,33,32-33,32-33
2026-02-03,33.0,32.64561692273622,32.64561692273622,32.66541569768681,KLGA,0.0,0.3543830772637832,0.3543830772637832,-0.0197987749505941,33,32-33,33,32-33,33,32-33,32.66541569768681,0.33458430231318914,0.33458430231318914,33,33,32-33,32-33
2026-02-04,33.0,31.784201588673756,31.784201588673756,31.794656261956423,KLGA,0.0,1.2157984113262472,1.2157984113262472,-0.0104546732826698,33,32-33,32,32-33,32,32-33,31.794656261956423,1.2053437380435774,1.2053437380435774,32,32,32-33,32-33
2026-02-05,32.0,30.388537113580867,30.388537113580867,30.434103756422125,KLGA,0.0,1.6114628864191332,1.6114628864191332,-0.0455666428412584,32,32-33,30,30-31,30,30-31,30.434103756422125,1.5658962435778747,1.5658962435778747,30,30,30-31,30-31
2026-02-06,33.0,31.07106408374344,31.07106408374344,31.10626237228845,KLGA,0.0,1.9289359162565631,1.9289359162565631,-0.0351982885450148,33,32-33,31,30-31,31,30-31,31.10626237228845,1.8937376277115483,1.8937376277115483,31,31,30-31,30-31
2026-02-07,28.0,28.522626124171325,28.522626124171325,28.519875154407384,KLGA,0.0,-0.5226261241713246,-0.5226261241713246,0.0027509697639409,28,28-29,29,28-29,29,28-29,28.519875154407384,-0.5198751544073836,-0.5198751544073836,29,29,28-29,28-29
2026-02-08,19.0,16.234166451999624,16.234166451999624,16.190178308018393,KLGA,0.0,2.7658335480003764,2.7658335480003764,0.043988143981231,19,18-19,16,16-17,16,16-17,16.190178308018393,2.8098216919816075,2.8098216919816075,16,16,16-17,16-17
2026-02-09,31.0,29.26970114945697,29.26970114945697,29.285725357608275,KLGA,0.0,1.7302988505430292,1.7302988505430292,-0.016024208151304,31,30-31,29,28-29,29,28-29,29.285725357608275,1.7142746423917252,1.7142746423917252,29,29,28-29,28-29
2026-02-10,36.0,33.8059360622793,33.8059360622793,33.75423709732827,KLGA,0.0,2.194063937720699,2.194063937720699,0.0516989649510293,36,36-37,34,34-35,34,34-35,33.75423709732827,2.2457629026717285,2.2457629026717285,34,34,34-35,34-35
2026-02-11,41.0,42.80824282696764,42.80824282696764,42.83092906214872,KLGA,0.0,-1.808242826967636,-1.808242826967636,-0.0226862351810837,41,40-41,43,42-43,43,42-43,42.83092906214872,-1.8309290621487193,-1.8309290621487193,43,43,42-43,42-43
2026-02-12,36.0,35.60185633358884,35.60185633358884,35.587691766696906,KLGA,0.0,0.3981436664111584,0.3981436664111584,0.0141645668919352,36,36-37,36,36-37,36,36-37,35.587691766696906,0.41230823330309363,0.41230823330309363,36,36,36-37,36-37
2026-02-13,38.0,38.11875947797794,38.11875947797794,38.09148423235892,KLGA,0.0,-0.1187594779779388,-0.1187594779779388,0.0272752456190161,38,38-39,38,38-39,38,38-39,38.09148423235892,-0.09148423235892267,-0.09148423235892267,38,38,38-39,38-39
2026-02-14,45.0,45.09773946128902,45.09773946128902,45.07527426272608,KLGA,0.0,-0.0977394612890165,-0.0977394612890165,0.0224651985629336,45,44-45,45,44-45,45,44-45,45.07527426272608,-0.07527426272608295,-0.07527426272608295,45,45,44-45,44-45
2026-02-15,39.0,40.84490218695864,40.84490218695864,40.82221608138552,KLGA,0.0,-1.8449021869586415,-1.8449021869586415,0.022686105573122,39,38-39,41,40-41,41,40-41,40.82221608138552,-1.8222160813855197,-1.8222160813855197,41,41,40-41,40-41
2026-02-16,38.0,39.59208094684274,39.59208094684274,39.56271806737671,KLGA,0.0,-1.5920809468427422,-1.5920809468427422,0.0293628794660349,38,38-39,40,40-41,40,40-41,39.56271806737671,-1.5627180673767072,-1.5627180673767072,40,40,40-41,40-41
2026-02-17,47.0,46.14307415156574,46.14307415156574,46.12524716524693,KLGA,0.0,0.8569258484342583,0.8569258484342583,0.0178269863188091,47,46-47,46,46-47,46,46-47,46.12524716524693,0.8747528347530675,0.8747528347530675,46,46,46-47,46-47
2026-02-18,38.0,41.36785739400025,41.37339820830363,41.31397701948068,KLGA,0.0055408143033801,-3.3678573940002465,-3.3733982083036267,0.053880374519565,38,38-39,41,40-41,41,40-41,41.31951783378406,-3.3139770194806815,-3.3195178337840616,41,41,40-41,40-41
2026-02-19,37.0,41.1005827281563,41.1005827281563,41.08672364213939,KLGA,0.0,-4.100582728156297,-4.100582728156297,0.0138590860169074,37,36-37,41,40-41,41,40-41,41.08672364213939,-4.08672364213939,-4.08672364213939,41,41,40-41,40-41
2026-02-20,38.0,38.9586443690222,38.96272639335414,38.93668031469956,KLGA,0.004082024331943,-0.9586443690221956,-0.9627263933541386,0.0219640543226375,38,38-39,39,38-39,39,38-39,38.9407623390315,-0.9366803146995579,-0.940762339031501,39,39,38-39,38-39
2026-02-21,46.0,45.81479225091942,45.81479225091942,45.7986992822938,KLGA,0.0,0.1852077490805825,0.1852077490805825,0.0160929686256139,46,46-47,46,46-47,46,46-47,45.7986992822938,0.2013007177061965,0.2013007177061965,46,46,46-47,46-47
2026-02-22,34.0,35.79706930416748,35.80134216923205,35.774943281287705,KLGA,0.0042728650645713,-1.7970693041674792,-1.8013421692320506,0.0221260228797746,34,34-35,36,36-37,36,36-37,35.779216146352276,-1.7749432812877046,-1.779216146352276,36,36,36-37,36-37
2026-02-23,36.0,35.414532788500594,35.41647055921515,35.432399527627005,KLGA,0.0019377707145551,0.585467211499406,0.5835294407848508,-0.0178667391264113,36,36-37,35,34-35,35,34-35,35.43433729834156,0.5676004723729946,0.5656627016584395,35,35,34-35,34-35
2026-02-24,32.0,31.304803004843105,31.304803004843105,31.309518274603,KLGA,0.0,0.6951969951568948,0.6951969951568948,-0.0047152697598953,32,32-33,31,30-31,31,30-31,31.309518274603,0.6904817253969995,0.6904817253969995,31,31,30-31,30-31
2026-02-25,43.0,40.080266852845625,40.080266852845625,40.0838964173645,KLGA,0.0,2.919733147154375,2.919733147154375,-0.0036295645188744,43,42-43,40,40-41,40,40-41,40.0838964173645,2.9161035826355004,2.9161035826355004,40,40,40-41,40-41
2026-02-26,47.0,43.28034628330913,43.28034628330913,43.243038766257946,KLGA,0.0,3.719653716690871,3.719653716690871,0.0373075170511825,47,46-47,43,42-43,43,42-43,43.243038766257946,3.7569612337420537,3.7569612337420537,43,43,42-43,42-43
2026-02-27,41.0,41.204689581831225,41.204689581831225,41.183042996058,KLGA,0.0,-0.2046895818312251,-0.2046895818312251,0.0216465857732259,41,40-41,41,40-41,41,40-41,41.183042996058,-0.18304299605799912,-0.18304299605799912,41,41,40-41,40-41
2026-02-28,51.0,49.25972696418316,49.25972696418316,49.20709452261818,KLGA,0.0,1.7402730358168412,1.7402730358168412,0.052632441564981,51,50-51,49,48-49,49,48-49,49.20709452261818,1.7929054773818223,1.7929054773818223,49,49,48-49,48-49
2026-03-01,42.0,39.12579694485573,39.12579694485573,39.13859043479758,KLGA,0.0,2.874203055144271,2.874203055144271,-0.0127934899418491,42,42-43,39,38-39,39,38-39,39.13859043479758,2.861409565202422,2.861409565202422,39,39,38-39,38-39
2026-03-02,32.0,32.46761679363384,32.46761679363384,32.42861045310728,KLGA,0.0,-0.4676167936338373,-0.4676167936338373,0.039006340526555,32,32-33,32,32-33,32,32-33,32.42861045310728,-0.4286104531072823,-0.4286104531072823,32,32,32-33,32-33
2026-03-03,34.0,37.71291825116017,37.71607541273581,37.75943851245157,KLGA,0.0031571615756433,-3.712918251160168,-3.716075412735812,-0.0465202612913984,34,34-35,38,38-39,38,38-39,37.76259567402721,-3.759438512451567,-3.76259567402721,38,38,38-39,38-39
2026-03-04,50.0,47.80283319651297,47.80283319651297,47.82718217595965,KLGA,0.0,2.197166803487029,2.197166803487029,-0.0243489794466782,50,50-51,48,48-49,48,48-49,47.82718217595965,2.172817824040351,2.172817824040351,48,48,48-49,48-49
2026-03-05,45.0,44.57658775239477,44.57658775239477,44.57658775239543,KLGA,0.0,0.4234122476052278,0.4234122476052278,-6.608047442568933e-13,45,44-45,45,44-45,45,44-45,44.57658775239543,0.42341224760456697,0.42341224760456697,45,45,44-45,44-45
2026-03-06,40.0,41.72025617505141,41.72025617505141,41.72103205158713,KLGA,0.0,-1.7202561750514107,-1.7202561750514107,-0.0007758765357195,40,40-41,42,42-43,42,42-43,41.72103205158713,-1.7210320515871302,-1.7210320515871302,42,42,42-43,42-43
2026-03-07,49.0,49.44209718192815,49.44209718192815,49.40372817531524,KLGA,0.0,-0.4420971819281476,-0.4420971819281476,0.0383690066129105,49,48-49,49,48-49,49,48-49,49.40372817531524,-0.4037281753152371,-0.4037281753152371,49,49,48-49,48-49
2026-03-08,68.0,65.62051743772636,65.62051743772636,65.62019222490889,KLGA,0.0,2.379482562273637,2.379482562273637,0.0003252128174722,68,68-69,66,66-67,66,66-67,65.62019222490889,2.379807775091109,2.379807775091109,66,66,66-67,66-67
2026-03-09,71.0,68.70267656871478,68.70267656871478,68.68666216401989,KLGA,0.0,2.2973234312852213,2.2973234312852213,0.0160144046948857,71,70-71,69,68-69,69,68-69,68.68666216401989,2.313337835980107,2.313337835980107,69,69,68-69,68-69
2026-03-10,77.0,71.53450204125389,71.53450204125389,71.55515972026966,KLGA,0.0,5.465497958746113,5.465497958746113,-0.0206576790157697,77,76-77,72,72-73,72,72-73,71.55515972026966,5.444840279730343,5.444840279730343,72,72,72-73,72-73
2026-03-11,70.0,72.07760479006717,72.07760479006717,72.05288244142429,KLGA,0.0,-2.07760479006717,-2.07760479006717,0.0247223486428822,70,70-71,72,72-73,72,72-73,72.05288244142429,-2.0528824414242877,-2.0528824414242877,72,72,72-73,72-73
2026-03-12,56.0,56.077459973663416,56.077459973663416,56.068466973921375,KLGA,0.0,-0.0774599736634158,-0.0774599736634158,0.0089929997420412,56,56-57,56,56-57,56,56-57,56.068466973921375,-0.06846697392137457,-0.06846697392137457,56,56,56-57,56-57
2026-03-13,42.0,43.67486236340737,43.67486236340737,43.62380861941104,KLGA,0.0,-1.674862363407371,-1.674862363407371,0.0510537439963343,42,42-43,44,44-45,44,44-45,43.62380861941104,-1.6238086194110366,-1.6238086194110366,44,44,44-45,44-45
2026-03-14,55.0,49.8993218985261,49.8993218985261,49.949236483512514,KLGA,0.0,5.100678101473903,5.100678101473903,-0.0499145849864177,55,54-55,50,50-51,50,50-51,49.949236483512514,5.050763516487486,5.050763516487486,50,50,50-51,50-51
2026-03-15,46.0,45.20351213159522,45.20351213159522,45.18166296214297,KLGA,0.0,0.7964878684047818,0.7964878684047818,0.0218491694522455,46,46-47,45,44-45,45,44-45,45.18166296214297,0.8183370378570274,0.8183370378570274,45,45,44-45,44-45
2026-03-16,55.0,58.99014959656626,58.99433031314303,59.00695719394008,KLGA,0.0041807165767693,-3.990149596566262,-3.994330313143031,-0.0168075973738197,55,54-55,59,58-59,59,58-59,59.01113791051685,-4.006957193940082,-4.011137910516851,59,59,58-59,58-59
2026-03-17,53.0,52.98885450034656,52.98885450034656,52.98603982848019,KLGA,0.0,0.0111454996534448,0.0111454996534448,0.0028146718663677,53,52-53,53,52-53,53,52-53,52.98603982848019,0.013960171519812548,0.013960171519812548,53,53,52-53,52-53
2026-03-18,36.0,35.571216794514,35.571216794514,35.5924479904283,KLGA,0.0,0.428783205485999,0.428783205485999,-0.0212311959142965,36,36-37,36,36-37,36,36-37,35.5924479904283,0.40755200957170246,0.40755200957170246,36,36,36-37,36-37
2026-03-19,41.0,43.7760986955889,43.7760986955889,43.761458032122704,KLGA,0.0,-2.7760986955888995,-2.7760986955888995,0.0146406634661957,41,40-41,44,44-45,44,44-45,43.761458032122704,-2.761458032122704,-2.761458032122704,44,44,44-45,44-45
2026-03-20,53.0,58.0568209773308,58.0568209773308,58.0689746316944,KLGA,0.0,-5.056820977330794,-5.056820977330794,-0.0121536543636082,53,52-53,58,58-59,58,58-59,58.0689746316944,-5.068974631694402,-5.068974631694402,58,58,58-59,58-59
2026-03-21,57.0,58.01847428152936,58.01847428152936,58.009221086742855,KLGA,0.0,-1.0184742815293577,-1.0184742815293577,0.0092531947865026,57,56-57,58,58-59,58,58-59,58.009221086742855,-1.0092210867428548,-1.0092210867428548,58,58,58-59,58-59
2026-03-22,57.0,61.95449582470392,61.95449582470392,61.95650494007163,KLGA,0.0,-4.954495824703919,-4.954495824703919,-0.0020091153677128,57,56-57,62,62-63,62,62-63,61.95650494007163,-4.956504940071632,-4.956504940071632,62,62,62-63,62-63
2026-03-23,49.0,48.97427802393148,48.97427802393148,48.9742780239322,KLGA,0.0,0.0257219760685174,0.0257219760685174,-7.176481631177012e-13,49,48-49,49,48-49,49,48-49,48.9742780239322,0.0257219760677998,0.0257219760677998,49,49,48-49,48-49
2026-03-24,48.0,47.28740399519822,47.28740399519822,47.362380665129024,KLGA,0.0,0.7125960048017816,0.7125960048017816,-0.0749766699308054,48,48-49,47,46-47,47,46-47,47.362380665129024,0.6376193348709762,0.6376193348709762,47,47,46-47,46-47
2026-03-25,51.0,51.58225419530224,51.58225419530224,51.5788723549126,KLGA,0.0,-0.5822541953022338,-0.5822541953022338,0.0033818403896361,51,50-51,52,52-53,52,52-53,51.5788723549126,-0.5788723549125976,-0.5788723549125976,52,52,52-53,52-53
2026-03-26,74.0,73.4020560149366,73.4020560149366,73.37787982995434,KLGA,0.0,0.5979439850633952,0.5979439850633952,0.0241761849822665,74,74-75,73,72-73,73,72-73,73.37787982995434,0.6221201700456618,0.6221201700456618,73,73,72-73,72-73
2026-03-27,66.0,65.96535407305056,65.96535407305056,65.96535407305154,KLGA,0.0,0.0346459269494374,0.0346459269494374,-9.805489753489385e-13,66,66-67,66,66-67,66,66-67,65.96535407305154,0.03464592694845692,0.03464592694845692,66,66,66-67,66-67
2026-03-28,43.0,43.05902618099647,43.05902618099647,43.0597890260262,KLGA,0.0,-0.0590261809964687,-0.0590261809964687,-0.0007628450297332,43,42-43,43,42-43,43,42-43,43.0597890260262,-0.05978902602620195,-0.05978902602620195,43,43,42-43,42-43
2026-03-29,52.0,54.8079619927239,54.8079619927239,54.82334208816295,KLGA,0.0,-2.807961992723897,-2.807961992723897,-0.0153800954390561,52,52-53,55,54-55,55,54-55,54.82334208816295,-2.8233420881629527,-2.8233420881629527,55,55,54-55,54-55
2026-03-30,72.0,70.3970975749671,70.3970975749671,70.38849004858642,KLGA,0.0,1.6029024250328945,1.6029024250328945,0.0086075263806861,72,72-73,70,70-71,70,70-71,70.38849004858642,1.6115099514135807,1.6115099514135807,70,70,70-71,70-71
2026-03-31,79.0,80.16688669553419,80.16688669553419,80.20370969638422,KLGA,0.0,-1.1668866955341883,-1.1668866955341883,-0.0368230008500347,79,78-79,80,80-81,80,80-81,80.20370969638422,-1.203709696384223,-1.203709696384223,80,80,80-81,80-81
2026-04-01,78.0,75.94747736632367,75.94747736632367,75.94362633028527,KLGA,0.0,2.0525226336763325,2.0525226336763325,0.003851036038398,78,78-79,76,76-77,76,76-77,75.94362633028527,2.0563736697147306,2.0563736697147306,76,76,76-77,76-77
2026-04-02,51.0,50.97322814735725,50.97322814735725,50.97322814735801,KLGA,0.0,0.0267718526427529,0.0267718526427529,-7.602807272633072e-13,51,50-51,51,50-51,51,50-51,50.97322814735801,0.026771852641992666,0.026771852641992666,51,51,50-51,50-51
2026-04-03,65.0,58.70536435092315,58.709792984353534,58.698464656822125,KLGA,0.0044286334303862,6.294635649076852,6.290207015646466,0.0068996941010226,65,64-65,59,58-59,59,58-59,58.70289329025251,6.301535343177875,6.297106709747489,59,59,58-59,58-59
2026-04-04,68.0,69.2578418568319,69.2578418568319,69.24545344125852,KLGA,0.0,-1.2578418568319023,-1.2578418568319023,0.0123884155733833,68,68-69,69,68-69,69,68-69,69.24545344125852,-1.245453441258519,-1.245453441258519,69,69,68-69,68-69
2026-04-05,57.0,58.14672374991452,58.14672374991452,58.1327103092555,KLGA,0.0,-1.1467237499145213,-1.1467237499145213,0.0140134406590206,57,56-57,58,58-59,58,58-59,58.1327103092555,-1.1327103092555006,-1.1327103092555006,58,58,58-59,58-59
2026-04-06,54.0,54.53581364559493,54.53581364559493,54.54319158088395,KLGA,0.0,-0.5358136455949278,-0.5358136455949278,-0.0073779352890213,54,54-55,55,54-55,55,54-55,54.54319158088395,-0.5431915808839491,-0.5431915808839491,55,55,54-55,54-55
2026-04-07,53.0,52.14375155583728,52.14375155583728,52.13089190705026,KLGA,0.0,0.8562484441627163,0.8562484441627163,0.0128596487870211,53,52-53,52,52-53,52,52-53,52.13089190705026,0.8691080929497375,0.8691080929497375,52,52,52-53,52-53
2026-04-08,46.0,49.51506115104152,49.51506115104152,49.49375468493592,KLGA,0.0,-3.5150611510415217,-3.5150611510415217,0.0213064661055994,46,46-47,50,50-51,50,50-51,49.49375468493592,-3.4937546849359222,-3.4937546849359222,49,49,48-49,48-49
2026-04-09,49.0,49.72253186273703,49.72253186273703,49.72145557046251,KLGA,0.0,-0.7225318627370285,-0.7225318627370285,0.0010762922745186,49,48-49,50,50-51,50,50-51,49.72145557046251,-0.7214555704625099,-0.7214555704625099,50,50,50-51,50-51
2026-04-10,59.0,62.46775656553496,62.46775656553496,62.4603716937369,KLGA,0.0,-3.4677565655349625,-3.4677565655349625,0.0073848717980595,59,58-59,62,62-63,62,62-63,62.4603716937369,-3.460371693736903,-3.460371693736903,62,62,62-63,62-63
2026-04-11,61.0,61.8482252881396,61.8482252881396,61.848725368861615,KLGA,0.0,-0.8482252881396022,-0.8482252881396022,-0.0005000807220127,61,60-61,62,62-63,62,62-63,61.848725368861615,-0.848725368861615,-0.848725368861615,62,62,62-63,62-63
2026-04-12,54.0,55.35484826941843,55.35484826941843,55.36592609357356,KLGA,0.0,-1.354848269418433,-1.354848269418433,-0.0110778241551301,54,54-55,55,54-55,55,54-55,55.36592609357356,-1.365926093573563,-1.365926093573563,55,55,54-55,54-55
2026-04-13,79.0,78.53081029512894,78.53081029512894,78.52736470196103,KLGA,0.0,0.4691897048710558,0.4691897048710558,0.0034455931679104,79,78-79,79,78-79,79,78-79,78.52736470196103,0.4726352980389663,0.4726352980389663,79,79,78-79,78-79
2026-04-14,85.0,84.4107169085031,84.4107169085031,84.40193108176308,KLGA,0.0,0.5892830914968954,0.5892830914968954,0.0087858267400235,85,84-85,84,84-85,84,84-85,84.40193108176308,0.598068918236919,0.598068918236919,84,84,84-85,84-85
2026-04-15,87.0,87.72674641109931,87.72674641109931,87.69280061503468,KLGA,0.0,-0.7267464110993131,-0.7267464110993131,0.0339457960646285,87,86-87,88,88-89,88,88-89,87.69280061503468,-0.6928006150346846,-0.6928006150346846,88,88,88-89,88-89
2026-04-16,86.0,87.2983949789715,87.2983949789715,87.25889897937682,KLGA,0.0,-1.2983949789715012,-1.2983949789715012,0.0394959995946777,86,86-87,87,86-87,87,86-87,87.25889897937682,-1.2588989793768235,-1.2588989793768235,87,87,86-87,86-87
2026-04-17,77.0,77.65758251020769,77.65758251020769,77.63779838014754,KLGA,0.0,-0.6575825102076891,-0.6575825102076891,0.0197841300601453,77,76-77,78,78-79,78,78-79,77.63779838014754,-0.6377983801475438,-0.6377983801475438,78,78,78-79,78-79
2026-04-18,61.0,64.14211447482326,64.14211447482326,64.14858724677737,KLGA,0.0,-3.1421144748232592,-3.1421144748232592,-0.0064727719541082,61,60-61,64,64-65,64,64-65,64.14858724677737,-3.1485872467773675,-3.1485872467773675,64,64,64-65,64-65
2026-04-19,53.0,53.61207302651918,53.61207302651918,53.60926633350984,KLGA,0.0,-0.6120730265191767,-0.6120730265191767,0.0028066930093402,53,52-53,54,54-55,54,54-55,53.60926633350984,-0.6092663335098365,-0.6092663335098365,54,54,54-55,54-55
2026-04-20,50.0,51.16708548812891,51.16708548812891,51.147228626299096,KLGA,0.0,-1.1670854881289117,-1.1670854881289117,0.0198568618298153,50,50-51,51,50-51,51,50-51,51.147228626299096,-1.1472286262990963,-1.1472286262990963,51,51,50-51,50-51
2026-04-21,52.0,51.81289179510439,51.81289179510439,51.83034266784831,KLGA,0.0,0.1871082048956083,0.1871082048956083,-0.0174508727439217,52,52-53,52,52-53,52,52-53,51.83034266784831,0.16965733215168655,0.16965733215168655,52,52,52-53,52-53
2026-04-22,55.0,54.35516044000497,54.35516044000497,54.35208096981205,KLGA,0.0,0.6448395599950274,0.6448395599950274,0.0030794701929224,55,54-55,54,54-55,54,54-55,54.35208096981205,0.6479190301879498,0.6479190301879498,54,54,54-55,54-55
2026-04-23,71.0,73.20538309631046,73.20538309631046,73.20259388276179,KLGA,0.0,-2.205383096310456,-2.205383096310456,0.0027892135486666,71,70-71,73,72-73,73,72-73,73.20259388276179,-2.2025938827617892,-2.2025938827617892,73,73,72-73,72-73
2026-04-24,65.0,66.03317045666319,66.03317045666319,66.0308224858741,KLGA,0.0,-1.0331704566631856,-1.0331704566631856,0.0023479707890885,65,64-65,66,66-67,66,66-67,66.0308224858741,-1.030822485874097,-1.030822485874097,66,66,66-67,66-67
2026-04-25,50.0,49.97375308564437,49.97375308564437,49.9737530856451,KLGA,0.0,0.0262469143556316,0.0262469143556316,-7.318590178329032e-13,50,50-51,50,50-51,50,50-51,49.9737530856451,0.026246914354899786,0.026246914354899786,50,50,50-51,50-51
2026-04-26,57.0,53.70567993766783,53.70567993766783,53.72905630879143,KLGA,0.0,3.2943200623321687,3.2943200623321687,-0.0233763711235965,57,56-57,54,54-55,54,54-55,53.72905630879143,3.270943691208572,3.270943691208572,54,54,54-55,54-55
2026-04-27,67.0,66.37907830142615,66.37907830142615,66.37834291285297,KLGA,0.0,0.6209216985738522,0.6209216985738522,0.000735388573176,67,66-67,66,66-67,66,66-67,66.37834291285297,0.6216570871470282,0.6216570871470282,66,66,66-67,66-67
2026-04-28,64.0,65.66492128095437,65.66492128095437,65.62568286640594,KLGA,0.0,-1.664921280954374,-1.664921280954374,0.0392384145484356,64,64-65,66,66-67,66,66-67,65.62568286640594,-1.6256828664059384,-1.6256828664059384,66,66,66-67,66-67
2026-04-29,61.0,62.56896400919246,62.56896400919246,62.56898065527156,KLGA,0.0,-1.568964009192463,-1.568964009192463,-1.6646079096460653e-05,61,60-61,63,62-63,63,62-63,62.56898065527156,-1.5689806552715595,-1.5689806552715595,63,63,62-63,62-63
2026-04-30,60.0,59.013560628166616,59.013560628166616,59.014491010635126,KLGA,0.0,0.9864393718333844,0.9864393718333844,-0.0009303824685105,60,60-61,59,58-59,59,58-59,59.014491010635126,0.9855089893648739,0.9855089893648739,59,59,58-59,58-59
2026-05-01,64.0,64.15776317965818,64.15776317965818,64.16053120420524,KLGA,0.0,-0.1577631796581755,-0.1577631796581755,-0.0027680245470662,64,64-65,64,64-65,64,64-65,64.16053120420524,-0.1605312042052418,-0.1605312042052418,64,64,64-65,64-65
2026-05-02,60.0,59.86416063458876,59.86416063458876,59.899484403531005,KLGA,0.0,0.1358393654112433,0.1358393654112433,-0.0353237689422485,60,60-61,60,60-61,60,60-61,59.899484403531005,0.10051559646899477,0.10051559646899477,60,60,60-61,60-61
2026-05-03,60.0,59.22054507527759,59.22054507527759,59.21243724723718,KLGA,0.0,0.7794549247224154,0.7794549247224154,0.0081078280404014,60,60-61,59,58-59,59,58-59,59.21243724723718,0.7875627527628168,0.7875627527628168,59,59,58-59,58-59
2026-05-04,71.0,72.60518357252096,72.60518357252096,72.65321577011281,KLGA,0.0,-1.6051835725209571,-1.6051835725209571,-0.0480321975918514,71,70-71,73,72-73,73,72-73,72.65321577011281,-1.6532157701128085,-1.6532157701128085,73,73,72-73,72-73
2026-05-05,76.0,81.80267801852554,81.80267801852554,81.83571687462802,KLGA,0.0,-5.80267801852554,-5.80267801852554,-0.033038856102479,76,76-77,82,82-83,82,82-83,81.83571687462802,-5.8357168746280195,-5.8357168746280195,82,82,82-83,82-83
2026-05-06,67.0,69.85326138906119,69.85326138906119,69.85491297191078,KLGA,0.0,-2.8532613890611884,-2.8532613890611884,-0.0016515828495897,67,66-67,70,70-71,70,70-71,69.85491297191078,-2.854912971910778,-2.854912971910778,70,70,70-71,70-71
2026-05-07,64.0,63.88623849927379,63.88623849927379,63.866877432026655,KLGA,0.0,0.1137615007262127,0.1137615007262127,0.0193610672471322,64,64-65,64,64-65,64,64-65,63.866877432026655,0.13312256797334499,0.13312256797334499,64,64,64-65,64-65
2026-05-08,63.0,63.55989556399307,63.55989556399307,63.55403651236321,KLGA,0.0,-0.5598955639930665,-0.5598955639930665,0.0058590516298551,63,62-63,64,64-65,64,64-65,63.55403651236321,-0.5540365123632114,-0.5540365123632114,64,64,64-65,64-65
2026-05-09,64.0,66.14616746536072,66.14616746536072,66.12607215922563,KLGA,0.0,-2.146167465360719,-2.146167465360719,0.0200953061350901,64,64-65,66,66-67,66,66-67,66.12607215922563,-2.126072159225629,-2.126072159225629,66,66,66-67,66-67
2026-05-10,73.0,72.85223059338092,72.85223059338092,72.85543674998499,KLGA,0.0,0.1477694066190764,0.1477694066190764,-0.0032061566040653,73,72-73,73,72-73,73,72-73,72.85543674998499,0.14456325001501114,0.14456325001501114,73,73,72-73,72-73
2026-05-11,61.0,62.00806677807262,62.00806677807262,61.98098134829725,KLGA,0.0,-1.0080667780726174,-1.0080667780726174,0.0270854297753686,61,60-61,62,62-63,62,62-63,61.98098134829725,-0.9809813482972487,-0.9809813482972487,62,62,62-63,62-63
2026-05-12,67.0,65.32376938531849,65.32376938531849,65.3094147475295,KLGA,0.0,1.676230614681515,1.676230614681515,0.0143546377889833,67,66-67,65,64-65,65,64-65,65.3094147475295,1.6905852524704983,1.6905852524704983,65,65,64-65,64-65
2026-05-13,71.0,70.94916631625276,70.94916631625276,70.94762112072763,KLGA,0.0,0.0508336837472427,0.0508336837472427,0.0015451955251251,71,70-71,71,70-71,71,70-71,70.94762112072763,0.05237887927236784,0.05237887927236784,71,71,70-71,70-71
2026-05-14,67.0,64.1168869012291,64.1168869012291,64.08727592782027,KLGA,0.0,2.883113098770906,2.883113098770906,0.0296109734088219,67,66-67,64,64-65,64,64-65,64.08727592782027,2.912724072179728,2.912724072179728,64,64,64-65,64-65
2026-05-15,65.0,67.48615395832877,67.48615395832877,67.49968256526012,KLGA,0.0,-2.486153958328771,-2.486153958328771,-0.0135286069313451,65,64-65,67,66-67,67,66-67,67.49968256526012,-2.499682565260116,-2.499682565260116,67,67,66-67,66-67
2026-05-16,77.0,78.57668616779507,78.57668616779507,78.54640182822095,KLGA,0.0,-1.5766861677950743,-1.5766861677950743,0.0302843395741234,77,76-77,79,78-79,79,78-79,78.54640182822095,-1.5464018282209508,-1.5464018282209508,79,79,78-79,78-79
2026-05-17,89.0,87.66546096780195,87.66546096780195,87.66173507694027,KLGA,0.0,1.3345390321980517,1.3345390321980517,0.0037258908616735,89,88-89,88,88-89,88,88-89,87.66173507694027,1.3382649230597252,1.3382649230597252,88,88,88-89,88-89
2026-05-18,87.0,84.65581724139423,84.65581724139423,84.66243381308135,KLGA,0.0,2.3441827586057684,2.3441827586057684,-0.0066165716871182,87,86-87,85,84-85,85,84-85,84.66243381308135,2.33756618691865,2.33756618691865,85,85,84-85,84-85
2026-05-19,95.0,94.27712582119246,94.27712582119246,94.24996146336925,KLGA,0.0,0.7228741788075439,0.7228741788075439,0.0271643578232101,95,94-95,94,94-95,94,94-95,94.24996146336925,0.750038536630754,0.750038536630754,94,94,94-95,94-95
2026-05-20,95.0,91.9885712379966,91.9885712379966,91.93630300793949,KLGA,0.0,3.0114287620033906,3.0114287620033906,0.0522682300571233,95,94-95,92,92-93,92,92-93,91.93630300793949,3.063696992060514,3.063696992060514,92,92,92-93,92-93
2026-05-21,66.0,65.96535407305056,65.96535407305056,65.96535407305154,KLGA,0.0,0.0346459269494374,0.0346459269494374,-9.805489753489385e-13,66,66-67,66,66-67,66,66-67,65.96535407305154,0.03464592694845692,0.03464592694845692,66,66,66-67,66-67
2026-05-22,68.0,65.2015553478612,65.2015553478612,65.17438335171988,KLGA,0.0,2.798444652138798,2.798444652138798,0.0271719961413197,68,68-69,65,64-65,65,64-65,65.17438335171988,2.8256166482801177,2.8256166482801177,65,65,64-65,64-65
2026-05-23,57.0,57.32960564940878,57.32960564940878,57.34036622915188,KLGA,0.0,-0.3296056494087764,-0.3296056494087764,-0.0107605797431062,57,56-57,57,56-57,57,56-57,57.34036622915188,-0.34036622915188275,-0.34036622915188275,57,57,56-57,56-57
2026-05-24,57.0,57.84276597728535,57.84500624272784,57.88632009560907,KLGA,0.0022402654424951,-0.842765977285346,-0.8450062427278411,-0.0435541183237262,57,56-57,58,58-59,58,58-59,57.88856036105157,-0.8863200956090722,-0.8885603610515673,58,58,58-59,58-59
2026-05-25,75.0,72.00568655758775,72.01589528187765,72.03097115426262,KLGA,0.010208724289896,2.994313442412249,2.984104718122353,-0.0252845966748651,75,74-75,72,72-73,72,72-73,72.04117987855251,2.969028845737384,2.958820121447488,72,72,72-73,72-73
2026-05-26,80.0,79.33558278598734,79.33558278598734,79.35538511055736,KLGA,0.0,0.6644172140126585,0.6644172140126585,-0.0198023245700227,80,80-81,79,78-79,79,78-79,79.35538511055736,0.6446148894426358,0.6446148894426358,79,79,78-79,78-79
2026-05-27,84.0,84.75764986696575,84.75764986696575,84.74104942263247,KLGA,0.0,-0.7576498669657497,-0.7576498669657497,0.0166004443332781,84,84-85,85,84-85,85,84-85,84.74104942263247,-0.7410494226324715,-0.7410494226324715,85,85,84-85,84-85
2026-05-28,75.0,75.21019557562447,75.21019557562447,75.20658040553053,KLGA,0.0,-0.2101955756244677,-0.2101955756244677,0.003615170093937,75,74-75,75,74-75,75,74-75,75.20658040553053,-0.2065804055305307,-0.2065804055305307,75,75,74-75,74-75
2026-05-29,78.0,77.0859160822402,77.0859160822402,77.1052318220639,KLGA,0.0,0.9140839177597968,0.9140839177597968,-0.0193157398236962,78,78-79,77,76-77,77,76-77,77.1052318220639,0.8947681779361005,0.8947681779361005,77,77,76-77,76-77
2026-05-30,71.0,70.98817868327762,70.98817868327762,70.97979968325143,KLGA,0.0,0.0118213167223757,0.0118213167223757,0.0083790000261956,71,70-71,71,70-71,71,70-71,70.97979968325143,0.020200316748571367,0.020200316748571367,71,71,70-71,70-71
2026-05-31,77.0,75.30314729008413,75.30314729008413,75.31355477507347,KLGA,0.0,1.6968527099158734,1.6968527099158734,-0.0104074849893436,77,76-77,75,74-75,75,74-75,75.31355477507347,1.6864452249265298,1.6864452249265298,75,75,74-75,74-75
2026-06-01,69.0,70.64230747205615,70.5479133059933,70.62758240766141,KLGA,-0.0943941660628411,-1.642307472056146,-1.5479133059933048,0.0147250643947387,69,68-69,71,70-71,71,70-71,70.53318824159857,-1.6275824076614072,-1.533188241598566,71,71,70-71,70-71
2026-06-02,76.0,76.25619078927033,76.27218484100808,76.26342223203838,KLGA,0.0159940517377492,-0.2561907892703345,-0.2721848410080838,-0.0072314427680453,76,76-77,76,76-77,76,76-77,76.27941628377613,-0.2634222320383799,-0.27941628377612915,76,76,76-77,76-77
2026-06-03,83.0,82.30329104981266,82.1878164423926,82.29708761672828,KLGA,-0.1154746074200545,0.6967089501873431,0.8121835576073977,0.00620343308438,83,82-83,82,82-83,82,82-83,82.18161300930822,0.7029123832717232,0.8183869906917778,82,82,82-83,82-83
2026-06-04,86.0,86.20096412949337,86.17019884462557,86.21735811372196,KLGA,-0.0307652848677975,-0.2009641294933715,-0.170198844625574,-0.0163939842285856,86,86-87,86,86-87,86,86-87,86.18659282885416,-0.21735811372195712,-0.18659282885415962,86,86,86-87,86-87
2026-06-05,90.0,90.39358910708916,90.4355171838818,90.35478055910716,KLGA,0.0419280767926579,-0.3935891070891557,-0.4355171838818137,0.0388085479820006,90,90-91,90,90-91,90,90-91,90.39670863589981,-0.3547805591071551,-0.3967086358998131,90,90,90-91,90-91
2026-06-06,91.0,90.88239316419106,90.8051765575796,90.9120282152032,KLGA,-0.0772166066114437,0.1176068358089423,0.194823442420386,-0.0296350510121357,91,90-91,91,90-91,91,90-91,90.83481160859175,0.08797178479680667,0.16518839140825037,91,91,90-91,90-91
2026-06-07,81.0,83.71624580403561,83.57350987424243,83.72454195864024,KLGA,-0.1427359297931758,-2.716245804035609,-2.5735098742424327,-0.0082961546046362,81,80-81,84,84-85,84,84-85,83.58180602884707,-2.724541958640245,-2.581806028847069,84,84,84-85,84-85
2026-06-08,74.0,73.97745584652984,73.97803934117651,74.00472961209208,KLGA,0.0005834946466762,0.0225441534701644,0.0219606588234881,-0.0272737655622421,74,74-75,74,74-75,74,74-75,74.00531310673875,-0.004729612092077673,-0.005313106738753959,74,74,74-75,74-75
2026-06-09,80.0,78.95896150845286,78.90682091319077,79.00225994255429,KLGA,-0.0521405952620881,1.0410384915471411,1.0931790868092293,-0.0432984341014304,80,80-81,79,78-79,79,78-79,78.9501193472922,0.9977400574457107,1.0498806527077988,79,79,78-79,78-79
2026-06-10,83.0,82.30421507673061,82.22855199315227,82.35538036655538,KLGA,-0.0756630835783482,0.695784923269386,0.7714480068477343,-0.051165289824766,83,82-83,82,82-83,82,82-83,82.27971728297703,0.6446196334446199,0.7202827170229682,82,82,82-83,82-83
2026-06-11,95.0,94.29844881391084,94.32746894062451,94.28936644427102,KLGA,0.0290201267136893,0.7015511860891621,0.6725310593754728,0.0090823696398132,95,94-95,94,94-95,94,94-95,94.31838657098471,0.7106335557289754,0.681613429015286,94,94,94-95,94-95
2026-06-12,94.0,91.40741539343674,91.43288523455816,91.39942881325806,KLGA,0.0254698411214207,2.592584606563264,2.567114765441844,0.0079865801786809,94,94-95,91,90-91,91,90-91,91.42489865437948,2.600571186741945,2.5751013456205243,91,91,90-91,90-91
2026-06-13,88.0,87.5676784601005,87.57395915321516,87.6027283913808,KLGA,0.006280693114661,0.4323215398995046,0.4260408467848435,-0.0350499312802981,88,88-89,88,88-89,88,88-89,87.60900908449545,0.3972716086192065,0.39099091550454546,88,88,88-89,88-89
2026-06-14,90.0,89.05570995283486,88.92152885892823,89.05689539694943,KLGA,-0.1341810939066334,0.94429004716514,1.078471141071773,-0.0011854441145686,90,90-91,89,88-89,89,88-89,88.9227143030428,0.9431046030505712,1.0772856969572047,89,89,88-89,88-89
2026-06-15,74.0,77.3969306179056,77.27231980046258,77.43507436467452,KLGA,-0.1246108174430133,-3.3969306179055963,-3.272319800462583,-0.0381437467689238,74,74-75,77,76-77,77,76-77,77.3104635472315,-3.43507436467452,-3.3104635472315067,77,77,76-77,76-77
2026-06-16,78.0,76.97502583007046,76.94944102064102,76.952660599262,KLGA,-0.0255848094294464,1.0249741699295356,1.050558979358982,0.0223652308084609,78,78-79,77,76-77,77,76-77,76.92707578983256,1.0473394007379966,1.072924210167443,77,77,76-77,76-77
2026-06-17,77.0,77.3746212843709,77.35332112026516,77.29879955095548,KLGA,-0.0213001641057388,-0.3746212843709031,-0.3533211202651642,0.0758217334154238,77,76-77,77,76-77,77,76-77,77.27749938684974,-0.2987995509554793,-0.2774993868497404,77,77,76-77,76-77
2026-06-18,89.0,88.26198985154709,88.26198985154709,88.24861937557668,KLGA,0.0,0.7380101484529149,0.7380101484529149,0.0133704759704045,89,88-89,88,88-89,88,88-89,88.24861937557668,0.7513806244233194,0.7513806244233194,88,88,88-89,88-89
2026-06-19,82.0,82.97035401146,82.97035401146,82.94306317293993,KLGA,0.0,-0.9703540114600032,-0.9703540114600032,0.0272908385200736,82,82-83,83,82-83,83,82-83,82.94306317293993,-0.9430631729399295,-0.9430631729399295,83,83,82-83,82-83
2026-06-20,83.0,81.76601072829247,81.76601072829247,81.78967213487913,KLGA,0.0,1.2339892717075287,1.2339892717075287,-0.0236614065866547,83,82-83,82,82-83,82,82-83,81.78967213487913,1.210327865120874,1.210327865120874,82,82,82-83,82-83
2026-06-21,84.0,81.89901020615663,81.89901020615663,81.89793452287697,KLGA,0.0,2.100989793843368,2.100989793843368,0.0010756832796658,84,84-85,82,82-83,82,82-83,81.89793452287697,2.102065477123034,2.102065477123034,82,82,82-83,82-83
2026-01-01,68.0,67.99517602162726,67.994392260389,68.11410268815476,KMIA,-0.000783761238253,0.004823978372741,0.0056077396109941,-0.1189266665274999,68,68-69,68,68-69,68,68-69,68.1133189269165,-0.11410268815475888,-0.1133189269165058,68,68,68-69,68-69
2026-01-02,71.0,71.35573526880889,71.35225363436591,71.40073043180438,KMIA,-0.0034816344429771,-0.3557352688088855,-0.3522536343659084,-0.044995162995491,71,70-71,71,70-71,71,70-71,71.3972487973614,-0.4007304318043765,-0.3972487973613994,71,71,70-71,70-71
2026-01-03,77.0,75.11677782335128,75.11554988432856,75.21605810171214,KMIA,-0.0012279390227263,1.8832221766487152,1.8844501156714413,-0.099280278360851,77,76-77,75,74-75,75,74-75,75.21483016268941,1.783941898287864,1.7851698373105904,75,75,74-75,74-75
2026-01-04,80.0,80.28288160282494,80.28328336452321,80.34114640883152,KMIA,0.0004017616982707,-0.2828816028249434,-0.2832833645232142,-0.0582648060065764,80,80-81,80,80-81,80,80-81,80.34154817052979,-0.3411464088315199,-0.3415481705297907,80,80,80-81,80-81
2026-01-05,80.0,79.80956236061726,79.80608072617429,79.83387663786942,KMIA,-0.0034816344429771,0.1904376393827362,0.1939192738257134,-0.0243142772521594,80,80-81,80,80-81,80,80-81,79.83039500342645,0.16612336213057688,0.169604996573554,80,80,80-81,80-81
2026-01-06,80.0,79.73044013024024,79.72895475250505,79.61597130062209,KMIA,-0.001485377735193,0.2695598697597603,0.2710452474949534,0.114468829618147,80,80-81,80,80-81,80,80-81,79.6144859228869,0.3840286993779074,0.3855140771131005,80,80,80-81,80-81
2026-01-07,81.0,80.89847038744222,80.89975420651845,80.84106968116507,KMIA,0.0012838190762352,0.1015296125577833,0.1002457934815481,0.0574007062771499,81,80-81,81,80-81,81,80-81,80.8423535002413,0.15893031883493336,0.15764649975869816,81,81,80-81,80-81
2026-01-08,82.0,80.6856571442885,80.686361450673,80.61888308912128,KMIA,0.000704306384506,1.3143428557115016,1.3136385493269955,0.0667740551672153,82,82-83,81,80-81,81,80-81,80.61958739550579,1.381116910878717,1.3804126044942109,81,81,80-81,80-81
2026-01-09,81.0,81.03665933296351,81.0431823307721,80.99242677485356,KMIA,0.0065229978085881,-0.0366593329635094,-0.0431823307720975,0.0442325581099538,81,80-81,81,80-81,81,80-81,80.99894977266214,0.007573225146444429,0.0010502273378563132,81,81,80-81,80-81
2026-01-10,81.0,80.21211485902245,80.21551567476467,80.02534072737224,KMIA,0.0034008157422249,0.7878851409775507,0.7844843252353257,0.1867741316502105,81,80-81,80,80-81,80,80-81,80.02874154311446,0.9746592726277612,0.9712584568855362,80,80,80-81,80-81
2026-01-11,84.0,82.31871670882295,82.3163868975377,82.17631966538715,KMIA,-0.0023298112852501,1.6812832911770528,1.683613102462303,0.1423970434357926,84,84-85,82,82-83,82,82-83,82.1739898541019,1.8236803346128454,1.8260101458980955,82,82,82-83,82-83
2026-01-12,76.0,75.8886329013176,75.89845705356193,75.95668329179638,KMIA,0.0098241522443203,0.1113670986823933,0.101542946438073,-0.0680503904787741,76,76-77,76,76-77,76,76-77,75.9665074440407,0.043316708203619214,0.0334925559592989,76,76,76-77,76-77
2026-01-13,73.0,74.79627005676106,74.80260744407234,74.6310199152886,KMIA,0.0063373873112766,-1.7962700567610597,-1.8026074440723363,0.1652501414724554,73,72-73,75,74-75,75,74-75,74.63735730259988,-1.6310199152886042,-1.6373573025998809,75,75,74-75,74-75
2026-01-14,79.0,78.39522663680405,78.39506788780558,78.31586368637515,KMIA,-0.0001587489984729,0.604773363195946,0.6049321121944189,0.0793629504289015,79,78-79,78,78-79,78,78-79,78.31570493737668,0.6841363136248475,0.6842950626233204,78,78,78-79,78-79
2026-01-15,72.0,73.64107841992995,73.64336335831022,73.80587733455592,KMIA,0.0022849383802707,-1.6410784199299542,-1.643363358310225,-0.1647989146259618,72,72-73,74,74-75,74,74-75,73.80816227293619,-1.805877334555916,-1.8081622729361868,74,74,74-75,74-75
2026-01-16,68.0,66.14239089199015,66.14024663324489,66.01529479379366,KMIA,-0.0021442587452611,1.8576091080098536,1.8597533667551147,0.127096098196489,68,68-69,66,66-67,66,66-67,66.0131505350484,1.9847052062063426,1.9868494649516037,66,66,66-67,66-67
2026-01-17,77.0,75.84427921770317,75.84975815787381,75.94300353969047,KMIA,0.0054789401706329,1.1557207822968252,1.1502418421261922,-0.0987243219872908,77,76-77,76,76-77,76,76-77,75.9484824798611,1.0569964603095343,1.0515175201389013,76,76,76-77,76-77
2026-01-18,81.0,81.75261833657551,81.7539318600626,82.0509661375388,KMIA,0.0013135234870844,-0.7526183365755088,-0.7539318600625933,-0.2983478009632847,81,80-81,82,82-83,82,82-83,82.05227966102588,-1.0509661375387935,-1.052279661025878,82,82,82-83,82-83
2026-01-19,67.0,64.96741777739418,64.97454542028079,64.65523107923295,KMIA,0.0071276428866156,2.032582222605825,2.0254545797192094,0.3121866981612271,67,66-67,65,64-65,65,64-65,64.66235872211956,2.344768920767052,2.3376412778804365,65,65,64-65,64-65
2026-01-20,74.0,73.27021905536354,73.26983261727925,73.32070973435899,KMIA,-0.0003864380842912,0.7297809446364596,0.7301673827207509,-0.0504906789954446,74,74-75,73,72-73,73,72-73,73.3203232962747,0.6792902656410149,0.6796767037253062,73,73,72-73,72-73
2026-01-21,71.0,73.33181364917851,73.33721332611395,73.22065930409265,KMIA,0.0053996769354398,-2.331813649178514,-2.337213326113954,0.1111543450858647,71,70-71,73,72-73,73,72-73,73.22605898102809,-2.2206593040926492,-2.226058981028089,73,73,72-73,72-73
2026-01-22,76.0,78.05039182984952,78.05025164472663,77.96194131897612,KMIA,-0.0001401851228877,-2.0503918298495165,-2.050251644726629,0.0884505108734003,76,76-77,78,78-79,78,78-79,77.96180113385323,-1.9619413189761161,-1.9618011338532284,78,78,78-79,78-79
2026-01-23,82.0,80.39230220080822,80.39406431690297,80.36326360552683,KMIA,0.0017621160947527,1.607697799191783,1.6059356830970302,0.029038595281392,82,82-83,80,80-81,80,80-81,80.36502572162158,1.636736394473175,1.6349742783784222,80,80,80-81,80-81
2026-01-24,82.0,80.45563956421022,80.45971844429793,80.49527104578556,KMIA,0.004078880087718,1.544360435789784,1.540281555702066,-0.0396314815753413,82,82-83,80,80-81,80,80-81,80.49934992587328,1.5047289542144426,1.5006500741267246,80,80,80-81,80-81
2026-01-25,82.0,81.60502654340097,81.61078443587871,81.47601080679186,KMIA,0.0057578924777459,0.3949734565990326,0.3892155641212866,0.1290157366091051,82,82-83,82,82-83,82,82-83,81.48176869926961,0.5239891932081377,0.5182313007303918,81,81,80-81,80-81
2026-01-26,86.0,86.20235642671766,86.19995504536875,86.31478616485767,KMIA,-0.0024013813489034,-0.2023564267176567,-0.1999550453687533,-0.1124297381400083,86,86-87,86,86-87,86,86-87,86.31238478350876,-0.3147861648576651,-0.31238478350876164,86,86,86-87,86-87
2026-01-27,66.0,67.13630603490516,67.13871534883636,67.27737623661564,KMIA,0.0024093139311958,-1.1363060349051608,-1.1387153488363566,-0.1410702017104768,66,66-67,67,66-67,67,66-67,67.27978555054683,-1.2773762366156376,-1.2797855505468334,67,67,66-67,66-67
2026-01-28,63.0,66.48720468354664,66.48510754936517,66.77233700687235,KMIA,-0.0020971341814686,-3.4872046835466364,-3.485107549365168,-0.2851323233257119,63,62-63,66,66-67,66,66-67,66.77023987269088,-3.7723370068723483,-3.7702398726908797,67,67,66-67,66-67
2026-01-29,72.0,70.50814080445922,70.50779992357397,70.58476344915776,KMIA,-0.0003408808852469,1.4918591955407834,1.4922000764260304,-0.0766226446985456,72,72-73,71,70-71,71,70-71,70.58442256827252,1.4152365508422378,1.4155774317274847,71,71,70-71,70-71
2026-01-30,68.0,69.77115954920275,69.77655922613819,69.76766617688801,KMIA,0.0053996769354398,-1.77115954920275,-1.7765592261381895,0.0034933723147361,68,68-69,70,70-71,70,70-71,69.77306585382345,-1.7676661768880138,-1.7730658538234536,70,70,70-71,70-71
2026-01-31,65.0,65.08689231082961,65.08631049360788,65.59487145813097,KMIA,-0.0005818172217288,-0.0868923108296115,-0.0863104936078826,-0.5079791473013557,65,64-65,65,64-65,65,64-65,65.59428964090924,-0.5948714581309673,-0.5942896409092384,66,66,66-67,66-67
2026-02-01,51.0,51.30394377314472,51.30942271331536,51.674939678229855,KMIA,0.0054789401706329,-0.3039437731447236,-0.3094227133153566,-0.370995905085131,51,50-51,51,50-51,51,50-51,51.68041861840049,-0.6749396782298547,-0.6804186184004877,52,52,52-53,52-53
2026-02-02,57.0,57.991852396557945,57.9910686353197,58.27152788256329,KMIA,-0.0007837612382459,-0.9918523965579452,-0.9910686353196994,-0.2796754860053454,57,56-57,58,58-59,58,58-59,58.270744121325045,-1.2715278825632907,-1.2707441213250448,58,58,58-59,58-59
2026-02-03,69.0,66.41528591710131,66.41494503621607,66.52673967695326,KMIA,-0.0003408808852469,2.584714082898685,2.585054963783932,-0.1114537598519405,69,68-69,66,66-67,66,66-67,66.52639879606801,2.4732603230467447,2.4736012039319917,67,67,66-67,66-67
2026-02-04,73.0,73.62931358332368,73.63214177485337,73.74389022012075,KMIA,0.0028281915296872,-0.6293135833236789,-0.6321417748533662,-0.1145766367970679,73,72-73,74,74-75,74,74-75,73.74671841165043,-0.7438902201207469,-0.7467184116504342,74,74,74-75,74-75
2026-02-05,74.0,74.47961339318128,74.47962343331871,75.03419813830362,KMIA,1.0040137425448847e-05,-0.4796133931812818,-0.4796234333187072,-0.5545847451223409,74,74-75,74,74-75,74,74-75,75.03420817844105,-1.0341981383036227,-1.0342081784410482,75,75,74-75,74-75
2026-02-06,66.0,65.21803641718232,65.22044573111351,65.18310429330707,KMIA,0.0024093139311958,0.7819635828176814,0.7795542688864856,0.0349321238752509,66,66-67,65,64-65,65,64-65,65.18551360723826,0.8168957066929323,0.8144863927617365,65,65,64-65,64-65
2026-02-07,79.0,76.48443486371514,76.48233772953367,76.68750198812918,KMIA,-0.0020971341814686,2.515565136284863,2.517662270466332,-0.2030671244140478,79,78-79,76,76-77,76,76-77,76.68540485394772,2.312498011870815,2.314595146052284,77,77,76-77,76-77
2026-02-08,73.0,73.3553200464126,73.36079898658323,73.46787179581041,KMIA,0.0054789401706329,-0.3553200464126007,-0.3607989865832337,-0.1125517493978094,73,72-73,73,72-73,73,72-73,73.47335073598104,-0.46787179581041016,-0.47335073598104316,73,73,72-73,72-73
2026-02-09,74.0,74.18880155883214,74.18665730008688,74.24821589972927,KMIA,-0.0021442587452611,-0.1888015588321394,-0.1866573000868783,-0.0594143408971348,74,74-75,74,74-75,74,74-75,74.24607164098401,-0.24821589972927427,-0.24607164098401313,74,74,74-75,74-75
2026-02-10,76.0,75.36436297483442,75.36221871608916,75.32017504910762,KMIA,-0.0021442587452611,0.635637025165579,0.6377812839108401,0.0441879257268027,76,76-77,75,74-75,75,74-75,75.31803079036236,0.6798249508923817,0.6819692096376428,75,75,74-75,74-75
2026-02-11,77.0,77.38826587300284,77.38831129837727,77.28782900187763,KMIA,4.542537443796846e-05,-0.3882658730028367,-0.3883112983772747,0.1004368711252112,77,76-77,77,76-77,77,76-77,77.28787442725206,-0.2878290018776255,-0.28787442725206347,77,77,76-77,76-77
2026-02-12,81.0,79.33962973180728,79.33680697837438,79.31618122284696,KMIA,-0.0028227534328948,1.6603702681927217,1.6631930216256166,0.023448508960314,81,80-81,79,78-79,79,78-79,79.31335846941407,1.6838187771530357,1.6866415305859306,79,79,78-79,78-79
2026-02-13,81.0,79.6641677654408,79.66995803262971,79.74813004609578,KMIA,0.0057902671889138,1.3358322345592055,1.330041967370292,-0.0839622806549869,81,80-81,80,80-81,80,80-81,79.7539203132847,1.2518699539042188,1.246079686715305,80,80,80-81,80-81
2026-02-14,78.0,77.8660554752669,77.871114173992,77.87126223026381,KMIA,0.0050586987250937,0.1339445247330957,0.1288858260080019,-0.0052067549969052,78,78-79,78,78-79,78,78-79,77.8763209289889,0.12873776973619044,0.12367907101109665,78,78,78-79,78-79
2026-02-15,80.0,79.82194361600575,79.82534443174795,79.7825887886675,KMIA,0.0034008157421965,0.1780563839942459,0.1746555682520494,0.0393548273382577,80,80-81,80,80-81,80,80-81,79.78598960440969,0.21741121133250374,0.2140103955903072,80,80,80-81,80-81
2026-02-16,85.0,83.09249336778684,83.09150406832866,83.11639605465673,KMIA,-0.0009892994581832,1.907506632213156,1.9084959316713397,-0.0239026868698886,85,84-85,83,82-83,83,82-83,83.11540675519855,1.8836039453432676,1.8845932448014509,83,83,82-83,82-83
2026-02-17,80.0,79.14157998535113,79.14663868407622,79.10363318506276,KMIA,0.0050586987250937,0.8584200146488712,0.8533613159237774,0.0379468002883669,80,80-81,79,78-79,79,78-79,79.10869188378786,0.8963668149372381,0.8913081162121443,79,79,78-79,78-79
2026-02-18,79.0,79.75673165983874,79.76055814828963,79.58744907330677,KMIA,0.0038264884508976,-0.756731659838735,-0.7605581482896326,0.1692825865319633,79,78-79,80,80-81,80,80-81,79.59127556175767,-0.5874490733067717,-0.5912755617576693,80,80,80-81,80-81
2026-02-19,81.0,81.40764573776472,81.40970917780923,81.1785753350482,KMIA,0.0020634400445089,-0.4076457377647244,-0.4097091778092334,0.2290704027165304,81,80-81,81,80-81,81,80-81,81.1806387750927,-0.178575335048194,-0.18063877509270299,81,81,80-81,80-81
2026-02-20,83.0,81.41793626528515,81.41730319597195,81.16000395379307,KMIA,-0.0006330693131957,1.5820637347148503,1.5826968040280462,0.2579323114920839,83,82-83,81,80-81,81,80-81,81.15937088447987,1.8399960462069345,1.8406291155201302,81,81,80-81,80-81
2026-02-21,83.0,83.12716395801111,83.1308852810385,83.03688246676508,KMIA,0.003721323027392,-0.1271639580111099,-0.1308852810385019,0.0902814912460314,83,82-83,83,82-83,83,82-83,83.04060378979247,-0.03688246676507845,-0.04060378979247048,83,83,82-83,82-83
2026-02-22,88.0,86.62075858432031,86.61933702160879,86.59960822845032,KMIA,-0.0014215627115277,1.3792414156796866,1.3806629783912143,0.0211503558699917,88,88-89,87,86-87,87,86-87,86.5981866657388,1.4003917715496783,1.401813334261206,87,87,86-87,86-87
2026-02-23,64.0,64.55478960552864,64.56120880176076,64.84930821350738,KMIA,0.006419196232116,-0.5547896055286401,-0.5612088017607562,-0.2945186079787447,64,64-65,65,64-65,65,64-65,64.8557274097395,-0.8493082135073848,-0.8557274097395009,65,65,64-65,64-65
2026-02-24,65.0,64.63650385554243,64.6374763476004,64.58901081123354,KMIA,0.0009724920579685,0.3634961444575708,0.3625236523996022,0.0474930443088936,65,64-65,65,64-65,65,64-65,64.5899833032915,0.4109891887664645,0.41001669670849594,65,65,64-65,64-65
2026-02-25,72.0,72.44057482742521,72.44020994378546,72.4066144954394,KMIA,-0.0003648836397474,-0.440574827425209,-0.4402099437854616,0.0339603319858099,72,72-73,72,72-73,72,72-73,72.40624961179965,-0.4066144954393991,-0.4062496117996517,72,72,72-73,72-73
2026-02-26,78.0,78.13752892417975,78.13623697385647,78.10317202866679,KMIA,-0.001291950323278,-0.1375289241797475,-0.1362369738564695,0.0343568955129569,78,78-79,78,78-79,78,78-79,78.10188007834351,-0.10317202866679054,-0.10188007834351254,78,78,78-79,78-79
2026-02-27,82.0,81.87121921298387,81.87058614367068,81.68694155839502,KMIA,-0.0006330693131957,0.1287807870161259,0.1294138563293216,0.184277654588854,82,82-83,82,82-83,82,82-83,81.68630848908182,0.31305844160498,0.3136915109181757,82,82,82-83,82-83
2026-02-28,84.0,83.67091812113594,83.67075937213747,83.55539673017694,KMIA,-0.0001587489984729,0.3290818788640592,0.3292406278625321,0.1155213909590031,84,84-85,84,84-85,84,84-85,83.55523798117846,0.4446032698230624,0.4447620188215353,84,84,84-85,84-85
2026-03-01,83.0,81.58856380194192,81.58942874341965,81.9055604274956,KMIA,0.0008649414777295,1.4114361980580838,1.4105712565803543,-0.3169966255536849,83,82-83,82,82-83,82,82-83,81.90642536897333,1.094439572504399,1.0935746310266694,82,82,82-83,82-83
2026-03-02,81.0,81.02908260233725,81.03210367271471,81.20960109750827,KMIA,0.0030210703774571,-0.0290826023372545,-0.0321036727147117,-0.1805184951710146,81,80-81,81,80-81,81,80-81,81.21262216788573,-0.20960109750826916,-0.2126221678857263,81,81,80-81,80-81
2026-03-03,83.0,81.1725329153671,81.17837741848805,81.20023681990344,KMIA,0.0058445031209544,1.8274670846329,1.8216225815119456,-0.027703904536338,83,82-83,81,80-81,81,80-81,81.20608132302439,1.799763180096562,1.7939186769756077,81,81,80-81,80-81
2026-03-04,81.0,81.53434899402308,81.54019349714402,81.55629229151648,KMIA,0.0058445031209402,-0.5343489940230768,-0.540193497144017,-0.0219432974934079,81,80-81,82,82-83,82,82-83,81.56213679463742,-0.5562922915164847,-0.5621367946374249,82,82,82-83,82-83
2026-03-05,82.0,81.78503443216698,81.78843524790919,81.63588026939176,KMIA,0.0034008157422107,0.2149655678330191,0.2115647520908083,0.1491541627752184,82,82-83,82,82-83,82,82-83,81.63928108513397,0.36411973060823755,0.3607189148660268,82,82,82-83,82-83
2026-03-06,84.0,82.5237460286455,82.52408150362497,82.43384333347545,KMIA,0.0003354749794652,1.476253971354495,1.47591849637503,0.0899026951700534,84,84-85,83,82-83,83,82-83,82.43417880845492,1.5661566665245488,1.5658211915450835,82,82,82-83,82-83
2026-03-07,82.0,82.12451980734323,82.1317016861619,82.03281060447347,KMIA,0.0071818788186703,-0.1245198073432334,-0.1317016861619038,0.0917092028697652,82,82-83,82,82-83,82,82-83,82.03999248329214,-0.032810604473468175,-0.03999248329213856,82,82,82-83,82-83
2026-03-08,85.0,82.9459325690916,82.94493066837333,82.85522329540025,KMIA,-0.0010019007182648,2.054067430908404,2.055069331626669,0.0907092736913455,85,84-85,83,82-83,83,82-83,82.85422139468199,2.1447767045997495,2.1457786053180143,83,83,82-83,82-83
2026-03-09,84.0,83.6726094600332,83.67845396315414,83.54752387830692,KMIA,0.0058445031209402,0.3273905399667995,0.3215460368458593,0.1250855817262817,84,84-85,84,84-85,84,84-85,83.55336838142786,0.45247612169308127,0.44663161857214106,84,84,84-85,84-85
2026-03-10,84.0,83.93332482819675,83.93319858412157,83.8495094256478,KMIA,-0.0001262440751759,0.0666751718032543,0.0668014158784302,0.0838154025489501,84,84-85,84,84-85,84,84-85,83.84938318157262,0.15049057435220448,0.1506168184273804,84,84,84-85,84-85
2026-03-11,84.0,83.35560123063884,83.35681236226135,83.18514866269548,KMIA,0.0012111316225116,0.6443987693611604,0.6431876377386487,0.1704525679433572,84,84-85,83,82-83,83,82-83,83.186359794318,0.8148513373045176,0.813640205682006,83,83,82-83,82-83
2026-03-12,85.0,85.58712184201893,85.586778037916,85.62197000420271,KMIA,-0.0003438041029255,-0.5871218420189308,-0.5867780379160052,-0.0348481621837777,85,84-85,86,86-87,86,86-87,85.62162620009978,-0.6219700042027085,-0.621626200099783,86,86,86-87,86-87
2026-03-13,79.0,80.80982095199649,80.81015642697594,80.68824360520986,KMIA,0.000335474979451,-1.8098209519964852,-1.8101564269759365,0.1215773467866228,79,78-79,81,80-81,81,80-81,80.68857908018931,-1.6882436052098626,-1.6885790801893137,81,81,80-81,80-81
2026-03-14,85.0,83.72347458958437,83.72065183615145,83.8664002700169,KMIA,-0.0028227534329232,1.2765254104156298,1.279348163848553,-0.1429256804325263,85,84-85,84,84-85,84,84-85,83.86357751658397,1.1335997299831035,1.1364224834160268,84,84,84-85,84-85
2026-03-15,81.0,81.2450780530189,81.24871893097247,81.17838645119073,KMIA,0.0036408779535719,-0.2450780530189007,-0.2487189309724726,0.0666916018281682,81,80-81,81,80-81,81,80-81,81.1820273291443,-0.1783864511907325,-0.18202732914430442,81,81,80-81,80-81
2026-03-16,87.0,83.84268102901754,83.84252228001907,83.83321205111925,KMIA,-0.0001587489984729,3.157318970982459,3.157477719980932,0.0094689778982939,87,86-87,84,84-85,84,84-85,83.83305330212077,3.166787948880753,3.166946697879226,84,84,84-85,84-85
2026-03-17,71.0,71.03426102645534,71.04411250203015,71.59296231177926,KMIA,0.0098514755748055,-0.03426102645534,-0.0441125020301456,-0.5587012853239202,71,70-71,71,70-71,71,70-71,71.60281378735407,-0.5929623117792602,-0.6028137873540658,72,72,72-73,72-73
2026-03-18,69.0,69.76051171543354,69.76415259338711,69.81478371235808,KMIA,0.0036408779535719,-0.7605117154335375,-0.7641525933871094,-0.0542719969245411,69,68-69,70,70-71,70,70-71,69.81842459031165,-0.8147837123580786,-0.8184245903116505,70,70,70-71,70-71
2026-03-19,77.0,75.76433393076059,75.76376286049987,75.85143051587424,KMIA,-0.0005710702607188,1.2356660692394144,1.2362371395001333,-0.087096585113656,77,76-77,76,76-77,76,76-77,75.85085944561352,1.1485694841257583,1.1491405543864772,76,76,76-77,76-77
2026-03-20,76.0,76.26667222372281,76.26885134827855,76.44126898629581,KMIA,0.002179124555738,-0.2666722237228072,-0.2688513482785453,-0.1745967625730031,76,76-77,76,76-77,76,76-77,76.44344811085155,-0.44126898629581035,-0.44344811085154845,76,76,76-77,76-77
2026-03-21,79.0,79.55351542868756,79.5574508065395,79.52376510802077,KMIA,0.0039353778519455,-0.553515428687561,-0.5574508065395065,0.0297503206667926,79,78-79,80,80-81,80,80-81,79.52770048587271,-0.5237651080207684,-0.5277004858727139,80,80,80-81,80-81
2026-03-22,80.0,80.47373608669157,80.47201227290957,80.29476589322755,KMIA,-0.0017238137820072,-0.4737360866915736,-0.4720122729095664,0.1789701934640248,80,80-81,80,80-81,80,80-81,80.29304207944554,-0.29476589322754876,-0.2930420794455415,80,80,80-81,80-81
2026-03-23,81.0,81.64711515368161,81.6453913398996,81.57423453127728,KMIA,-0.0017238137820072,-0.6471151536816109,-0.6453913398996036,0.0728806224043268,81,80-81,82,82-83,82,82-83,81.57251071749528,-0.5742345312772841,-0.5725107174952768,82,82,82-83,82-83
2026-03-24,85.0,82.4885938479847,82.48691559140175,82.44907029386282,KMIA,-0.0016782565829487,2.5114061520152973,2.513084408598246,0.0395235541218852,85,84-85,82,82-83,82,82-83,82.44739203727987,2.5509297061371825,2.5526079627201312,82,82,82-83,82-83
2026-03-25,81.0,81.49547476769293,81.49825740202355,81.42803022426556,KMIA,0.0027826343306287,-0.4954747676929258,-0.4982574020235546,0.0674445434273707,81,80-81,81,80-81,81,80-81,81.43081285859618,-0.42803022426555515,-0.4308128585961839,81,81,80-81,80-81
2026-03-26,83.0,82.02062735511804,82.01890354133602,82.02503900330092,KMIA,-0.0017238137820214,0.9793726448819626,0.981096458663984,-0.0044116481828808,83,82-83,82,82-83,82,82-83,82.0233151895189,0.9749609966990818,0.9766848104811032,82,82,82-83,82-83
2026-03-27,82.0,82.53265143938835,82.53959488216019,82.59034985376952,KMIA,0.006943442771842,-0.5326514393883457,-0.5395948821601877,-0.0576984143811785,82,82-83,83,82-83,83,82-83,82.59729329654137,-0.5903498537695242,-0.5972932965413662,83,83,82-83,82-83
2026-03-28,84.0,83.63252454870023,83.63354280147499,83.53449160512048,KMIA,0.0010182527747559,0.367475451299768,0.366457198525012,0.0980329435797529,84,84-85,84,84-85,84,84-85,83.53550985789524,0.4655083948795209,0.4644901421047649,84,84,84-85,84-85
2026-03-29,78.0,79.46278132931475,79.46505027064752,79.37266765666453,KMIA,0.0022689413327725,-1.4627813293147511,-1.4650502706475237,0.0901136726502187,78,78-79,79,78-79,79,78-79,79.3749365979973,-1.3726676566645324,-1.374936597997305,79,79,78-79,78-79
2026-03-30,78.0,79.26200408057647,79.26456040481129,79.15862422073143,KMIA,0.0025563242348169,-1.2620040805764745,-1.2645604048112915,0.1033798598450488,78,78-79,79,78-79,79,78-79,79.16118054496624,-1.1586242207314257,-1.1611805449662427,79,79,78-79,78-79
2026-03-31,81.0,80.81094574189274,80.80946036415756,80.84102522616476,KMIA,-0.0014853777351788,0.1890542581072622,0.1905396358424411,-0.0300794842720222,81,80-81,81,80-81,81,80-81,80.83953984842958,0.15897477383524006,0.16046015157041893,81,81,80-81,80-81
2026-04-01,79.0,80.3255897736475,80.32923065160107,80.4333522212268,KMIA,0.0036408779535719,-1.3255897736474935,-1.3292306516010657,-0.1077624475793044,79,78-79,80,80-81,80,80-81,80.43699309918037,-1.433352221226798,-1.4369930991803699,80,80,80-81,80-81
2026-04-02,82.0,80.23666812825898,80.23737243464349,80.1717612841761,KMIA,0.000704306384506,1.7633318717410162,1.7626275653565102,0.0649068440828841,82,82-83,80,80-81,80,80-81,80.1724655905606,1.8282387158239004,1.8275344094393944,80,80,80-81,80-81
2026-04-03,83.0,82.26319665006906,82.26768201953003,82.31472021004515,KMIA,0.0044853694609656,0.7368033499309377,0.732317980469972,-0.0515235599760899,83,82-83,82,82-83,82,82-83,82.31920557950612,0.6852797899548477,0.6807944204938821,82,82,82-83,82-83
2026-04-04,82.0,81.8555707072713,81.86005607673225,81.796183851164,KMIA,0.0044853694609514,0.1444292927287023,0.1399439232677508,0.0593868561072952,82,82-83,82,82-83,82,82-83,81.80066922062495,0.20381614883599752,0.19933077937504606,82,82,82-83,82-83
2026-04-05,82.0,81.50094242123903,81.50164672762354,81.40966674194087,KMIA,0.000704306384506,0.4990575787609685,0.4983532723764625,0.0912756792981639,82,82-83,82,82-83,82,82-83,81.41037104832537,0.5903332580591325,0.5896289516746265,81,81,80-81,80-81
2026-04-06,84.0,82.65794867527342,82.65645255057723,82.63681856221031,KMIA,-0.0014961246961888,1.342051324726583,1.343547449422772,0.0211301130631085,84,84-85,83,82-83,83,82-83,82.63532243751412,1.3631814377896916,1.3646775624858805,83,83,82-83,82-83
2026-04-07,82.0,80.37295340160213,80.37335516330039,80.60980507470806,KMIA,0.0004017616982565,1.627046598397868,1.6266448366996116,-0.2368516731059315,82,82-83,80,80-81,80,80-81,80.61020683640632,1.3901949252919366,1.38979316359368,81,81,80-81,80-81
2026-04-08,81.0,77.88752616547764,77.89030398804822,77.9424050202233,KMIA,0.0027778225705787,3.112473834522362,3.109696011951783,-0.0548788547456666,81,80-81,78,78-79,78,78-79,77.94518284279388,3.0575949797766953,3.0548171572061165,78,78,78-79,78-79
2026-04-09,79.0,78.3159126115983,78.31870905600181,78.16902975761938,KMIA,0.0027964444035006,0.6840873884016929,0.6812909439981922,0.1468828539789228,79,78-79,78,78-79,78,78-79,78.17182620202288,0.8309702423806158,0.8281737979771151,78,78,78-79,78-79
2026-04-10,80.0,80.00175845081453,80.00352056690927,79.91681669582093,KMIA,0.0017621160947385,-0.0017584508145347,-0.0035205669092732,0.0849417549936077,80,80-81,80,80-81,80,80-81,79.91857881191567,0.08318330417907305,0.08142118808433452,80,80,80-81,80-81
2026-04-11,80.0,79.32063950726115,79.3224883104956,79.42654801419818,KMIA,0.0018488032344521,0.6793604927388515,0.6775116895043993,-0.1059085069370269,80,80-81,79,78-79,79,78-79,79.42839681743263,0.5734519858018245,0.5716031825673724,79,79,78-79,78-79
2026-04-12,80.0,79.9536551023126,79.95923941142445,79.8463383976683,KMIA,0.0055843091118532,0.0463448976874047,0.0407605885755515,0.1073167046442904,80,80-81,80,80-81,80,80-81,79.85192270678016,0.15366160233169524,0.14807729321984198,80,80,80-81,80-81
2026-04-13,81.0,80.94251531383492,80.94431855987033,80.88335147833527,KMIA,0.0018032460354078,0.0574846861650826,0.0556814401296748,0.0591638354996462,81,80-81,81,80-81,81,80-81,80.88515472437068,0.11664852166472883,0.11484527562932101,81,81,80-81,80-81
2026-04-14,81.0,81.02281720919673,81.02377602168207,80.94626507495335,KMIA,0.0009588124853365,-0.0228172091967309,-0.0237760216820674,0.0765521342433857,81,80-81,81,80-81,81,80-81,80.94722388743868,0.05373492504665478,0.0527761125613182,81,81,80-81,80-81
2026-04-15,80.0,80.19057576217055,80.19153457465589,80.08626366458469,KMIA,0.0009588124853365,-0.1905757621705532,-0.1915345746558898,0.1043120975858613,80,80-81,80,80-81,80,80-81,80.08722247707003,-0.08626366458469192,-0.0872224770700285,80,80,80-81,80-81
2026-04-16,81.0,81.62352009718968,81.62138371331635,81.45925534677787,KMIA,-0.002136383873335,-0.623520097189683,-0.621383713316348,0.1642647504118173,81,80-81,82,82-83,82,82-83,81.45711896290453,-0.4592553467778657,-0.4571189629045307,81,81,80-81,80-81
2026-04-17,84.0,84.1578027156195,84.15547290433425,84.00967548477588,KMIA,-0.0023298112852501,-0.1578027156194963,-0.1554729043342462,0.1481272308436132,84,84-85,84,84-85,84,84-85,84.00734567349063,-0.009675484775883092,-0.007345673490632976,84,84,84-85,84-85
2026-04-18,85.0,84.80936810465585,84.80787197995966,84.58040292383433,KMIA,-0.0014961246961888,0.1906318953441541,0.192128020040343,0.2289651808215183,85,84-85,85,84-85,85,84-85,84.57890679913814,0.41959707616567243,0.4210932008618613,85,85,84-85,84-85
2026-04-19,88.0,85.64518245283723,85.64904343247944,85.54865270566577,KMIA,0.0038609796422122,2.3548175471627677,2.350956567520555,0.0965297471714592,88,88-89,86,86-87,86,86-87,85.55251368530799,2.4513472943342265,2.4474863146920143,86,86,86-87,86-87
2026-04-20,86.0,84.57484277170667,84.57877814955862,84.72215186466941,KMIA,0.0039353778519455,1.4251572282933296,1.421221850441384,-0.1473090929627432,86,86-87,85,84-85,85,84-85,84.72608724252136,1.2778481353305864,1.2739127574786409,85,85,84-85,84-85
2026-04-21,80.0,79.55541919565155,79.56104906196246,79.69039417745189,KMIA,0.0056298663109117,0.4445808043484476,0.4389509380375358,-0.1349749818003403,80,80-81,80,80-81,80,80-81,79.6960240437628,0.3096058225481073,0.30397595623719553,80,80,80-81,80-81
2026-04-22,78.0,78.56799671729033,78.57358102640218,78.59445886926129,KMIA,0.0055843091118532,-0.5679967172903275,-0.5735810264021808,-0.0264621519709606,78,78-79,79,78-79,79,78-79,78.60004317837314,-0.5944588692612882,-0.6000431783731415,79,79,78-79,78-79
2026-04-23,78.0,78.93195282214926,78.9319982475237,79.06891808721146,KMIA,4.542537443796846e-05,-0.931952822149256,-0.931998247523694,-0.1369652650622015,78,78-79,79,78-79,79,78-79,79.0689635125859,-1.0689180872114576,-1.0689635125858956,79,79,78-79,78-79
2026-04-24,82.0,80.90515549882255,80.9021481846943,80.94452728160213,KMIA,-0.0030073141282542,1.094844501177448,1.0978518153057024,-0.0393717827795825,82,82-83,81,80-81,81,80-81,80.94151996747388,1.0554727183978656,1.0584800325261199,81,81,80-81,80-81
2026-04-25,84.0,84.00152697380973,84.00572261715185,83.88456073369981,KMIA,0.0041956433421148,-0.0015269738097316,-0.0057226171518465,0.1169662401099174,84,84-85,84,84-85,84,84-85,83.88875637704193,0.11543926630018575,0.11124362295807089,84,84,84-85,84-85
2026-04-26,87.0,85.39031252416214,85.38991487552315,85.38338607062113,KMIA,-0.0003976486389944,1.609687475837859,1.6100851244768537,0.0069264535410127,87,86-87,85,84-85,85,84-85,85.38298842198213,1.6166139293788717,1.6170115780178662,85,85,84-85,84-85
2026-04-27,87.0,86.39029440612958,86.3975199564065,86.18680271109059,KMIA,0.0072255502769138,0.6097055938704159,0.602480043593502,0.2034916950389913,87,86-87,86,86-87,86,86-87,86.1940282613675,0.8131972889094072,0.8059717386324934,86,86,86-87,86-87
2026-04-28,85.0,84.88180875649294,84.88361200252835,84.62433898903646,KMIA,0.0018032460354078,0.1181912435070557,0.1163879974716479,0.2574697674564845,85,84-85,85,84-85,85,84-85,84.62614223507187,0.3756610109635403,0.3738577649281325,85,85,84-85,84-85
2026-04-29,84.0,85.48481194013561,85.48437362514967,85.12902914360116,KMIA,-0.0004383149859421,-1.4848119401356143,-1.4843736251496722,0.3557827965344557,84,84-85,85,84-85,85,84-85,85.12859082861522,-1.1290291436011586,-1.1285908286152164,85,85,84-85,84-85
2026-04-30,87.0,87.34737344057056,87.34822678735453,87.03641108799808,KMIA,0.0008533467839697,-0.3473734405705642,-0.3482267873545339,0.3109623525724885,87,86-87,87,86-87,87,86-87,87.03726443478205,-0.036411087998075686,-0.03726443478204544,87,87,86-87,86-87
2026-05-01,86.0,88.11993430042789,88.11982829257796,87.83888553031801,KMIA,-0.0001060078499222,-2.119934300427886,-2.119828292577964,0.2810487701098765,86,86-87,88,88-89,88,88-89,87.83877952246809,-1.8388855303180094,-1.8387795224680872,88,88,88-89,88-89
2026-05-02,94.0,92.9344862976434,92.93344160109676,92.9031942101291,KMIA,-0.0010446965466428,1.0655137023566112,1.066558398903254,0.0312920875142879,94,94-95,93,92-93,93,92-93,92.90214951358246,1.0968057898708992,1.097850486417542,93,93,92-93,92-93
2026-05-03,81.0,83.18997664222431,83.1930652301196,83.34009462602609,KMIA,0.0030885878952915,-2.189976642224309,-2.1930652301196005,-0.1501179838017776,81,80-81,83,82-83,83,82-83,83.34318321392138,-2.3400946260260866,-2.343183213921378,83,83,82-83,82-83
2026-05-04,81.0,82.46705932526262,82.46944390022541,82.38316725830859,KMIA,0.0023845749627895,-1.4670593252626247,-1.4694439002254145,0.0838920669540357,81,80-81,82,82-83,82,82-83,82.38555183327138,-1.383167258308589,-1.3855518332713785,82,82,82-83,82-83
2026-05-05,86.0,85.99869158197528,85.99988212674738,86.10415522362767,KMIA,0.0011905447721005,0.0013084180247204,0.0001178732526199,-0.1054636416523919,86,86-87,86,86-87,86,86-87,86.10534576839977,-0.10415522362767149,-0.10534576839977206,86,86,86-87,86-87
2026-05-06,88.0,87.07411565921002,87.07900057991885,86.89357209937155,KMIA,0.0048849207088323,0.9258843407899776,0.9209994200811452,0.180543559838469,88,88-89,87,86-87,87,86-87,86.89845702008039,1.1064279006284465,1.1015429799196141,87,87,86-87,86-87
2026-05-07,91.0,90.1020489884508,90.10697503910028,89.63742561709584,KMIA,0.0049260506494874,0.8979510115491962,0.8930249608997087,0.4646233713549605,91,90-91,90,90-91,90,90-91,89.64235166774533,1.3625743829041568,1.3576483322546693,90,90,90-91,90-91
2026-05-08,92.0,92.3537074882856,92.352708348938,92.13167606830336,KMIA,-0.0009991393475985,-0.3537074882855933,-0.3527083489379947,0.2220314199822297,92,92-93,92,92-93,92,92-93,92.13067692895576,-0.13167606830336354,-0.130676928955765,92,92,92-93,92-93
2026-05-09,91.0,90.5546421147505,90.55183959754284,90.16662790392068,KMIA,-0.0028025172076411,0.445357885249507,0.4481604024571481,0.3880142108298088,91,90-91,91,90-91,91,90-91,90.16382538671304,0.8333720960793158,0.836174613286957,90,90,90-91,90-91
2026-05-10,91.0,90.29550587427065,90.2955519221928,89.9200097108335,KMIA,4.604792215445741e-05,0.7044941257293686,0.7044480778072142,0.3754961634371341,91,90-91,90,90-91,90,90-91,89.92005575875565,1.0799902891665027,1.0799442412443483,90,90,90-91,90-91
2026-05-11,89.0,89.39273766054426,89.39754993274553,89.05500654138356,KMIA,0.0048122722012777,-0.3927376605442561,-0.3975499327455338,0.3377311191606935,89,88-89,89,88-89,89,88-89,89.05981881358484,-0.055006541383562535,-0.059818813584840314,89,89,88-89,88-89
2026-05-12,91.0,89.12677179489648,89.13019284686399,88.82667937666757,KMIA,0.003421051967507,1.873228205103516,1.8698071531360083,0.3000924182289139,91,90-91,89,88-89,89,88-89,88.83010042863508,2.1733206233324296,2.1698995713649225,89,89,88-89,88-89
2026-05-13,94.0,89.91292707560389,89.9220476052626,90.01805449759134,KMIA,0.0091205296587162,4.087072924396111,4.077952394737395,-0.1051274219874471,94,94-95,90,90-91,90,90-91,90.02717502725005,3.9819455024086636,3.9728249727499474,90,90,90-91,90-91
2026-05-14,94.0,91.41548636942196,91.42423338560542,91.39407897824536,KMIA,0.008747016183463,2.5845136305780443,2.575766614394581,0.021407391176595,94,94-95,91,90-91,91,90-91,91.40282599442882,2.6059210217546394,2.5971740055711763,91,91,90-91,90-91
2026-05-15,92.0,89.99405109206079,90.00020935298448,89.95818365708101,KMIA,0.0061582609236978,2.0059489079392137,1.999790647015516,0.035867434979778,92,92-93,90,90-91,90,90-91,89.9643419180047,2.0418163429189917,2.035658081995294,90,90,90-91,90-91
2026-05-16,88.0,88.18459434005376,88.1925287943214,88.06450027471834,KMIA,0.0079344542676409,-0.1845943400537635,-0.1925287943214044,0.1200940653354223,88,88-89,88,88-89,88,88-89,88.07243472898598,-0.06450027471834119,-0.07243472898598213,88,88,88-89,88-89
2026-05-17,87.0,85.5910671345067,85.59503491520057,85.19191073198677,KMIA,0.0039677806938698,1.4089328654932984,1.4049650847994286,0.3991564025199352,87,86-87,86,86-87,86,86-87,85.19587851268064,1.8080892680132337,1.8041214873193638,85,85,84-85,84-85
2026-05-18,86.0,85.99281608928499,85.99678386997887,85.78796402908509,KMIA,0.003967780693884,0.007183910715014,0.0032161300211299,0.2048520601998973,86,86-87,86,86-87,86,86-87,85.79193180977897,0.21203597091491133,0.2080681902210273,86,86,86-87,86-87
2026-05-19,86.0,85.06962570609909,85.07359348679296,84.73838291849007,KMIA,0.0039677806938698,0.9303742939009112,0.9264065132070414,0.331242787609014,86,86-87,85,84-85,85,84-85,84.74235069918394,1.2616170815099252,1.2576493008160554,85,85,84-85,84-85
2026-05-20,87.0,87.21593764488824,87.21911121744203,86.98583309895695,KMIA,0.0031735725537913,-0.2159376448882426,-0.219111217442034,0.2301045459312973,87,86-87,87,86-87,87,86-87,86.98900667151074,0.014166901043054736,0.010993328489263376,87,87,86-87,86-87
2026-05-21,88.0,87.58598601188193,87.58915958443573,87.34409315458052,KMIA,0.0031735725538055,0.4140139881180715,0.410840415564266,0.2418928573014085,88,88-89,88,88-89,88,88-89,87.34726672713433,0.6559068454194801,0.6527332728656745,87,87,86-87,86-87
2026-05-22,88.0,88.18635068362543,88.18879191695554,87.92404348664122,KMIA,0.0024412333301029,-0.1863506836254345,-0.1887919169555374,0.2623071969842101,88,88-89,88,88-89,88,88-89,87.92648471997133,0.07595651335877562,0.07351528002867269,88,88,88-89,88-89
2026-05-23,87.0,87.50035262560372,87.50268176460746,87.12956768141034,KMIA,0.0023291390037343,-0.5003526256037247,-0.5026817646074591,0.3707849441933888,87,86-87,88,88-89,88,88-89,87.13189682041407,-0.12956768141033592,-0.13189682041407025,87,87,86-87,86-87
2026-05-24,87.0,87.60577201241975,87.60810115142348,87.29842749707865,KMIA,0.0023291390037343,-0.6057720124197488,-0.6081011514234831,0.3073445153411001,87,86-87,88,88-89,88,88-89,87.30075663608238,-0.2984274970786487,-0.300756636082383,87,87,86-87,86-87
2026-05-25,87.0,87.71182480355725,87.71415394256098,87.40340852371274,KMIA,0.0023291390037343,-0.7118248035572492,-0.7141539425609835,0.3084162798445078,87,86-87,88,88-89,88,88-89,87.40573766271648,-0.4034085237127414,-0.4057376627164757,87,87,86-87,86-87
2026-05-26,87.0,87.71719142367616,87.71952056267989,87.44258289368167,KMIA,0.0023291390037343,-0.7171914236761552,-0.7195205626798895,0.2746085299944809,87,86-87,88,88-89,88,88-89,87.44491203268541,-0.44258289368167425,-0.4449120326854086,87,87,86-87,86-87
2026-05-27,88.0,87.44155696870567,87.44282829799916,87.32618255638546,KMIA,0.0012713292934876,0.5584430312943311,0.5571717020008435,0.1153744123202074,88,88-89,87,86-87,87,86-87,87.32745388567895,0.6738174436145385,0.6725461143210509,87,87,86-87,86-87
2026-05-28,85.0,85.76395068636212,85.76742624800097,85.39028613426468,KMIA,0.0034755616388508,-0.7639506863621222,-0.767426248000973,0.3736645520974377,85,84-85,86,86-87,86,86-87,85.39376169590354,-0.3902861342646844,-0.39376169590353527,85,85,84-85,84-85
2026-05-29,91.0,88.32387259112151,88.3244115811913,88.25353080074274,KMIA,0.0005389900697849,2.676127408878486,2.675588418808701,0.0703417903787766,91,90-91,88,88-89,88,88-89,88.25406979081252,2.7464691992572625,2.7459302091874775,88,88,88-89,88-89
2026-05-30,87.0,87.14928843412383,87.1540464314469,87.32892833369431,KMIA,0.0047579973230682,-0.1492884341238323,-0.1540464314469005,-0.1796398995704748,87,86-87,87,86-87,87,86-87,87.33368633101738,-0.3289283336943072,-0.33368633101737544,87,87,86-87,86-87
2026-05-31,93.0,90.13029470979043,90.13637350396124,90.01754665082525,KMIA,0.0060787941708042,2.8697052902095663,2.863626496038762,0.112748058965181,93,92-93,90,90-91,90,90-91,90.02362544499606,2.9824533491747474,2.976374555003943,90,90,90-91,90-91
2026-06-01,92.0,90.84951910233325,90.64636142076658,90.9808634847305,KMIA,-0.2031576815666511,1.1504808976667675,1.353638579233419,-0.1313443823972733,92,92-93,91,90-91,91,90-91,90.77770580316385,1.0191365152694942,1.2222941968361454,91,91,90-91,90-91
2026-06-02,93.0,92.94257774352916,92.7038843793043,93.04899252585356,KMIA,-0.238693364224872,0.0574222564708293,0.2961156206957014,-0.1064147823243928,93,92-93,93,92-93,93,92-93,92.81029916162869,-0.04899252585356351,0.18970083837130858,93,93,92-93,92-93
2026-06-03,85.0,84.68021515413083,84.73984367211163,85.31143684700189,KMIA,0.0596285179807978,0.3197848458691652,0.2601563278883674,-0.6312216928710512,85,84-85,85,84-85,85,84-85,85.37106536498268,-0.311436847001886,-0.37106536498268383,85,85,84-85,84-85
2026-06-04,83.0,82.57876748345583,82.64317591098988,82.78859710976614,KMIA,0.0644084275340475,0.4212325165441655,0.356824089010118,-0.2098296263103094,83,82-83,83,82-83,83,82-83,82.85300553730019,0.21140289023385606,0.14699446269980854,83,83,82-83,82-83
2026-06-05,84.0,83.3537757240587,83.37262454081834,83.24242833881604,KMIA,0.018848816759629,0.6462242759412931,0.627375459181664,0.1113473852426665,84,84-85,83,82-83,83,82-83,83.26127715557567,0.7575716611839596,0.7387228444243306,83,83,82-83,82-83
2026-06-06,86.0,86.3432513890587,86.34702457628977,86.19237624970555,KMIA,0.0037731872310757,-0.3432513890586932,-0.347024576289769,0.1508751393531469,86,86-87,86,86-87,86,86-87,86.19614943693662,-0.19237624970554634,-0.19614943693662212,86,86,86-87,86-87
2026-06-07,88.0,88.23454086689169,88.2591885964441,88.11442500885398,KMIA,0.024647729552413,-0.2345408668916917,-0.2591885964441047,0.1201158580377068,88,88-89,88,88-89,88,88-89,88.1390727384064,-0.11442500885398488,-0.1390727384063979,88,88,88-89,88-89
2026-06-08,90.0,89.52420501053096,89.51620804051754,89.2937287832558,KMIA,-0.0079969700134228,0.475794989469037,0.4837919594824598,0.2304762272751617,90,90-91,90,90-91,90,90-91,89.28573181324238,0.7062712167441987,0.7142681867576215,89,89,88-89,88-89
2026-06-09,88.0,88.73733553637365,88.705837104189,88.56185153451055,KMIA,-0.031498432184648,-0.7373355363736493,-0.7058371041890013,0.1754840018630972,88,88-89,89,88-89,89,88-89,88.5303531023259,-0.5618515345105521,-0.530353102325904,89,89,88-89,88-89
2026-06-10,87.0,87.2313250727823,87.19670063879128,87.16051422190002,KMIA,-0.0346244339910128,-0.2313250727822975,-0.1967006387912846,0.0708108508822817,87,86-87,87,86-87,87,86-87,87.125889787909,-0.16051422190001574,-0.12588978790900285,87,87,86-87,86-87
2026-06-11,88.0,88.48854461352121,88.4592892169994,88.26033719622701,KMIA,-0.0292553965218189,-0.4885446135212135,-0.4592892169993945,0.2282074172942003,88,88-89,88,88-89,88,88-89,88.2310817997052,-0.2603371962270131,-0.23108179970519416,88,88,88-89,88-89
2026-06-12,90.0,89.30126609310305,89.28252162844721,88.97120276087598,KMIA,-0.018744464655839,0.6987339068969476,0.7174783715527866,0.3300633322270698,90,90-91,89,88-89,89,88-89,88.95245829622014,1.0287972391240174,1.0475417037798564,89,89,88-89,88-89
2026-06-13,90.0,89.91512295392938,89.92275323544759,89.82197503485675,KMIA,0.0076302815182032,0.0848770460706163,0.077246764552413,0.0931479190726349,90,90-91,90,90-91,90,90-91,89.82960531637495,0.17802496514325128,0.17039468362504806,90,90,90-91,90-91
2026-06-14,93.0,91.3919229755766,91.40749788199189,91.25681662933592,KMIA,0.0155749064152814,1.6080770244234088,1.5925021180081274,0.1351063462406756,93,92-93,91,90-91,91,90-91,91.2723915357512,1.7431833706640845,1.727608464248803,91,91,90-91,90-91
2026-06-15,94.0,92.20426888633736,92.06050663496008,92.3066006579063,KMIA,-0.1437622513772964,1.795731113662626,1.9394933650399224,-0.1023317715689273,94,94-95,92,92-93,92,92-93,92.162838406529,1.6933993420936986,1.837161593470995,92,92,92-93,92-93
2026-06-16,94.0,93.00549366711684,93.01476304417356,92.84780600779617,KMIA,0.0092693770566967,0.994506332883148,0.9852369558264512,0.1576876593206861,94,94-95,93,92-93,93,92-93,92.85707538485286,1.1521939922038342,1.1429246151471375,93,93,92-93,92-93
2026-06-17,93.0,92.34124409118854,92.31568009013829,92.00995638003695,KMIA,-0.025564001050256,0.6587559088114574,0.6843199098617134,0.3312877111515888,93,92-93,92,92-93,92,92-93,91.9843923789867,0.9900436199630462,1.0156076210133023,92,92,92-93,92-93
2026-06-18,92.0,92.140275476408,92.14362527991044,91.87113339436311,KMIA,0.003349803502445,-0.1402754764080072,-0.1436252799104522,0.269142082044894,92,92-93,92,92-93,92,92-93,91.87448319786556,0.1288666056368868,0.12551680213444172,92,92,92-93,92-93
2026-06-19,92.0,92.220331793145,92.22368159664744,91.8662910503544,KMIA,0.003349803502445,-0.220331793144993,-0.2236815966474381,0.3540407427905876,92,92-93,92,92-93,92,92-93,91.86964085385685,0.13370894964559454,0.13035914614314947,92,92,92-93,92-93
2026-06-20,93.0,91.86403611353444,91.86806441172456,91.80171584007022,KMIA,0.0040282981900929,1.1359638864655466,1.1319355882754536,0.0623202734642376,93,92-93,92,92-93,92,92-93,91.80574413826031,1.1982841599297842,1.1942558617396912,92,92,92-93,92-93
2026-06-21,94.0,91.56161206525049,91.56481832845716,91.21945762562277,KMIA,0.003206263206664,2.438387934749514,2.43518167154285,0.3421544396277198,94,94-95,92,92-93,92,92-93,91.22266388882943,2.7805423743772337,2.7773361111705697,91,91,90-91,90-91
2026-01-01,20.0,18.74574888501378,18.74574888501378,18.7629864145828,KORD,0.0,1.2542511149862214,1.2542511149862214,-0.017237529569023,20,20-21,19,18-19,19,18-19,18.7629864145828,1.2370135854171984,1.2370135854171984,19,19,18-19,18-19
2026-01-02,24.0,23.37170297528844,23.37170297528844,23.400004943966096,KORD,0.0,0.6282970247115607,0.6282970247115607,-0.0283019686776562,24,24-25,23,22-23,23,22-23,23.400004943966096,0.5999950560339045,0.5999950560339045,23,23,22-23,22-23
2026-01-03,26.0,26.134099450051703,26.134099450051703,26.130072255443046,KORD,0.0,-0.1340994500517034,-0.1340994500517034,0.0040271946086569,26,26-27,26,26-27,26,26-27,26.130072255443046,-0.13007225544304646,-0.13007225544304646,26,26,26-27,26-27
2026-01-04,34.0,31.82029950746945,31.82029950746945,31.79772851428084,KORD,0.0,2.17970049253055,2.17970049253055,0.0225709931886122,34,34-35,32,32-33,32,32-33,31.79772851428084,2.2022714857191588,2.2022714857191588,32,32,32-33,32-33
2026-01-05,44.0,43.953744474787285,43.953744474787285,43.9741425941323,KORD,0.0,0.0462555252127145,0.0462555252127145,-0.0203981193450175,44,44-45,44,44-45,44,44-45,43.9741425941323,0.025857405867697025,0.025857405867697025,44,44,44-45,44-45
2026-01-06,45.0,45.85057147286148,45.85057147286148,45.84685422151868,KORD,0.0,-0.8505714728614819,-0.8505714728614819,0.0037172513427989,45,44-45,46,46-47,46,46-47,45.84685422151868,-0.846854221518683,-0.846854221518683,46,46,46-47,46-47
2026-01-07,44.0,43.17859735813981,43.17859735813981,43.1700848499083,KORD,0.0,0.821402641860189,0.821402641860189,0.0085125082315116,44,44-45,43,42-43,43,42-43,43.1700848499083,0.8299151500917006,0.8299151500917006,43,43,42-43,42-43
2026-01-08,60.0,57.08660985938884,57.08660985938884,57.10733060700871,KORD,0.0,2.9133901406111637,2.9133901406111637,-0.020720747619876,60,60-61,57,56-57,57,56-57,57.10733060700871,2.8926693929912872,2.8926693929912872,57,57,56-57,56-57
2026-01-09,60.0,59.89931090338519,59.89931090338519,59.88054939153866,KORD,0.0,0.1006890966148148,0.1006890966148148,0.0187615118465274,60,60-61,60,60-61,60,60-61,59.88054939153866,0.11945060846134226,0.11945060846134226,60,60,60-61,60-61
2026-01-10,40.0,39.84356299158144,39.84356299158144,39.84356299158144,KORD,0.0,0.156437008418564,0.156437008418564,-7.105427357601002e-15,40,40-41,40,40-41,40,40-41,39.84356299158144,0.1564370084185569,0.1564370084185569,40,40,40-41,40-41
2026-01-11,33.0,33.14995120163645,33.14995120163645,33.153895657968775,KORD,0.0,-0.1499512016364477,-0.1499512016364477,-0.0039444563323272,33,32-33,33,32-33,33,32-33,33.153895657968775,-0.1538956579687749,-0.1538956579687749,33,33,32-33,32-33
2026-01-12,42.0,41.075535046186495,41.075535046186495,41.12498738641128,KORD,0.0,0.924464953813505,0.924464953813505,-0.0494523402247821,42,42-43,41,40-41,41,40-41,41.12498738641128,0.8750126135887228,0.8750126135887228,41,41,40-41,40-41
2026-01-13,52.0,51.66717772901284,51.66717772901284,51.649752761590136,KORD,0.0,0.3328222709871653,0.3328222709871653,0.0174249674226985,52,52-53,52,52-53,52,52-53,51.649752761590136,0.3502472384098638,0.3502472384098638,52,52,52-53,52-53
2026-01-14,41.0,40.972159767914,40.97282451401386,40.93290647909088,KORD,0.0006647460998578,0.0278402320859996,0.0271754859861417,0.0392532888231187,41,40-41,41,40-41,41,40-41,40.93357122519074,0.06709352090911835,0.06642877480926046,41,41,40-41,40-41
2026-01-15,24.0,24.56094290030361,24.56094290030361,24.572819404864816,KORD,0.0,-0.5609429003036084,-0.5609429003036084,-0.0118765045612079,24,24-25,25,24-25,25,24-25,24.572819404864816,-0.5728194048648163,-0.5728194048648163,25,25,24-25,24-25
2026-01-16,37.0,35.985718522124785,35.99582985593175,35.96653852241354,KORD,0.010111333806968,1.0142814778752154,1.0041701440682471,0.0191799997112411,37,36-37,36,36-37,36,36-37,35.97664985622051,1.0334614775864566,1.0233501437794885,36,36,36-37,36-37
2026-01-17,21.0,20.917870570580256,20.917870570580256,20.917870570580256,KORD,0.0,0.0821294294197443,0.0821294294197443,0.0,21,20-21,21,20-21,21,20-21,20.917870570580256,0.08212942941974433,0.08212942941974433,21,21,20-21,20-21
2026-01-18,18.0,19.183836698387037,19.183836698387037,19.145544315547863,KORD,0.0,-1.183836698387033,-1.183836698387033,0.0382923828391703,18,18-19,19,18-19,19,18-19,19.145544315547863,-1.1455443155478626,-1.1455443155478626,19,19,18-19,18-19
2026-01-19,18.0,17.929603346211646,17.929603346211646,17.92960334621165,KORD,0.0,0.0703966537883538,0.0703966537883538,-3.552713678800501e-15,18,18-19,18,18-19,18,18-19,17.92960334621165,0.07039665378835025,0.07039665378835025,18,18,18-19,18-19
2026-01-20,24.0,21.7447358588396,21.7447358588396,21.79009408912973,KORD,0.0,2.255264141160403,2.255264141160403,-0.0453582302901338,24,24-25,22,22-23,22,22-23,21.79009408912973,2.209905910870269,2.209905910870269,22,22,22-23,22-23
2026-01-21,30.0,30.25519621555391,30.25519621555391,30.23985326139308,KORD,0.0,-0.2551962155539087,-0.2551962155539087,0.0153429541608289,30,30-31,30,30-31,30,30-31,30.23985326139308,-0.23985326139307972,-0.23985326139307972,30,30,30-31,30-31
2026-01-22,24.0,24.572702356850467,24.572702356850467,24.625125435055583,KORD,0.0,-0.572702356850467,-0.572702356850467,-0.0524230782051162,24,24-25,25,24-25,25,24-25,24.625125435055583,-0.6251254350555833,-0.6251254350555833,25,25,24-25,24-25
2026-01-23,3.0,3.156902584828956,3.156902584828956,3.1657521062176244,KORD,0.0,-0.1569025848289555,-0.1569025848289555,-0.0088495213886687,3,2-3,3,2-3,3,2-3,3.1657521062176244,-0.16575210621762437,-0.16575210621762437,3,3,2-3,2-3
2026-01-24,6.0,8.616165573206423,8.616165573206423,8.657019870480447,KORD,0.0,-2.6161655732064237,-2.6161655732064237,-0.0408542972740235,6,6-7,9,8-9,9,8-9,8.657019870480447,-2.657019870480447,-2.657019870480447,9,9,8-9,8-9
2026-01-25,14.0,16.667614900260553,16.67485695543894,16.707250519181727,KORD,0.0072420551783878,-2.6676149002605527,-2.6748569554389405,-0.0396356189211744,14,14-15,17,16-17,17,16-17,16.714492574360115,-2.707250519181727,-2.714492574360115,17,17,16-17,16-17
2026-01-26,10.0,9.370993616664515,9.370993616664515,9.42301007544023,KORD,0.0,0.6290063833354829,0.6290063833354829,-0.0520164587757125,10,10-11,9,8-9,9,8-9,9.42301007544023,0.5769899245597703,0.5769899245597703,9,9,8-9,8-9
2026-01-27,14.0,14.979833373545302,14.979833373545302,14.965038229758918,KORD,0.0,-0.9798333735453024,-0.9798333735453024,0.0147951437863849,14,14-15,15,14-15,15,14-15,14.965038229758918,-0.9650382297589175,-0.9650382297589175,15,15,14-15,14-15
2026-01-28,17.0,15.54150790407278,15.54150790407278,15.52291592611886,KORD,0.0,1.4584920959272196,1.4584920959272196,0.0185919779539212,17,16-17,16,16-17,16,16-17,15.52291592611886,1.4770840738811408,1.4770840738811408,16,16,16-17,16-17
2026-01-29,17.0,17.307109772973334,17.307109772973334,17.326070291226042,KORD,0.0,-0.3071097729733338,-0.3071097729733338,-0.0189605182527081,17,16-17,17,16-17,17,16-17,17.326070291226042,-0.32607029122604203,-0.32607029122604203,17,17,16-17,16-17
2026-01-30,18.0,19.27273651410896,19.27471252425733,19.290799345034493,KORD,0.0019760101483718,-1.27273651410896,-1.2747125242573318,-0.0180628309255332,18,18-19,19,18-19,19,18-19,19.292775355182865,-1.2907993450344932,-1.2927753551828651,19,19,18-19,18-19
2026-01-31,25.0,24.74920552624473,24.74920552624473,24.74970961408989,KORD,0.0,0.2507944737552705,0.2507944737552705,-0.0005040878451616,25,24-25,25,24-25,25,24-25,24.74970961408989,0.2502903859101089,0.2502903859101089,25,25,24-25,24-25
2026-02-01,28.0,27.7913909166265,27.7913909166265,27.782255335495343,KORD,0.0,0.2086090833734992,0.2086090833734992,0.0091355811311579,28,28-29,28,28-29,28,28-29,27.782255335495343,0.21774466450465724,0.21774466450465724,28,28,28-29,28-29
2026-02-02,27.0,28.72845384367973,28.72999776705204,28.72804111683644,KORD,0.0015439233723029,-1.728453843679734,-1.729997767052037,0.0004127268432938,27,26-27,29,28-29,29,28-29,28.729585040208743,-1.7280411168364402,-1.7295850402087432,29,29,28-29,28-29
2026-02-03,29.0,27.167964674279045,27.167964674279045,27.178058362561124,KORD,0.0,1.8320353257209556,1.8320353257209556,-0.0100936882820796,29,28-29,27,26-27,27,26-27,27.178058362561124,1.8219416374388757,1.8219416374388757,27,27,26-27,26-27
2026-02-04,27.0,27.18707887783115,27.18809670796871,27.16314670921504,KORD,0.0010178301375596,-0.1870788778311514,-0.188096707968711,0.0239321686161098,27,26-27,27,26-27,27,26-27,27.1641645393526,-0.1631467092150416,-0.16416453935260122,27,27,26-27,26-27
2026-02-05,31.0,28.96517985484867,28.96517985484867,28.99445052117938,KORD,0.0,2.034820145151329,2.034820145151329,-0.02927066633071,31,30-31,29,28-29,29,28-29,28.99445052117938,2.005549478820619,2.005549478820619,29,29,28-29,28-29
2026-02-06,38.0,37.03022597638245,37.03022597638245,37.01397764372855,KORD,0.0,0.9697740236175534,0.9697740236175534,0.0162483326538946,38,38-39,37,36-37,37,36-37,37.01397764372855,0.9860223562714481,0.9860223562714481,37,37,36-37,36-37
2026-02-07,24.0,25.042122006816832,25.042122006816832,25.07393524272983,KORD,0.0,-1.0421220068168324,-1.0421220068168324,-0.031813235912999,24,24-25,25,24-25,25,24-25,25.07393524272983,-1.0739352427298314,-1.0739352427298314,25,25,24-25,24-25
2026-02-08,30.0,30.62954172952177,30.62954172952177,30.642768615299783,KORD,0.0,-0.6295417295217689,-0.6295417295217689,-0.013226885778014,30,30-31,31,30-31,31,30-31,30.642768615299783,-0.6427686152997829,-0.6427686152997829,31,31,30-31,30-31
2026-02-09,38.0,39.67207487700857,39.67207487700857,39.76243449346445,KORD,0.0,-1.6720748770085692,-1.6720748770085692,-0.0903596164558777,38,38-39,40,40-41,40,40-41,39.76243449346445,-1.762434493464447,-1.762434493464447,40,40,40-41,40-41
2026-02-10,47.0,48.30333338707528,48.30333338707528,48.2849620107578,KORD,0.0,-1.303333387075284,-1.303333387075284,0.0183713763174822,47,46-47,48,48-49,48,48-49,48.2849620107578,-1.284962010757802,-1.284962010757802,48,48,48-49,48-49
2026-02-11,42.0,39.68492275769994,39.68492275769994,39.6550739746127,KORD,0.0,2.315077242300056,2.315077242300056,0.029848783087246,42,42-43,40,40-41,40,40-41,39.6550739746127,2.344926025387302,2.344926025387302,40,40,40-41,40-41
2026-02-12,39.0,40.348064048755575,40.348064048755575,40.370880217526505,KORD,0.0,-1.3480640487555746,-1.3480640487555746,-0.0228161687709302,39,38-39,40,40-41,40,40-41,40.370880217526505,-1.370880217526505,-1.370880217526505,40,40,40-41,40-41
2026-02-13,54.0,52.34259185748616,52.34259185748616,52.37313056872793,KORD,0.0,1.6574081425138374,1.6574081425138374,-0.0305387112417676,54,54-55,52,52-53,52,52-53,52.37313056872793,1.6268694312720697,1.6268694312720697,52,52,52-53,52-53
2026-02-14,51.0,54.23122895423056,54.23122895423056,54.25372164252438,KORD,0.0,-3.2312289542305592,-3.2312289542305592,-0.0224926882938234,51,50-51,54,54-55,54,54-55,54.25372164252438,-3.2537216425243827,-3.2537216425243827,54,54,54-55,54-55
2026-02-15,60.0,57.77468958693218,57.77468958693218,57.76797088803557,KORD,0.0,2.2253104130678167,2.2253104130678167,0.0067186988966128,60,60-61,58,58-59,58,58-59,57.76797088803557,2.2320291119644295,2.2320291119644295,58,58,58-59,58-59
2026-02-16,65.0,63.80450275824164,63.80450275824164,63.844642078251646,KORD,0.0,1.1954972417583605,1.1954972417583605,-0.0401393200100059,65,64-65,64,64-65,64,64-65,63.844642078251646,1.1553579217483545,1.1553579217483545,64,64,64-65,64-65
2026-02-17,55.0,57.577167055064606,57.577167055064606,57.617712918922194,KORD,0.0,-2.5771670550646064,-2.5771670550646064,-0.0405458638575879,55,54-55,58,58-59,58,58-59,57.617712918922194,-2.6177129189221944,-2.6177129189221944,58,58,58-59,58-59
2026-02-18,63.0,61.96463909207936,61.96463909207936,61.99130720907738,KORD,0.0,1.0353609079206407,1.0353609079206407,-0.0266681169980174,63,62-63,62,62-63,62,62-63,61.99130720907738,1.0086927909226233,1.0086927909226233,62,62,62-63,62-63
2026-02-19,58.0,57.10736511543391,57.10736511543391,57.1152110784416,KORD,0.0,0.8926348845660925,0.8926348845660925,-0.0078459630076892,58,58-59,57,56-57,57,56-57,57.1152110784416,0.8847889215584033,0.8847889215584033,57,57,56-57,56-57
2026-02-20,44.0,43.82791929073958,43.82791929073958,43.82791929073959,KORD,0.0,0.1720807092604204,0.1720807092604204,-7.105427357601002e-15,44,44-45,44,44-45,44,44-45,43.82791929073959,0.1720807092604133,0.1720807092604133,44,44,44-45,44-45
2026-02-21,28.0,31.31912310535485,31.31912310535485,31.301708282953623,KORD,0.0,-3.319123105354855,-3.319123105354855,0.017414822401232,28,28-29,31,30-31,31,30-31,31.301708282953623,-3.301708282953623,-3.301708282953623,31,31,30-31,30-31
2026-02-22,27.0,27.325048065002683,27.325048065002683,27.34918169862152,KORD,0.0,-0.325048065002683,-0.325048065002683,-0.0241336336188382,27,26-27,27,26-27,27,26-27,27.34918169862152,-0.34918169862152126,-0.34918169862152126,27,27,26-27,26-27
2026-02-23,29.0,27.430527484067944,27.430527484067944,27.465431618547804,KORD,0.0,1.5694725159320555,1.5694725159320555,-0.0349041344798592,29,28-29,27,26-27,27,26-27,27.465431618547804,1.5345683814521962,1.5345683814521962,27,27,26-27,26-27
2026-02-24,38.0,40.08469533660705,40.08469533660705,40.11808410271638,KORD,0.0,-2.084695336607048,-2.084695336607048,-0.0333887661093328,38,38-39,40,40-41,40,40-41,40.11808410271638,-2.118084102716381,-2.118084102716381,40,40,40-41,40-41
2026-02-25,37.0,33.92327617702795,33.92327617702795,33.95163908480434,KORD,0.0,3.076723822972049,3.076723822972049,-0.0283629077763905,37,36-37,34,34-35,34,34-35,33.95163908480434,3.0483609151956585,3.0483609151956585,34,34,34-35,34-35
2026-02-26,41.0,43.313249036878304,43.313249036878304,43.334498958577385,KORD,0.0,-2.313249036878304,-2.313249036878304,-0.0212499216990806,41,40-41,43,42-43,43,42-43,43.334498958577385,-2.3344989585773845,-2.3344989585773845,43,43,42-43,42-43
2026-02-27,65.0,62.166168835294265,62.166168835294265,62.22880572581813,KORD,0.0,2.8338311647057357,2.8338311647057357,-0.0626368905238621,65,64-65,62,62-63,62,62-63,62.22880572581813,2.771194274181873,2.771194274181873,62,62,62-63,62-63
2026-02-28,43.0,42.83183021595004,42.83183021595004,42.83183021595005,KORD,0.0,0.168169784049958,0.168169784049958,-7.105427357601002e-15,43,42-43,43,42-43,43,42-43,42.83183021595005,0.16816978404995098,0.16816978404995098,43,43,42-43,42-43
2026-03-01,32.0,31.117198173728667,31.117198173728667,31.178593436232703,KORD,0.0,0.8828018262713329,0.8828018262713329,-0.0613952625040354,32,32-33,31,30-31,31,30-31,31.178593436232703,0.8214065637672974,0.8214065637672974,31,31,30-31,30-31
2026-03-02,42.0,41.21481439618987,41.21481439618987,41.25823258840563,KORD,0.0,0.7851856038101275,0.7851856038101275,-0.0434181922157606,42,42-43,41,40-41,41,40-41,41.25823258840563,0.7417674115943669,0.7417674115943669,41,41,40-41,40-41
2026-03-03,42.0,41.94228213242401,41.94228213242401,41.9585113931737,KORD,0.0,0.0577178675759881,0.0577178675759881,-0.0162292607496894,42,42-43,42,42-43,42,42-43,41.9585113931737,0.041488606826298735,0.041488606826298735,42,42,42-43,42-43
2026-03-04,45.0,47.2670012722438,47.2670012722438,47.29021114962024,KORD,0.0,-2.267001272243803,-2.267001272243803,-0.0232098773764377,45,44-45,47,46-47,47,46-47,47.29021114962024,-2.290211149620241,-2.290211149620241,47,47,46-47,46-47
2026-03-05,50.0,48.8966935990487,48.91933183090531,48.894321137361246,KORD,0.0226382318566038,1.103306400951297,1.080668169094693,0.0023724616874574,50,50-51,49,48-49,49,48-49,48.91695936921785,1.1056788626387544,1.0830406307821505,49,49,48-49,48-49
2026-03-06,65.0,65.83914071841184,65.83703550343161,65.83370034371445,KORD,-0.0021052149802329,-0.8391407184118407,-0.8370355034316077,0.0054403746973861,65,64-65,66,66-67,66,66-67,65.83159512873422,-0.8337003437144546,-0.8315951287342216,66,66,66-67,66-67
2026-03-07,65.0,64.8443989403061,64.8443989403061,64.84933925777142,KORD,0.0,0.1556010596938932,0.1556010596938932,-0.0049403174653122,65,64-65,65,64-65,65,64-65,64.84933925777142,0.15066074222858106,0.15066074222858106,65,65,64-65,64-65
2026-03-08,62.0,59.95776251382313,59.95776251382313,59.986036363294325,KORD,0.0,2.042237486176873,2.042237486176873,-0.0282738494711978,62,62-63,60,60-61,60,60-61,59.986036363294325,2.0139636367056752,2.0139636367056752,60,60,60-61,60-61
2026-03-09,72.0,73.28270606408203,73.28270606408203,73.32697909443293,KORD,0.0,-1.282706064082035,-1.282706064082035,-0.0442730303508938,72,72-73,73,72-73,73,72-73,73.32697909443293,-1.3269790944329287,-1.3269790944329287,73,73,72-73,72-73
2026-03-10,61.0,61.0797683598872,61.0797683598872,61.04427945579614,KORD,0.0,-0.0797683598872041,-0.0797683598872041,0.0354889040910606,61,60-61,61,60-61,61,60-61,61.04427945579614,-0.04427945579614345,-0.04427945579614345,61,61,60-61,60-61
2026-03-12,44.0,43.77074729294776,43.77074729294776,43.7426419868267,KORD,0.0,0.2292527070522396,0.2292527070522396,0.0281053061210627,44,44-45,44,44-45,44,44-45,43.7426419868267,0.2573580131733024,0.2573580131733024,44,44,44-45,44-45
2026-03-13,47.0,45.43312078106529,45.43312078106529,45.475757329702034,KORD,0.0,1.5668792189347087,1.5668792189347087,-0.042636548636743,47,46-47,45,44-45,45,44-45,45.475757329702034,1.5242426702979657,1.5242426702979657,45,45,44-45,44-45
2026-03-14,36.0,37.36953791494855,37.36953791494855,37.42175033410197,KORD,0.0,-1.3695379149485447,-1.3695379149485447,-0.0522124191534274,36,36-37,37,36-37,37,36-37,37.42175033410197,-1.4217503341019722,-1.4217503341019722,37,37,36-37,36-37
2026-03-15,62.0,59.91312463972265,59.91092162596461,59.884813592040416,KORD,-0.0022030137580415,2.0868753602773467,2.089078374035388,0.0283110476822372,62,62-63,60,60-61,60,60-61,59.882610578282375,2.115186407959584,2.1173894217176255,60,60,60-61,60-61
2026-03-16,31.0,31.142186107439485,31.142931973528025,31.10199517363167,KORD,0.0007458660885397,-0.1421861074394854,-0.1429319735280252,0.0401909338078141,31,30-31,31,30-31,31,30-31,31.10274103972021,-0.10199517363167132,-0.10274103972021109,31,31,30-31,30-31
2026-03-17,24.0,22.402813848821364,22.402813848821364,22.394270067518885,KORD,0.0,1.5971861511786365,1.5971861511786365,0.0085437813024782,24,24-25,22,22-23,22,22-23,22.394270067518885,1.6057299324811147,1.6057299324811147,22,22,22-23,22-23
2026-03-18,46.0,43.85251596231026,43.85251596231026,43.83622888595055,KORD,0.0,2.1474840376897437,2.1474840376897437,0.0162870763597098,46,46-47,44,44-45,44,44-45,43.83622888595055,2.163771114049453,2.163771114049453,44,44,44-45,44-45
2026-03-19,62.0,56.66488930250679,56.66488930250679,56.67118028441367,KORD,0.0,5.335110697493207,5.335110697493207,-0.0062909819068792,62,62-63,57,56-57,57,56-57,56.67118028441367,5.328819715586327,5.328819715586327,57,57,56-57,56-57
2026-03-20,71.0,67.15730807470507,67.15730807470507,67.13970095086955,KORD,0.0,3.842691925294929,3.842691925294929,0.0176071238355177,71,70-71,67,66-67,67,66-67,67.13970095086955,3.8602990491304467,3.8602990491304467,67,67,66-67,66-67
2026-03-21,77.0,70.88264831335468,70.88264831335468,70.89969360956582,KORD,0.0,6.117351686645321,6.117351686645321,-0.0170452962111369,77,76-77,71,70-71,71,70-71,70.89969360956582,6.100306390434184,6.100306390434184,71,71,70-71,70-71
2026-03-22,69.0,68.73014616047797,68.73014616047797,68.73014616047799,KORD,0.0,0.2698538395220282,0.2698538395220282,-1.4210854715202004e-14,69,68-69,69,68-69,69,68-69,68.73014616047799,0.269853839522014,0.269853839522014,69,69,68-69,68-69
2026-03-23,41.0,40.96773801399642,40.96773801399642,40.89612226179478,KORD,0.0,0.0322619860035828,0.0322619860035828,0.0716157522016374,41,40-41,41,40-41,41,40-41,40.89612226179478,0.10387773820522028,0.10387773820522028,41,41,40-41,40-41
2026-03-24,51.0,51.42933737698202,51.42933737698202,51.44481378247551,KORD,0.0,-0.4293373769820192,-0.4293373769820192,-0.0154764054934872,51,50-51,51,50-51,51,50-51,51.44481378247551,-0.4448137824755065,-0.4448137824755065,51,51,50-51,50-51
2026-03-25,71.0,69.52605731779406,69.52605731779406,69.53646279519943,KORD,0.0,1.4739426822059445,1.4739426822059445,-0.0104054774053707,71,70-71,70,70-71,70,70-71,69.53646279519943,1.4635372048005735,1.4635372048005735,70,70,70-71,70-71
2026-03-26,67.0,69.95703291670745,69.95703291670745,69.90682583054921,KORD,0.0,-2.957032916707448,-2.957032916707448,0.0502070861582382,67,66-67,70,70-71,70,70-71,69.90682583054921,-2.9068258305492094,-2.9068258305492094,70,70,70-71,70-71
2026-03-27,44.0,40.01995450882789,40.01995450882789,40.01752591074146,KORD,0.0,3.980045491172113,3.980045491172113,0.0024285980864249,44,44-45,40,40-41,40,40-41,40.01752591074146,3.982474089258538,3.982474089258538,40,40,40-41,40-41
2026-03-28,48.0,48.063144023671065,48.063144023671065,48.0719628795521,KORD,0.0,-0.0631440236710645,-0.0631440236710645,-0.0088188558810387,48,48-49,48,48-49,48,48-49,48.0719628795521,-0.07196287955210323,-0.07196287955210323,48,48,48-49,48-49
2026-03-29,63.0,64.35190065001885,64.35190065001885,64.33122011195124,KORD,0.0,-1.3519006500188482,-1.3519006500188482,0.0206805380676087,63,62-63,64,64-65,64,64-65,64.33122011195124,-1.3312201119512395,-1.3312201119512395,64,64,64-65,64-65
2026-03-30,80.0,78.49588908801785,78.49588908801785,78.46992544368462,KORD,0.0,1.5041109119821527,1.5041109119821527,0.0259636443332311,80,80-81,78,78-79,78,78-79,78.46992544368462,1.530074556315384,1.530074556315384,78,78,78-79,78-79
2026-03-31,68.0,70.77405572716687,70.77220564894478,70.7912939355928,KORD,-0.0018500782220911,-2.774055727166868,-2.7722056489447766,-0.0172382084259368,68,68-69,71,70-71,71,70-71,70.78944385737071,-2.7912939355928046,-2.7894438573707134,71,71,70-71,70-71
2026-04-01,40.0,40.17222482940704,40.17222482940704,40.15988885422234,KORD,0.0,-0.1722248294070354,-0.1722248294070354,0.0123359751846976,40,40-41,40,40-41,40,40-41,40.15988885422234,-0.15988885422233778,-0.15988885422233778,40,40,40-41,40-41
2026-04-02,70.0,62.7717428063105,62.7688306230423,62.80542234299166,KORD,-0.0029121832682008,7.228257193689501,7.231169376957702,-0.0336795366811628,70,70-71,63,62-63,63,62-63,62.80251015972346,7.194577657008338,7.197489840276539,63,63,62-63,62-63
2026-04-03,62.0,61.87397782925167,61.87397782925167,61.880848059626686,KORD,0.0,0.1260221707483282,0.1260221707483282,-0.0068702303750143,62,62-63,62,62-63,62,62-63,61.880848059626686,0.11915194037331389,0.11915194037331389,62,62,62-63,62-63
2026-04-04,56.0,55.78098818821401,55.78098818821401,55.78098818821402,KORD,0.0,0.2190118117859896,0.2190118117859896,-7.105427357601002e-15,56,56-57,56,56-57,56,56-57,55.78098818821402,0.2190118117859825,0.2190118117859825,56,56,56-57,56-57
2026-04-05,53.0,49.457487387613895,49.457487387613895,49.45816300776018,KORD,0.0,3.542512612386105,3.542512612386105,-0.000675620146282,53,52-53,49,48-49,49,48-49,49.45816300776018,3.5418369922398227,3.5418369922398227,49,49,48-49,48-49
2026-04-06,50.0,49.38038000887796,49.38038000887796,49.3666482004978,KORD,0.0,0.6196199911220432,0.6196199911220432,0.0137318083801574,50,50-51,49,48-49,49,48-49,49.3666482004978,0.6333517995022007,0.6333517995022007,49,49,48-49,48-49
2026-04-07,38.0,38.08066940084633,38.08066940084633,38.076030057313055,KORD,0.0,-0.0806694008463324,-0.0806694008463324,0.0046393435332774,38,38-39,38,38-39,38,38-39,38.076030057313055,-0.07603005731305501,-0.07603005731305501,38,38,38-39,38-39
2026-04-08,71.0,67.11394849980351,67.11394849980351,67.10656736727833,KORD,0.0,3.886051500196487,3.886051500196487,0.0073811325251824,71,70-71,67,66-67,67,66-67,67.10656736727833,3.8934326327216695,3.8934326327216695,67,67,66-67,66-67
2026-04-09,70.0,68.99864511744373,68.99864511744373,69.03443090732513,KORD,0.0,1.0013548825562708,1.0013548825562708,-0.0357857898814018,70,70-71,69,68-69,69,68-69,69.03443090732513,0.965569092674869,0.965569092674869,69,69,68-69,68-69
2026-04-10,54.0,51.24427179651847,51.24427179651847,51.2615277271857,KORD,0.0,2.755728203481532,2.755728203481532,-0.0172559306672326,54,54-55,51,50-51,51,50-51,51.2615277271857,2.738472272814299,2.738472272814299,51,51,50-51,50-51
2026-04-11,55.0,54.97601556338918,54.97601556338918,54.94455414631079,KORD,0.0,0.0239844366108172,0.0239844366108172,0.0314614170783897,55,54-55,55,54-55,55,54-55,54.94455414631079,0.05544585368920707,0.05544585368920707,55,55,54-55,54-55
2026-04-12,79.0,79.83792088380878,79.83792088380878,79.84172383476756,KORD,0.0,-0.8379208838087777,-0.8379208838087777,-0.0038029509587858,79,78-79,80,80-81,80,80-81,79.84172383476756,-0.8417238347675635,-0.8417238347675635,80,80,80-81,80-81
2026-04-13,78.0,78.46735005375001,78.46735005375001,78.43802774889889,KORD,0.0,-0.4673500537500104,-0.4673500537500104,0.0293223048511208,78,78-79,78,78-79,78,78-79,78.43802774889889,-0.4380277488988895,-0.4380277488988895,78,78,78-79,78-79
2026-04-14,82.0,78.23297267607438,78.23297267607438,78.19954093281115,KORD,0.0,3.7670273239256176,3.7670273239256176,0.033431743263236,82,82-83,78,78-79,78,78-79,78.19954093281115,3.8004590671888536,3.8004590671888536,78,78,78-79,78-79
2026-04-15,72.0,72.27262071420752,72.27139142727499,72.21417537221663,KORD,-0.0012292869325278,-0.2726207142075196,-0.2713914272749917,0.0584453419908896,72,72-73,72,72-73,72,72-73,72.2129460852841,-0.21417537221662997,-0.21294608528410208,72,72,72-73,72-73
2026-04-16,74.0,68.00937401412435,68.02259263969135,68.04054103328927,KORD,0.0132186255670063,5.990625985875653,5.977407360308646,-0.0311670191649255,74,74-75,68,68-69,68,68-69,68.05375965885628,5.959458966710727,5.946240341143721,68,68,68-69,68-69
2026-04-17,80.0,81.23601118611701,81.23601118611701,81.20845938680978,KORD,0.0,-1.236011186117011,-1.236011186117011,0.0275517993072327,80,80-81,81,80-81,81,80-81,81.20845938680978,-1.2084593868097784,-1.2084593868097784,81,81,80-81,80-81
2026-04-18,63.0,62.75361171174077,62.75361171174077,62.75361171174077,KORD,0.0,0.2463882882592329,0.2463882882592329,0.0,63,62-63,63,62-63,63,62-63,62.75361171174077,0.24638828825923298,0.24638828825923298,63,63,62-63,62-63
2026-04-19,48.0,48.67311584090729,48.67311584090729,48.660274082482886,KORD,0.0,-0.6731158409072933,-0.6731158409072933,0.0128417584244076,48,48-49,49,48-49,49,48-49,48.660274082482886,-0.6602740824828857,-0.6602740824828857,49,49,48-49,48-49
2026-04-20,56.0,55.43352291816285,55.43352291816285,55.456394581844506,KORD,0.0,0.5664770818371494,0.5664770818371494,-0.0228716636816557,56,56-57,55,54-55,55,54-55,55.456394581844506,0.5436054181554937,0.5436054181554937,55,55,54-55,54-55
2026-04-21,76.0,74.0584992136514,74.0584992136514,74.08975016356423,KORD,0.0,1.9415007863485985,1.9415007863485985,-0.031250949912831,76,76-77,74,74-75,74,74-75,74.08975016356423,1.9102498364357672,1.9102498364357672,74,74,74-75,74-75
2026-04-22,72.0,73.17241698332214,73.17241698332214,73.1426904506562,KORD,0.0,-1.1724169833221367,-1.1724169833221367,0.0297265326659328,72,72-73,73,72-73,73,72-73,73.1426904506562,-1.142690450656204,-1.142690450656204,73,73,72-73,72-73
2026-04-23,80.0,80.65284655372776,80.65284655372776,80.6694193576152,KORD,0.0,-0.6528465537277555,-0.6528465537277555,-0.0165728038874419,80,80-81,81,80-81,81,80-81,80.6694193576152,-0.6694193576151974,-0.6694193576151974,81,81,80-81,80-81
2026-04-24,71.0,72.45110712172273,72.45110712172273,72.4215327780324,KORD,0.0,-1.4511071217227285,-1.4511071217227285,0.0295743436903279,71,70-71,72,72-73,72,72-73,72.4215327780324,-1.4215327780324003,-1.4215327780324003,72,72,72-73,72-73
2026-04-25,55.0,58.558808003487655,58.558808003487655,58.55207349110321,KORD,0.0,-3.5588080034876555,-3.5588080034876555,0.0067345123844475,55,54-55,59,58-59,59,58-59,58.55207349110321,-3.552073491103208,-3.552073491103208,59,59,58-59,58-59
2026-04-26,59.0,60.143891678775496,60.143891678775496,60.131599729093,KORD,0.0,-1.1438916787754962,-1.1438916787754962,0.0122919496824991,59,58-59,60,60-61,60,60-61,60.131599729093,-1.131599729092997,-1.131599729092997,60,60,60-61,60-61
2026-04-27,68.0,65.14644523555224,65.14526591206356,65.15088987570704,KORD,-0.001179323488671,2.853554764447765,2.854734087936436,-0.0044446401548015,68,68-69,65,64-65,65,64-65,65.14971055221837,2.849110124292963,2.850289447781634,65,65,64-65,64-65
2026-04-28,64.0,61.76850472676023,61.76850472676023,61.78528945337212,KORD,0.0,2.231495273239773,2.231495273239773,-0.0167847266118954,64,64-65,62,62-63,62,62-63,61.78528945337212,2.2147105466278774,2.2147105466278774,62,62,62-63,62-63
2026-04-29,57.0,56.843456345265686,56.843456345265686,56.81212030559378,KORD,0.0,0.1565436547343139,0.1565436547343139,0.0313360396719062,57,56-57,57,56-57,57,56-57,56.81212030559378,0.1878796944062202,0.1878796944062202,57,57,56-57,56-57
2026-04-30,54.0,54.23616724872812,54.23616724872812,54.26681456415928,KORD,0.0,-0.2361672487281154,-0.2361672487281154,-0.0306473154311675,54,54-55,54,54-55,54,54-55,54.26681456415928,-0.26681456415928295,-0.26681456415928295,54,54,54-55,54-55
2026-05-01,49.0,49.31544510718306,49.31544510718306,49.28579019900015,KORD,0.0,-0.3154451071830593,-0.3154451071830593,0.0296549081829127,49,48-49,49,48-49,49,48-49,49.28579019900015,-0.28579019900014657,-0.28579019900014657,49,49,48-49,48-49
2026-05-02,56.0,54.19875863756228,54.19875863756228,54.18608816402571,KORD,0.0,1.8012413624377217,1.8012413624377217,0.0126704735365663,56,56-57,54,54-55,54,54-55,54.18608816402571,1.813911835974288,1.813911835974288,54,54,54-55,54-55
2026-05-03,68.0,65.54898437359071,65.54898437359071,65.52763261108343,KORD,0.0,2.451015626409287,2.451015626409287,0.0213517625072796,68,68-69,66,66-67,66,66-67,65.52763261108343,2.4723673889165667,2.4723673889165667,66,66,66-67,66-67
2026-05-04,79.0,79.20116488109001,79.20116488109001,79.20174497272279,KORD,0.0,-0.2011648810900084,-0.2011648810900084,-0.0005800916327842,79,78-79,79,78-79,79,78-79,79.20174497272279,-0.20174497272279268,-0.20174497272279268,79,79,78-79,78-79
2026-05-05,61.0,61.26844061535285,61.26844061535285,61.245993306135134,KORD,0.0,-0.2684406153528442,-0.2684406153528442,0.0224473092177106,61,60-61,61,60-61,61,60-61,61.245993306135134,-0.2459933061351336,-0.2459933061351336,61,61,60-61,60-61
2026-05-06,57.0,55.793660186346216,55.793660186346216,55.76214770923304,KORD,0.0,1.2063398136537842,1.2063398136537842,0.0315124771131749,57,56-57,56,56-57,56,56-57,55.76214770923304,1.2378522907669591,1.2378522907669591,56,56,56-57,56-57
2026-05-07,59.0,59.19710364555622,59.19710364555622,59.1393243865632,KORD,0.0,-0.1971036455562185,-0.1971036455562185,0.0577792589930155,59,58-59,59,58-59,59,58-59,59.1393243865632,-0.139324386563203,-0.139324386563203,59,59,58-59,58-59
2026-05-08,66.0,67.32531457645078,67.32531457645078,67.32213950599625,KORD,0.0,-1.3253145764507792,-1.3253145764507792,0.0031750704545316,66,66-67,67,66-67,67,66-67,67.32213950599625,-1.3221395059962475,-1.3221395059962475,67,67,66-67,66-67
2026-05-09,75.0,70.8756949288642,70.8756949288642,70.87277365095983,KORD,0.0,4.124305071135794,4.124305071135794,0.0029212779043774,75,74-75,71,70-71,71,70-71,70.87277365095983,4.127226349040171,4.127226349040171,71,71,70-71,70-71
2026-05-10,64.0,63.06086607659659,63.06086607659659,63.09475168441821,KORD,0.0,0.9391339234034106,0.9391339234034106,-0.0338856078216238,64,64-65,63,62-63,63,62-63,63.09475168441821,0.9052483155817868,0.9052483155817868,63,63,62-63,62-63
2026-05-11,55.0,55.99392539667176,55.99392539667176,55.96762958734045,KORD,0.0,-0.9939253966717628,-0.9939253966717628,0.0262958093313159,55,54-55,56,56-57,56,56-57,55.96762958734045,-0.967629587340447,-0.967629587340447,56,56,56-57,56-57
2026-05-12,71.0,75.58020232048146,75.58020232048146,75.5788321777975,KORD,0.0,-4.580202320481462,-4.580202320481462,0.0013701426839674,71,70-71,76,76-77,76,76-77,75.5788321777975,-4.578832177797494,-4.578832177797494,76,76,76-77,76-77
2026-05-13,58.0,59.78420038988296,59.78420038988296,59.776986876817126,KORD,0.0,-1.7842003898829546,-1.7842003898829546,0.0072135130658281,58,58-59,60,60-61,60,60-61,59.776986876817126,-1.7769868768171264,-1.7769868768171264,60,60,60-61,60-61
2026-05-14,66.0,65.82861022498521,65.82861022498521,65.88607072628497,KORD,0.0,0.1713897750147879,0.1713897750147879,-0.0574605012997579,66,66-67,66,66-67,66,66-67,65.88607072628497,0.11392927371502992,0.11392927371502992,66,66,66-67,66-67
2026-05-15,75.0,73.69170215724712,73.69170215724712,73.67205885146149,KORD,0.0,1.3082978427528786,1.3082978427528786,0.0196433057856353,75,74-75,74,74-75,74,74-75,73.67205885146149,1.327941148538514,1.327941148538514,74,74,74-75,74-75
2026-05-16,83.0,84.20986207124083,84.20986207124083,84.21322077788295,KORD,0.0,-1.2098620712408348,-1.2098620712408348,-0.0033587066421176,83,82-83,84,84-85,84,84-85,84.21322077788295,-1.2132207778829525,-1.2132207778829525,84,84,84-85,84-85
2026-05-17,86.0,86.27415278103015,86.27415278103015,86.29287572794715,KORD,0.0,-0.2741527810301534,-0.2741527810301534,-0.0187229469169949,86,86-87,86,86-87,86,86-87,86.29287572794715,-0.29287572794714833,-0.29287572794714833,86,86,86-87,86-87
2026-05-18,79.0,80.64529265865221,80.64529265865221,80.60709019391632,KORD,0.0,-1.6452926586522096,-1.6452926586522096,0.0382024647358889,79,78-79,81,80-81,81,80-81,80.60709019391632,-1.6070901939163207,-1.6070901939163207,81,81,80-81,80-81
2026-05-19,78.0,77.51920527800202,77.51920527800202,77.51779320471263,KORD,0.0,0.4807947219979809,0.4807947219979809,0.0014120732893871,78,78-79,78,78-79,78,78-79,77.51779320471263,0.4822067952873681,0.4822067952873681,78,78,78-79,78-79
2026-05-20,60.0,59.76534448737216,59.76534448737216,59.76534448737216,KORD,0.0,0.234655512627846,0.234655512627846,-7.105427357601002e-15,60,60-61,60,60-61,60,60-61,59.76534448737216,0.2346555126278389,0.2346555126278389,60,60,60-61,60-61
2026-05-21,58.0,59.52162317299276,59.52162317299276,59.56378984442615,KORD,0.0,-1.5216231729927614,-1.5216231729927614,-0.0421666714333852,58,58-59,60,60-61,60,60-61,59.56378984442615,-1.5637898444261467,-1.5637898444261467,60,60,60-61,60-61
2026-05-22,65.0,67.28282980885413,67.28282980885413,67.28947426889764,KORD,0.0,-2.282829808854132,-2.282829808854132,-0.0066444600435033,65,64-65,67,66-67,67,66-67,67.28947426889764,-2.289474268897635,-2.289474268897635,67,67,66-67,66-67
2026-05-23,70.0,71.40425818433508,71.40425818433508,71.3885477939404,KORD,0.0,-1.4042581843350774,-1.4042581843350774,0.0157103903946733,70,70-71,71,70-71,71,70-71,71.3885477939404,-1.388547793940404,-1.388547793940404,71,71,70-71,70-71
2026-05-24,77.0,74.7913178239144,74.7913178239144,74.76949334695779,KORD,0.0,2.2086821760856026,2.2086821760856026,0.0218244769566098,77,76-77,75,74-75,75,74-75,74.76949334695779,2.2305066530422124,2.2305066530422124,75,75,74-75,74-75
2026-05-25,83.0,84.62104438537165,84.62104438537165,84.66041494748471,KORD,0.0,-1.621044385371647,-1.621044385371647,-0.0393705621130635,83,82-83,85,84-85,85,84-85,84.66041494748471,-1.6604149474847105,-1.6604149474847105,85,85,84-85,84-85
2026-05-26,83.0,86.2278748481394,86.2278748481394,86.30286583600561,KORD,0.0,-3.2278748481393933,-3.2278748481393933,-0.0749909878662151,83,82-83,86,86-87,86,86-87,86.30286583600561,-3.3028658360056085,-3.3028658360056085,86,86,86-87,86-87
2026-05-27,82.0,84.93276453133701,84.93276453133701,84.88896272376736,KORD,0.0,-2.932764531337014,-2.932764531337014,0.0438018075696504,82,82-83,85,84-85,85,84-85,84.88896272376736,-2.8889627237673636,-2.8889627237673636,85,85,84-85,84-85
2026-05-28,71.0,70.95185584828138,70.95185584828138,70.94672868620086,KORD,0.0,0.0481441517186169,0.0481441517186169,0.0051271620805266,71,70-71,71,70-71,71,70-71,70.94672868620086,0.05327131379914363,0.05327131379914363,71,71,70-71,70-71
2026-05-29,84.0,84.5629958536606,84.5629958536606,84.58588046679691,KORD,0.0,-0.5629958536605955,-0.5629958536605955,-0.0228846131363127,84,84-85,85,84-85,85,84-85,84.58588046679691,-0.5858804667969082,-0.5858804667969082,85,85,84-85,84-85
2026-05-30,73.0,71.5531177309694,71.5531177309694,71.58117025110093,KORD,0.0,1.4468822690305956,1.4468822690305956,-0.0280525201315242,73,72-73,72,72-73,72,72-73,71.58117025110093,1.4188297488990713,1.4188297488990713,72,72,72-73,72-73
2026-05-31,75.0,73.41574676490751,73.41574676490751,73.43265885546043,KORD,0.0,1.5842532350924898,1.5842532350924898,-0.0169120905529212,75,74-75,73,72-73,73,72-73,73.43265885546043,1.5673411445395686,1.5673411445395686,73,73,72-73,72-73
2026-06-01,72.0,70.28302526520159,70.28302526520159,70.26484466532206,KORD,0.0,1.7169747347984128,1.7169747347984128,0.0181805998795283,72,72-73,70,70-71,70,70-71,70.26484466532206,1.7351553346779411,1.7351553346779411,70,70,70-71,70-71
2026-06-02,74.0,73.00552276025046,72.93923164546507,73.02891136746578,KORD,-0.0662911147853861,0.9944772397495428,1.060768354534929,-0.0233886072153239,74,74-75,73,72-73,73,72-73,72.9626202526804,0.9710886325342187,1.037379747319605,73,73,72-73,72-73
2026-06-03,82.0,82.14686920143981,82.14619926434388,82.21155778395573,KORD,-0.0006699370959353,-0.1468692014398129,-0.1461992643438776,-0.0646885825159131,82,82-83,82,82-83,82,82-83,82.21088784685979,-0.2115577839557261,-0.21088784685979078,82,82,82-83,82-83
2026-06-04,87.0,85.64284411684488,85.5525142374599,85.67899606780523,KORD,-0.0903298793849813,1.3571558831551158,1.4474857625400972,-0.0361519509603454,87,86-87,86,86-87,86,86-87,85.58866618842025,1.3210039321947704,1.4113338115797518,86,86,86-87,86-87
2026-06-05,80.0,78.45473639299205,77.8621551294466,78.49715239141608,KORD,-0.5925812635454406,1.5452636070079535,2.137844870553394,-0.0424159984240333,80,80-81,78,78-79,78,78-79,77.90457112787064,1.5028476085839202,2.095428872129361,78,78,78-79,78-79
2026-06-06,84.0,87.22901579006871,87.14334692192801,87.22364018346116,KORD,-0.0856688681407007,-3.229015790068715,-3.143346921928014,0.0053756066075578,84,84-85,87,86-87,87,86-87,87.13797131532046,-3.223640183461157,-3.1379713153204563,87,87,86-87,86-87
2026-06-07,83.0,83.45755994252994,83.43083568331299,83.42830741560147,KORD,-0.0267242592169481,-0.4575599425299401,-0.430835683312992,0.0292525269284738,83,82-83,83,82-83,83,82-83,83.40158315638452,-0.42830741560146635,-0.40158315638451825,83,83,82-83,82-83
2026-06-08,84.0,81.97983202296165,81.73831310537093,81.94494115830076,KORD,-0.2415189175907102,2.020167977038355,2.261686894629065,0.0348908646608805,84,84-85,82,82-83,82,82-83,81.70342224071005,2.0550588416992355,2.2965777592899457,82,82,82-83,82-83
2026-06-09,87.0,86.10063100225162,85.99235726427055,86.05912288629568,KORD,-0.1082737379810652,0.8993689977483825,1.0076427357294475,0.0415081159559349,87,86-87,86,86-87,86,86-87,85.95084914831462,0.9408771137043175,1.0491508516853827,86,86,86-87,86-87
2026-06-10,91.0,90.21392157807507,89.78162958630915,90.1981708410628,KORD,-0.432291991765922,0.7860784219249268,1.2183704136908489,0.0157507370122687,91,90-91,90,90-91,90,90-91,89.76587884929688,0.8018291589371955,1.2341211507031176,90,90,90-91,90-91
2026-06-11,82.0,85.00345557906864,84.81956781551195,84.9482049859829,KORD,-0.1838877635566973,-3.0034555790686426,-2.819567815511945,0.0552505930857449,82,82-83,85,84-85,85,84-85,84.7643172224262,-2.9482049859828976,-2.7643172224262003,85,85,84-85,84-85
2026-06-12,81.0,78.37487975391794,78.30685728955056,78.2913609152265,KORD,-0.0680224643673739,2.625120246082062,2.693142710449436,0.0835188386914325,81,80-81,78,78-79,78,78-79,78.22333845085913,2.7086390847734947,2.7766615491408686,78,78,78-79,78-79
2026-06-13,83.0,84.91750166219708,84.91750166219708,84.8735806628199,KORD,0.0,-1.9175016621970824,-1.9175016621970824,0.0439209993771783,83,82-83,85,84-85,85,84-85,84.8735806628199,-1.8735806628199043,-1.8735806628199043,85,85,84-85,84-85
2026-06-14,69.0,69.9916021311598,70.02890151047473,69.95477980294862,KORD,0.0372993793149305,-0.9916021311597945,-1.028901510474725,0.0368223282111728,69,68-69,70,70-71,70,70-71,69.99207918226355,-0.9547798029486216,-0.9920791822635522,70,70,70-71,70-71
2026-06-15,76.0,74.54917587170827,74.54917587170827,74.54430096941039,KORD,0.0,1.4508241282917282,1.4508241282917282,0.0048749022978853,76,76-77,75,74-75,75,74-75,74.54430096941039,1.4556990305896136,1.4556990305896136,75,75,74-75,74-75
2026-06-16,76.0,73.09766556933998,73.12334508083298,73.08978139271686,KORD,0.0256795114929957,2.9023344306600194,2.876654919167024,0.0078841766231221,76,76-77,73,72-73,73,72-73,73.11546090420985,2.9102186072831415,2.884539095790146,73,73,72-73,72-73
2026-06-17,70.0,67.17564620487568,67.17610573470783,67.1795934993541,KORD,0.0004595298321561,2.824353795124324,2.823894265292168,-0.0039472944784222,70,70-71,67,66-67,67,66-67,67.18005302918625,2.820406500645902,2.8199469708137457,67,67,66-67,66-67
2026-06-18,73.0,72.33189466025793,72.33189466025793,72.3344550857038,KORD,0.0,0.6681053397420698,0.6681053397420698,-0.0025604254458642,73,72-73,72,72-73,72,72-73,72.3344550857038,0.6655449142962055,0.6655449142962055,72,72,72-73,72-73
2026-06-19,76.0,74.73822878327455,74.73822878327455,74.74196020874714,KORD,0.0,1.2617712167254496,1.2617712167254496,-0.0037314254725941,76,76-77,75,74-75,75,74-75,74.74196020874714,1.2580397912528554,1.2580397912528554,75,75,74-75,74-75
2026-06-20,76.0,75.9873062619854,75.9873062619854,75.99946748498165,KORD,0.0,0.0126937380146046,0.0126937380146046,-0.0121612229962551,76,76-77,76,76-77,76,76-77,75.99946748498165,0.0005325150183494998,0.0005325150183494998,76,76,76-77,76-77
2026-06-21,71.0,72.4434299029333,72.4434299029333,72.46974238761422,KORD,0.0,-1.4434299029333033,-1.4434299029333033,-0.0263124846809148,71,70-71,72,72-73,72,72-73,72.46974238761422,-1.4697423876142182,-1.4697423876142182,72,72,72-73,72-73
2026-01-01,42.0,42.75396897170859,42.75396897170859,42.725717626454994,KSEA,0.0,-0.7539689717085878,-0.7539689717085878,0.0282513452535937,42,42-43,43,42-43,43,42-43,42.725717626454994,-0.725717626454994,-0.725717626454994,43,43,42-43,42-43
2026-01-02,49.0,48.28324043508618,48.28324043508618,48.083717980141856,KSEA,0.0,0.7167595649138221,0.7167595649138221,0.1995224549443222,49,48-49,48,48-49,48,48-49,48.083717980141856,0.9162820198581443,0.9162820198581443,48,48,48-49,48-49
2026-01-03,53.0,52.90380949068442,52.90326089674405,53.169822738650645,KSEA,-0.0005485939403726,0.0961905093155834,0.0967391032559561,-0.266013247966228,53,52-53,53,52-53,53,52-53,53.16927414471027,-0.16982273865064457,-0.1692741447102719,53,53,52-53,52-53
2026-01-04,48.0,48.59959875037699,48.59959875037699,48.76913302801981,KSEA,0.0,-0.5995987503769911,-0.5995987503769911,-0.1695342776428177,48,48-49,49,48-49,49,48-49,48.76913302801981,-0.7691330280198088,-0.7691330280198088,49,49,48-49,48-49
2026-01-05,43.0,44.45646330855616,44.45689016942728,44.5693963604276,KSEA,0.0004268608711157,-1.4564633085561596,-1.4568901694272751,-0.1129330518714368,43,42-43,44,44-45,44,44-45,44.56982322129871,-1.5693963604275964,-1.5698232212987122,45,45,44-45,44-45
2026-01-06,44.0,44.55749757802277,44.56296122507938,44.66653697814148,KSEA,0.0054636470566151,-0.5574975780227689,-0.5629612250793841,-0.1090394001187107,44,44-45,45,44-45,45,44-45,44.672000625198095,-0.6665369781414796,-0.6720006251980948,45,45,44-45,44-45
2026-01-07,42.0,42.013168728085695,42.01858976113888,42.194771320077,KSEA,0.0054210330531887,-0.0131687280856951,-0.0185897611388838,-0.1816025919913073,42,42-43,42,42-43,42,42-43,42.20019235313019,-0.19477132007700249,-0.20019235313019124,42,42,42-43,42-43
2026-01-08,44.0,44.0775558587696,44.0775558587696,44.05198452754198,KSEA,0.0,-0.0775558587695997,-0.0775558587695997,0.0255713312276171,44,44-45,44,44-45,44,44-45,44.05198452754198,-0.05198452754198257,-0.05198452754198257,44,44,44-45,44-45
2026-01-09,51.0,50.43981890645413,50.43981890645413,50.45705805213638,KSEA,0.0,0.5601810935458715,0.5601810935458715,-0.0172391456822538,51,50-51,50,50-51,50,50-51,50.45705805213638,0.5429419478636177,0.5429419478636177,50,50,50-51,50-51
2026-01-10,48.0,49.51360396521972,49.51360396521972,49.560969201654935,KSEA,0.0,-1.5136039652197226,-1.5136039652197226,-0.0473652364352119,48,48-49,50,50-51,50,50-51,49.560969201654935,-1.5609692016549346,-1.5609692016549346,50,50,50-51,50-51
2026-01-11,50.0,49.75257781838899,49.75257781838899,49.58596023505893,KSEA,0.0,0.2474221816110073,0.2474221816110073,0.1666175833300656,50,50-51,50,50-51,50,50-51,49.58596023505893,0.414039764941073,0.414039764941073,50,50,50-51,50-51
2026-01-12,53.0,52.82096970329029,52.82973041829855,52.60420492436527,KSEA,0.0087607150082646,0.1790302967097119,0.1702695817014472,0.2167647789250182,53,52-53,53,52-53,53,52-53,52.612965639373535,0.39579507563473015,0.38703436062646546,53,53,52-53,52-53
2026-01-13,57.0,58.0329638602866,58.0329638602866,58.208359994139,KSEA,0.0,-1.0329638602865998,-1.0329638602865998,-0.1753961338524021,57,56-57,58,58-59,58,58-59,58.208359994139,-1.208359994139002,-1.208359994139002,58,58,58-59,58-59
2026-01-14,52.0,51.99646029089052,51.99646029089052,52.107475976571166,KSEA,0.0,0.0035397091094822,0.0035397091094822,-0.1110156856806483,52,52-53,52,52-53,52,52-53,52.107475976571166,-0.10747597657116614,-0.10747597657116614,52,52,52-53,52-53
2026-01-15,49.0,49.74773366361374,49.74773366361374,49.76174348672791,KSEA,0.0,-0.7477336636137366,-0.7477336636137366,-0.014009823114172,49,48-49,50,50-51,50,50-51,49.76174348672791,-0.7617434867279087,-0.7617434867279087,50,50,50-51,50-51
2026-01-16,52.0,51.61179811640898,51.61179811640898,51.623368094845766,KSEA,0.0,0.388201883591023,0.388201883591023,-0.011569978436789,52,52-53,52,52-53,52,52-53,51.623368094845766,0.37663190515423395,0.37663190515423395,52,52,52-53,52-53
2026-01-17,53.0,51.396815585906445,51.396815585906445,51.47748863428138,KSEA,0.0,1.6031844140935547,1.6031844140935547,-0.0806730483749333,53,52-53,51,50-51,51,50-51,51.47748863428138,1.5225113657186213,1.5225113657186213,51,51,50-51,50-51
2026-01-18,49.0,48.97041209581565,48.97041209581565,49.08796196302096,KSEA,0.0,0.0295879041843463,0.0295879041843463,-0.1175498672053052,49,48-49,49,48-49,49,48-49,49.08796196302096,-0.08796196302095893,-0.08796196302095893,49,49,48-49,48-49
2026-01-19,49.0,48.85957941739241,48.85957941739241,49.01056829708239,KSEA,0.0,0.1404205826075895,0.1404205826075895,-0.1509888796899829,49,48-49,49,48-49,49,48-49,49.01056829708239,-0.010568297082393485,-0.010568297082393485,49,49,48-49,48-49
2026-01-20,50.0,46.03335207351699,46.03335207351699,45.95102123043995,KSEA,0.0,3.966647926483013,3.966647926483013,0.0823308430770382,50,50-51,46,46-47,46,46-47,45.95102123043995,4.048978769560051,4.048978769560051,46,46,46-47,46-47
2026-01-21,44.0,45.58371582585588,45.58371582585588,45.564472850656855,KSEA,0.0,-1.583715825855876,-1.583715825855876,0.0192429751990204,44,44-45,46,46-47,46,46-47,45.564472850656855,-1.5644728506568555,-1.5644728506568555,46,46,46-47,46-47
2026-01-22,40.0,41.48848982954421,41.48848982954421,41.45941371592802,KSEA,0.0,-1.4884898295442142,-1.4884898295442142,0.0290761136161918,40,40-41,41,40-41,41,40-41,41.45941371592802,-1.4594137159280223,-1.4594137159280223,41,41,40-41,40-41
2026-01-23,45.0,44.3601762977678,44.3601762977678,44.5140632400892,KSEA,0.0,0.6398237022321993,0.6398237022321993,-0.1538869423213995,45,44-45,44,44-45,44,44-45,44.5140632400892,0.48593675991079976,0.48593675991079976,45,45,44-45,44-45
2026-01-24,44.0,43.18901350048044,43.18901350048044,43.32134216340303,KSEA,0.0,0.8109864995195579,0.8109864995195579,-0.132328662922589,44,44-45,43,42-43,43,42-43,43.32134216340303,0.6786578365969689,0.6786578365969689,43,43,42-43,42-43
2026-01-25,44.0,42.10980803335562,42.10980803335562,42.28053441695989,KSEA,0.0,1.8901919666443805,1.8901919666443805,-0.1707263836042685,44,44-45,42,42-43,42,42-43,42.28053441695989,1.7194655830401118,1.7194655830401118,42,42,42-43,42-43
2026-01-26,46.0,45.6049489788794,45.6049489788794,45.819175784586776,KSEA,0.0,0.3950510211206008,0.3950510211206008,-0.2142268057073764,46,46-47,46,46-47,46,46-47,45.819175784586776,0.18082421541322447,0.18082421541322447,46,46,46-47,46-47
2026-01-27,50.0,51.384256040974485,51.384256040974485,51.36386975334113,KSEA,0.0,-1.3842560409744848,-1.3842560409744848,0.0203862876333573,50,50-51,51,50-51,51,50-51,51.36386975334113,-1.3638697533411275,-1.3638697533411275,51,51,50-51,50-51
2026-01-28,51.0,50.5310290541735,50.5310290541735,50.522430585586754,KSEA,0.0,0.4689709458264985,0.4689709458264985,0.0085984685867472,51,50-51,51,50-51,51,50-51,50.522430585586754,0.47756941441324585,0.47756941441324585,51,51,50-51,50-51
2026-01-29,51.0,53.07101244186646,53.07327649451828,53.04076430725951,KSEA,0.0022640526518244,-2.0710124418664577,-2.073276494518282,0.0302481346069498,51,50-51,53,52-53,53,52-53,53.04302835991133,-2.040764307259508,-2.0430283599113324,53,53,52-53,52-53
2026-01-30,53.0,52.24482278264555,52.24708683529736,52.194574716482535,KSEA,0.0022640526518102,0.7551772173544506,0.7529131647026404,0.0502480661630144,53,52-53,52,52-53,52,52-53,52.196838769134345,0.8054252835174651,0.8031612308656548,52,52,52-53,52-53
2026-01-31,57.0,58.17531694090608,58.17531694090608,58.15717846719871,KSEA,0.0,-1.1753169409060789,-1.1753169409060789,0.018138473707367,57,56-57,58,58-59,58,58-59,58.15717846719871,-1.1571784671987118,-1.1571784671987118,58,58,58-59,58-59
2026-02-01,52.0,52.57927290506721,52.58234866773371,52.62279328226991,KSEA,0.0030757626665049,-0.5792729050672065,-0.5823486677337115,-0.0435203772027037,52,52-53,53,52-53,53,52-53,52.625869044936415,-0.6227932822699103,-0.6258690449364153,53,53,52-53,52-53
2026-02-02,53.0,51.01943337791936,51.01943337791936,50.79370169352329,KSEA,0.0,1.9805666220806373,1.9805666220806373,0.2257316843960737,53,52-53,51,50-51,51,50-51,50.79370169352329,2.206298306476711,2.206298306476711,51,51,50-51,50-51
2026-02-03,53.0,57.90273079295735,57.90273079295735,57.75190360848616,KSEA,0.0,-4.90273079295735,-4.90273079295735,0.1508271844711899,53,52-53,58,58-59,58,58-59,57.75190360848616,-4.75190360848616,-4.75190360848616,58,58,58-59,58-59
2026-02-04,61.0,60.63248942978197,60.63248942978197,60.58549405222345,KSEA,0.0,0.3675105702180303,0.3675105702180303,0.0469953775585167,61,60-61,61,60-61,61,60-61,60.58549405222345,0.41450594777654715,0.41450594777654715,61,61,60-61,60-61
2026-02-05,56.0,58.50108289871864,58.50108289871864,58.35603774163455,KSEA,0.0,-2.501082898718643,-2.501082898718643,0.1450451570840911,56,56-57,59,58-59,59,58-59,58.35603774163455,-2.3560377416345517,-2.3560377416345517,58,58,58-59,58-59
2026-02-06,57.0,56.81410906328673,56.81410906328673,56.860725149699775,KSEA,0.0,0.185890936713271,0.185890936713271,-0.0466160864130458,57,56-57,57,56-57,57,56-57,56.860725149699775,0.13927485030022524,0.13927485030022524,57,57,56-57,56-57
2026-02-07,51.0,52.57504615732002,52.577617170792784,52.51684139460525,KSEA,0.0025710134727603,-1.575046157320024,-1.5776171707927844,0.058204762714773,51,50-51,53,52-53,53,52-53,52.51941240807801,-1.516841394605251,-1.5194124080780114,53,53,52-53,52-53
2026-02-08,49.0,49.89393585140596,49.89393585140596,49.98431309495208,KSEA,0.0,-0.8939358514059634,-0.8939358514059634,-0.0903772435461149,49,48-49,50,50-51,50,50-51,49.98431309495208,-0.9843130949520784,-0.9843130949520784,50,50,50-51,50-51
2026-02-09,50.0,49.52494215462323,49.52494215462323,49.625641960780655,KSEA,0.0,0.4750578453767673,0.4750578453767673,-0.1006998061574222,50,50-51,50,50-51,50,50-51,49.625641960780655,0.3743580392193451,0.3743580392193451,50,50,50-51,50-51
2026-02-10,54.0,53.57392854586804,53.57392854586804,53.7815488543602,KSEA,0.0,0.4260714541319643,0.4260714541319643,-0.2076203084921672,54,54-55,54,54-55,54,54-55,53.7815488543602,0.21845114563979706,0.21845114563979706,54,54,54-55,54-55
2026-02-11,51.0,51.11854242864813,51.11854242864813,51.285757813800544,KSEA,0.0,-0.1185424286481264,-0.1185424286481264,-0.1672153851524171,51,50-51,51,50-51,51,50-51,51.285757813800544,-0.28575781380054366,-0.28575781380054366,51,51,50-51,50-51
2026-02-12,52.0,50.27506353062926,50.27506353062926,50.188969575415534,KSEA,0.0,1.7249364693707392,1.7249364693707392,0.0860939552137267,52,52-53,50,50-51,50,50-51,50.188969575415534,1.811030424584466,1.811030424584466,50,50,50-51,50-51
2026-02-13,47.0,48.09893687440428,48.09893687440428,48.02642261684015,KSEA,0.0,-1.098936874404281,-1.098936874404281,0.0725142575641299,47,46-47,48,48-49,48,48-49,48.02642261684015,-1.0264226168401507,-1.0264226168401507,48,48,48-49,48-49
2026-02-14,48.0,46.89511822287612,46.89511822287612,46.81875783654786,KSEA,0.0,1.1048817771238788,1.1048817771238788,0.0763603863282611,48,48-49,47,46-47,47,46-47,46.81875783654786,1.18124216345214,1.18124216345214,47,47,46-47,46-47
2026-02-15,46.0,46.71224464181204,46.71224464181204,46.81493380677178,KSEA,0.0,-0.7122446418120347,-0.7122446418120347,-0.1026891649597487,46,46-47,47,46-47,47,46-47,46.81493380677178,-0.8149338067717835,-0.8149338067717835,47,47,46-47,46-47
2026-02-16,42.0,42.277321269391145,42.277321269391145,42.56675461390646,KSEA,0.0,-0.2773212693911446,-0.2773212693911446,-0.2894333445153165,42,42-43,42,42-43,42,42-43,42.56675461390646,-0.5667546139064612,-0.5667546139064612,43,43,42-43,42-43
2026-02-17,46.0,44.539985224258864,44.539985224258864,44.77931299816452,KSEA,0.0,1.4600147757411364,1.4600147757411364,-0.2393277739056571,46,46-47,45,44-45,45,44-45,44.77931299816452,1.2206870018354792,1.2206870018354792,45,45,44-45,44-45
2026-02-18,41.0,42.0382224894874,42.0382224894874,42.04738275125636,KSEA,0.0,-1.0382224894873957,-1.0382224894873957,-0.0091602617689616,41,40-41,42,42-43,42,42-43,42.04738275125636,-1.0473827512563574,-1.0473827512563574,42,42,42-43,42-43
2026-02-19,41.0,39.11462594890964,39.11462594890964,39.13730613433355,KSEA,0.0,1.8853740510903592,1.8853740510903592,-0.0226801854239084,41,40-41,39,38-39,39,38-39,39.13730613433355,1.8626938656664507,1.8626938656664507,39,39,38-39,38-39
2026-02-20,42.0,43.07757500720994,43.07757500720994,43.09770103211517,KSEA,0.0,-1.077575007209944,-1.077575007209944,-0.0201260249052239,42,42-43,43,42-43,43,42-43,43.09770103211517,-1.0977010321151681,-1.0977010321151681,43,43,42-43,42-43
2026-02-21,48.0,45.84830428844142,45.851266114589045,45.79630971840081,KSEA,0.0029618261476258,2.151695711558581,2.1487338854109552,0.0519945700406054,48,48-49,46,46-47,46,46-47,45.79927154454844,2.2036902815991866,2.2007284554515607,46,46,46-47,46-47
2026-02-22,51.0,50.94790079501487,50.95016484766668,50.86904712324338,KSEA,0.0022640526518102,0.0520992049851329,0.0498351523333226,0.0788536717714905,51,50-51,51,50-51,51,50-51,50.87131117589519,0.13095287675662348,0.1286888241048132,51,51,50-51,50-51
2026-02-23,48.0,48.854733353107584,48.854733353107584,48.93099072987952,KSEA,0.0,-0.8547333531075836,-0.8547333531075836,-0.0762573767719345,48,48-49,49,48-49,49,48-49,48.93099072987952,-0.9309907298795181,-0.9309907298795181,49,49,48-49,48-49
2026-02-24,47.0,45.74916741489721,45.74916741489721,45.81430008936091,KSEA,0.0,1.250832585102792,1.250832585102792,-0.0651326744637046,47,46-47,46,46-47,46,46-47,45.81430008936091,1.1856999106390873,1.1856999106390873,46,46,46-47,46-47
2026-02-25,51.0,49.641584507339765,49.641584507339765,49.84845588156752,KSEA,0.0,1.3584154926602352,1.3584154926602352,-0.2068713742277523,51,50-51,50,50-51,50,50-51,49.84845588156752,1.1515441184324828,1.1515441184324828,50,50,50-51,50-51
2026-02-26,53.0,51.252537901991175,51.252537901991175,51.38371245263492,KSEA,0.0,1.747462098008825,1.747462098008825,-0.1311745506437418,53,52-53,51,50-51,51,50-51,51.38371245263492,1.6162875473650828,1.6162875473650828,51,51,50-51,50-51
2026-02-27,51.0,51.59196344736115,51.59196344736115,51.7134417012711,KSEA,0.0,-0.5919634473611524,-0.5919634473611524,-0.1214782539099488,51,50-51,52,52-53,52,52-53,51.7134417012711,-0.7134417012711012,-0.7134417012711012,52,52,52-53,52-53
2026-02-28,51.0,51.77618688934212,51.77618688934212,51.80452940319783,KSEA,0.0,-0.7761868893421209,-0.7761868893421209,-0.028342513855712,51,50-51,52,52-53,52,52-53,51.80452940319783,-0.804529403197833,-0.804529403197833,52,52,52-53,52-53
2026-03-01,56.0,54.818084151129256,54.818084151129256,54.79672165550543,KSEA,0.0,1.1819158488707444,1.1819158488707444,0.0213624956238263,56,56-57,55,54-55,55,54-55,54.79672165550543,1.2032783444945707,1.2032783444945707,55,55,54-55,54-55
2026-03-02,57.0,57.70892076302692,57.70892076302692,57.85052846548302,KSEA,0.0,-0.7089207630269172,-0.7089207630269172,-0.1416077024561062,57,56-57,58,58-59,58,58-59,57.85052846548302,-0.8505284654830234,-0.8505284654830234,58,58,58-59,58-59
2026-03-03,53.0,53.02752877571584,53.02752877571584,52.91527149597168,KSEA,0.0,-0.0275287757158437,-0.0275287757158437,0.1122572797441634,53,52-53,53,52-53,53,52-53,52.91527149597168,0.08472850402831966,0.08472850402831966,53,53,52-53,52-53
2026-03-04,51.0,52.62011388206579,52.62011388206579,52.87171774482868,KSEA,0.0,-1.6201138820657874,-1.6201138820657874,-0.2516038627628916,51,50-51,53,52-53,53,52-53,52.87171774482868,-1.871717744828679,-1.871717744828679,53,53,52-53,52-53
2026-03-05,51.0,50.80021633810253,50.80021633810253,50.81938051056412,KSEA,0.0,0.1997836618974702,0.1997836618974702,-0.0191641724615934,51,50-51,51,50-51,51,50-51,50.81938051056412,0.1806194894358768,0.1806194894358768,51,51,50-51,50-51
2026-03-06,50.0,50.11377496904122,50.11535831213164,49.994511743455305,KSEA,0.0015833430904166,-0.1137749690412235,-0.1153583121316401,0.119263225585918,50,50-51,50,50-51,50,50-51,49.99609508654572,0.005488256544694536,0.003904913454277903,50,50,50-51,50-51
2026-03-07,54.0,54.155137523691,54.155137523691,53.85700005334484,KSEA,0.0,-0.1551375236910033,-0.1551375236910033,0.2981374703461625,54,54-55,54,54-55,54,54-55,53.85700005334484,0.14299994665515925,0.14299994665515925,54,54,54-55,54-55
2026-03-08,53.0,52.15564678282652,52.15564678282652,52.56137494736381,KSEA,0.0,0.8443532171734773,0.8443532171734773,-0.4057281645372868,53,52-53,52,52-53,52,52-53,52.56137494736381,0.43862505263619056,0.43862505263619056,53,53,52-53,52-53
2026-03-09,45.0,44.447212849603055,44.447212849603055,44.674487167953856,KSEA,0.0,0.552787150396945,0.552787150396945,-0.2272743183508012,45,44-45,44,44-45,44,44-45,44.674487167953856,0.3255128320461438,0.3255128320461438,45,45,44-45,44-45
2026-03-10,48.0,45.60535889406793,45.60535889406793,46.19412853431733,KSEA,0.0,2.3946411059320667,2.3946411059320667,-0.5887696402493958,48,48-49,46,46-47,46,46-47,46.19412853431733,1.8058714656826709,1.8058714656826709,46,46,46-47,46-47
2026-03-11,51.0,50.24096367701656,50.24402686440842,50.07502110251675,KSEA,0.0030631873918594,0.7590363229834409,0.7559731355915815,0.1659425744998088,51,50-51,50,50-51,50,50-51,50.07808428990861,0.9249788974832498,0.9219157100913904,50,50,50-51,50-51
2026-03-12,47.0,46.54540993190104,46.54540993190104,46.86156538292364,KSEA,0.0,0.454590068098966,0.454590068098966,-0.3161554510226025,47,46-47,47,46-47,47,46-47,46.86156538292364,0.1384346170763635,0.1384346170763635,47,47,46-47,46-47
2026-03-13,36.0,37.64751741552099,37.64909236192598,37.335853048665165,KSEA,0.0015749464049932,-1.647517415520987,-1.6490923619259803,0.3116643668558225,36,36-37,38,38-39,38,38-39,37.33742799507016,-1.3358530486651645,-1.3374279950701577,37,37,36-37,36-37
2026-03-14,45.0,44.160833274691846,44.160833274691846,44.15156091318935,KSEA,0.0,0.8391667253081536,0.8391667253081536,0.0092723615024965,45,44-45,44,44-45,44,44-45,44.15156091318935,0.8484390868106502,0.8484390868106502,44,44,44-45,44-45
2026-03-15,48.0,45.85608013379221,45.85608013379221,45.961234416416616,KSEA,0.0,2.143919866207796,2.143919866207796,-0.1051542826244116,48,48-49,46,46-47,46,46-47,45.961234416416616,2.038765583583384,2.038765583583384,46,46,46-47,46-47
2026-03-16,55.0,56.43033515807416,56.43033515807416,56.57230275727871,KSEA,0.0,-1.4303351580741577,-1.4303351580741577,-0.1419675992045554,55,54-55,56,56-57,56,56-57,56.57230275727871,-1.5723027572787132,-1.5723027572787132,57,57,56-57,56-57
2026-03-17,53.0,53.5620121202476,53.56427617289941,53.447020252728855,KSEA,0.0022640526518173,-0.5620121202475943,-0.5642761728994117,0.1149918675187393,53,52-53,54,54-55,54,54-55,53.44928430538067,-0.4470202527288549,-0.4492843053806723,53,53,52-53,52-53
2026-03-18,56.0,55.96487068358224,55.96487068358224,55.97182934925966,KSEA,0.0,0.035129316417759,0.035129316417759,-0.0069586656774163,56,56-57,56,56-57,56,56-57,55.97182934925966,0.02817065074034275,0.02817065074034275,56,56,56-57,56-57
2026-03-19,54.0,55.42720198198304,55.42870313813057,55.432945210066194,KSEA,0.0015011561475333,-1.427201981983039,-1.4287031381305724,-0.0057432280831548,54,54-55,55,54-55,55,54-55,55.43444636621373,-1.432945210066194,-1.4344463662137272,55,55,54-55,54-55
2026-03-20,57.0,55.88203577839823,55.88121625653952,55.884548829113456,KSEA,-0.0008195218587019,1.117964221601774,1.118783743460476,-0.0025130507152297,57,56-57,56,56-57,56,56-57,55.883729307254754,1.1154511708865442,1.1162706927452462,56,56,56-57,56-57
2026-03-21,51.0,49.4678803951962,49.4678803951962,49.55631266541866,KSEA,0.0,1.5321196048038033,1.5321196048038033,-0.0884322702224622,51,50-51,49,48-49,49,48-49,49.55631266541866,1.443687334581341,1.443687334581341,50,50,50-51,50-51
2026-03-22,52.0,51.50797768818224,51.50797768818224,51.528257064861855,KSEA,0.0,0.492022311817756,0.492022311817756,-0.0202793766796105,52,52-53,52,52-53,52,52-53,51.528257064861855,0.47174293513814547,0.47174293513814547,52,52,52-53,52-53
2026-03-23,50.0,50.92939568524462,50.92939568524462,50.84062803040456,KSEA,0.0,-0.9293956852446216,-0.9293956852446216,0.088767654840062,50,50-51,51,50-51,51,50-51,50.84062803040456,-0.8406280304045595,-0.8406280304045595,51,51,50-51,50-51
2026-03-24,54.0,52.89873466151564,52.90150085522775,52.89516665154167,KSEA,0.0027661937121052,1.1012653384843605,1.098499144772255,0.0035680099739678,54,54-55,53,52-53,53,52-53,52.89793284525378,1.1048333484583281,1.1020671547462229,53,53,52-53,52-53
2026-03-25,51.0,51.03083574018223,51.03083574018223,51.60629955057474,KSEA,0.0,-0.0308357401822263,-0.0308357401822263,-0.5754638103925132,51,50-51,51,50-51,51,50-51,51.60629955057474,-0.6062995505747395,-0.6062995505747395,52,52,52-53,52-53
2026-03-26,52.0,51.93018738864642,51.93018738864642,52.09110259621145,KSEA,0.0,0.0698126113535835,0.0698126113535835,-0.1609152075650328,52,52-53,52,52-53,52,52-53,52.09110259621145,-0.09110259621144934,-0.09110259621144934,52,52,52-53,52-53
2026-03-27,58.0,54.77964940950809,54.77964940950809,54.85934383312298,KSEA,0.0,3.220350590491911,3.220350590491911,-0.0796944236148888,58,58-59,55,54-55,55,54-55,54.85934383312298,3.1406561668770223,3.1406561668770223,55,55,54-55,54-55
2026-03-28,55.0,55.13729506416327,55.13729506416327,55.357136895629765,KSEA,0.0,-0.1372950641632684,-0.1372950641632684,-0.2198418314664962,55,54-55,55,54-55,55,54-55,55.357136895629765,-0.3571368956297647,-0.3571368956297647,55,55,54-55,54-55
2026-03-29,46.0,46.2135086587407,46.2135086587407,46.5527011061599,KSEA,0.0,-0.2135086587407002,-0.2135086587407002,-0.3391924474192009,46,46-47,46,46-47,46,46-47,46.5527011061599,-0.5527011061599012,-0.5527011061599012,47,47,46-47,46-47
2026-03-30,50.0,48.34081337287951,48.34081337287951,48.28186461180952,KSEA,0.0,1.6591866271204907,1.6591866271204907,0.0589487610699919,50,50-51,48,48-49,48,48-49,48.28186461180952,1.7181353881904826,1.7181353881904826,48,48,48-49,48-49
2026-03-31,56.0,53.961097683562365,53.961097683562365,53.82451961398214,KSEA,0.0,2.0389023164376354,2.0389023164376354,0.1365780695802243,56,56-57,54,54-55,54,54-55,53.82451961398214,2.1754803860178598,2.1754803860178598,54,54,54-55,54-55
2026-04-01,49.0,50.29750664643927,50.29397095226797,50.20660024264043,KSEA,-0.0035356941712976,-1.2975066464392668,-1.2939709522679692,0.09090640379884,49,48-49,50,50-51,50,50-51,50.20306454846913,-1.2066002426404268,-1.2030645484691291,50,50,50-51,50-51
2026-04-02,53.0,51.96778356413379,51.96778356413379,51.97559009037489,KSEA,0.0,1.0322164358662107,1.0322164358662107,-0.0078065262410973,53,52-53,52,52-53,52,52-53,51.97559009037489,1.0244099096251134,1.0244099096251134,52,52,52-53,52-53
2026-04-03,57.0,56.39284121564221,56.39284121564221,56.46885286433859,KSEA,0.0,0.6071587843577859,0.6071587843577859,-0.0760116486963724,57,56-57,56,56-57,56,56-57,56.46885286433859,0.5311471356614135,0.5311471356614135,56,56,56-57,56-57
2026-04-04,63.0,62.240530254823234,62.240530254823234,62.379840116278345,KSEA,0.0,0.7594697451767658,0.7594697451767658,-0.1393098614551107,63,62-63,62,62-63,62,62-63,62.379840116278345,0.6201598837216551,0.6201598837216551,62,62,62-63,62-63
2026-04-05,67.0,65.59320132813278,65.59320132813278,65.5975679000135,KSEA,0.0,1.4067986718672216,1.4067986718672216,-0.0043665718807233,67,66-67,66,66-67,66,66-67,65.5975679000135,1.4024320999864983,1.4024320999864983,66,66,66-67,66-67
2026-04-06,72.0,69.19619489441214,69.19619489441214,69.41566122850679,KSEA,0.0,2.8038051055878555,2.8038051055878555,-0.2194663340946476,72,72-73,69,68-69,69,68-69,69.41566122850679,2.584338771493208,2.584338771493208,69,69,68-69,68-69
2026-04-07,55.0,55.63250565623806,55.63250565623806,55.58434489112364,KSEA,0.0,-0.6325056562380595,-0.6325056562380595,0.0481607651144173,55,54-55,56,56-57,56,56-57,55.58434489112364,-0.5843448911236422,-0.5843448911236422,56,56,56-57,56-57
2026-04-08,61.0,60.58788945919265,60.58788945919265,60.53884307608914,KSEA,0.0,0.4121105408073475,0.4121105408073475,0.0490463831035157,61,60-61,61,60-61,61,60-61,60.53884307608914,0.46115692391086327,0.46115692391086327,61,61,60-61,60-61
2026-04-09,66.0,65.3273824756765,65.3273824756765,65.145741424378,KSEA,0.0,0.6726175243234991,0.6726175243234991,0.1816410512984987,66,66-67,65,64-65,65,64-65,65.145741424378,0.8542585756219978,0.8542585756219978,65,65,64-65,64-65
2026-04-10,68.0,67.26372473861704,67.26372473861704,66.94267671580715,KSEA,0.0,0.7362752613829571,0.7362752613829571,0.3210480228098902,68,68-69,67,66-67,67,66-67,66.94267671580715,1.0573232841928473,1.0573232841928473,67,67,66-67,66-67
2026-04-11,54.0,54.925559165764135,54.93028976461792,54.61541858023647,KSEA,0.0047305988537829,-0.9255591657641348,-0.9302897646179176,0.3101405855276624,54,54-55,55,54-55,55,54-55,54.620149179090255,-0.6154185802364722,-0.6201491790902551,55,55,54-55,54-55
2026-04-12,56.0,58.697995997386165,58.697995997386165,58.68217783973145,KSEA,0.0,-2.6979959973861654,-2.6979959973861654,0.0158181576547136,56,56-57,59,58-59,59,58-59,58.68217783973145,-2.6821778397314517,-2.6821778397314517,59,59,58-59,58-59
2026-04-13,55.0,54.546047717684026,54.546047717684026,54.54285205448414,KSEA,0.0,0.4539522823159743,0.4539522823159743,0.0031956631998824,55,54-55,55,54-55,55,54-55,54.54285205448414,0.4571479455158567,0.4571479455158567,55,55,54-55,54-55
2026-04-14,47.0,49.074891654360336,49.07104544662946,49.12401907448552,KSEA,-0.0038462077308736,-2.074891654360336,-2.071045446629462,-0.0491274201251812,47,46-47,49,48-49,49,48-49,49.12017286675464,-2.124019074485517,-2.1201728667546433,49,49,48-49,48-49
2026-04-15,49.0,46.59195474226024,46.58873069958696,46.67990274186483,KSEA,-0.0032240426732812,2.408045257739765,2.4112693004130463,-0.0879479996045944,49,48-49,47,46-47,47,46-47,46.67667869919155,2.3200972581351706,2.323321300808452,47,47,46-47,46-47
2026-04-16,55.0,53.4020903899418,53.4020903899418,53.39496860898138,KSEA,0.0,1.5979096100582026,1.5979096100582026,0.0071217809604178,55,54-55,53,52-53,53,52-53,53.39496860898138,1.6050313910186205,1.6050313910186205,53,53,52-53,52-53
2026-04-17,55.0,56.09364516803891,56.09364516803891,55.91820438518676,KSEA,0.0,-1.0936451680389112,-1.0936451680389112,0.1754407828521493,55,54-55,56,56-57,56,56-57,55.91820438518676,-0.9182043851867618,-0.9182043851867618,56,56,56-57,56-57
2026-04-18,68.0,66.21396716247267,66.21396716247267,66.1820020677606,KSEA,0.0,1.7860328375273298,1.7860328375273298,0.0319650947120635,68,68-69,66,66-67,66,66-67,66.1820020677606,1.8179979322393933,1.8179979322393933,66,66,66-67,66-67
2026-04-19,74.0,71.7715823976757,71.7715823976757,71.70976800143254,KSEA,0.0,2.228417602324299,2.228417602324299,0.0618143962431645,74,74-75,72,72-73,72,72-73,71.70976800143254,2.2902319985674637,2.2902319985674637,72,72,72-73,72-73
2026-04-20,70.0,71.89596342776451,71.89596342776451,71.83909473593468,KSEA,0.0,-1.8959634277645137,-1.8959634277645137,0.056868691829834,70,70-71,72,72-73,72,72-73,71.83909473593468,-1.8390947359346796,-1.8390947359346796,72,72,72-73,72-73
2026-04-21,58.0,60.0400596531005,60.0400596531005,60.00656617612282,KSEA,0.0,-2.0400596531004997,-2.0400596531004997,0.0334934769776822,58,58-59,60,60-61,60,60-61,60.00656617612282,-2.006566176122817,-2.006566176122817,60,60,60-61,60-61
2026-04-22,52.0,55.59937154139124,55.606012237637685,55.41883262064352,KSEA,0.0066406962464427,-3.5993715413912426,-3.606012237637685,0.1805389207477219,52,52-53,56,56-57,56,56-57,55.42547331688996,-3.4188326206435207,-3.4254733168899634,55,55,54-55,54-55
2026-04-23,57.0,57.97348126021347,57.97348126021347,57.56606156009501,KSEA,0.0,-0.973481260213468,-0.973481260213468,0.40741970011846,57,56-57,58,58-59,58,58-59,57.56606156009501,-0.5660615600950081,-0.5660615600950081,58,58,58-59,58-59
2026-04-24,63.0,61.18908830823738,61.18908830823738,61.32402804183795,KSEA,0.0,1.81091169176262,1.81091169176262,-0.134939733600568,63,62-63,61,60-61,61,60-61,61.32402804183795,1.6759719581620516,1.6759719581620516,61,61,60-61,60-61
2026-04-25,64.0,64.26837237528864,64.26837237528864,64.30718472603948,KSEA,0.0,-0.2683723752886351,-0.2683723752886351,-0.0388123507508453,64,64-65,64,64-65,64,64-65,64.30718472603948,-0.30718472603948044,-0.30718472603948044,64,64,64-65,64-65
2026-04-26,67.0,66.66414862479539,66.66414862479539,66.7807188975437,KSEA,0.0,0.3358513752046121,0.3358513752046121,-0.1165702727483051,67,66-67,67,66-67,67,66-67,66.7807188975437,0.21928110245630705,0.21928110245630705,67,67,66-67,66-67
2026-04-27,56.0,58.69489674924909,58.69489674924909,58.40935826697067,KSEA,0.0,-2.6948967492490894,-2.6948967492490894,0.2855384822784188,56,56-57,59,58-59,59,58-59,58.40935826697067,-2.4093582669706706,-2.4093582669706706,58,58,58-59,58-59
2026-04-28,55.0,57.74609866742578,57.74609866742578,57.62768546656984,KSEA,0.0,-2.746098667425777,-2.746098667425777,0.1184132008559402,55,54-55,58,58-59,58,58-59,57.62768546656984,-2.6276854665698366,-2.6276854665698366,58,58,58-59,58-59
2026-04-29,65.0,67.30851396420732,67.30851396420732,67.41265989269806,KSEA,0.0,-2.3085139642073216,-2.3085139642073216,-0.1041459284907375,65,64-65,67,66-67,67,66-67,67.41265989269806,-2.412659892698059,-2.412659892698059,67,67,66-67,66-67
2026-04-30,74.0,74.04053772106855,74.04053772106855,74.03924152352934,KSEA,0.0,-0.0405377210685458,-0.0405377210685458,0.0012961975392045,74,74-75,74,74-75,74,74-75,74.03924152352934,-0.03924152352934129,-0.03924152352934129,74,74,74-75,74-75
2026-05-01,71.0,72.3594886008718,72.3594886008718,72.50470853471313,KSEA,0.0,-1.3594886008717992,-1.3594886008717992,-0.1452199338413322,71,70-71,72,72-73,72,72-73,72.50470853471313,-1.5047085347131315,-1.5047085347131315,73,73,72-73,72-73
2026-05-02,74.0,72.01685204121537,72.01685204121537,71.686174113281,KSEA,0.0,1.9831479587846277,1.9831479587846277,0.3306779279343743,74,74-75,72,72-73,72,72-73,71.686174113281,2.313825886719002,2.313825886719002,72,72,72-73,72-73
2026-05-03,80.0,80.804127164791,80.804127164791,80.94893248821626,KSEA,0.0,-0.804127164790998,-0.804127164790998,-0.1448053234252597,80,80-81,81,80-81,81,80-81,80.94893248821626,-0.9489324882162578,-0.9489324882162578,81,81,80-81,80-81
2026-05-04,77.0,76.58723882561557,76.58723882561557,76.4141179225442,KSEA,0.0,0.4127611743844284,0.4127611743844284,0.1731209030713785,77,76-77,77,76-77,77,76-77,76.4141179225442,0.5858820774558069,0.5858820774558069,76,76,76-77,76-77
2026-05-05,62.0,70.35027012751232,70.35027012751232,69.45465515022266,KSEA,0.0,-8.350270127512317,-8.350270127512317,0.8956149772896538,62,62-63,70,70-71,70,70-71,69.45465515022266,-7.4546551502226635,-7.4546551502226635,69,69,68-69,68-69
2026-05-06,57.0,62.86104975751157,62.86104975751157,62.28775773112156,KSEA,0.0,-5.861049757511573,-5.861049757511573,0.5732920263900141,57,56-57,63,62-63,63,62-63,62.28775773112156,-5.287757731121559,-5.287757731121559,62,62,62-63,62-63
2026-05-07,63.0,64.72678652561507,64.72678652561507,64.45623639974778,KSEA,0.0,-1.7267865256150683,-1.7267865256150683,0.2705501258672882,63,62-63,65,64-65,65,64-65,64.45623639974778,-1.4562363997477803,-1.4562363997477803,64,64,64-65,64-65
2026-05-08,60.0,62.608978176080434,62.608978176080434,62.57985538058588,KSEA,0.0,-2.6089781760804343,-2.6089781760804343,0.0291227954945512,60,60-61,63,62-63,63,62-63,62.57985538058588,-2.579855380585883,-2.579855380585883,63,63,62-63,62-63
2026-05-09,69.0,70.2215553685626,70.2215553685626,70.27636115855077,KSEA,0.0,-1.2215553685626048,-1.2215553685626048,-0.0548057899881655,69,68-69,70,70-71,70,70-71,70.27636115855077,-1.2763611585507704,-1.2763611585507704,70,70,70-71,70-71
2026-05-10,64.0,66.36240668027915,66.36240668027915,66.32434923555795,KSEA,0.0,-2.3624066802791504,-2.3624066802791504,0.038057444721204,64,64-65,66,66-67,66,66-67,66.32434923555795,-2.3243492355579463,-2.3243492355579463,66,66,66-67,66-67
2026-05-11,71.0,70.6590697500717,70.6590697500717,70.6257019507182,KSEA,0.0,0.3409302499283058,0.3409302499283058,0.033367799353499,71,70-71,71,70-71,71,70-71,70.6257019507182,0.3742980492818049,0.3742980492818049,71,71,70-71,70-71
2026-05-12,81.0,79.99962942927078,79.99962942927078,80.06674161362946,KSEA,0.0,1.000370570729217,1.000370570729217,-0.0671121843586775,81,80-81,80,80-81,80,80-81,80.06674161362946,0.9332583863705395,0.9332583863705395,80,80,80-81,80-81
2026-05-13,57.0,58.718155678736174,58.73234561377232,58.876189074995246,KSEA,0.0141899350361427,-1.7181556787361745,-1.732345613772317,-0.1580333962590714,57,56-57,59,58-59,59,58-59,58.89037901003139,-1.8761890749952457,-1.8903790100313884,59,59,58-59,58-59
2026-05-14,61.0,60.96896003366908,60.96896003366908,61.530699721257456,KSEA,0.0,0.0310399663309226,0.0310399663309226,-0.5617396875883784,61,60-61,61,60-61,61,60-61,61.530699721257456,-0.5306997212574558,-0.5306997212574558,62,62,62-63,62-63
2026-05-15,50.0,51.82851147125257,51.830546508822856,52.00208394425991,KSEA,0.0020350375702875,-1.8285114712525683,-1.830546508822856,-0.17357247300734,50,50-51,52,52-53,52,52-53,52.004118981830196,-2.0020839442599083,-2.004118981830196,52,52,52-53,52-53
2026-05-16,58.0,55.36304520394183,55.36304520394183,55.40432008376277,KSEA,0.0,2.63695479605817,2.63695479605817,-0.0412748798209392,58,58-59,55,54-55,55,54-55,55.40432008376277,2.5956799162372306,2.5956799162372306,55,55,54-55,54-55
2026-05-17,61.0,60.3677829268446,60.3677829268446,60.20455257379023,KSEA,0.0,0.6322170731554024,0.6322170731554024,0.1632303530543666,61,60-61,60,60-61,60,60-61,60.20455257379023,0.795447426209769,0.795447426209769,60,60,60-61,60-61
2026-05-18,66.0,64.85513590257406,64.85513590257406,64.8100738952295,KSEA,0.0,1.1448640974259376,1.1448640974259376,0.0450620073445691,66,66-67,65,64-65,65,64-65,64.8100738952295,1.1899261047705068,1.1899261047705068,65,65,64-65,64-65
2026-05-19,63.0,62.56793302560727,62.56793302560727,62.40453388827548,KSEA,0.0,0.4320669743927325,0.4320669743927325,0.1633991373317869,63,62-63,63,62-63,63,62-63,62.40453388827548,0.5954661117245195,0.5954661117245195,62,62,62-63,62-63
2026-05-20,67.0,66.30082228984622,66.30082228984622,66.1243920512133,KSEA,0.0,0.6991777101537764,0.6991777101537764,0.1764302386329177,67,66-67,66,66-67,66,66-67,66.1243920512133,0.8756079487866941,0.8756079487866941,66,66,66-67,66-67
2026-05-21,75.0,73.83254778527728,73.83254778527728,73.77684436881773,KSEA,0.0,1.167452214722715,1.167452214722715,0.0557034164595506,75,74-75,74,74-75,74,74-75,73.77684436881773,1.2231556311822658,1.2231556311822658,74,74,74-75,74-75
2026-05-22,76.0,76.43720598374367,76.43720598374367,76.56102736881869,KSEA,0.0,-0.4372059837436666,-0.4372059837436666,-0.1238213850750185,76,76-77,76,76-77,76,76-77,76.56102736881869,-0.5610273688186851,-0.5610273688186851,77,77,76-77,76-77
2026-05-23,65.0,67.60708447332223,67.60708447332223,67.07471696998999,KSEA,0.0,-2.607084473322232,-2.607084473322232,0.5323675033322388,65,64-65,68,68-69,68,68-69,67.07471696998999,-2.0747169699899928,-2.0747169699899928,67,67,66-67,66-67
2026-05-24,72.0,69.9774497538713,69.9774497538713,69.85349400954055,KSEA,0.0,2.022550246128702,2.022550246128702,0.1239557443307433,72,72-73,70,70-71,70,70-71,69.85349400954055,2.1465059904594455,2.1465059904594455,70,70,70-71,70-71
2026-05-25,59.0,60.93422363845925,60.93422363845925,61.285488525413605,KSEA,0.0,-1.934223638459251,-1.934223638459251,-0.351264886954354,59,58-59,61,60-61,61,60-61,61.285488525413605,-2.285488525413605,-2.285488525413605,61,61,60-61,60-61
2026-05-26,61.0,60.28415779193303,60.281847189154,59.90443591877144,KSEA,-0.0023106027790333,0.7158422080669666,0.718152810846,0.3797218731615928,61,60-61,60,60-61,60,60-61,59.90212531599241,1.0955640812285594,1.0978746840075928,60,60,60-61,60-61
2026-05-27,74.0,73.176818476356,73.176818476356,73.24079948366344,KSEA,0.0,0.8231815236439957,0.8231815236439957,-0.0639810073074329,74,74-75,73,72-73,73,72-73,73.24079948366344,0.7592005163365627,0.7592005163365627,73,73,72-73,72-73
2026-05-28,79.0,80.90244496711219,80.90244496711219,80.91219906278374,KSEA,0.0,-1.9024449671121888,-1.9024449671121888,-0.0097540956715533,79,78-79,81,80-81,81,80-81,80.91219906278374,-1.912199062783742,-1.912199062783742,81,81,80-81,80-81
2026-05-29,59.0,57.37877313532584,57.37878066251584,57.01640086386548,KSEA,7.527190000189421e-06,1.6212268646741563,1.621219337484156,0.3623722714603659,59,58-59,57,56-57,57,56-57,57.01640839105548,1.9835991361345222,1.983591608944522,57,57,56-57,56-57
2026-05-30,63.0,62.342720367855065,62.342720367855065,62.28895620231829,KSEA,0.0,0.6572796321449346,0.6572796321449346,0.0537641655367764,63,62-63,62,62-63,62,62-63,62.28895620231829,0.711043797681711,0.711043797681711,62,62,62-63,62-63
2026-05-31,67.0,66.67412964594808,66.67412964594808,66.78353456906567,KSEA,0.0,0.325870354051915,0.325870354051915,-0.1094049231175802,67,66-67,67,66-67,67,66-67,66.78353456906567,0.2164654309343348,0.2164654309343348,67,67,66-67,66-67
2026-06-01,76.0,74.09650372389618,73.82621306413628,74.18860069727262,KSEA,-0.2702906597598939,1.903496276103823,2.173786935863717,-0.0920969733764422,76,76-77,74,74-75,74,74-75,73.91831003751273,1.8113993027273807,2.0816899624872747,74,74,74-75,74-75
2026-06-02,85.0,85.71425432226482,85.19837411681536,85.39338141287658,KSEA,-0.5158802054494629,-0.7142543222648214,-0.1983741168153585,0.3208729093882425,85,84-85,86,86-87,85,84-85,84.87750120742712,-0.3933814128765789,0.12249879257288399,85,85,84-85,84-85
2026-06-03,67.0,70.84538730483101,70.80837982756734,71.10572137991241,KSEA,-0.0370074772636712,-3.845387304831007,-3.808379827567336,-0.2603340750814027,67,66-67,71,70-71,71,70-71,71.06871390264874,-4.10572137991241,-4.068713902648739,71,71,70-71,70-71
2026-06-04,68.0,67.94197982256011,67.72813595646102,67.89725174285428,KSEA,-0.2138438660990971,0.0580201774398858,0.2718640435389829,0.044728079705834,68,68-69,68,68-69,68,68-69,67.68340787675518,0.10274825714571989,0.316592123244817,68,68,68-69,68-69
2026-06-05,62.0,61.87911432061217,61.87911432061217,61.910823431849145,KSEA,0.0,0.1208856793878325,0.1208856793878325,-0.031709111236978,62,62-63,62,62-63,62,62-63,61.910823431849145,0.08917656815085451,0.08917656815085451,62,62,62-63,62-63
2026-06-06,62.0,57.880122546633096,57.880122546633096,58.080760105572864,KSEA,0.0,4.119877453366904,4.119877453366904,-0.2006375589397677,62,62-63,58,58-59,58,58-59,58.080760105572864,3.919239894427136,3.919239894427136,58,58,58-59,58-59
2026-06-07,65.0,63.41693044382004,63.41693044382004,63.49493529212406,KSEA,0.0,1.5830695561799573,1.5830695561799573,-0.0780048483040189,65,64-65,63,62-63,63,62-63,63.49493529212406,1.5050647078759383,1.5050647078759383,63,63,62-63,62-63
2026-06-08,61.0,61.41889734736933,61.41889734736933,62.19535890624149,KSEA,0.0,-0.4188973473693238,-0.4188973473693238,-0.776461558872164,61,60-61,61,60-61,61,60-61,62.19535890624149,-1.1953589062414878,-1.1953589062414878,62,62,62-63,62-63
2026-06-09,63.0,62.08140401093019,62.08140401093019,62.42769416987742,KSEA,0.0,0.9185959890698072,0.9185959890698072,-0.3462901589472267,63,62-63,62,62-63,62,62-63,62.42769416987742,0.5723058301225805,0.5723058301225805,62,62,62-63,62-63
2026-06-10,66.0,65.53412292559321,65.53412292559321,65.37501178941082,KSEA,0.0,0.4658770744067908,0.4658770744067908,0.1591111361823891,66,66-67,66,66-67,66,66-67,65.37501178941082,0.62498821058918,0.62498821058918,65,65,64-65,64-65
2026-06-11,72.0,72.26755484952622,72.19947641868387,71.82353855843277,KSEA,-0.0680784308423483,-0.2675548495262205,-0.1994764186838722,0.4440162910934475,72,72-73,72,72-73,72,72-73,71.75546012759042,0.17646144156722698,0.2445398724095753,72,72,72-73,72-73
2026-06-12,74.0,73.47415264071205,73.40978820221989,73.38824992287857,KSEA,-0.0643644384921628,0.5258473592879511,0.590211797780114,0.085902717833477,74,74-75,73,72-73,73,72-73,73.32388548438641,0.6117500771214281,0.676114515613591,73,73,72-73,72-73
2026-06-13,82.0,82.11351750187757,82.11351750187757,82.13326423648593,KSEA,0.0,-0.1135175018775669,-0.1135175018775669,-0.0197467346083612,82,82-83,82,82-83,82,82-83,82.13326423648593,-0.13326423648592822,-0.13326423648592822,82,82,82-83,82-83
2026-06-14,88.0,90.57196179406525,90.43217740980428,90.00245606088606,KSEA,-0.1397843842609631,-2.5719617940652317,-2.432177409804268,0.5695057331791702,88,88-89,91,90-91,90,90-91,89.8626716766251,-2.002456060886061,-1.862671676625098,90,90,90-91,90-91
2026-06-15,89.0,90.54552119006652,90.38193676212458,90.2613087113994,KSEA,-0.1635844279419416,-1.545521190066523,-1.3819367621245815,0.2842124786671292,89,88-89,91,90-91,90,90-91,90.09772428345745,-1.2613087113993942,-1.0977242834574525,90,90,90-91,90-91
2026-06-16,77.0,74.1954640504554,74.1714284678705,74.10795453237094,KSEA,-0.0240355825849007,2.8045359495446007,2.828571532129501,0.0875095180844596,77,76-77,74,74-75,74,74-75,74.08391894978604,2.8920454676290603,2.916081050213961,74,74,74-75,74-75
2026-06-17,72.0,72.131210673655,72.131210673655,71.80586924681495,KSEA,0.0,-0.1312106736550049,-0.1312106736550049,0.3253414268400547,72,72-73,72,72-73,72,72-73,71.80586924681495,0.1941307531850498,0.1941307531850498,72,72,72-73,72-73
2026-06-18,78.0,78.55438899647288,78.38872735610687,78.45043158423567,KSEA,-0.1656616403660109,-0.5543889964728805,-0.3887273561068696,0.1039574122372073,78,78-79,79,78-79,78,78-79,78.28476994386966,-0.4504315842356732,-0.28476994386966226,78,78,78-79,78-79
2026-06-19,81.0,82.24817570075109,82.24817570075109,81.87474759543929,KSEA,0.0,-1.2481757007510907,-1.2481757007510907,0.3734281053118025,81,80-81,82,82-83,82,82-83,81.87474759543929,-0.8747475954392883,-0.8747475954392883,82,82,82-83,82-83
2026-06-20,71.0,70.52278544659745,70.52278544659745,70.07735519088604,KSEA,0.0,0.4772145534025469,0.4772145534025469,0.4454302557114147,71,70-71,71,70-71,71,70-71,70.07735519088604,0.9226448091139616,0.9226448091139616,70,70,70-71,70-71
2026-06-21,77.0,76.22323978728258,76.22323978728258,75.96264847721352,KSEA,0.0,0.77676021271742,0.77676021271742,0.26059131006906,77,76-77,76,76-77,76,76-77,75.96264847721352,1.03735152278648,1.03735152278648,76,76,76-77,76-77
