contract_date,actual_high_f,refit_prediction_f,masked_prediction_f,published_prediction_f,station_id,prediction_delta_f,refit_error_f,masked_error_f,refit_minus_published_f,actual_rounded_f,actual_bucket,refit_rounded_f,refit_bucket,masked_rounded_f,masked_bucket
2026-01-01,62.0,62.271898071071796,62.271898071071796,62.29616703810096,KATL,0.0,-0.27189807107179575,-0.27189807107179575,-0.024268967029165367,62,62-63,62,62-63,62,62-63
2026-01-02,61.0,62.81772861932876,62.81772861932876,62.79449610449606,KATL,0.0,-1.8177286193287614,-1.8177286193287614,0.02323251483269928,61,60-61,63,62-63,63,62-63
2026-01-03,57.0,56.09751725840225,56.09751725840225,56.12916188276842,KATL,0.0,0.9024827415977512,0.9024827415977512,-0.03164462436617299,57,56-57,56,56-57,56,56-57
2026-01-04,63.0,61.98566697052721,61.98566697052721,61.96777278494531,KATL,0.0,1.0143330294727875,1.0143330294727875,0.017894185581901922,63,62-63,62,62-63,62,62-63
2026-01-05,66.0,62.632741824010274,62.632741824010274,62.61957763891425,KATL,0.0,3.3672581759897255,3.3672581759897255,0.013164185096023573,66,66-67,63,62-63,63,62-63
2026-01-06,62.0,63.4551515917436,63.4551515917436,63.40474226853728,KATL,0.0,-1.4551515917436006,-1.4551515917436006,0.050409323206324075,62,62-63,63,62-63,63,62-63
2026-01-07,70.0,71.62582026953143,71.62582026953143,71.64836816209369,KATL,0.0,-1.625820269531431,-1.625820269531431,-0.0225478925622582,70,70-71,72,72-73,72,72-73
2026-01-08,70.0,69.76215369472821,69.76215369472821,69.76390687935852,KATL,0.0,0.23784630527178763,0.23784630527178763,-0.0017531846303029397,70,70-71,70,70-71,70,70-71
2026-01-09,70.0,72.42707800667672,72.42707800667672,72.38193174544777,KATL,0.0,-2.427078006676723,-2.427078006676723,0.04514626122895038,70,70-71,72,72-73,72,72-73
2026-01-10,71.0,72.2879540096391,72.2879540096391,72.28290012831705,KATL,0.0,-1.287954009639094,-1.287954009639094,0.00505388132204132,71,70-71,72,72-73,72,72-73
2026-01-11,55.0,55.154851423893795,55.154851423893795,55.19680575170962,KATL,0.0,-0.15485142389379547,-0.15485142389379547,-0.04195432781582298,55,54-55,55,54-55,55,54-55
2026-01-12,52.0,50.78348750576217,50.78348750576217,50.74977075519574,KATL,0.0,1.2165124942378327,1.2165124942378327,0.03371675056642687,52,52-53,51,50-51,51,50-51
2026-01-13,62.0,60.00705885674728,60.00705885674728,59.97085307294228,KATL,0.0,1.9929411432527218,1.9929411432527218,0.03620578380499495,62,62-63,60,60-61,60,60-61
2026-01-14,52.0,50.6515664717395,50.66106008516215,50.64987840961476,KATL,0.00949361342264865,1.3484335282605002,1.3389399148378516,0.0016880621247423733,52,52-53,51,50-51,51,50-51
2026-01-15,37.0,37.202487069709846,37.202487069709846,37.17513525289255,KATL,0.0,-0.20248706970984642,-0.20248706970984642,0.02735181681729415,37,36-37,37,36-37,37,36-37
2026-01-16,53.0,52.34527280835007,52.34527280835007,52.34809683527884,KATL,0.0,0.6547271916499326,0.6547271916499326,-0.0028240269287707065,53,52-53,52,52-53,52,52-53
2026-01-17,53.0,55.590484904237506,55.590484904237506,55.57310817847969,KATL,0.0,-2.590484904237506,-2.590484904237506,0.01737672575781346,53,52-53,56,56-57,56,56-57
2026-01-18,43.0,42.71056508822816,42.71056508822816,42.710565088227895,KATL,0.0,0.289434911771842,0.289434911771842,2.6290081223123707e-13,43,42-43,43,42-43,43,42-43
2026-01-19,47.0,46.8399539833771,46.8399539833771,46.807197126503006,KATL,0.0,0.16004601662289986,0.16004601662289986,0.03275685687409435,47,46-47,47,46-47,47,46-47
2026-01-20,47.0,44.98984016486327,44.98984016486327,44.91804787154881,KATL,0.0,2.010159835136733,2.010159835136733,0.07179229331445924,47,46-47,45,44-45,45,44-45
2026-01-21,55.0,56.012494797697,56.012494797697,56.061079278878445,KATL,0.0,-1.012494797697002,-1.012494797697002,-0.048584481181443095,55,54-55,56,56-57,56,56-57
2026-01-22,50.0,48.41500307754258,48.42379164517398,48.45363648059936,KATL,0.008788567631398791,1.584996922457421,1.5762083548260222,-0.03863340305677809,50,50-51,48,48-49,48,48-49
2026-01-23,54.0,51.940128897698834,51.940128897698834,51.98934185205705,KATL,0.0,2.059871102301166,2.059871102301166,-0.04921295435821804,54,54-55,52,52-53,52,52-53
2026-01-24,47.0,46.79579568523221,46.79579568523221,46.814420294452844,KATL,0.0,0.204204314767793,0.204204314767793,-0.018624609220637467,47,46-47,47,46-47,47,46-47
2026-01-25,39.0,41.52800828279603,41.53690426106021,41.53898888580402,KATL,0.008895978264177984,-2.52800828279603,-2.536904261060208,-0.010980603007986645,39,38-39,42,42-43,42,42-43
2026-01-26,37.0,37.177258449605326,37.177258449605326,37.177258449605134,KATL,0.0,-0.17725844960532555,-0.17725844960532555,1.9184653865522705e-13,37,36-37,37,36-37,37,36-37
2026-01-27,43.0,41.91342071575913,41.91342071575913,41.9837938536913,KATL,0.0,1.0865792842408695,1.0865792842408695,-0.07037313793217237,43,42-43,42,42-43,42,42-43
2026-01-28,50.0,46.84793474457167,46.84793474457167,46.84361550477343,KATL,0.0,3.152065255428333,3.152065255428333,0.00431923979823523,50,50-51,47,46-47,47,46-47
2026-01-29,47.0,48.33667163910017,48.33667163910017,48.4063307852776,KATL,0.0,-1.3366716391001674,-1.3366716391001674,-0.06965914617743607,47,46-47,48,48-49,48,48-49
2026-01-30,53.0,53.17507239809922,53.17507239809922,53.14923700438318,KATL,0.0,-0.1750723980992177,-0.1750723980992177,0.025835393716036492,53,52-53,53,52-53,53,52-53
2026-01-31,34.0,33.44211398952785,33.44211398952785,33.44211398952764,KATL,0.0,0.5578860104721528,0.5578860104721528,2.0605739337042905e-13,34,34-35,33,32-33,33,32-33
2026-02-01,36.0,35.4117287335156,35.4117287335156,35.45493211592978,KATL,0.0,0.5882712664843979,0.5882712664843979,-0.04320338241417687,36,36-37,35,34-35,35,34-35
2026-02-02,51.0,50.25394787432552,50.25394787432552,50.24842891684184,KATL,0.0,0.7460521256744812,0.7460521256744812,0.0055189574836802535,51,50-51,50,50-51,50,50-51
2026-02-03,60.0,60.70004543414088,60.70004543414088,60.74279752464682,KATL,0.0,-0.7000454341408826,-0.7000454341408826,-0.042752090505935314,60,60-61,61,60-61,61,60-61
2026-02-04,56.0,54.6960695161958,54.6960695161958,54.71796010365033,KATL,0.0,1.3039304838042014,1.3039304838042014,-0.021890587454528543,56,56-57,55,54-55,55,54-55
2026-02-05,45.0,43.720972140974744,43.720972140974744,43.72046266477837,KATL,0.0,1.2790278590252555,1.2790278590252555,0.000509476196377534,45,44-45,44,44-45,44,44-45
2026-02-06,65.0,61.488226328743394,61.488226328743394,61.56376183660413,KATL,0.0,3.5117736712566057,3.5117736712566057,-0.07553550786073515,65,64-65,61,60-61,61,60-61
2026-02-07,54.0,51.93690934660041,51.93690934660041,51.98436518504954,KATL,0.0,2.063090653399591,2.063090653399591,-0.047455838449131704,54,54-55,52,52-53,52,52-53
2026-02-08,60.0,59.08535496495815,59.08535496495815,59.13575405049736,KATL,0.0,0.9146450350418505,0.9146450350418505,-0.050399085539211796,60,60-61,59,58-59,59,58-59
2026-02-09,67.0,64.65237122619565,64.65237122619565,64.68436910130497,KATL,0.0,2.3476287738043453,2.3476287738043453,-0.031997875109311735,67,66-67,65,64-65,65,64-65
2026-02-10,69.0,70.66016927721107,70.66016927721107,70.75836200875369,KATL,0.0,-1.660169277211068,-1.660169277211068,-0.09819273154262476,69,68-69,71,70-71,71,70-71
2026-02-11,64.0,67.40228323127583,67.40228323127583,67.36426666843788,KATL,0.0,-3.402283231275831,-3.402283231275831,0.03801656283795296,64,64-65,67,66-67,67,66-67
2026-02-12,64.0,63.19796913896664,63.19796913896664,63.20350035255551,KATL,0.0,0.8020308610333586,0.8020308610333586,-0.00553121358886699,64,64-65,63,62-63,63,62-63
2026-02-13,62.0,61.281859597130854,61.281859597130854,61.29268080738622,KATL,0.0,0.718140402869146,0.718140402869146,-0.010821210255365088,62,62-63,61,60-61,61,60-61
2026-02-14,62.0,63.8937328680111,63.8937328680111,63.93939329679306,KATL,0.0,-1.8937328680110994,-1.8937328680110994,-0.04566042878195731,62,62-63,64,64-65,64,64-65
2026-02-15,60.0,60.44848821212071,60.43954092176741,60.538188653569975,KATL,-0.008947290353297888,-0.4484882121207079,-0.43954092176741,-0.08970044144926703,60,60-61,60,60-61,60,60-61
2026-02-16,68.0,66.75076045825286,66.75076045825286,66.7935680445234,KATL,0.0,1.2492395417471442,1.2492395417471442,-0.042807586270541265,68,68-69,67,66-67,67,66-67
2026-02-17,69.0,69.14081203227978,69.14081203227978,69.15095442256504,KATL,0.0,-0.14081203227978278,-0.14081203227978278,-0.0101423902852531,69,68-69,69,68-69,69,68-69
2026-02-18,68.0,67.40601435311717,67.40601435311717,67.47932633433967,KATL,0.0,0.5939856468828282,0.5939856468828282,-0.07331198122250271,68,68-69,67,66-67,67,66-67
2026-02-19,79.0,77.19833390274513,77.19833390274513,77.18567021824995,KATL,0.0,1.8016660972548664,1.8016660972548664,0.012663684495180405,79,78-79,77,76-77,77,76-77
2026-02-20,79.0,78.76234627817226,78.76234627817226,78.73465018267045,KATL,0.0,0.23765372182774058,0.23765372182774058,0.027696095501809737,79,78-79,79,78-79,79,78-79
2026-02-21,66.0,66.95600610625597,66.94984452535441,66.95600610625618,KATL,-0.006161580901562047,-0.9560061062559697,-0.9498445253544077,-2.1316282072803006e-13,66,66-67,67,66-67,67,66-67
2026-02-22,53.0,53.17659768203326,53.17659768203326,53.19107496407014,KATL,0.0,-0.1765976820332611,-0.1765976820332611,-0.014477282036878591,53,52-53,53,52-53,53,52-53
2026-02-23,40.0,40.827256083678094,40.827256083678094,40.76355763255855,KATL,0.0,-0.827256083678094,-0.827256083678094,0.0636984511195422,40,40-41,41,40-41,41,40-41
2026-02-24,53.0,53.39650815562256,53.39650815562256,53.45756688927563,KATL,0.0,-0.3965081556225627,-0.3965081556225627,-0.06105873365306991,53,52-53,53,52-53,53,52-53
2026-02-25,62.0,63.75061545761967,63.75061545761967,63.74288842234508,KATL,0.0,-1.7506154576196735,-1.7506154576196735,0.007727035274591287,62,62-63,64,64-65,64,64-65
2026-02-26,63.0,66.05793948600073,66.05793948600073,65.98869494672293,KATL,0.0,-3.057939486000734,-3.057939486000734,0.06924453927780405,63,62-63,66,66-67,66,66-67
2026-02-27,69.0,67.72477473879707,67.72477473879707,67.77637528193874,KATL,0.0,1.2752252612029338,1.2752252612029338,-0.05160054314167439,69,68-69,68,68-69,68,68-69
2026-02-28,71.0,67.85741802834583,67.85741802834583,67.85682574186215,KATL,0.0,3.1425819716541668,3.1425819716541668,0.000592286483680482,71,70-71,68,68-69,68,68-69
2026-03-01,77.0,77.52325737241765,77.52325737241765,77.54117132649742,KATL,0.0,-0.5232573724176461,-0.5232573724176461,-0.017913954079773475,77,76-77,78,78-79,78,78-79
2026-03-02,76.0,73.4580848377007,73.4580848377007,73.40086124979327,KATL,0.0,2.541915162299304,2.541915162299304,0.057223587907429874,76,76-77,73,72-73,73,72-73
2026-03-03,63.0,65.31784777633376,65.31784777633376,65.30869402610504,KATL,0.0,-2.317847776333764,-2.317847776333764,0.00915375022871956,63,62-63,65,64-65,65,64-65
2026-03-04,75.0,75.34015745804685,75.34015745804685,75.3608671213601,KATL,0.0,-0.3401574580468463,-0.3401574580468463,-0.020709663313255078,75,74-75,75,74-75,75,74-75
2026-03-05,80.0,79.63937686003288,79.63926803721823,79.69330437257322,KATL,-0.0001088228146528536,0.36062313996711737,0.3607319627817702,-0.05392751254034067,80,80-81,80,80-81,80,80-81
2026-03-06,81.0,82.347226868595,82.347226868595,82.33008148428553,KATL,0.0,-1.3472268685950013,-1.3472268685950013,0.017145384309472433,81,80-81,82,82-83,82,82-83
2026-03-07,82.0,81.35680798361787,81.35680798361787,81.39499259129748,KATL,0.0,0.6431920163821303,0.6431920163821303,-0.03818460767961085,82,82-83,81,80-81,81,80-81
2026-03-08,69.0,68.7236580868145,68.72308162055381,68.69660914900189,KATL,-0.0005764662606821958,0.2763419131855045,0.2769183794461867,0.027048937812608642,69,68-69,69,68-69,69,68-69
2026-03-09,77.0,76.40284606134504,76.40284606134504,76.37687180464762,KATL,0.0,0.5971539386549551,0.5971539386549551,0.025974256697423925,77,76-77,76,76-77,76,76-77
2026-03-10,80.0,76.23735950793407,76.23735950793407,76.22502988941773,KATL,0.0,3.762640492065927,3.762640492065927,0.01232961851634684,80,80-81,76,76-77,76,76-77
2026-03-11,81.0,80.39558086723378,80.39558086723378,80.46194547617266,KATL,0.0,0.6044191327662247,0.6044191327662247,-0.06636460893888341,81,80-81,80,80-81,80,80-81
2026-03-12,71.0,71.15305996697909,71.15305996697909,71.15305996697883,KATL,0.0,-0.15305996697908597,-0.15305996697908597,2.5579538487363607e-13,71,70-71,71,70-71,71,70-71
2026-03-13,68.0,66.70012586372185,66.70012586372185,66.69825362183212,KATL,0.0,1.2998741362781487,1.2998741362781487,0.0018722418897283433,68,68-69,67,66-67,67,66-67
2026-03-14,77.0,77.04114889414674,77.04114889414674,77.07847498701084,KATL,0.0,-0.04114889414674394,-0.04114889414674394,-0.03732609286409172,77,76-77,77,76-77,77,76-77
2026-03-15,72.0,73.84876861893274,73.84876861893274,73.89439537811016,KATL,0.0,-1.8487686189327377,-1.8487686189327377,-0.04562675917742354,72,72-73,74,74-75,74,74-75
2026-03-16,68.0,67.94904039031907,67.94904039031907,67.94904039031887,KATL,0.0,0.050959609680930384,0.050959609680930384,1.9895196601282805e-13,68,68-69,68,68-69,68,68-69
2026-03-17,48.0,47.445306423521295,47.445306423521295,47.47558320557442,KATL,0.0,0.5546935764787051,0.5546935764787051,-0.030276782053121565,48,48-49,47,46-47,47,46-47
2026-03-18,56.0,57.7201258961613,57.7201258961613,57.7267764038814,KATL,0.0,-1.7201258961612993,-1.7201258961612993,-0.006650507720102894,56,56-57,58,58-59,58,58-59
2026-03-19,69.0,68.56282204409898,68.56282204409898,68.58867919333615,KATL,0.0,0.4371779559010207,0.4371779559010207,-0.025857149237168642,69,68-69,69,68-69,69,68-69
2026-03-20,76.0,76.74291588631834,76.74291588631834,76.709971083779,KATL,0.0,-0.7429158863183432,-0.7429158863183432,0.032944802539347506,76,76-77,77,76-77,77,76-77
2026-03-21,83.0,83.77274936556643,83.77274936556643,83.73319231417787,KATL,0.0,-0.7727493655664261,-0.7727493655664261,0.03955705138855592,83,82-83,84,84-85,84,84-85
2026-03-22,83.0,83.86610403681821,83.86610403681821,83.8222429259861,KATL,0.0,-0.8661040368182142,-0.8661040368182142,0.043861110832111194,83,82-83,84,84-85,84,84-85
2026-03-23,80.0,79.61727642934977,79.61727642934977,79.61828368509302,KATL,0.0,0.3827235706502279,0.3827235706502279,-0.00100725574324656,80,80-81,80,80-81,80,80-81
2026-03-24,69.0,66.73628708176885,66.73628708176885,66.77580500898507,KATL,0.0,2.2637129182311497,2.2637129182311497,-0.039517927216223825,69,68-69,67,66-67,67,66-67
2026-03-25,68.0,69.68703719524439,69.68703719524439,69.70738377945752,KATL,0.0,-1.6870371952443861,-1.6870371952443861,-0.020346584213129404,68,68-69,70,70-71,70,70-71
2026-03-26,79.0,82.47711863818816,82.47711863818816,82.49482696303438,KATL,0.0,-3.477118638188159,-3.477118638188159,-0.01770832484622531,79,78-79,82,82-83,82,82-83
2026-03-27,83.0,83.51624327216241,83.51624327216241,83.46174723990416,KATL,0.0,-0.5162432721624128,-0.5162432721624128,0.05449603225825683,83,82-83,84,84-85,84,84-85
2026-03-28,70.0,67.35525730033655,67.35525730033655,67.36210405965754,KATL,0.0,2.6447426996634533,2.6447426996634533,-0.006846759320993101,70,70-71,67,66-67,67,66-67
2026-03-29,65.0,64.76600859757707,64.76600859757707,64.77354688140491,KATL,0.0,0.23399140242293015,0.23399140242293015,-0.0075382838278414965,65,64-65,65,64-65,65,64-65
2026-03-30,73.0,72.99458458315726,72.98574385064575,72.96196747028017,KATL,-0.008840732511515625,0.005415416842737386,0.014256149354253012,0.032617112877090904,73,72-73,73,72-73,73,72-73
2026-03-31,83.0,81.26454826177257,81.26454826177257,81.34293384897806,KATL,0.0,1.7354517382274253,1.7354517382274253,-0.0783855872054886,83,82-83,81,80-81,81,80-81
2026-04-01,84.0,82.63046824808359,82.63046824808359,82.63612910924287,KATL,0.0,1.369531751916412,1.369531751916412,-0.005660861159284991,84,84-85,83,82-83,83,82-83
2026-04-02,82.0,82.56035758179222,82.56035758179222,82.61743490676672,KATL,0.0,-0.5603575817922177,-0.5603575817922177,-0.05707732497450024,82,82-83,83,82-83,83,82-83
2026-04-03,82.0,81.24869051637745,81.24869051637745,81.26456100658852,KATL,0.0,0.7513094836225491,0.7513094836225491,-0.015870490211071342,82,82-83,81,80-81,81,80-81
2026-04-04,82.0,80.93440504194584,80.93440504194584,80.95291102688977,KATL,0.0,1.065594958054163,1.065594958054163,-0.01850598494392841,82,82-83,81,80-81,81,80-81
2026-04-05,70.0,71.60614835350248,71.6118803571138,71.55910281249903,KATL,0.005732003611328196,-1.6061483535024763,-1.6118803571138045,0.047045541003441826,70,70-71,72,72-73,72,72-73
2026-04-06,66.0,68.88459299316337,68.88459299316337,68.86109813246688,KATL,0.0,-2.8845929931633663,-2.8845929931633663,0.023494860696487763,66,66-67,69,68-69,69,68-69
2026-04-07,77.0,76.11489481717314,76.11489481717314,76.13118846244477,KATL,0.0,0.8851051828268623,0.8851051828268623,-0.016293645271630908,77,76-77,76,76-77,76,76-77
2026-04-08,69.0,68.59955214074103,68.59955214074103,68.60928618622309,KATL,0.0,0.40044785925897486,0.40044785925897486,-0.00973404548206247,69,68-69,69,68-69,69,68-69
2026-04-09,71.0,71.33630567761789,71.33630567761789,71.30867196511852,KATL,0.0,-0.33630567761788654,-0.33630567761788654,0.02763371249936597,71,70-71,71,70-71,71,70-71
2026-04-10,77.0,78.4794213531263,78.4794213531263,78.48000335121749,KATL,0.0,-1.4794213531262983,-1.4794213531262983,-0.0005819980911923039,77,76-77,78,78-79,78,78-79
2026-04-11,84.0,83.99125223409237,83.99125223409237,83.96127920069286,KATL,0.0,0.00874776590762849,0.00874776590762849,0.029973033399514293,84,84-85,84,84-85,84,84-85
2026-04-12,85.0,84.38843905527493,84.38843905527493,84.39074417952803,KATL,0.0,0.6115609447250705,0.6115609447250705,-0.0023051242530982563,85,84-85,84,84-85,84,84-85
2026-04-13,82.0,81.07984434110864,81.07984434110864,81.03427107402042,KATL,0.0,0.9201556588913604,0.9201556588913604,0.04557326708821563,82,82-83,81,80-81,81,80-81
2026-04-14,85.0,85.08853847876732,85.08853847876732,85.10397919406121,KATL,0.0,-0.0885384787673189,-0.0885384787673189,-0.015440715293891571,85,84-85,85,84-85,85,84-85
2026-04-15,84.0,85.9093671613851,85.9093671613851,85.90166997171384,KATL,0.0,-1.9093671613851058,-1.9093671613851058,0.007697189671262095,84,84-85,86,86-87,86,86-87
2026-04-16,85.0,85.34389757352686,85.34389757352686,85.35185983328374,KATL,0.0,-0.3438975735268599,-0.3438975735268599,-0.00796225975688003,85,84-85,85,84-85,85,84-85
2026-04-17,88.0,87.75208754792314,87.75208754792314,87.73053724422032,KATL,0.0,0.24791245207686075,0.24791245207686075,0.02155030370282418,88,88-89,88,88-89,88,88-89
2026-04-18,83.0,85.14986510687373,85.14986510687373,85.11722462910896,KATL,0.0,-2.149865106873733,-2.149865106873733,0.03264047776477241,83,82-83,85,84-85,85,84-85
2026-04-19,70.0,72.01426031149879,72.01426031149879,72.05850364318893,KATL,0.0,-2.014260311498788,-2.014260311498788,-0.04424333169014005,70,70-71,72,72-73,72,72-73
2026-04-20,76.0,76.45782632429743,76.45782632429743,76.49999130706642,KATL,0.0,-0.45782632429742876,-0.45782632429742876,-0.04216498276899472,76,76-77,76,76-77,76,76-77
2026-04-21,78.0,79.21894381307047,79.21894381307047,79.22510955619825,KATL,0.0,-1.2189438130704673,-1.2189438130704673,-0.006165743127780843,78,78-79,79,78-79,79,78-79
2026-04-22,83.0,81.81972318261542,81.81972318261542,81.81373404746623,KATL,0.0,1.1802768173845806,1.1802768173845806,0.005989135149192748,83,82-83,82,82-83,82,82-83
2026-04-23,82.0,83.72141674608385,83.72141674608385,83.71158091483997,KATL,0.0,-1.7214167460838468,-1.7214167460838468,0.009835831243876214,82,82-83,84,84-85,84,84-85
2026-04-24,84.0,83.31873136816004,83.31873136816004,83.30886296147837,KATL,0.0,0.6812686318399557,0.6812686318399557,0.009868406681675879,84,84-85,83,82-83,83,82-83
2026-04-25,74.0,76.25166655637273,76.25166655637273,76.23017660872709,KATL,0.0,-2.251666556372726,-2.251666556372726,0.021489947645633833,74,74-75,76,76-77,76,76-77
2026-04-26,83.0,82.99308025304319,82.99308025304319,83.03538640470039,KATL,0.0,0.006919746956810968,0.006919746956810968,-0.04230615165720053,83,82-83,83,82-83,83,82-83
2026-04-27,75.0,77.44483551607262,77.44483551607262,77.48481988139027,KATL,0.0,-2.444835516072615,-2.444835516072615,-0.03998436531765037,75,74-75,77,76-77,77,76-77
2026-04-28,66.0,73.18976237447092,73.19765252205,73.25865891221,KATL,0.007890147579090012,-7.1897623744709165,-7.1976525220500065,-0.06889653773907867,66,66-67,73,72-73,73,72-73
2026-04-29,83.0,79.87919030429246,79.87919030429246,79.93920680534346,KATL,0.0,3.1208096957075355,3.1208096957075355,-0.06001650105099543,83,82-83,80,80-81,80,80-81
2026-04-30,74.0,76.36252586186941,76.36252586186941,76.44281987350773,KATL,0.0,-2.3625258618694147,-2.3625258618694147,-0.08029401163831551,74,74-75,76,76-77,76,76-77
2026-05-01,65.0,71.01987165975511,71.01987165975511,71.00155093738168,KATL,0.0,-6.019871659755111,-6.019871659755111,0.01832072237343141,65,64-65,71,70-71,71,70-71
2026-05-02,72.0,69.17689692786541,69.17689692786541,69.21416159482199,KATL,0.0,2.823103072134586,2.823103072134586,-0.03726466695657393,72,72-73,69,68-69,69,68-69
2026-05-03,72.0,71.88555805288075,71.88555805288075,71.8861353600018,KATL,0.0,0.11444194711924638,0.11444194711924638,-0.0005773071210484204,72,72-73,72,72-73,72,72-73
2026-05-04,77.0,79.28922118585174,79.28922118585174,79.26122367941151,KATL,0.0,-2.289221185851744,-2.289221185851744,0.02799750644022936,77,76-77,79,78-79,79,78-79
2026-05-05,80.0,80.75181819857062,80.75181819857062,80.72681017817142,KATL,0.0,-0.7518181985706178,-0.7518181985706178,0.025008020399198472,80,80-81,81,80-81,81,80-81
2026-05-06,81.0,82.33026129639988,82.33026129639988,82.34293814355614,KATL,0.0,-1.3302612963998826,-1.3302612963998826,-0.012676847156257054,81,80-81,82,82-83,82,82-83
2026-05-07,72.0,72.99573339798093,72.99876449443543,72.94823097245873,KATL,0.00303109645450661,-0.9957333979809277,-0.9987644944354344,0.047502425522196745,72,72-73,73,72-73,73,72-73
2026-05-08,72.0,72.4957371882135,72.4957371882135,72.53470205744598,KATL,0.0,-0.49573718821349644,-0.49573718821349644,-0.038964869232486876,72,72-73,72,72-73,72,72-73
2026-05-09,71.0,75.1073484765637,75.1073484765637,75.16692077436788,KATL,0.0,-4.1073484765637005,-4.1073484765637005,-0.05957229780418061,71,70-71,75,74-75,75,74-75
2026-05-10,82.0,82.12419225590405,82.12419225590405,82.17849449769274,KATL,0.0,-0.12419225590404892,-0.12419225590404892,-0.05430224178869025,82,82-83,82,82-83,82,82-83
2026-05-11,82.0,81.19003291077306,81.19003291077306,81.17316137971652,KATL,0.0,0.8099670892269444,0.8099670892269444,0.016871531056537492,82,82-83,81,80-81,81,80-81
2026-05-12,73.0,72.44485645266423,72.44485645266423,72.4806963992374,KATL,0.0,0.5551435473357742,0.5551435473357742,-0.03583994657317646,73,72-73,72,72-73,72,72-73
2026-05-13,80.0,80.13947615208534,80.13947615208534,80.17863357587105,KATL,0.0,-0.13947615208533648,-0.13947615208533648,-0.039157423785709966,80,80-81,80,80-81,80,80-81
2026-05-14,76.0,75.04537503293861,75.04537503293861,75.07692819346197,KATL,0.0,0.9546249670613918,0.9546249670613918,-0.03155316052335877,76,76-77,75,74-75,75,74-75
2026-05-15,78.0,79.8272549696883,79.8272549696883,79.85211115496985,KATL,0.0,-1.8272549696882976,-1.8272549696882976,-0.02485618528154987,78,78-79,80,80-81,80,80-81
2026-05-16,86.0,84.69587536339029,84.69587536339029,84.71686675473535,KATL,0.0,1.3041246366097141,1.3041246366097141,-0.020991391345063448,86,86-87,85,84-85,85,84-85
2026-05-17,89.0,88.16230664095364,88.16230664095364,88.13849632165251,KATL,0.0,0.8376933590463551,0.8376933590463551,0.023810319301134086,89,88-89,88,88-89,88,88-89
2026-05-18,87.0,88.2666938264605,88.2666938264605,88.2840474150582,KATL,0.0,-1.2666938264604966,-1.2666938264604966,-0.01735358859770031,87,86-87,88,88-89,88,88-89
2026-05-19,88.0,87.66310615763724,87.66310615763724,87.71311446853163,KATL,0.0,0.33689384236275544,0.33689384236275544,-0.05000831089438407,88,88-89,88,88-89,88,88-89
2026-05-20,89.0,89.79864350580397,89.79864350580397,89.77554050484991,KATL,0.0,-0.798643505803966,-0.798643505803966,0.023103000954051822,89,88-89,90,90-91,90,90-91
2026-05-21,86.0,85.83091765070368,85.83091765070368,85.79597477766568,KATL,0.0,0.1690823492963176,0.1690823492963176,0.03494287303800547,86,86-87,86,86-87,86,86-87
2026-05-22,87.0,83.95496712330531,83.95496712330531,83.8948664777276,KATL,0.0,3.045032876694691,3.045032876694691,0.060100645577705336,87,86-87,84,84-85,84,84-85
2026-05-23,84.0,79.54827296515536,79.54827296515536,79.53136727504817,KATL,0.0,4.451727034844637,4.451727034844637,0.016905690107194005,84,84-85,80,80-81,80,80-81
2026-05-24,84.0,77.22297820214908,77.22236448395996,77.24509512388765,KATL,-0.0006137181891148202,6.777021797850921,6.777635516040036,-0.02211692173857216,84,84-85,77,76-77,77,76-77
2026-05-25,79.0,80.13359908425288,80.13359908425288,80.10828294472385,KATL,0.0,-1.1335990842528787,-1.1335990842528787,0.025316139529024895,79,78-79,80,80-81,80,80-81
2026-05-26,81.0,80.69817270497288,80.69817270497288,80.63543240811383,KATL,0.0,0.3018272950271239,0.3018272950271239,0.06274029685904736,81,80-81,81,80-81,81,80-81
2026-05-27,84.0,83.62884886171888,83.62884886171888,83.57766142237186,KATL,0.0,0.371151138281121,0.371151138281121,0.05118743934701797,84,84-85,84,84-85,84,84-85
2026-05-28,86.0,85.81199469718214,85.81199469718214,85.79109376455382,KATL,0.0,0.18800530281785655,0.18800530281785655,0.020900932628322266,86,86-87,86,86-87,86,86-87
2026-05-29,83.0,81.18297152552232,81.18297152552232,81.1529907066585,KATL,0.0,1.8170284744776808,1.8170284744776808,0.029980818863819536,83,82-83,81,80-81,81,80-81
2026-05-30,84.0,83.13645248879499,83.13645248879499,83.14778430030123,KATL,0.0,0.863547511205013,0.863547511205013,-0.01133181150623841,84,84-85,83,82-83,83,82-83
2026-05-31,75.0,75.67275923155327,75.67275923155327,75.6949056228151,KATL,0.0,-0.6727592315532718,-0.6727592315532718,-0.022146391261827603,75,74-75,76,76-77,76,76-77
2026-06-01,84.0,84.43433333448077,84.43433333448077,84.45909082544482,KATL,0.0,-0.43433333448076894,-0.43433333448076894,-0.02475749096404911,84,84-85,84,84-85,84,84-85
2026-06-02,82.0,81.12084065243846,81.12084065243846,81.10206712021285,KATL,0.0,0.87915934756154,0.87915934756154,0.018773532225608847,82,82-83,81,80-81,81,80-81
2026-06-03,78.0,77.36132989920522,77.36132989920522,77.32738079351162,KATL,0.0,0.6386701007947835,0.6386701007947835,0.033949105693594106,78,78-79,77,76-77,77,76-77
2026-06-04,82.0,83.4453909838199,83.4453909838199,83.41612985801696,KATL,0.0,-1.4453909838199053,-1.4453909838199053,0.029261125802946708,82,82-83,83,82-83,83,82-83
2026-06-05,85.0,85.05951877065398,85.05951877065398,85.0573354881616,KATL,0.0,-0.05951877065398037,-0.05951877065398037,0.002183282492381977,85,84-85,85,84-85,85,84-85
2026-06-06,86.0,87.0229163210092,87.0229163210092,86.95430897235586,KATL,0.0,-1.0229163210092054,-1.0229163210092054,0.0686073486533445,86,86-87,87,86-87,87,86-87
2026-06-07,84.0,83.53137661307898,83.53137661307898,83.54062545435865,KATL,0.0,0.4686233869210241,0.4686233869210241,-0.009248841279671183,84,84-85,84,84-85,84,84-85
2026-06-08,81.0,80.74179921277864,80.74179921277864,80.76640985153193,KATL,0.0,0.2582007872213552,0.2582007872213552,-0.024610638753287617,81,80-81,81,80-81,81,80-81
2026-06-09,82.0,82.8305870626849,82.8305870626849,82.8210643892424,KATL,0.0,-0.8305870626848986,-0.8305870626848986,0.009522673442504015,82,82-83,83,82-83,83,82-83
2026-06-10,88.0,88.22102553545021,88.22102553545021,88.20119589319457,KATL,0.0,-0.22102553545020953,-0.22102553545020953,0.019829642255643876,88,88-89,88,88-89,88,88-89
2026-06-11,92.0,92.87579412173105,92.87579412173105,92.85584779996776,KATL,0.0,-0.8757941217310474,-0.8757941217310474,0.01994632176328537,92,92-93,93,92-93,93,92-93
2026-06-12,91.0,92.80158679041496,92.80158679041496,92.76693087331314,KATL,0.0,-1.8015867904149587,-1.8015867904149587,0.0346559171018157,91,90-91,93,92-93,93,92-93
2026-06-13,93.0,93.27172812367652,93.27172812367652,93.27635067806678,KATL,0.0,-0.27172812367652455,-0.27172812367652455,-0.004622554390252276,93,92-93,93,92-93,93,92-93
2026-06-14,90.0,89.42382161516505,89.42382161516505,89.35215906917928,KATL,0.0,0.5761783848349467,0.5761783848349467,0.07166254598577382,90,90-91,89,88-89,89,88-89
2026-06-15,80.0,83.55095602524018,83.55095602524018,83.5451560129678,KATL,0.0,-3.5509560252401826,-3.5509560252401826,0.005800012272388244,80,80-81,84,84-85,84,84-85
2026-06-16,73.0,75.26929443527465,75.27963093578025,75.26673023352971,KATL,0.010336500505601975,-2.269294435274645,-2.279630935780247,0.002564201744931438,73,72-73,75,74-75,75,74-75
2026-06-17,85.0,86.91669316584886,86.91669316584886,86.9443795534212,KATL,0.0,-1.916693165848855,-1.916693165848855,-0.027686387572344984,85,84-85,87,86-87,87,86-87
2026-06-18,87.0,86.08739102807796,86.08739102807796,85.9941839560308,KATL,0.0,0.9126089719220403,0.9126089719220403,0.09320707204716427,87,86-87,86,86-87,86,86-87
2026-06-19,88.0,86.56823051243316,86.56823051243316,86.5911112565693,KATL,0.0,1.4317694875668394,1.4317694875668394,-0.02288074413614538,88,88-89,87,86-87,87,86-87
2026-06-20,86.0,86.06302823186145,86.06302823186145,85.99654628247738,KATL,0.0,-0.0630282318614519,-0.0630282318614519,0.0664819493840696,86,86-87,86,86-87,86,86-87
2026-06-21,86.0,84.9338578329489,84.9338578329489,84.88432506382608,KATL,0.0,1.0661421670510975,1.0661421670510975,0.049532769122819786,86,86-87,85,84-85,85,84-85
2026-01-01,73.0,74.10527738630562,74.10527738630562,74.13289200902129,KAUS,0.0,-1.105277386305616,-1.105277386305616,-0.027614622715674386,73,72-73,74,74-75,74,74-75
2026-01-02,89.0,88.72945005792015,88.72945005792015,88.73377956560505,KAUS,0.0,0.27054994207985317,0.27054994207985317,-0.004329507684900591,89,88-89,89,88-89,89,88-89
2026-01-03,76.0,75.36081839725831,75.36081839725831,75.41358955420515,KAUS,0.0,0.6391816027416866,0.6391816027416866,-0.05277115694683232,76,76-77,75,74-75,75,74-75
2026-01-04,71.0,70.84865698005439,70.84865698005439,70.93419290367687,KAUS,0.0,0.15134301994561383,0.15134301994561383,-0.08553592362248708,71,70-71,71,70-71,71,70-71
2026-01-05,76.0,76.1568018843806,76.1568018843806,76.23057261071017,KAUS,0.0,-0.15680188438059872,-0.15680188438059872,-0.07377072632957038,76,76-77,76,76-77,76,76-77
2026-01-06,83.0,83.96041171138823,83.96041171138823,83.97515514188484,KAUS,0.0,-0.9604117113882324,-0.9604117113882324,-0.014743430496608312,83,82-83,84,84-85,84,84-85
2026-01-07,80.0,80.15314441518792,80.15314441518792,80.08676762396311,KAUS,0.0,-0.1531444151879242,-0.1531444151879242,0.06637679122481188,80,80-81,80,80-81,80,80-81
2026-01-08,79.0,80.86355865280805,80.86355865280805,80.71812412459138,KAUS,0.0,-1.8635586528080523,-1.8635586528080523,0.14543452821666847,79,78-79,81,80-81,81,80-81
2026-01-09,72.0,71.64459273499784,71.64459273499784,71.76060785921837,KAUS,0.0,0.3554072650021567,0.3554072650021567,-0.11601512422052451,72,72-73,72,72-73,72,72-73
2026-01-10,60.0,60.79132066019302,60.79132066019302,60.93840841685404,KAUS,0.0,-0.7913206601930227,-0.7913206601930227,-0.1470877566610156,60,60-61,61,60-61,61,60-61
2026-01-11,63.0,63.16750088324913,63.16750088324913,63.07629759429319,KAUS,0.0,-0.16750088324913293,-0.16750088324913293,0.09120328895594554,63,62-63,63,62-63,63,62-63
2026-01-12,63.0,62.273838153808825,62.273838153808825,62.187046454241205,KAUS,0.0,0.7261618461911752,0.7261618461911752,0.08679169956761967,63,62-63,62,62-63,62,62-63
2026-01-13,60.0,60.67843470678419,60.67843470678419,60.58344938427795,KAUS,0.0,-0.6784347067841878,-0.6784347067841878,0.09498532250623981,60,60-61,61,60-61,61,60-61
2026-01-14,69.0,69.06117725843502,69.06117725843502,69.01685417626794,KAUS,0.0,-0.06117725843502342,-0.06117725843502342,0.04432308216708236,69,68-69,69,68-69,69,68-69
2026-01-15,66.0,64.5024127386116,64.5024127386116,64.49629755953181,KAUS,0.0,1.4975872613884036,1.4975872613884036,0.0061151790797850936,66,66-67,65,64-65,65,64-65
2026-01-16,76.0,73.84956851499693,73.84956851499693,73.96458741046114,KAUS,0.0,2.150431485003068,2.150431485003068,-0.1150188954642033,76,76-77,74,74-75,74,74-75
2026-01-17,55.0,54.40440641734686,54.40440641734686,54.44993136138241,KAUS,0.0,0.5955935826531373,0.5955935826531373,-0.04552494403554874,55,54-55,54,54-55,54,54-55
2026-01-18,64.0,62.36743227267938,62.36743227267938,62.329028198148194,KAUS,0.0,1.6325677273206196,1.6325677273206196,0.03840407453118644,64,64-65,62,62-63,62,62-63
2026-01-19,68.0,67.75642598786797,67.75642598786797,67.74098418735379,KAUS,0.0,0.24357401213202934,0.24357401213202934,0.015441800514182091,68,68-69,68,68-69,68,68-69
2026-01-20,60.0,59.45434965294878,59.45434965294878,59.51095404748936,KAUS,0.0,0.5456503470512217,0.5456503470512217,-0.05660439454058519,60,60-61,59,58-59,59,58-59
2026-01-21,75.0,73.74753221500647,73.74753221500647,73.69782499652095,KAUS,0.0,1.2524677849935273,1.2524677849935273,0.04970721848552273,75,74-75,74,74-75,74,74-75
2026-01-22,69.0,70.18498313703773,70.18498313703773,70.17667288573092,KAUS,0.0,-1.184983137037733,-1.184983137037733,0.008310251306809846,69,68-69,70,70-71,70,70-71
2026-01-23,67.0,69.34183649748499,69.34586421997,69.27446507356339,KAUS,0.004027722485005825,-2.341836497484991,-2.3458642199699966,0.06737142392159967,67,66-67,69,68-69,69,68-69
2026-01-24,45.0,43.06544966192232,43.06544966192232,43.36517896459848,KAUS,0.0,1.9345503380776776,1.9345503380776776,-0.2997293026761554,45,44-45,43,42-43,43,42-43
2026-01-25,29.0,29.085620279410282,29.085620279410282,29.24145442367172,KAUS,0.0,-0.08562027941028205,-0.08562027941028205,-0.15583414426143705,29,28-29,29,28-29,29,28-29
2026-01-26,37.0,34.322116958523225,34.322116958523225,34.37039520165715,KAUS,0.0,2.6778830414767754,2.6778830414767754,-0.04827824313392881,37,36-37,34,34-35,34,34-35
2026-01-27,50.0,46.817271110947026,46.817271110947026,46.77418246844485,KAUS,0.0,3.1827288890529744,3.1827288890529744,0.04308864250217681,50,50-51,47,46-47,47,46-47
2026-01-28,57.0,55.314017559792184,55.314017559792184,55.474639319741,KAUS,0.0,1.685982440207816,1.685982440207816,-0.16062175994881756,57,56-57,55,54-55,55,54-55
2026-01-29,72.0,70.15532582854135,70.15532582854135,70.24094782465558,KAUS,0.0,1.8446741714586494,1.8446741714586494,-0.08562199611422727,72,72-73,70,70-71,70,70-71
2026-01-30,55.0,55.403017413811746,55.403017413811746,55.42780124896393,KAUS,0.0,-0.40301741381174594,-0.40301741381174594,-0.024783835152184963,55,54-55,55,54-55,55,54-55
2026-01-31,44.0,43.35292386698584,43.35292386698584,43.43621098317787,KAUS,0.0,0.6470761330141599,0.6470761330141599,-0.08328711619203233,44,44-45,43,42-43,43,42-43
2026-02-01,57.0,55.40485472752912,55.40485472752912,55.34021364156537,KAUS,0.0,1.5951452724708801,1.5951452724708801,0.06464108596374984,57,56-57,55,54-55,55,54-55
2026-02-02,68.0,69.81167308554244,69.81167308554244,69.79599756820444,KAUS,0.0,-1.8116730855424379,-1.8116730855424379,0.015675517337996325,68,68-69,70,70-71,70,70-71
2026-02-03,72.0,71.9325669880336,71.9325669880336,71.70859230356128,KAUS,0.0,0.06743301196640061,0.06743301196640061,0.22397468447232427,72,72-73,72,72-73,72,72-73
2026-02-04,64.0,64.57699086971282,64.57699086971282,64.62833294901294,KAUS,0.0,-0.5769908697128159,-0.5769908697128159,-0.05134207930012735,64,64-65,65,64-65,65,64-65
2026-02-05,69.0,68.7955815526936,68.7955815526936,68.73911639239192,KAUS,0.0,0.20441844730639502,0.20441844730639502,0.056465160301684136,69,68-69,69,68-69,69,68-69
2026-02-06,82.0,81.99011411284205,81.99011411284205,81.86832036571512,KAUS,0.0,0.009885887157949469,0.009885887157949469,0.12179374712692947,82,82-83,82,82-83,82,82-83
2026-02-07,84.0,81.4451966534752,81.4451966534752,81.38292142809672,KAUS,0.0,2.554803346524807,2.554803346524807,0.06227522537847108,84,84-85,81,80-81,81,80-81
2026-02-08,80.0,79.03001485699014,79.03001485699014,78.88930662800433,KAUS,0.0,0.9699851430098647,0.9699851430098647,0.14070822898580104,80,80-81,79,78-79,79,78-79
2026-02-09,85.0,84.16830923067349,84.16830923067349,83.98351720125572,KAUS,0.0,0.8316907693265136,0.8316907693265136,0.18479202941776407,85,84-85,84,84-85,84,84-85
2026-02-10,69.0,74.7359754700034,74.7359754700034,74.66859421130506,KAUS,0.0,-5.735975470003396,-5.735975470003396,0.06738125869833311,69,68-69,75,74-75,75,74-75
2026-02-11,75.0,73.64236646778858,73.64236646778858,73.59561841316997,KAUS,0.0,1.3576335322114232,1.3576335322114232,0.046748054618603874,75,74-75,74,74-75,74,74-75
2026-02-12,81.0,79.64834886645114,79.64834886645114,79.48110760395956,KAUS,0.0,1.351651133548856,1.351651133548856,0.16724126249158644,81,80-81,80,80-81,80,80-81
2026-02-13,81.0,81.35527782228712,81.35527782228712,81.21880913271318,KAUS,0.0,-0.3552778222871211,-0.3552778222871211,0.1364686895739453,81,80-81,81,80-81,81,80-81
2026-02-14,74.0,72.87030070383632,72.87030070383632,72.90060523067666,KAUS,0.0,1.129699296163679,1.129699296163679,-0.030304526840339463,74,74-75,73,72-73,73,72-73
2026-02-15,74.0,71.66936694947816,71.66936694947816,71.58445785915826,KAUS,0.0,2.3306330505218398,2.3306330505218398,0.08490909031989702,74,74-75,72,72-73,72,72-73
2026-02-16,77.0,76.74726557527585,76.74726557527585,76.71872183884535,KAUS,0.0,0.252734424724153,0.252734424724153,0.028543736430492572,77,76-77,77,76-77,77,76-77
2026-02-17,84.0,81.41767906167553,81.41767906167553,81.41484236266183,KAUS,0.0,2.5823209383244716,2.5823209383244716,0.0028366990136987624,84,84-85,81,80-81,81,80-81
2026-02-18,77.0,82.47417305455001,82.47417305455001,82.3000874461278,KAUS,0.0,-5.474173054550008,-5.474173054550008,0.1740856084222031,77,76-77,82,82-83,82,82-83
2026-02-19,85.0,84.76204104004904,84.76204104004904,84.60287290707366,KAUS,0.0,0.23795895995095862,0.23795895995095862,0.15916813297538113,85,84-85,85,84-85,85,84-85
2026-02-20,67.0,68.16768479205258,68.16768479205258,68.11882703136341,KAUS,0.0,-1.167684792052583,-1.167684792052583,0.0488577606891738,67,66-67,68,68-69,68,68-69
2026-02-21,72.0,72.70430434609779,72.70430434609779,72.73148629070995,KAUS,0.0,-0.7043043460977856,-0.7043043460977856,-0.02718194461216683,72,72-73,73,72-73,73,72-73
2026-02-22,62.0,61.444517772093334,61.444517772093334,61.39299941952834,KAUS,0.0,0.5554822279066656,0.5554822279066656,0.05151835256499737,62,62-63,61,60-61,61,60-61
2026-02-23,66.0,64.65998452153394,64.65998452153394,64.68369303289874,KAUS,0.0,1.3400154784660572,1.3400154784660572,-0.02370851136480212,66,66-67,65,64-65,65,64-65
2026-02-24,75.0,74.98531201559659,74.98531201559659,74.93644989599807,KAUS,0.0,0.014687984403408905,0.014687984403408905,0.0488621195985246,75,74-75,75,74-75,75,74-75
2026-02-25,87.0,86.80739401315661,86.80739401315661,86.64634108865812,KAUS,0.0,0.1926059868433896,0.1926059868433896,0.16105292449849173,87,86-87,87,86-87,87,86-87
2026-02-26,85.0,85.60823806018176,85.60823806018176,85.39910710888874,KAUS,0.0,-0.6082380601817619,-0.6082380601817619,0.2091309512930195,85,84-85,86,86-87,86,86-87
2026-02-27,87.0,85.20607611686412,85.20607611686412,85.1556421188603,KAUS,0.0,1.793923883135875,1.793923883135875,0.05043399800382531,87,86-87,85,84-85,85,84-85
2026-02-28,87.0,85.07067479283738,85.07067479283738,84.94512664392897,KAUS,0.0,1.92932520716262,1.92932520716262,0.1255481489084076,87,86-87,85,84-85,85,84-85
2026-03-01,85.0,83.03306020114715,83.03306020114715,82.9302408695653,KAUS,0.0,1.9669397988528488,1.9669397988528488,0.10281933158185552,85,84-85,83,82-83,83,82-83
2026-03-02,85.0,82.42024116923393,82.42024116923393,82.32263434377799,KAUS,0.0,2.5797588307660675,2.5797588307660675,0.0976068254559408,85,84-85,82,82-83,82,82-83
2026-03-03,88.0,86.49685982893725,86.49685982893725,86.44241140911618,KAUS,0.0,1.5031401710627534,1.5031401710627534,0.05444841982107107,88,88-89,86,86-87,86,86-87
2026-03-04,87.0,83.96794005798098,83.96794005798098,83.84538812649032,KAUS,0.0,3.0320599420190177,3.0320599420190177,0.12255193149066201,87,86-87,84,84-85,84,84-85
2026-03-05,87.0,83.63854285525525,83.63854285525525,83.55228432636889,KAUS,0.0,3.3614571447447474,3.3614571447447474,0.08625852888636132,87,86-87,84,84-85,84,84-85
2026-03-06,84.0,84.42234916831146,84.42300377169138,84.32286735745397,KAUS,0.0006546033799281759,-0.42234916831145597,-0.42300377169138415,0.09948181085748331,84,84-85,84,84-85,84,84-85
2026-03-07,77.0,77.95997986177811,77.96124986281009,77.92649545256586,KAUS,0.00127000103198327,-0.959979861778109,-0.9612498628100923,0.03348440921224949,77,76-77,78,78-79,78,78-79
2026-03-08,67.0,67.07762911795463,67.07762911795463,67.08854531167823,KAUS,0.0,-0.07762911795462912,-0.07762911795462912,-0.010916193723602419,67,66-67,67,66-67,67,66-67
2026-03-09,78.0,80.8533142806857,80.8533142806857,80.72564537459694,KAUS,0.0,-2.8533142806856944,-2.8533142806856944,0.1276689060887577,78,78-79,81,80-81,81,80-81
2026-03-10,84.0,82.29068697813699,82.29068697813699,82.28852572176284,KAUS,0.0,1.7093130218630108,1.7093130218630108,0.0021612563741513213,84,84-85,82,82-83,82,82-83
2026-03-11,81.0,81.79065410856052,81.79065410856052,81.82634092275599,KAUS,0.0,-0.790654108560517,-0.790654108560517,-0.03568681419547204,81,80-81,82,82-83,82,82-83
2026-03-12,66.0,66.36649645068367,66.36649645068367,66.43233412954368,KAUS,0.0,-0.36649645068366965,-0.36649645068366965,-0.06583767886000658,66,66-67,66,66-67,66,66-67
2026-03-13,81.0,79.05595565360798,79.05595565360798,78.9485185015913,KAUS,0.0,1.944044346392019,1.944044346392019,0.10743715201668635,81,80-81,79,78-79,79,78-79
2026-03-14,85.0,80.55081801248802,80.55081801248802,80.39408800401881,KAUS,0.0,4.449181987511977,4.449181987511977,0.1567300084692107,85,84-85,81,80-81,81,80-81
2026-03-15,97.0,89.47292807747156,89.47292807747156,89.29229679040128,KAUS,0.0,7.527071922528435,7.527071922528435,0.18063128707028397,97,96-97,89,88-89,89,88-89
2026-03-16,54.0,55.72564357775745,55.72564357775745,55.67542860310171,KAUS,0.0,-1.7256435777574524,-1.7256435777574524,0.05021497465574498,54,54-55,56,56-57,56,56-57
2026-03-17,67.0,65.86575986518986,65.86575986518986,65.7678735616189,KAUS,0.0,1.1342401348101419,1.1342401348101419,0.0978863035709594,67,66-67,66,66-67,66,66-67
2026-03-18,77.0,77.15365585157667,77.15365585157667,77.08895848419198,KAUS,0.0,-0.15365585157667283,-0.15365585157667283,0.06469736738469578,77,76-77,77,76-77,77,76-77
2026-03-19,85.0,84.54288700837778,84.54288700837778,84.46561648700364,KAUS,0.0,0.45711299162222474,0.45711299162222474,0.07727052137413182,85,84-85,85,84-85,85,84-85
2026-03-20,90.0,88.92557215243032,88.92557215243032,88.79237402864555,KAUS,0.0,1.0744278475696802,1.0744278475696802,0.1331981237847657,90,90-91,89,88-89,89,88-89
2026-03-21,93.0,90.19549059174405,90.19549059174405,90.00494294149807,KAUS,0.0,2.804509408255953,2.804509408255953,0.19054765024597486,93,92-93,90,90-91,90,90-91
2026-03-22,92.0,90.15727577990272,90.15727577990272,89.99692246432753,KAUS,0.0,1.8427242200972813,1.8427242200972813,0.16035331557519328,92,92-93,90,90-91,90,90-91
2026-03-23,86.0,86.59759251790939,86.59759251790939,86.4980674668081,KAUS,0.0,-0.5975925179093906,-0.5975925179093906,0.0995250511012955,86,86-87,87,86-87,87,86-87
2026-03-24,87.0,86.07649226764643,86.07649226764643,85.9235867060811,KAUS,0.0,0.9235077323535705,0.9235077323535705,0.15290556156533341,87,86-87,86,86-87,86,86-87
2026-03-25,89.0,88.06354758079834,88.06354758079834,87.98324970399652,KAUS,0.0,0.9364524192016574,0.9364524192016574,0.0802978768018221,89,88-89,88,88-89,88,88-89
2026-03-26,89.0,88.13901042169593,88.13901042169593,88.0168955611014,KAUS,0.0,0.8609895783040713,0.8609895783040713,0.1221148605945217,89,88-89,88,88-89,88,88-89
2026-03-27,87.0,86.91473772929407,86.91473772929407,86.89338352136376,KAUS,0.0,0.0852622707059254,0.0852622707059254,0.021354207930315283,87,86-87,87,86-87,87,86-87
2026-03-28,72.0,70.51713465413224,70.51713465413224,70.43596803050664,KAUS,0.0,1.482865345867765,1.482865345867765,0.08116662362559168,72,72-73,71,70-71,71,70-71
2026-03-29,84.0,85.09784745042231,85.09784745042231,85.01799363643065,KAUS,0.0,-1.0978474504223072,-1.0978474504223072,0.07985381399166158,84,84-85,85,84-85,85,84-85
2026-03-30,88.0,87.38261303964562,87.38261303964562,87.25494451723631,KAUS,0.0,0.6173869603543807,0.6173869603543807,0.1276685224093086,88,88-89,87,86-87,87,86-87
2026-03-31,89.0,87.18807346341906,87.18807346341906,87.15413395626895,KAUS,0.0,1.8119265365809412,1.8119265365809412,0.03393950715010874,89,88-89,87,86-87,87,86-87
2026-04-01,91.0,88.65236173161885,88.65236173161885,88.60302474129597,KAUS,0.0,2.3476382683811465,2.3476382683811465,0.0493369903228853,91,90-91,89,88-89,89,88-89
2026-04-02,86.0,85.76654863819492,85.76654863819492,85.81361087306183,KAUS,0.0,0.23345136180508064,0.23345136180508064,-0.047062234866913855,86,86-87,86,86-87,86,86-87
2026-04-03,83.0,86.34808786532311,86.34808786532311,86.37775338383202,KAUS,0.0,-3.3480878653231088,-3.3480878653231088,-0.02966551850890653,83,82-83,86,86-87,86,86-87
2026-04-04,78.0,78.11511016920024,78.11511016920024,78.18309644507063,KAUS,0.0,-0.11511016920023565,-0.11511016920023565,-0.06798627587039618,78,78-79,78,78-79,78,78-79
2026-04-05,65.0,67.10289222927658,67.10289222927658,67.08667034694183,KAUS,0.0,-2.102892229276577,-2.102892229276577,0.016221882334747306,65,64-65,67,66-67,67,66-67
2026-04-06,73.0,73.9112711126968,73.9112711126968,73.92048964976226,KAUS,0.0,-0.9112711126967952,-0.9112711126967952,-0.009218537065464716,73,72-73,74,74-75,74,74-75
2026-04-07,75.0,76.33649732161872,76.33649732161872,76.27384246333457,KAUS,0.0,-1.3364973216187224,-1.3364973216187224,0.06265485828414796,75,74-75,76,76-77,76,76-77
2026-04-08,80.0,81.46113670839873,81.46113670839873,81.4508345233494,KAUS,0.0,-1.4611367083987261,-1.4611367083987261,0.01030218504932634,80,80-81,81,80-81,81,80-81
2026-04-09,81.0,79.79313544106854,79.79313544106854,79.87561827612741,KAUS,0.0,1.206864558931457,1.206864558931457,-0.08248283505886889,81,80-81,80,80-81,80,80-81
2026-04-10,82.0,79.34267849331486,79.34267849331486,79.30281132901062,KAUS,0.0,2.657321506685136,2.657321506685136,0.03986716430424053,82,82-83,79,78-79,79,78-79
2026-04-11,83.0,82.52562395802833,82.52562395802833,82.6486308319831,KAUS,0.0,0.4743760419716665,0.4743760419716665,-0.12300687395476473,83,82-83,83,82-83,83,82-83
2026-04-12,80.0,78.62509773458646,78.62509773458646,78.72779347874456,KAUS,0.0,1.3749022654135388,1.3749022654135388,-0.10269574415809757,80,80-81,79,78-79,79,78-79
2026-04-13,87.0,85.65107720873935,85.65107720873935,85.69197099378667,KAUS,0.0,1.348922791260648,1.348922791260648,-0.040893785047316555,87,86-87,86,86-87,86,86-87
2026-04-14,87.0,83.8374283723007,83.8374283723007,83.72905474332349,KAUS,0.0,3.1625716276992932,3.1625716276992932,0.10837362897721903,87,86-87,84,84-85,84,84-85
2026-04-15,84.0,85.53796396288533,85.53796396288533,85.61168328787171,KAUS,0.0,-1.5379639628853283,-1.5379639628853283,-0.073719324986385,84,84-85,86,86-87,86,86-87
2026-04-16,88.0,87.69717753464498,87.69717753464498,87.62131202928288,KAUS,0.0,0.3028224653550211,0.3028224653550211,0.07586550536210268,88,88-89,88,88-89,88,88-89
2026-04-17,89.0,88.3902480860699,88.3902480860699,88.36447014699614,KAUS,0.0,0.6097519139300971,0.6097519139300971,0.025777939073762468,89,88-89,88,88-89,88,88-89
2026-04-18,73.0,72.33612607636945,72.33238797501184,72.44253727610143,KAUS,-0.0037381013576123223,0.6638739236305469,0.6676120249881592,-0.10641119973197988,73,72-73,72,72-73,72,72-73
2026-04-19,71.0,72.74496468183762,72.74496468183762,72.87042656500478,KAUS,0.0,-1.7449646818376152,-1.7449646818376152,-0.1254618831671621,71,70-71,73,72-73,73,72-73
2026-04-20,61.0,62.90261726098106,62.902116252684365,62.84644264401268,KAUS,-0.0005010082966947493,-1.90261726098106,-1.9021162526843653,0.05617461696837722,61,60-61,63,62-63,63,62-63
2026-04-21,64.0,66.09402036414845,66.09186090893859,65.98939520309517,KAUS,-0.0021594552098633812,-2.0940203641484487,-2.0918609089385853,0.1046251610532778,64,64-65,66,66-67,66,66-67
2026-04-22,84.0,78.77008089824618,78.77008089824618,78.76258265275206,KAUS,0.0,5.229919101753822,5.229919101753822,0.00749824549411926,84,84-85,79,78-79,79,78-79
2026-04-23,82.0,82.91371816764158,82.91371816764158,82.9378198703571,KAUS,0.0,-0.9137181676415764,-0.9137181676415764,-0.024101702715526585,82,82-83,83,82-83,83,82-83
2026-04-24,89.0,88.61698299991396,88.61698299991396,88.61632386517806,KAUS,0.0,0.383017000086042,0.383017000086042,0.0006591347358977373,89,88-89,89,88-89,89,88-89
2026-04-25,89.0,91.35674938116229,91.35674938116229,91.30547627501052,KAUS,0.0,-2.356749381162288,-2.356749381162288,0.05127310615176839,89,88-89,91,90-91,91,90-91
2026-04-26,87.0,88.79897005320626,88.79897005320626,88.69454812387863,KAUS,0.0,-1.7989700532062614,-1.7989700532062614,0.1044219293276285,87,86-87,89,88-89,89,88-89
2026-04-27,87.0,89.33364378361404,89.33364378361404,89.1932257035672,KAUS,0.0,-2.3336437836140362,-2.3336437836140362,0.14041808004684242,87,86-87,89,88-89,89,88-89
2026-04-28,89.0,91.27735338667297,91.27735338667297,91.21656753500808,KAUS,0.0,-2.2773533866729707,-2.2773533866729707,0.060785851664888924,89,88-89,91,90-91,91,90-91
2026-04-29,80.0,85.21865369644533,85.21865369644533,85.63418717057601,KAUS,0.0,-5.21865369644533,-5.21865369644533,-0.4155334741306831,80,80-81,85,84-85,85,84-85
2026-04-30,71.0,74.9659897223659,74.9659897223659,74.96008122919262,KAUS,0.0,-3.9659897223659044,-3.9659897223659044,0.005908493173279794,71,70-71,75,74-75,75,74-75
2026-05-01,64.0,63.80037436680186,63.7990001945699,63.87955067513559,KAUS,-0.001374172231962234,0.19962563319813853,0.20099980543010076,-0.07917630833372868,64,64-65,64,64-65,64,64-65
2026-05-02,75.0,73.84335578711078,73.84335578711078,73.81874285441606,KAUS,0.0,1.1566442128892191,1.1566442128892191,0.024612932694722645,75,74-75,74,74-75,74,74-75
2026-05-03,80.0,79.16464858892341,79.16464858892341,79.08046423605414,KAUS,0.0,0.8353514110765872,0.8353514110765872,0.08418435286927206,80,80-81,79,78-79,79,78-79
2026-05-04,82.0,83.48609391474221,83.48609391474221,83.38159844195913,KAUS,0.0,-1.486093914742213,-1.486093914742213,0.10449547278308557,82,82-83,83,82-83,83,82-83
2026-05-05,84.0,85.3423054107056,85.3423054107056,85.07873822686224,KAUS,0.0,-1.342305410705606,-1.342305410705606,0.26356718384336375,84,84-85,85,84-85,85,84-85
2026-05-07,68.0,70.96244932305655,70.96244932305655,70.98041524395263,KAUS,0.0,-2.9624493230565463,-2.9624493230565463,-0.017965920896088505,68,68-69,71,70-71,71,70-71
2026-05-08,81.0,79.75826923037063,79.75826923037063,79.73940277587148,KAUS,0.0,1.2417307696293705,1.2417307696293705,0.018866454499146812,81,80-81,80,80-81,80,80-81
2026-05-09,89.0,88.64100738523031,88.64100738523031,88.58334857004523,KAUS,0.0,0.35899261476969,0.35899261476969,0.05765881518507854,89,88-89,89,88-89,89,88-89
2026-05-10,90.0,90.28150520105541,90.28150520105541,90.16080534685302,KAUS,0.0,-0.28150520105540977,-0.28150520105540977,0.12069985420238538,90,90-91,90,90-91,90,90-91
2026-05-11,80.0,78.33374738326434,78.33374738326434,78.29457226794408,KAUS,0.0,1.6662526167356617,1.6662526167356617,0.039175115320261966,80,80-81,78,78-79,78,78-79
2026-05-12,84.0,84.69461220209749,84.69461220209749,84.64695444688353,KAUS,0.0,-0.6946122020974883,-0.6946122020974883,0.04765775521396165,84,84-85,85,84-85,85,84-85
2026-05-13,89.0,89.8067774456295,89.8067774456295,89.74489829310471,KAUS,0.0,-0.8067774456295069,-0.8067774456295069,0.0618791525247957,89,88-89,90,90-91,90,90-91
2026-05-14,89.0,90.30629805955223,90.30629805955223,90.2294088276795,KAUS,0.0,-1.3062980595522333,-1.3062980595522333,0.07688923187272678,89,88-89,90,90-91,90,90-91
2026-05-15,89.0,90.46581786952254,90.46581786952254,90.35193109318752,KAUS,0.0,-1.4658178695225388,-1.4658178695225388,0.11388677633502198,89,88-89,90,90-91,90,90-91
2026-05-16,89.0,89.68519991872097,89.68519991872097,89.55177010726914,KAUS,0.0,-0.6851999187209685,-0.6851999187209685,0.1334298114518333,89,88-89,90,90-91,90,90-91
2026-05-17,87.0,89.38351512661656,89.38351512661656,89.36946540356227,KAUS,0.0,-2.383515126616558,-2.383515126616558,0.014049723054284868,87,86-87,89,88-89,89,88-89
2026-05-18,92.0,90.50491635631633,90.50491635631633,90.50120363195772,KAUS,0.0,1.495083643683671,1.495083643683671,0.0037127243586070335,92,92-93,91,90-91,91,90-91
2026-05-19,91.0,90.30605130171874,90.30605130171874,90.4690117755372,KAUS,0.0,0.693948698281261,0.693948698281261,-0.16296047381845824,91,90-91,90,90-91,90,90-91
2026-05-20,84.0,81.04581070626217,81.04581070626217,81.20207109664264,KAUS,0.0,2.9541892937378265,2.9541892937378265,-0.15626039038046713,84,84-85,81,80-81,81,80-81
2026-05-21,81.0,81.21824972305443,81.21824972305443,81.3148726158877,KAUS,0.0,-0.21824972305442714,-0.21824972305442714,-0.09662289283326686,81,80-81,81,80-81,81,80-81
2026-05-22,87.0,87.11832468285628,87.11832468285628,87.14998708609309,KAUS,0.0,-0.11832468285628295,-0.11832468285628295,-0.031662403236808245,87,86-87,87,86-87,87,86-87
2026-05-23,83.0,84.48087275266798,84.48087275266798,84.59020968914072,KAUS,0.0,-1.4808727526679775,-1.4808727526679775,-0.10933693647274367,83,82-83,84,84-85,84,84-85
2026-05-24,87.0,88.8346855354256,88.8346855354256,88.83191860865523,KAUS,0.0,-1.8346855354256064,-1.8346855354256064,0.002766926770377154,87,86-87,89,88-89,89,88-89
2026-05-25,88.0,87.73289426970935,87.73289426970935,87.70388268419869,KAUS,0.0,0.2671057302906519,0.2671057302906519,0.029011585510659188,88,88-89,88,88-89,88,88-89
2026-05-26,88.0,88.42876051201016,88.42876051201016,88.45791537859931,KAUS,0.0,-0.4287605120101574,-0.4287605120101574,-0.02915486658915256,88,88-89,88,88-89,88,88-89
2026-05-27,77.0,79.75219166347705,79.75219166347705,79.60264255425861,KAUS,0.0,-2.752191663477049,-2.752191663477049,0.1495491092184409,77,76-77,80,80-81,80,80-81
2026-05-28,89.0,89.08140448794468,89.08140448794468,89.00580761932078,KAUS,0.0,-0.08140448794468114,-0.08140448794468114,0.07559686862390436,89,88-89,89,88-89,89,88-89
2026-05-29,90.0,92.29866228030907,92.29866228030907,92.19681275630786,KAUS,0.0,-2.298662280309074,-2.298662280309074,0.10184952400121006,90,90-91,92,92-93,92,92-93
2026-05-30,87.0,90.53029511452867,90.53029511452867,90.47811366587815,KAUS,0.0,-3.53029511452867,-3.53029511452867,0.052181448650514994,87,86-87,91,90-91,91,90-91
2026-05-31,89.0,91.68305541246981,91.68305541246981,91.6274014989397,KAUS,0.0,-2.6830554124698125,-2.6830554124698125,0.05565391353010796,89,88-89,92,92-93,92,92-93
2026-06-01,92.0,91.20917953053358,91.20917953053358,91.2875997036711,KAUS,0.0,0.7908204694664249,0.7908204694664249,-0.07842017313753047,92,92-93,91,90-91,91,90-91
2026-06-02,93.0,91.89559819219478,91.84328784901498,91.91237224312358,KAUS,-0.05231034317979777,1.1044018078052176,1.1567121509850153,-0.016774050928802353,93,92-93,92,92-93,92,92-93
2026-06-03,88.0,87.43627923759472,87.51159558139818,87.44838311117397,KAUS,0.07531634380346475,0.563720762405282,0.48840441860181727,-0.01210387357924958,88,88-89,87,86-87,88,88-89
2026-06-04,86.0,85.86847885679998,85.99451119343921,85.9995772903601,KAUS,0.12603233663922708,0.1315211432000183,0.005488806560791204,-0.13109843356011197,86,86-87,86,86-87,86,86-87
2026-06-05,86.0,86.40856363571179,86.53675865673857,86.47969938580728,KAUS,0.1281950210267837,-0.40856363571178633,-0.53675865673857,-0.07113575009549322,86,86-87,86,86-87,87,86-87
2026-06-06,91.0,89.37450161575302,89.6059881017272,89.49283084457495,KAUS,0.23148648597418742,1.6254983842469812,1.3940118982727938,-0.11832922882193486,91,90-91,89,88-89,90,90-91
2026-06-07,90.0,89.36966477505922,89.57383043189415,89.38805406653562,KAUS,0.20416565683493104,0.6303352249407794,0.4261695681058484,-0.018389291476395897,90,90-91,89,88-89,90,90-91
2026-06-08,88.0,90.45428243329052,90.82540578205445,90.56147070963488,KAUS,0.3711233487639305,-2.4542824332905155,-2.825405782054446,-0.10718827634435968,88,88-89,90,90-91,91,90-91
2026-06-09,92.0,92.11552721687238,92.19186267277883,92.10559566005472,KAUS,0.0763354559064453,-0.11552721687237977,-0.19186267277882507,0.009931556817662113,92,92-93,92,92-93,92,92-93
2026-06-10,90.0,92.34051489067011,92.36154959372595,92.35096028229388,KAUS,0.02103470305584665,-2.340514890670107,-2.361549593725954,-0.01044539162377589,90,90-91,92,92-93,92,92-93
2026-06-11,93.0,92.78423656744525,92.85794957518648,92.70304394122702,KAUS,0.07371300774123313,0.21576343255475194,0.14205042481351882,0.08119262621822543,93,92-93,93,92-93,93,92-93
2026-06-12,94.0,91.54461786424594,91.63229263086625,91.5519094295108,KAUS,0.08767476662031015,2.455382135754064,2.367707369133754,-0.00729156526486463,94,94-95,92,92-93,92,92-93
2026-06-13,93.0,93.86471765787023,93.86471765787023,93.83654220320854,KAUS,0.0,-0.86471765787023,-0.86471765787023,0.028175454661692356,93,92-93,94,94-95,94,94-95
2026-06-14,92.0,91.40210213280888,91.50426494933929,91.55851268611468,KAUS,0.10216281653040937,0.5978978671911221,0.4957350506607128,-0.156410553305804,92,92-93,91,90-91,92,92-93
2026-06-15,83.0,83.07426372825192,83.0720722475741,83.18290325735745,KAUS,-0.0021914806778227103,-0.07426372825192118,-0.07207224757409847,-0.1086395291055311,83,82-83,83,82-83,83,82-83
2026-06-16,90.0,87.0280308450189,87.44614881637999,87.07050081717374,KAUS,0.41811797136108453,2.971969154981096,2.5538511836200115,-0.04246997215483361,90,90-91,87,86-87,87,86-87
2026-06-17,89.0,90.86510857714947,90.86510857714947,90.7898130169586,KAUS,0.0,-1.8651085771494706,-1.8651085771494706,0.0752955601908667,89,88-89,91,90-91,91,90-91
2026-06-18,97.0,96.5908355313062,96.5908355313062,96.47359546011631,KAUS,0.0,0.4091644686938025,0.4091644686938025,0.11724007118988311,97,96-97,97,96-97,97,96-97
2026-06-19,88.0,90.90471817966015,90.90471817966015,90.696968657322,KAUS,0.0,-2.9047181796601507,-2.9047181796601507,0.20774952233814759,88,88-89,91,90-91,91,90-91
2026-06-20,89.0,88.4973006559503,88.4973006559503,88.4452505025328,KAUS,0.0,0.5026993440497023,0.5026993440497023,0.05205015341749686,89,88-89,88,88-89,88,88-89
2026-06-21,93.0,90.79397043873732,90.79397043873732,90.7402300266968,KAUS,0.0,2.2060295612626817,2.2060295612626817,0.05374041204051139,93,92-93,91,90-91,91,90-91
2026-01-01,70.0,70.05093285373648,70.05093285373648,70.05446147446364,KDAL,0.0,-0.05093285373648371,-0.05093285373648371,-0.0035286207271525427,70,70-71,70,70-71,70,70-71
2026-01-02,76.0,74.59028036013238,74.59028036013238,74.58059505380312,KDAL,0.0,1.4097196398676175,1.4097196398676175,0.009685306329259902,76,76-77,75,74-75,75,74-75
2026-01-03,64.0,63.57631378440244,63.57631378440244,63.568714567546,KDAL,0.0,0.4236862155975629,0.4236862155975629,0.0075992168564340545,64,64-65,64,64-65,64,64-65
2026-01-04,63.0,62.75325148851438,62.75325148851438,62.771602098710176,KDAL,0.0,0.24674851148562027,0.24674851148562027,-0.01835061019579598,63,62-63,63,62-63,63,62-63
2026-01-05,70.0,72.49760210677539,72.49760210677539,72.48651178594427,KDAL,0.0,-2.497602106775389,-2.497602106775389,0.011090320831115719,70,70-71,72,72-73,72,72-73
2026-01-06,77.0,74.15475640261053,74.15475640261053,74.13567848447914,KDAL,0.0,2.8452435973894694,2.8452435973894694,0.01907791813138715,77,76-77,74,74-75,74,74-75
2026-01-07,80.0,75.89144042704963,75.89144042704963,75.88845257249308,KDAL,0.0,4.108559572950369,4.108559572950369,0.0029878545565509285,80,80-81,76,76-77,76,76-77
2026-01-08,79.0,78.60669293750013,78.60669293750013,78.56104691620168,KDAL,0.0,0.393307062499872,0.393307062499872,0.04564602129845241,79,78-79,79,78-79,79,78-79
2026-01-09,70.0,70.12715083237465,70.12715083237465,70.16412647686727,KDAL,0.0,-0.12715083237465308,-0.12715083237465308,-0.036975644492613924,70,70-71,70,70-71,70,70-71
2026-01-10,54.0,54.56541518522525,54.56541518522525,54.55173120367762,KDAL,0.0,-0.5654151852252483,-0.5654151852252483,0.013683981547629287,54,54-55,55,54-55,55,54-55
2026-01-11,61.0,60.93374685784449,60.93374685784449,60.913811785648974,KDAL,0.0,0.06625314215551015,0.06625314215551015,0.019935072195515602,61,60-61,61,60-61,61,60-61
2026-01-12,65.0,62.28054261351681,62.28054261351681,62.30761933985348,KDAL,0.0,2.7194573864831924,2.7194573864831924,-0.027076726336673573,65,64-65,62,62-63,62,62-63
2026-01-13,66.0,65.21014402569307,65.21014402569307,65.17189322165325,KDAL,0.0,0.7898559743069313,0.7898559743069313,0.038250804039819286,66,66-67,65,64-65,65,64-65
2026-01-14,62.0,61.56494403699246,61.56494403699246,61.547781092670334,KDAL,0.0,0.43505596300754235,0.43505596300754235,0.017162944322123508,62,62-63,62,62-63,62,62-63
2026-01-15,58.0,58.71726018324139,58.71726018324139,58.72608284494081,KDAL,0.0,-0.7172601832413932,-0.7172601832413932,-0.008822661699419143,58,58-59,59,58-59,59,58-59
2026-01-16,59.0,59.07768305728154,59.07768305728154,59.059300421713374,KDAL,0.0,-0.0776830572815399,-0.0776830572815399,0.018382635568165995,59,58-59,59,58-59,59,58-59
2026-01-17,43.0,43.809938654064084,43.809938654064084,43.82118563132417,KDAL,0.0,-0.8099386540640836,-0.8099386540640836,-0.011246977260086055,43,42-43,44,44-45,44,44-45
2026-01-18,61.0,55.73891048930506,55.73891048930506,55.731485689607766,KDAL,0.0,5.261089510694937,5.261089510694937,0.007424799697297146,61,60-61,56,56-57,56,56-57
2026-01-19,53.0,53.20203092880146,53.20203092880146,53.21309595158068,KDAL,0.0,-0.202030928801463,-0.202030928801463,-0.011065022779213507,53,52-53,53,52-53,53,52-53
2026-01-20,54.0,53.50043525843499,53.50043525843499,53.502894215242605,KDAL,0.0,0.49956474156500974,0.49956474156500974,-0.002458956807615209,54,54-55,54,54-55,54,54-55
2026-01-21,65.0,61.945683383534885,61.945683383534885,61.94739159312088,KDAL,0.0,3.0543166164651154,3.0543166164651154,-0.0017082095859919377,65,64-65,62,62-63,62,62-63
2026-01-22,53.0,57.610997940340084,57.610997940340084,57.6213864290048,KDAL,0.0,-4.610997940340084,-4.610997940340084,-0.010388488664716533,53,52-53,58,58-59,58,58-59
2026-01-23,53.0,52.90942814989534,52.90942814989534,52.90942814989716,KDAL,0.0,0.09057185010465929,0.09057185010465929,-1.8189894035458565e-12,53,52-53,53,52-53,53,52-53
2026-01-24,33.0,32.943606206538604,32.943606206538604,32.94360620653974,KDAL,0.0,0.05639379346139606,0.05639379346139606,-1.1368683772161603e-12,33,32-33,33,32-33,33,32-33
2026-01-25,21.0,20.1955208018953,20.19675892902829,20.181797626535054,KDAL,0.0012381271329928722,0.8044791981047013,0.8032410709717084,0.013723175360244255,21,20-21,20,20-21,20,20-21
2026-01-26,32.0,29.115534912005764,29.115534912005764,29.103277532703625,KDAL,0.0,2.8844650879942364,2.8844650879942364,0.012257379302138105,32,32-33,29,28-29,29,28-29
2026-01-27,41.0,41.389905318028966,41.389905318028966,41.40611586160467,KDAL,0.0,-0.38990531802896555,-0.38990531802896555,-0.01621054357570273,41,40-41,41,40-41,41,40-41
2026-01-28,49.0,46.6365228808183,46.6365228808183,46.61169250589525,KDAL,0.0,2.3634771191817023,2.3634771191817023,0.024830374923048737,49,48-49,47,46-47,47,46-47
2026-01-29,59.0,59.95803033790894,59.95803033790894,59.93593237468136,KDAL,0.0,-0.9580303379089372,-0.9580303379089372,0.022097963227579953,59,58-59,60,60-61,60,60-61
2026-01-30,48.0,47.47778411240241,47.47778411240241,47.47368627226011,KDAL,0.0,0.5222158875975893,0.5222158875975893,0.004097840142300413,48,48-49,47,46-47,47,46-47
2026-01-31,33.0,33.92525858255595,33.92525858255595,33.91106204850984,KDAL,0.0,-0.9252585825559478,-0.9252585825559478,0.01419653404610699,33,32-33,34,34-35,34,34-35
2026-02-01,51.0,52.108574499926355,52.108574499926355,52.13027317551491,KDAL,0.0,-1.1085744999263554,-1.1085744999263554,-0.021698675588552874,51,50-51,52,52-53,52,52-53
2026-02-02,70.0,66.85680249351917,66.85680249351917,66.83467196934183,KDAL,0.0,3.1431975064808313,3.1431975064808313,0.02213052417734218,70,70-71,67,66-67,67,66-67
2026-02-03,67.0,66.50640091556092,66.50640091556092,66.50752097364845,KDAL,0.0,0.49359908443908296,0.49359908443908296,-0.0011200580875367905,67,66-67,67,66-67,67,66-67
2026-02-04,55.0,55.81108701107488,55.81108701107488,55.811784755457225,KDAL,0.0,-0.811087011074882,-0.811087011074882,-0.0006977443823430463,55,54-55,56,56-57,56,56-57
2026-02-05,70.0,68.78494408356832,68.78494408356832,68.76796689139837,KDAL,0.0,1.2150559164316803,1.2150559164316803,0.01697719216994642,70,70-71,69,68-69,69,68-69
2026-02-06,83.0,80.61821373956357,80.61821373956357,80.5852498776859,KDAL,0.0,2.381786260436428,2.381786260436428,0.03296386187767553,83,82-83,81,80-81,81,80-81
2026-02-07,73.0,72.95137645375111,72.95137645375111,72.95455690572793,KDAL,0.0,0.04862354624889065,0.04862354624889065,-0.0031804519768172668,73,72-73,73,72-73,73,72-73
2026-02-08,79.0,77.43710542655528,77.43710542655528,77.37384546456535,KDAL,0.0,1.5628945734447228,1.5628945734447228,0.06325996198992812,79,78-79,77,76-77,77,76-77
2026-02-09,84.0,80.84583969036845,80.84583969036845,80.85039981899043,KDAL,0.0,3.15416030963155,3.15416030963155,-0.004560128621974968,84,84-85,81,80-81,81,80-81
2026-02-10,74.0,75.84623109553469,75.84623109553469,75.86834486612531,KDAL,0.0,-1.8462310955346908,-1.8462310955346908,-0.022113770590621584,74,74-75,76,76-77,76,76-77
2026-02-11,66.0,65.98385371085087,65.98385371085087,65.98889476861585,KDAL,0.0,0.016146289149133963,0.016146289149133963,-0.0050410577649842025,66,66-67,66,66-67,66,66-67
2026-02-12,75.0,74.49152945629997,74.49152945629997,74.50176673702583,KDAL,0.0,0.5084705437000281,0.5084705437000281,-0.010237280725860387,75,74-75,74,74-75,74,74-75
2026-02-13,77.0,77.9559020254782,77.9559020254782,77.9540409217056,KDAL,0.0,-0.9559020254781956,-0.9559020254781956,0.0018611037725975166,77,76-77,78,78-79,78,78-79
2026-02-14,69.0,68.8908548119681,68.8935323632671,68.89085481197182,KDAL,0.0026775512990013794,0.10914518803190276,0.10646763673290138,-3.723243935382925e-12,69,68-69,69,68-69,69,68-69
2026-02-15,69.0,65.80905458284691,65.80905458284691,65.78521543788109,KDAL,0.0,3.190945417153088,3.190945417153088,0.023839144965819514,69,68-69,66,66-67,66,66-67
2026-02-16,70.0,71.53413880982833,71.53413880982833,71.48771092966577,KDAL,0.0,-1.5341388098283346,-1.5341388098283346,0.04642788016256816,70,70-71,72,72-73,72,72-73
2026-02-17,77.0,74.22921987639745,74.22921987639745,74.19801841787758,KDAL,0.0,2.770780123602549,2.770780123602549,0.03120145851987388,77,76-77,74,74-75,74,74-75
2026-02-18,77.0,77.05737402894023,77.05737402894023,77.0251796991355,KDAL,0.0,-0.057374028940230914,-0.057374028940230914,0.032194329804724475,77,76-77,77,76-77,77,76-77
2026-02-19,78.0,78.45126682012985,78.45126682012985,78.41024202195227,KDAL,0.0,-0.4512668201298453,-0.4512668201298453,0.041024798177573985,78,78-79,78,78-79,78,78-79
2026-02-20,61.0,62.439128646024386,62.439128646024386,62.42244802165378,KDAL,0.0,-1.4391286460243862,-1.4391286460243862,0.01668062437060769,61,60-61,62,62-63,62,62-63
2026-02-21,62.0,60.3483687062793,60.3483687062793,60.31181487570103,KDAL,0.0,1.6516312937206976,1.6516312937206976,0.03655383057827066,62,62-63,60,60-61,60,60-61
2026-02-22,58.0,56.80368406936815,56.80368406936815,56.80403969520861,KDAL,0.0,1.1963159306318474,1.1963159306318474,-0.0003556258404557866,58,58-59,57,56-57,57,56-57
2026-02-23,60.0,59.27669884939941,59.27669884939941,59.27108729524917,KDAL,0.0,0.7233011506005909,0.7233011506005909,0.005611554150242171,60,60-61,59,58-59,59,58-59
2026-02-24,71.0,71.91594192376131,71.91594192376131,71.88332188030358,KDAL,0.0,-0.9159419237613093,-0.9159419237613093,0.032620043457725956,71,70-71,72,72-73,72,72-73
2026-02-25,80.0,82.3730590533845,82.3730590533845,82.35763957637504,KDAL,0.0,-2.3730590533844946,-2.3730590533844946,0.015419477009459115,80,80-81,82,82-83,82,82-83
2026-02-26,82.0,80.80382401622285,80.80382401622285,80.79799684508127,KDAL,0.0,1.1961759837771524,1.1961759837771524,0.0058271711415756045,82,82-83,81,80-81,81,80-81
2026-02-27,82.0,80.80616472197929,80.80616472197929,80.80084886780965,KDAL,0.0,1.193835278020714,1.193835278020714,0.005315854169637646,82,82-83,81,80-81,81,80-81
2026-02-28,83.0,83.8119378159816,83.8119378159816,83.80090519637305,KDAL,0.0,-0.8119378159815938,-0.8119378159815938,0.011032619608542404,83,82-83,84,84-85,84,84-85
2026-03-01,81.0,77.98790878829688,77.98790878829688,77.94552504560394,KDAL,0.0,3.0120912117031224,3.0120912117031224,0.04238374269293388,81,80-81,78,78-79,78,78-79
2026-03-02,82.0,77.88978910048962,77.88978910048962,77.86739264697047,KDAL,0.0,4.110210899510378,4.110210899510378,0.022396453519149873,82,82-83,78,78-79,78,78-79
2026-03-03,84.0,81.41499746422383,81.41499746422383,81.41384012509029,KDAL,0.0,2.5850025357761695,2.5850025357761695,0.0011573391335417682,84,84-85,81,80-81,81,80-81
2026-03-04,81.0,77.14259581882492,77.14620444987551,77.1485365046724,KDAL,0.0036086310505965002,3.8574041811750845,3.853795550124488,-0.0059406858474915225,81,80-81,77,76-77,77,76-77
2026-03-05,81.0,79.20141063099169,79.20141063099169,79.19866598513802,KDAL,0.0,1.7985893690083117,1.7985893690083117,0.0027446458536672935,81,80-81,79,78-79,79,78-79
2026-03-06,83.0,80.06769497094791,80.06769497094791,80.06995365342752,KDAL,0.0,2.9323050290520882,2.9323050290520882,-0.0022586824796064775,83,82-83,80,80-81,80,80-81
2026-03-07,75.0,75.23302381860378,75.23302381860378,75.22984569976722,KDAL,0.0,-0.23302381860378318,-0.23302381860378318,0.0031781188365584967,75,74-75,75,74-75,75,74-75
2026-03-08,75.0,72.17072782213422,72.17072782213422,72.19134020653897,KDAL,0.0,2.829272177865775,2.829272177865775,-0.020612384404742556,75,74-75,72,72-73,72,72-73
2026-03-09,84.0,82.34734725370147,82.34734725370147,82.38449119608106,KDAL,0.0,1.6526527462985285,1.6526527462985285,-0.03714394237958629,84,84-85,82,82-83,82,82-83
2026-03-10,82.0,79.75765136234091,79.75765136234091,79.81611116601283,KDAL,0.0,2.2423486376590915,2.2423486376590915,-0.05845980367192283,82,82-83,80,80-81,80,80-81
2026-03-11,76.0,74.75169915944218,74.75169915944218,74.74886544174342,KDAL,0.0,1.2483008405578175,1.2483008405578175,0.002833717698763394,76,76-77,75,74-75,75,74-75
2026-03-12,63.0,62.88873534319869,62.88873534319869,62.88967744462482,KDAL,0.0,0.11126465680131048,0.11126465680131048,-0.0009421014261334903,63,62-63,63,62-63,63,62-63
2026-03-13,76.0,78.50902658719475,78.50902658719475,78.48220504680633,KDAL,0.0,-2.5090265871947537,-2.5090265871947537,0.026821540388425547,76,76-77,79,78-79,79,78-79
2026-03-14,81.0,79.55353626318131,79.55353626318131,79.51452852010298,KDAL,0.0,1.4464637368186857,1.4464637368186857,0.03900774307832933,81,80-81,80,80-81,80,80-81
2026-03-15,85.0,82.05505864337717,82.05505864337717,82.0390017779499,KDAL,0.0,2.9449413566228344,2.9449413566228344,0.01605686542725948,85,84-85,82,82-83,82,82-83
2026-03-16,48.0,48.41161221947196,48.41161221947196,48.43080036945483,KDAL,0.0,-0.41161221947196225,-0.41161221947196225,-0.019188149982866776,48,48-49,48,48-49,48,48-49
2026-03-17,63.0,62.08440722208722,62.08440722208722,62.064623541787455,KDAL,0.0,0.9155927779127779,0.9155927779127779,0.01978368029976707,63,62-63,62,62-63,62,62-63
2026-03-18,74.0,74.37547571239924,74.37547571239924,74.33657579492504,KDAL,0.0,-0.37547571239923627,-0.37547571239923627,0.038899917474196855,74,74-75,74,74-75,74,74-75
2026-03-19,86.0,84.57040354057213,84.57040354057213,84.50051753503344,KDAL,0.0,1.42959645942787,1.42959645942787,0.06988600553869162,86,86-87,85,84-85,85,84-85
2026-03-20,89.0,88.25468863447756,88.25468863447756,88.23112240856756,KDAL,0.0,0.7453113655224399,0.7453113655224399,0.02356622591000246,89,88-89,88,88-89,88,88-89
2026-03-21,91.0,89.7723787079569,89.7723787079569,89.73266688808788,KDAL,0.0,1.2276212920430964,1.2276212920430964,0.0397118198690265,91,90-91,90,90-91,90,90-91
2026-03-22,93.0,91.6935200937719,91.6935200937719,91.64219239915974,KDAL,0.0,1.3064799062281054,1.3064799062281054,0.05132769461215503,93,92-93,92,92-93,92,92-93
2026-03-23,80.0,80.56377515087374,80.56377515087374,80.5572034080499,KDAL,0.0,-0.5637751508737381,-0.5637751508737381,0.006571742823837212,80,80-81,81,80-81,81,80-81
2026-03-24,83.0,84.27643053695746,84.27643053695746,84.28206170192453,KDAL,0.0,-1.276430536957463,-1.276430536957463,-0.00563116496707039,83,82-83,84,84-85,84,84-85
2026-03-25,84.0,84.40831362455036,84.40831362455036,84.38594032632177,KDAL,0.0,-0.4083136245503596,-0.4083136245503596,0.02237329822858669,84,84-85,84,84-85,84,84-85
2026-03-26,85.0,85.17085749537337,85.17085749537337,85.16446102081935,KDAL,0.0,-0.1708574953733688,-0.1708574953733688,0.006396474554023257,85,84-85,85,84-85,85,84-85
2026-03-27,74.0,74.7120133631777,74.7120133631777,74.69473640848611,KDAL,0.0,-0.7120133631777037,-0.7120133631777037,0.017276954691595847,74,74-75,75,74-75,75,74-75
2026-03-28,57.0,62.348514987159305,62.34740151961045,62.30295494142173,KDAL,-0.001113467548854885,-5.348514987159305,-5.34740151961045,0.04556004573757377,57,56-57,62,62-63,62,62-63
2026-03-29,82.0,81.91521114850438,81.91521114850438,81.92478138997528,KDAL,0.0,0.08478885149561677,0.08478885149561677,-0.00957024147089669,82,82-83,82,82-83,82,82-83
2026-03-30,83.0,82.65257031647587,82.65257031647587,82.64307960556764,KDAL,0.0,0.3474296835241262,0.3474296835241262,0.009490710908238498,83,82-83,83,82-83,83,82-83
2026-03-31,85.0,83.68493822507774,83.68493822507774,83.62916530967577,KDAL,0.0,1.3150617749222562,1.3150617749222562,0.05577291540197393,85,84-85,84,84-85,84,84-85
2026-04-01,86.0,83.79077614227484,83.79077614227484,83.79404353208115,KDAL,0.0,2.2092238577251635,2.2092238577251635,-0.0032673898063109164,86,86-87,84,84-85,84,84-85
2026-04-02,82.0,82.07211639487821,82.07211639487821,82.07378159862698,KDAL,0.0,-0.07211639487820776,-0.07211639487820776,-0.0016652037487716598,82,82-83,82,82-83,82,82-83
2026-04-03,83.0,81.45208817846705,81.45208817846705,81.46406873022819,KDAL,0.0,1.5479118215329493,1.5479118215329493,-0.0119805517611411,83,82-83,81,80-81,81,80-81
2026-04-04,74.0,73.87354119041991,73.87354119041991,73.87354119042246,KDAL,0.0,0.12645880958008604,0.12645880958008604,-2.5437429940211587e-12,74,74-75,74,74-75,74,74-75
2026-04-05,70.0,69.63059728572176,69.63059728572176,69.63843789554339,KDAL,0.0,0.36940271427823745,0.36940271427823745,-0.007840609821627709,70,70-71,70,70-71,70,70-71
2026-04-06,72.0,72.20767303532077,72.20767303532077,72.20037092443889,KDAL,0.0,-0.20767303532076653,-0.20767303532076653,0.007302110881880708,72,72-73,72,72-73,72,72-73
2026-04-07,72.0,72.20411880228184,72.20411880228184,72.2119390339581,KDAL,0.0,-0.20411880228184032,-0.20411880228184032,-0.007820231676262779,72,72-73,72,72-73,72,72-73
2026-04-08,78.0,78.24195978862883,78.24195978862883,78.23696186927793,KDAL,0.0,-0.24195978862883294,-0.24195978862883294,0.004997919350898883,78,78-79,78,78-79,78,78-79
2026-04-09,79.0,79.4374589042199,79.4374589042199,79.46139861059939,KDAL,0.0,-0.43745890421989486,-0.43745890421989486,-0.02393970637949394,79,78-79,79,78-79,79,78-79
2026-04-10,82.0,80.37758825861728,80.37758825861728,80.38956544577067,KDAL,0.0,1.6224117413827202,1.6224117413827202,-0.011977187153391355,82,82-83,80,80-81,80,80-81
2026-04-11,80.0,78.78971953726311,78.78971953726311,78.75152233959574,KDAL,0.0,1.2102804627368897,1.2102804627368897,0.03819719766737251,80,80-81,79,78-79,79,78-79
2026-04-12,73.0,75.59931640062746,75.59931640062746,75.6163844785838,KDAL,0.0,-2.5993164006274583,-2.5993164006274583,-0.017068077956338357,73,72-73,76,76-77,76,76-77
2026-04-13,83.0,83.81833462400635,83.81833462400635,83.80621223536447,KDAL,0.0,-0.8183346240063543,-0.8183346240063543,0.01212238864188464,83,82-83,84,84-85,84,84-85
2026-04-14,80.0,79.35725165428336,79.35725165428336,79.35592786415484,KDAL,0.0,0.6427483457166403,0.6427483457166403,0.001323790128523683,80,80-81,79,78-79,79,78-79
2026-04-15,79.0,78.96793577249315,78.96793577249315,78.96329477558095,KDAL,0.0,0.032064227506850784,0.032064227506850784,0.00464099691220099,79,78-79,79,78-79,79,78-79
2026-04-16,85.0,84.9026094719131,84.9026094719131,84.9502678149574,KDAL,0.0,0.09739052808690474,0.09739052808690474,-0.047658343044304274,85,84-85,85,84-85,85,84-85
2026-04-17,83.0,81.92602562241846,81.92602562241846,81.96065085038023,KDAL,0.0,1.0739743775815356,1.0739743775815356,-0.0346252279617687,83,82-83,82,82-83,82,82-83
2026-04-19,72.0,72.76051331380621,72.76051331380621,72.74466809688624,KDAL,0.0,-0.7605133138062143,-0.7605133138062143,0.01584521691997054,72,72-73,73,72-73,73,72-73
2026-04-20,70.0,71.34593663826111,71.34593663826111,71.35056072180053,KDAL,0.0,-1.345936638261108,-1.345936638261108,-0.004624083539425783,70,70-71,71,70-71,71,70-71
2026-04-21,63.0,62.56237095104792,62.5595095391065,62.52935355016936,KDAL,-0.0028614119414172023,0.43762904895208266,0.44049046089349986,0.0330174008785562,63,62-63,63,62-63,63,62-63
2026-04-22,77.0,74.41940322819826,74.41940322819826,74.43644280261529,KDAL,0.0,2.580596771801737,2.580596771801737,-0.017039574417026415,77,76-77,74,74-75,74,74-75
2026-04-23,81.0,79.27917617248663,79.27917617248663,79.32658798590091,KDAL,0.0,1.720823827513371,1.720823827513371,-0.047411813414285575,81,80-81,79,78-79,79,78-79
2026-04-24,89.0,89.73840741941,89.73840741941,89.78205804131773,KDAL,0.0,-0.7384074194099952,-0.7384074194099952,-0.04365062190773017,89,88-89,90,90-91,90,90-91
2026-04-25,86.0,87.85722610192641,87.85722610192641,87.87074790056562,KDAL,0.0,-1.8572261019264147,-1.8572261019264147,-0.013521798639203553,86,86-87,88,88-89,88,88-89
2026-04-26,85.0,84.87746616767251,84.87746616767251,84.89634028261841,KDAL,0.0,0.12253383232749115,0.12253383232749115,-0.018874114945901965,85,84-85,85,84-85,85,84-85
2026-04-27,91.0,92.5375438369363,92.5375438369363,92.52011199969796,KDAL,0.0,-1.537543836936294,-1.537543836936294,0.01743183723833397,91,90-91,93,92-93,93,92-93
2026-04-28,83.0,85.92524852563474,85.92524852563474,85.94900124870767,KDAL,0.0,-2.9252485256347427,-2.9252485256347427,-0.023752723072931303,83,82-83,86,86-87,86,86-87
2026-04-29,75.0,75.00305555202819,75.00305555202819,75.02407024916313,KDAL,0.0,-0.0030555520281865256,-0.0030555520281865256,-0.021014697134944527,75,74-75,75,74-75,75,74-75
2026-04-30,65.0,64.94483901021646,64.94537739182962,64.9879780389636,KDAL,0.0005383816131683261,0.05516098978354478,0.05462260817037645,-0.0431390287471487,65,64-65,65,64-65,65,64-65
2026-05-01,65.0,63.78462641750549,63.78462641750549,63.79026410582672,KDAL,0.0,1.2153735824945073,1.2153735824945073,-0.0056376883212294615,65,64-65,64,64-65,64,64-65
2026-05-02,77.0,77.94890093151412,77.94890093151412,77.95745430505248,KDAL,0.0,-0.9489009315141175,-0.9489009315141175,-0.008553373538362052,77,76-77,78,78-79,78,78-79
2026-05-03,81.0,81.81622787835708,81.81622787835708,81.82654938117936,KDAL,0.0,-0.8162278783570827,-0.8162278783570827,-0.010321502822279172,81,80-81,82,82-83,82,82-83
2026-05-04,81.0,82.35423683633616,82.35423683633616,82.32425712131362,KDAL,0.0,-1.354236836336156,-1.354236836336156,0.029979715022534492,81,80-81,82,82-83,82,82-83
2026-05-05,90.0,90.11005848362586,90.11005848362586,90.13427706282054,KDAL,0.0,-0.11005848362586335,-0.11005848362586335,-0.024218579194680956,90,90-91,90,90-91,90,90-91
2026-05-06,63.0,66.25251256826529,66.24980188716623,66.21303658302757,KDAL,-0.0027106810990602526,-3.2525125682652885,-3.249801887166228,0.039475985237714895,63,62-63,66,66-67,66,66-67
2026-05-07,74.0,74.17363545493657,74.17363545493657,74.13587925777502,KDAL,0.0,-0.17363545493657284,-0.17363545493657284,0.037756197161556315,74,74-75,74,74-75,74,74-75
2026-05-08,75.0,79.24840727029368,79.24840727029368,79.22029006403936,KDAL,0.0,-4.248407270293683,-4.248407270293683,0.028117206254322014,75,74-75,79,78-79,79,78-79
2026-05-09,90.0,87.67561966916101,87.67561966916101,87.66560746158186,KDAL,0.0,2.3243803308389914,2.3243803308389914,0.010012207579151777,90,90-91,88,88-89,88,88-89
2026-05-10,79.0,84.93297680393778,84.93297680393778,84.94910302441419,KDAL,0.0,-5.932976803937777,-5.932976803937777,-0.016126220476408548,79,78-79,85,84-85,85,84-85
2026-05-11,78.0,76.80091053082946,76.80091053082946,76.80386510060849,KDAL,0.0,1.199089469170545,1.199089469170545,-0.0029545697790354097,78,78-79,77,76-77,77,76-77
2026-05-12,86.0,82.6232246640374,82.6232246640374,82.60437563248398,KDAL,0.0,3.3767753359626056,3.3767753359626056,0.01884903155341533,86,86-87,83,82-83,83,82-83
2026-05-13,90.0,89.96160453433873,89.96160453433873,89.96329229249366,KDAL,0.0,0.03839546566126728,0.03839546566126728,-0.0016877581549294973,90,90-91,90,90-91,90,90-91
2026-05-14,91.0,91.32233879082763,91.32233879082763,91.31122530932426,KDAL,0.0,-0.3223387908276294,-0.3223387908276294,0.011113481503372213,91,90-91,91,90-91,91,90-91
2026-05-15,88.0,87.9333137004748,87.9333137004748,87.90432390078527,KDAL,0.0,0.06668629952520178,0.06668629952520178,0.028989799689526308,88,88-89,88,88-89,88,88-89
2026-05-16,87.0,86.52557930609136,86.52557930609136,86.50248892788507,KDAL,0.0,0.47442069390864106,0.47442069390864106,0.023090378206291007,87,86-87,87,86-87,87,86-87
2026-05-17,87.0,85.89272829633194,85.89485931819794,85.90666173698841,KDAL,0.002131021866006222,1.1072717036680615,1.1051406818020553,-0.01393344065647284,87,86-87,86,86-87,86,86-87
2026-05-18,90.0,90.01908261526353,90.01908261526353,89.9712387312351,KDAL,0.0,-0.01908261526352817,-0.01908261526352817,0.0478438840284241,90,90-91,90,90-91,90,90-91
2026-05-19,85.0,84.42727252067968,84.42727252067968,84.42744266224794,KDAL,0.0,0.5727274793203208,0.5727274793203208,-0.0001701415682617835,85,84-85,84,84-85,84,84-85
2026-05-20,81.0,79.55552418311201,79.55552418311201,79.55749471318786,KDAL,0.0,1.4444758168879872,1.4444758168879872,-0.001970530075851684,81,80-81,80,80-81,80,80-81
2026-05-21,76.0,77.17824442966493,77.17733796653593,77.167709155572,KDAL,-0.0009064631289987801,-1.1782444296649288,-1.17733796653593,0.010535274092930536,76,76-77,77,76-77,77,76-77
2026-05-22,87.0,84.92571107360624,84.92571107360624,84.90940331952673,KDAL,0.0,2.0742889263937627,2.0742889263937627,0.0163077540795058,87,86-87,85,84-85,85,84-85
2026-05-23,84.0,84.12806243145891,84.12806243145891,84.14509621373345,KDAL,0.0,-0.12806243145891472,-0.12806243145891472,-0.017033782274538112,84,84-85,84,84-85,84,84-85
2026-05-24,88.0,88.33313125467991,88.33313125467991,88.34176505426909,KDAL,0.0,-0.33313125467991256,-0.33313125467991256,-0.00863379958917676,88,88-89,88,88-89,88,88-89
2026-05-25,86.0,87.82847659881587,87.82847659881587,87.8446560485444,KDAL,0.0,-1.8284765988158682,-1.8284765988158682,-0.016179449728525697,86,86-87,88,88-89,88,88-89
2026-05-26,86.0,87.25317526763504,87.25317526763504,87.21259898058634,KDAL,0.0,-1.2531752676350436,-1.2531752676350436,0.04057628704870808,86,86-87,87,86-87,87,86-87
2026-05-27,84.0,81.84787011202191,81.84457523799689,81.8292010239962,KDAL,-0.00329487402501627,2.1521298879780915,2.1554247620031077,0.018669088025703218,84,84-85,82,82-83,82,82-83
2026-05-28,87.0,85.6871946683871,85.6871946683871,85.6661091321334,KDAL,0.0,1.312805331612907,1.312805331612907,0.02108553625369325,87,86-87,86,86-87,86,86-87
2026-05-29,90.0,92.14426801522693,92.14426801522693,92.09343636216572,KDAL,0.0,-2.1442680152269276,-2.1442680152269276,0.05083165306120918,90,90-91,92,92-93,92,92-93
2026-05-30,93.0,90.55581210745237,90.55581210745237,90.52616077327662,KDAL,0.0,2.4441878925476317,2.4441878925476317,0.029651334175753163,93,92-93,91,90-91,91,90-91
2026-05-31,93.0,94.05717991035023,94.05717991035023,94.03864897095804,KDAL,0.0,-1.0571799103502286,-1.0571799103502286,0.018530939392192636,93,92-93,94,94-95,94,94-95
2026-06-01,94.0,93.87663673842793,93.87663673842793,93.87645902736271,KDAL,0.0,0.12336326157206656,0.12336326157206656,0.00017771106521990987,94,94-95,94,94-95,94,94-95
2026-06-02,96.0,94.78679883365288,94.4994673437505,94.7942420208532,KDAL,-0.28733148990238533,1.213201166347119,1.5005326562495043,-0.007443187200323109,96,96-97,95,94-95,94,94-95
2026-06-03,89.0,88.96103936574121,88.6572040184796,88.96810182235151,KDAL,-0.3038353472616109,0.038960634258785376,0.34279598152039625,-0.00706245661029925,89,88-89,89,88-89,89,88-89
2026-06-04,86.0,86.90566078730895,86.89395522645412,86.88213081121721,KDAL,-0.011705560854821329,-0.9056607873089462,-0.8939552264541248,0.023529976091737126,86,86-87,87,86-87,87,86-87
2026-06-05,83.0,85.46432405022699,85.38238841735075,85.44949360002782,KDAL,-0.08193563287623817,-2.464324050226992,-2.3823884173507537,0.014830450199170286,83,82-83,85,84-85,85,84-85
2026-06-06,88.0,84.9564357207614,84.69067807878865,84.92426811918112,KDAL,-0.26575764197275475,3.043564279238595,3.3093219212113496,0.032167601580283645,88,88-89,85,84-85,85,84-85
2026-06-07,92.0,90.36445003532512,90.02544881233794,90.36816639816357,KDAL,-0.3390012229871786,1.6355499646748797,1.9745511876620583,-0.00371636283844623,92,92-93,90,90-91,90,90-91
2026-06-08,94.0,92.6419930129175,92.4720106340163,92.6096280905256,KDAL,-0.16998237890119583,1.3580069870825042,1.5279893659837,0.03236492239189204,94,94-95,93,92-93,92,92-93
2026-06-09,92.0,91.9420013626447,91.76264963618067,91.915099279248,KDAL,-0.1793517264640343,0.05799863735529698,0.23735036381933128,0.02690208339670619,92,92-93,92,92-93,92,92-93
2026-06-10,93.0,91.95392072467652,91.80344802782886,91.93981897178791,KDAL,-0.15047269684765752,1.0460792753234784,1.196551972171136,0.014101752888606711,93,92-93,92,92-93,92,92-93
2026-06-11,93.0,93.69300971082559,93.39219607312911,93.67608355774932,KDAL,-0.3008136376964785,-0.6930097108255922,-0.39219607312911364,0.016926153076269657,93,92-93,94,94-95,93,92-93
2026-06-12,89.0,91.7407308423453,91.54022914488029,91.72091765452294,KDAL,-0.20050169746501467,-2.7407308423453003,-2.5402291448802856,0.019813187822364853,89,88-89,92,92-93,92,92-93
2026-06-13,91.0,93.12505834379223,93.12505834379223,93.13537325469254,KDAL,0.0,-2.125058343792233,-2.125058343792233,-0.010314910900305563,91,90-91,93,92-93,93,92-93
2026-06-14,84.0,87.42396997445118,87.29057962692457,87.39317249217392,KDAL,-0.13339034752661405,-3.4239699744511825,-3.2905796269245684,0.030797482277264976,84,84-85,87,86-87,87,86-87
2026-06-15,86.0,86.6609704827443,86.6609704827443,86.64733805590336,KDAL,0.0,-0.6609704827443039,-0.6609704827443039,0.013632426840942458,86,86-87,87,86-87,87,86-87
2026-06-16,89.0,90.50252152906873,90.34534164038837,90.45966505756682,KDAL,-0.1571798886803606,-1.50252152906873,-1.3453416403883693,0.04285647150190641,89,88-89,91,90-91,90,90-91
2026-06-17,91.0,91.82309277450705,91.82309277450705,91.81416979155642,KDAL,0.0,-0.823092774507046,-0.823092774507046,0.008922982950622327,91,90-91,92,92-93,92,92-93
2026-06-18,94.0,93.78546361276588,93.78546361276588,93.79227153155836,KDAL,0.0,0.21453638723411927,0.21453638723411927,-0.0068079187924752205,94,94-95,94,94-95,94,94-95
2026-06-19,84.0,85.45268051083515,85.45268051083515,85.44559498633316,KDAL,0.0,-1.452680510835151,-1.452680510835151,0.007085524501988516,84,84-85,85,84-85,85,84-85
2026-06-20,92.0,89.96797035169853,89.96797035169853,89.96665664684011,KDAL,0.0,2.0320296483014744,2.0320296483014744,0.0013137048584184186,92,92-93,90,90-91,90,90-91
2026-06-21,92.0,91.52448467144397,91.52448467144397,91.5270933904316,KDAL,0.0,0.4755153285560283,0.4755153285560283,-0.0026087189876307093,92,92-93,92,92-93,92,92-93
2026-01-01,73.0,72.55207385100086,72.55207385100086,72.53593851576285,KHOU,0.0,0.4479261489991444,0.4479261489991444,0.0161353352380047,73,72-73,73,72-73,73,72-73
2026-01-02,84.0,83.03654488199012,83.03654488199012,83.08474773892321,KHOU,0.0,0.9634551180098754,0.9634551180098754,-0.0482028569330879,84,84-85,83,82-83,83,82-83
2026-01-03,78.0,77.74802980368983,77.74802980368983,77.73392130084966,KHOU,0.0,0.25197019631016815,0.25197019631016815,0.014108502840173287,78,78-79,78,78-79,78,78-79
2026-01-04,66.0,66.42489564036478,66.42489564036478,66.47468591911444,KHOU,0.0,-0.424895640364781,-0.424895640364781,-0.04979027874965425,66,66-67,66,66-67,66,66-67
2026-01-05,77.0,76.6137090535054,76.6137090535054,76.59107793258978,KHOU,0.0,0.38629094649459716,0.38629094649459716,0.022631120915619363,77,76-77,77,76-77,77,76-77
2026-01-06,81.0,80.75820014737712,80.75820014737712,80.71434191180862,KHOU,0.0,0.24179985262287573,0.24179985262287573,0.0438582355685071,81,80-81,81,80-81,81,80-81
2026-01-07,80.0,79.14603459397077,79.14603459397077,79.19550737998182,KHOU,0.0,0.8539654060292321,0.8539654060292321,-0.04947278601105154,80,80-81,79,78-79,79,78-79
2026-01-08,79.0,79.54751490023409,79.54751490023409,79.54175409108008,KHOU,0.0,-0.5475149002340913,-0.5475149002340913,0.005760809154011781,79,78-79,80,80-81,80,80-81
2026-01-09,81.0,79.91991274722602,79.91991274722602,79.88972289808834,KHOU,0.0,1.0800872527739784,1.0800872527739784,0.030189849137684632,81,80-81,80,80-81,80,80-81
2026-01-10,68.0,67.8963222732035,67.8963222732035,67.93173647859327,KHOU,0.0,0.103677726796505,0.103677726796505,-0.03541420538977036,68,68-69,68,68-69,68,68-69
2026-01-11,65.0,63.19198753907284,63.19198753907284,63.16957063608125,KHOU,0.0,1.8080124609271593,1.8080124609271593,0.022416902991594156,65,64-65,63,62-63,63,62-63
2026-01-12,60.0,60.56139109175044,60.56139109175044,60.55582103127588,KHOU,0.0,-0.561391091750437,-0.561391091750437,0.005570060474553884,60,60-61,61,60-61,61,60-61
2026-01-13,57.0,61.11854874635674,61.11854874635674,61.10028815714462,KHOU,0.0,-4.118548746356737,-4.118548746356737,0.018260589212118816,57,56-57,61,60-61,61,60-61
2026-01-14,69.0,68.18858398182364,68.18858398182364,68.2000698019315,KHOU,0.0,0.8114160181763594,0.8114160181763594,-0.011485820107864697,69,68-69,68,68-69,68,68-69
2026-01-15,60.0,59.43690364553883,59.43690364553883,59.43531010550233,KHOU,0.0,0.5630963544611731,0.5630963544611731,0.0015935400364952557,60,60-61,59,58-59,59,58-59
2026-01-16,76.0,75.45472045693927,75.45472045693927,75.44405895727365,KHOU,0.0,0.5452795430607296,0.5452795430607296,0.010661499665616248,76,76-77,75,74-75,75,74-75
2026-01-17,58.0,59.0830898516359,59.0830898516359,59.081742184173365,KHOU,0.0,-1.083089851635897,-1.083089851635897,0.0013476674625323426,58,58-59,59,58-59,59,58-59
2026-01-18,56.0,55.43007615871598,55.43007615871598,55.40521125724326,KHOU,0.0,0.5699238412840231,0.5699238412840231,0.024864901472717804,56,56-57,55,54-55,55,54-55
2026-01-19,67.0,66.63006523394739,66.63006523394739,66.6496961826858,KHOU,0.0,0.36993476605260867,0.36993476605260867,-0.01963094873840987,67,66-67,67,66-67,67,66-67
2026-01-20,65.0,64.7479596733262,64.7479596733262,64.72477440735211,KHOU,0.0,0.25204032667379295,0.25204032667379295,0.023185265974092317,65,64-65,65,64-65,65,64-65
2026-01-21,68.0,68.74349262129637,68.76999199118326,68.69333894252009,KHOU,0.026499369886892055,-0.7434926212963688,-0.7699919911832609,0.05015367877628307,68,68-69,69,68-69,69,68-69
2026-01-22,66.0,69.91377259274768,69.91377259274768,69.90515694135335,KHOU,0.0,-3.9137725927476765,-3.9137725927476765,0.008615651394322299,66,66-67,70,70-71,70,70-71
2026-01-23,65.0,66.71203714944126,66.71203714944126,66.71047325615694,KHOU,0.0,-1.712037149441258,-1.712037149441258,0.001563893284313167,65,64-65,67,66-67,67,66-67
2026-01-24,61.0,60.799520426929284,60.81420832821991,60.79952042692928,KHOU,0.014687901290628247,0.20047957307071584,0.1857916717800876,7.105427357601002e-15,61,60-61,61,60-61,61,60-61
2026-01-25,36.0,36.25866813220722,36.25866813220722,36.25866813220723,KHOU,0.0,-0.2586681322072195,-0.2586681322072195,-7.105427357601002e-15,36,36-37,36,36-37,36,36-37
2026-01-26,39.0,38.937210524475226,38.937210524475226,38.98263781187661,KHOU,0.0,0.06278947552477376,0.06278947552477376,-0.04542728740138102,39,38-39,39,38-39,39,38-39
2026-01-27,52.0,49.26502123070755,49.26502123070755,49.31570586609158,KHOU,0.0,2.7349787692924465,2.7349787692924465,-0.050684635384023125,52,52-53,49,48-49,49,48-49
2026-01-28,59.0,57.96715881463546,57.96715881463546,57.96839971884896,KHOU,0.0,1.0328411853645392,1.0328411853645392,-0.0012409042134962078,59,58-59,58,58-59,58,58-59
2026-01-29,69.0,67.59724902640502,67.59724902640502,67.62166955153721,KHOU,0.0,1.4027509735949764,1.4027509735949764,-0.024420525132185844,69,68-69,68,68-69,68,68-69
2026-01-30,54.0,55.85694586141401,55.85694586141401,55.851117357280216,KHOU,0.0,-1.8569458614140117,-1.8569458614140117,0.00582850413379532,54,54-55,56,56-57,56,56-57
2026-01-31,48.0,46.29088891271056,46.29088891271056,46.251536299588906,KHOU,0.0,1.7091110872894433,1.7091110872894433,0.03935261312165039,48,48-49,46,46-47,46,46-47
2026-02-01,53.0,53.75984528983161,53.75984528983161,53.761091215657984,KHOU,0.0,-0.7598452898316097,-0.7598452898316097,-0.0012459258263746165,53,52-53,54,54-55,54,54-55
2026-02-02,70.0,69.8960143589361,69.8960143589361,69.86602857866772,KHOU,0.0,0.1039856410639004,0.1039856410639004,0.02998578026837606,70,70-71,70,70-71,70,70-71
2026-02-03,70.0,71.2028747787717,71.21610607516224,71.22166165392707,KHOU,0.013231296390543434,-1.202874778771701,-1.2161060751622443,-0.018786875155370808,70,70-71,71,70-71,71,70-71
2026-02-04,65.0,64.9929469943186,64.9929469943186,65.00689772196341,KHOU,0.0,0.007053005681399327,0.007053005681399327,-0.013950727644811423,65,64-65,65,64-65,65,64-65
2026-02-05,64.0,63.854228336679654,63.854228336679654,63.86720957864856,KHOU,0.0,0.14577166332034608,0.14577166332034608,-0.012981241968908819,64,64-65,64,64-65,64,64-65
2026-02-06,78.0,75.5514673064128,75.5514673064128,75.56180763549695,KHOU,0.0,2.4485326935871967,2.4485326935871967,-0.010340329084144173,78,78-79,76,76-77,76,76-77
2026-02-07,72.0,74.04650310409625,74.04650310409625,74.04682245054298,KHOU,0.0,-2.046503104096246,-2.046503104096246,-0.000319346446730151,72,72-73,74,74-75,74,74-75
2026-02-08,77.0,74.09938290716154,74.09938290716154,74.11690451256209,KHOU,0.0,2.900617092838459,2.900617092838459,-0.017521605400546036,77,76-77,74,74-75,74,74-75
2026-02-09,79.0,79.6830714123815,79.6830714123815,79.66534322110313,KHOU,0.0,-0.6830714123814943,-0.6830714123814943,0.017728191278365557,79,78-79,80,80-81,80,80-81
2026-02-10,78.0,76.57352287618791,76.57352287618791,76.58949152400835,KHOU,0.0,1.4264771238120915,1.4264771238120915,-0.015968647820443493,78,78-79,77,76-77,77,76-77
2026-02-11,76.0,76.97781336965674,76.99269214172419,76.94828847468739,KHOU,0.014878772067447699,-0.9778133696567437,-0.9926921417241914,0.02952489496935584,76,76-77,77,76-77,77,76-77
2026-02-12,80.0,78.35979844744395,78.35979844744395,78.34488716594058,KHOU,0.0,1.64020155255605,1.64020155255605,0.014911281503373175,80,80-81,78,78-79,78,78-79
2026-02-13,77.0,76.765726843598,76.765726843598,76.77380941585449,KHOU,0.0,0.23427315640199708,0.23427315640199708,-0.0080825722564839,77,76-77,77,76-77,77,76-77
2026-02-14,74.0,75.70477321368577,75.70477321368577,75.71299189035014,KHOU,0.0,-1.704773213685769,-1.704773213685769,-0.00821867666437015,74,74-75,76,76-77,76,76-77
2026-02-15,70.0,70.0693862495463,70.0693862495463,70.04334740364054,KHOU,0.0,-0.06938624954629802,-0.06938624954629802,0.026038845905759445,70,70-71,70,70-71,70,70-71
2026-02-16,71.0,71.0706368741522,71.0706368741522,70.98438965747461,KHOU,0.0,-0.07063687415219988,-0.07063687415219988,0.08624721667759161,71,70-71,71,70-71,71,70-71
2026-02-17,78.0,77.45981005849825,77.45981005849825,77.39330784430894,KHOU,0.0,0.540189941501751,0.540189941501751,0.06650221418931324,78,78-79,77,76-77,77,76-77
2026-02-18,79.0,78.50839299603983,78.50839299603983,78.49362522553686,KHOU,0.0,0.4916070039601692,0.4916070039601692,0.014767770502970734,79,78-79,79,78-79,79,78-79
2026-02-19,81.0,81.41382446170303,81.41382446170303,81.34883633421342,KHOU,0.0,-0.41382446170302956,-0.41382446170302956,0.06498812748961313,81,80-81,81,80-81,81,80-81
2026-02-20,80.0,79.5650456252341,79.5650456252341,79.58439876366164,KHOU,0.0,0.43495437476589416,0.43495437476589416,-0.019353138427533167,80,80-81,80,80-81,80,80-81
2026-02-21,80.0,80.07626227696495,80.07626227696495,80.04739006425231,KHOU,0.0,-0.07626227696495391,-0.07626227696495391,0.028872212712641954,80,80-81,80,80-81,80,80-81
2026-02-22,65.0,63.46899683841055,63.46899683841055,63.418519939019255,KHOU,0.0,1.531003161589453,1.531003161589453,0.05047689939129185,65,64-65,63,62-63,63,62-63
2026-02-23,64.0,63.77943075074321,63.77943075074321,63.77948728298675,KHOU,0.0,0.22056924925679056,0.22056924925679056,-5.6532243540630134e-05,64,64-65,64,64-65,64,64-65
2026-02-24,69.0,70.2702736005686,70.2702736005686,70.2362499371405,KHOU,0.0,-1.2702736005686006,-1.2702736005686006,0.03402366342810126,69,68-69,70,70-71,70,70-71
2026-02-25,78.0,79.37480308521495,79.37480308521495,79.33551550692724,KHOU,0.0,-1.3748030852149498,-1.3748030852149498,0.03928757828771268,78,78-79,79,78-79,79,78-79
2026-02-26,80.0,80.21422236627474,80.21422236627474,80.14969078209377,KHOU,0.0,-0.21422236627473978,-0.21422236627473978,0.06453158418096905,80,80-81,80,80-81,80,80-81
2026-02-27,85.0,84.88171752715023,84.88171752715023,84.88962728227777,KHOU,0.0,0.11828247284977067,0.11828247284977067,-0.00790975512754244,85,84-85,85,84-85,85,84-85
2026-02-28,80.0,71.81070095600134,71.81070095600134,71.83460200873914,KHOU,0.0,8.189299043998659,8.189299043998659,-0.023901052737798523,80,80-81,72,72-73,72,72-73
2026-03-01,79.0,79.15986012177953,79.15986012177953,79.13542192890884,KHOU,0.0,-0.15986012177953057,-0.15986012177953057,0.024438192870690045,79,78-79,79,78-79,79,78-79
2026-03-02,81.0,80.27769504514303,80.27769504514303,80.25715848530953,KHOU,0.0,0.7223049548569662,0.7223049548569662,0.02053655983350211,81,80-81,80,80-81,80,80-81
2026-03-03,81.0,81.01489140620833,81.01489140620833,80.97249744862886,KHOU,0.0,-0.014891406208334956,-0.014891406208334956,0.042393957579477615,81,80-81,81,80-81,81,80-81
2026-03-04,81.0,80.74625163261749,80.74625163261749,80.7611118311453,KHOU,0.0,0.2537483673825136,0.2537483673825136,-0.014860198527813395,81,80-81,81,80-81,81,80-81
2026-03-05,81.0,81.12953339549775,81.12953339549775,81.14100784789495,KHOU,0.0,-0.12953339549774512,-0.12953339549774512,-0.011474452397209234,81,80-81,81,80-81,81,80-81
2026-03-06,83.0,82.72803002039524,82.72803002039524,82.71676268690894,KHOU,0.0,0.2719699796047621,0.2719699796047621,0.011267333486301823,83,82-83,83,82-83,83,82-83
2026-03-07,84.0,83.42431701018221,83.42431701018221,83.3915231358704,KHOU,0.0,0.5756829898177926,0.5756829898177926,0.0327938743118068,84,84-85,83,82-83,83,82-83
2026-03-08,71.0,73.64130313866562,73.64130313866562,73.65189261626051,KHOU,0.0,-2.64130313866562,-2.64130313866562,-0.01058947759489115,71,70-71,74,74-75,74,74-75
2026-03-09,83.0,80.98696574163439,80.98696574163439,80.95610687195604,KHOU,0.0,2.0130342583656073,2.0130342583656073,0.030858869678354495,83,82-83,81,80-81,81,80-81
2026-03-10,84.0,82.24687393245092,82.24687393245092,82.24647322376413,KHOU,0.0,1.7531260675490756,1.7531260675490756,0.00040070868679720206,84,84-85,82,82-83,82,82-83
2026-03-11,80.0,79.42973817128002,79.42973817128002,79.4447887468735,KHOU,0.0,0.5702618287199783,0.5702618287199783,-0.015050575593477333,80,80-81,79,78-79,79,78-79
2026-03-12,67.0,67.55024190390392,67.55024190390392,67.5143001081198,KHOU,0.0,-0.5502419039039239,-0.5502419039039239,0.03594179578412593,67,66-67,68,68-69,68,68-69
2026-03-13,74.0,74.63805480637316,74.63805480637316,74.62864952745574,KHOU,0.0,-0.6380548063731624,-0.6380548063731624,0.00940527891742704,74,74-75,75,74-75,75,74-75
2026-03-14,79.0,78.98377466726247,78.98377466726247,78.97647193064194,KHOU,0.0,0.016225332737533904,0.016225332737533904,0.007302736620530936,79,78-79,79,78-79,79,78-79
2026-03-15,82.0,81.62699685141992,81.62699685141992,81.57235099612927,KHOU,0.0,0.3730031485800822,0.3730031485800822,0.05464585529064436,82,82-83,82,82-83,82,82-83
2026-03-16,63.0,63.20418066688861,63.20418066688861,63.1791010572612,KHOU,0.0,-0.20418066688861103,-0.20418066688861103,0.025079609627411514,63,62-63,63,62-63,63,62-63
2026-03-17,59.0,60.13729032685637,60.13729032685637,60.07992096838026,KHOU,0.0,-1.1372903268563732,-1.1372903268563732,0.057369358476115906,59,58-59,60,60-61,60,60-61
2026-03-18,71.0,73.12297230515146,73.12297230515146,73.19079808038543,KHOU,0.0,-2.122972305151464,-2.122972305151464,-0.06782577523397038,71,70-71,73,72-73,73,72-73
2026-03-19,79.0,79.23857145079161,79.23857145079161,79.26937777742066,KHOU,0.0,-0.23857145079161057,-0.23857145079161057,-0.030806326629047476,79,78-79,79,78-79,79,78-79
2026-03-20,82.0,81.93894829452356,81.93894829452356,81.93219279643286,KHOU,0.0,0.06105170547644434,0.06105170547644434,0.0067554980906976425,82,82-83,82,82-83,82,82-83
2026-03-21,85.0,83.29926994764436,83.29926994764436,83.26900820081923,KHOU,0.0,1.7007300523556381,1.7007300523556381,0.030261746825132718,85,84-85,83,82-83,83,82-83
2026-03-22,84.0,82.8976513101093,82.8976513101093,82.95291430195641,KHOU,0.0,1.1023486898907038,1.1023486898907038,-0.05526299184711547,84,84-85,83,82-83,83,82-83
2026-03-23,83.0,83.63967056999525,83.63967056999525,83.66655897385589,KHOU,0.0,-0.6396705699952463,-0.6396705699952463,-0.026888403860638732,83,82-83,84,84-85,84,84-85
2026-03-24,80.0,80.40617916281246,80.40617916281246,80.35669021006706,KHOU,0.0,-0.4061791628124638,-0.4061791628124638,0.04948895274540632,80,80-81,80,80-81,80,80-81
2026-03-25,83.0,82.34648750984731,82.34648750984731,82.29800659154887,KHOU,0.0,0.6535124901526927,0.6535124901526927,0.048480918298437814,83,82-83,82,82-83,82,82-83
2026-03-26,82.0,82.43001124997909,82.43001124997909,82.41296742893431,KHOU,0.0,-0.43001124997908846,-0.43001124997908846,0.01704382104477986,82,82-83,82,82-83,82,82-83
2026-03-27,85.0,84.60247884053013,84.60247884053013,84.61286312846353,KHOU,0.0,0.3975211594698749,0.3975211594698749,-0.01038428793340529,85,84-85,85,84-85,85,84-85
2026-03-28,74.0,75.42723232216575,75.42723232216575,75.37951806190716,KHOU,0.0,-1.4272323221657501,-1.4272323221657501,0.04771426025858716,74,74-75,75,74-75,75,74-75
2026-03-29,81.0,80.61924307388043,80.61924307388043,80.62798517083021,KHOU,0.0,0.3807569261195738,0.3807569261195738,-0.008742096949788447,81,80-81,81,80-81,81,80-81
2026-03-30,83.0,82.50143376303312,82.50143376303312,82.49134953792627,KHOU,0.0,0.4985662369668802,0.4985662369668802,0.010084225106851363,83,82-83,83,82-83,83,82-83
2026-03-31,82.0,82.15369729253469,82.15369729253469,82.14485560924682,KHOU,0.0,-0.15369729253468734,-0.15369729253468734,0.008841683287869273,82,82-83,82,82-83,82,82-83
2026-04-01,84.0,81.70090798857267,81.70090798857267,81.71384296897435,KHOU,0.0,2.2990920114273337,2.2990920114273337,-0.012934980401681173,84,84-85,82,82-83,82,82-83
2026-04-02,82.0,82.95542495500844,82.95542495500844,82.90724032624242,KHOU,0.0,-0.9554249550084393,-0.9554249550084393,0.04818462876602325,82,82-83,83,82-83,83,82-83
2026-04-03,84.0,80.71566546356848,80.71566546356848,80.72942126937508,KHOU,0.0,3.2843345364315155,3.2843345364315155,-0.0137558058065963,84,84-85,81,80-81,81,80-81
2026-04-04,81.0,82.04434146232931,82.05528506322278,82.02263113126507,KHOU,0.010943600893469352,-1.0443414623293137,-1.055285063222783,0.021710331064241473,81,80-81,82,82-83,82,82-83
2026-04-05,66.0,70.14305394020192,70.14305394020192,70.14770328903522,KHOU,0.0,-4.1430539402019235,-4.1430539402019235,-0.00464934883329704,66,66-67,70,70-71,70,70-71
2026-04-06,73.0,72.49203376344174,72.49203376344174,72.51059986225133,KHOU,0.0,0.5079662365582607,0.5079662365582607,-0.01856609880958615,73,72-73,72,72-73,72,72-73
2026-04-07,74.0,74.83154545035119,74.83154545035119,74.82998533819313,KHOU,0.0,-0.8315454503511859,-0.8315454503511859,0.0015601121580601784,74,74-75,75,74-75,75,74-75
2026-04-08,78.0,78.7653101491133,78.7653101491133,78.80199477106876,KHOU,0.0,-0.7653101491133043,-0.7653101491133043,-0.03668462195545885,78,78-79,79,78-79,79,78-79
2026-04-09,81.0,79.6724942956223,79.6724942956223,79.67810794628411,KHOU,0.0,1.3275057043776997,1.3275057043776997,-0.005613650661814518,81,80-81,80,80-81,80,80-81
2026-04-10,77.0,78.52560021795978,78.52560021795978,78.53854935588285,KHOU,0.0,-1.5256002179597772,-1.5256002179597772,-0.01294913792307284,77,76-77,79,78-79,79,78-79
2026-04-11,81.0,80.07164283296412,80.07164283296412,80.08523037255593,KHOU,0.0,0.9283571670358839,0.9283571670358839,-0.013587539591810582,81,80-81,80,80-81,80,80-81
2026-04-12,79.0,79.5650686208262,79.5650686208262,79.50271099790459,KHOU,0.0,-0.5650686208261959,-0.5650686208261959,0.062357622921609845,79,78-79,80,80-81,80,80-81
2026-04-13,81.0,81.32805157330539,81.32805157330539,81.32951100279018,KHOU,0.0,-0.3280515733053875,-0.3280515733053875,-0.0014594294847967149,81,80-81,81,80-81,81,80-81
2026-04-14,83.0,81.58267971678715,81.58267971678715,81.57278511520195,KHOU,0.0,1.4173202832128453,1.4173202832128453,0.009894601585202167,83,82-83,82,82-83,82,82-83
2026-04-15,83.0,82.67965945347488,82.67965945347488,82.69056559997296,KHOU,0.0,0.32034054652511657,0.32034054652511657,-0.010906146498072644,83,82-83,83,82-83,83,82-83
2026-04-16,85.0,84.78707468044811,84.78707468044811,84.74874003776215,KHOU,0.0,0.21292531955188565,0.21292531955188565,0.038334642685967424,85,84-85,85,84-85,85,84-85
2026-04-17,82.0,82.23669254383748,82.23669254383748,82.24001776180229,KHOU,0.0,-0.23669254383747784,-0.23669254383747784,-0.003325217964814442,82,82-83,82,82-83,82,82-83
2026-04-18,84.0,83.58885471476329,83.58885471476329,83.5220990266632,KHOU,0.0,0.4111452852367137,0.4111452852367137,0.0667556881000877,84,84-85,84,84-85,84,84-85
2026-04-19,70.0,68.79916035943472,68.79916035943472,68.77173572348033,KHOU,0.0,1.2008396405652775,1.2008396405652775,0.027424635954389487,70,70-71,69,68-69,69,68-69
2026-04-20,71.0,70.8086086328565,70.8086086328565,70.78066862367163,KHOU,0.0,0.19139136714349547,0.19139136714349547,0.02794000918487427,71,70-71,71,70-71,71,70-71
2026-04-22,81.0,78.9364758196535,78.9364758196535,78.86039335726747,KHOU,0.0,2.063524180346505,2.063524180346505,0.0760824623860259,81,80-81,79,78-79,79,78-79
2026-04-23,83.0,81.81293498251739,81.81293498251739,81.81009026595174,KHOU,0.0,1.1870650174826096,1.1870650174826096,0.0028447165656473317,83,82-83,82,82-83,82,82-83
2026-04-24,82.0,84.21560882207808,84.21560882207808,84.16971613427452,KHOU,0.0,-2.2156088220780816,-2.2156088220780816,0.045892687803558374,82,82-83,84,84-85,84,84-85
2026-04-25,86.0,85.92025254783492,85.92025254783492,85.95786741692152,KHOU,0.0,0.07974745216507984,0.07974745216507984,-0.03761486908659606,86,86-87,86,86-87,86,86-87
2026-04-26,85.0,84.33128611542087,84.33128611542087,84.3732532268615,KHOU,0.0,0.6687138845791338,0.6687138845791338,-0.041967111440627036,85,84-85,84,84-85,84,84-85
2026-04-27,88.0,86.0749860265823,86.0749860265823,86.03752024924228,KHOU,0.0,1.9250139734177054,1.9250139734177054,0.037465777340017326,88,88-89,86,86-87,86,86-87
2026-04-28,87.0,88.01026581938626,88.01026581938626,87.99508012290346,KHOU,0.0,-1.0102658193862624,-1.0102658193862624,0.015185696482802769,87,86-87,88,88-89,88,88-89
2026-04-29,85.0,86.3213541450992,86.3213541450992,86.34600662778625,KHOU,0.0,-1.3213541450992068,-1.3213541450992068,-0.024652482687045563,85,84-85,86,86-87,86,86-87
2026-04-30,88.0,84.59408539739277,84.59408539739277,84.6117904868099,KHOU,0.0,3.4059146026072256,3.4059146026072256,-0.017705089417120234,88,88-89,85,84-85,85,84-85
2026-05-01,70.0,69.8967584181827,69.91093018143516,69.8967584181827,KHOU,0.014171763252463165,0.1032415818173007,0.08906981856483753,0.0,70,70-71,70,70-71,70,70-71
2026-05-02,76.0,73.80396895026087,73.80396895026087,73.82912411657588,KHOU,0.0,2.1960310497391333,2.1960310497391333,-0.025155166315016686,76,76-77,74,74-75,74,74-75
2026-05-03,78.0,79.19044878186538,79.19044878186538,79.2255075444312,KHOU,0.0,-1.1904487818653848,-1.1904487818653848,-0.03505876256581075,78,78-79,79,78-79,79,78-79
2026-05-04,81.0,81.39744806917707,81.39744806917707,81.4105614411767,KHOU,0.0,-0.39744806917707365,-0.39744806917707365,-0.013113371999622814,81,80-81,81,80-81,81,80-81
2026-05-05,83.0,83.77934188695971,83.77934188695971,83.75597441920216,KHOU,0.0,-0.7793418869597133,-0.7793418869597133,0.023367467757552163,83,82-83,84,84-85,84,84-85
2026-05-06,85.0,84.2635144184418,84.2635144184418,84.28396152125677,KHOU,0.0,0.736485581558199,0.736485581558199,-0.020447102814969753,85,84-85,84,84-85,84,84-85
2026-05-07,79.0,76.51659976896319,76.51659976896319,76.49227455982395,KHOU,0.0,2.4834002310368106,2.4834002310368106,0.02432520913923497,79,78-79,77,76-77,77,76-77
2026-05-08,75.0,76.38154258442086,76.38154258442086,76.4478039836201,KHOU,0.0,-1.3815425844208562,-1.3815425844208562,-0.06626139919924867,75,74-75,76,76-77,76,76-77
2026-05-09,90.0,84.35224473507252,84.35224473507252,84.331186800523,KHOU,0.0,5.647755264927483,5.647755264927483,0.021057934549517654,90,90-91,84,84-85,84,84-85
2026-05-10,87.0,87.07225925482251,87.07225925482251,87.08532744699014,KHOU,0.0,-0.07225925482251228,-0.07225925482251228,-0.013068192167622783,87,86-87,87,86-87,87,86-87
2026-05-11,81.0,80.56088299301872,80.56088299301872,80.51808483628403,KHOU,0.0,0.4391170069812773,0.4391170069812773,0.04279815673469045,81,80-81,81,80-81,81,80-81
2026-05-12,85.0,84.076792268111,84.076792268111,84.08715885085887,KHOU,0.0,0.9232077318889935,0.9232077318889935,-0.010366582747863617,85,84-85,84,84-85,84,84-85
2026-05-13,90.0,89.17620312458219,89.17620312458219,89.18153650169518,KHOU,0.0,0.8237968754178127,0.8237968754178127,-0.005333377112989979,90,90-91,89,88-89,89,88-89
2026-05-14,90.0,90.45581853761288,90.45581853761288,90.48745333323436,KHOU,0.0,-0.4558185376128847,-0.4558185376128847,-0.03163479562147131,90,90-91,90,90-91,90,90-91
2026-05-15,88.0,87.95287407387981,87.95287407387981,87.98811656186587,KHOU,0.0,0.047125926120187955,0.047125926120187955,-0.03524248798605356,88,88-89,88,88-89,88,88-89
2026-05-16,88.0,86.22746313582664,86.22746313582664,86.28747280288836,KHOU,0.0,1.772536864173361,1.772536864173361,-0.060009667061720506,88,88-89,86,86-87,86,86-87
2026-05-17,85.0,86.83066481327221,86.83066481327221,86.81334784667283,KHOU,0.0,-1.8306648132722074,-1.8306648132722074,0.01731696659938109,85,84-85,87,86-87,87,86-87
2026-05-18,87.0,86.21798749199388,86.21798749199388,86.22392070205157,KHOU,0.0,0.7820125080061189,0.7820125080061189,-0.005933210057690985,87,86-87,86,86-87,86,86-87
2026-05-19,88.0,86.32680096099007,86.32680096099007,86.32879043907705,KHOU,0.0,1.6731990390099298,1.6731990390099298,-0.001989478086983354,88,88-89,86,86-87,86,86-87
2026-05-20,80.0,80.1826729215473,80.198484865824,80.15099569600719,KHOU,0.015811944276705958,-0.18267292154729375,-0.1984848658239997,0.031677225540107656,80,80-81,80,80-81,80,80-81
2026-05-21,81.0,78.35883436204327,78.374909902185,78.35839355710468,KHOU,0.01607554014172763,2.641165637956732,2.6250900978150042,0.0004408049385915547,81,80-81,78,78-79,78,78-79
2026-05-22,90.0,87.22141401477275,87.22141401477275,87.19806403841558,KHOU,0.0,2.7785859852272523,2.7785859852272523,0.02334997635716718,90,90-91,87,86-87,87,86-87
2026-05-23,80.0,83.53975811799896,83.53975811799896,83.58312377635205,KHOU,0.0,-3.5397581179989572,-3.5397581179989572,-0.04336565835309614,80,80-81,84,84-85,84,84-85
2026-05-24,85.0,84.16266014715038,84.16266014715038,84.15206282076036,KHOU,0.0,0.8373398528496239,0.8373398528496239,0.01059732639001254,85,84-85,84,84-85,84,84-85
2026-05-25,88.0,86.91433007690046,86.91433007690046,86.92026230650147,KHOU,0.0,1.0856699230995446,1.0856699230995446,-0.005932229601015138,88,88-89,87,86-87,87,86-87
2026-05-26,88.0,87.72368886771805,87.72368886771805,87.72006268376049,KHOU,0.0,0.2763111322819469,0.2763111322819469,0.0036261839575644217,88,88-89,88,88-89,88,88-89
2026-05-27,79.0,79.8735726010743,79.8735726010743,79.8454822299113,KHOU,0.0,-0.8735726010743008,-0.8735726010743008,0.02809037116300317,79,78-79,80,80-81,80,80-81
2026-05-28,89.0,87.92612129854956,87.92612129854956,87.90363403971737,KHOU,0.0,1.0738787014504396,1.0738787014504396,0.02248725883218583,89,88-89,88,88-89,88,88-89
2026-05-29,90.0,90.72931982993555,90.72931982993555,90.74302070585873,KHOU,0.0,-0.7293198299355481,-0.7293198299355481,-0.013700875923177591,90,90-91,91,90-91,91,90-91
2026-05-30,91.0,91.27831039137362,91.27831039137362,91.26797369829409,KHOU,0.0,-0.2783103913736227,-0.2783103913736227,0.01033669307953744,91,90-91,91,90-91,91,90-91
2026-05-31,90.0,89.99461585379204,89.99461585379204,90.01078034039892,KHOU,0.0,0.005384146207958906,0.005384146207958906,-0.016164486606882633,90,90-91,90,90-91,90,90-91
2026-06-01,91.0,90.4785016267275,90.4785016267275,90.45669377323,KHOU,0.0,0.5214983732724932,0.5214983732724932,0.021807853497506358,91,90-91,90,90-91,90,90-91
2026-06-02,90.0,88.69555168395559,88.48309666357493,88.748516300021,KHOU,-0.21245502038065922,1.3044483160444145,1.5169033364250737,-0.05296461606540959,90,90-91,89,88-89,88,88-89
2026-06-03,84.0,83.91788248476708,84.03502656082472,83.90148218748391,KHOU,0.11714407605764166,0.08211751523292321,-0.035026560824718445,0.016400297283169607,84,84-85,84,84-85,84,84-85
2026-06-04,85.0,82.70857607152519,82.8541958873277,82.66548957163897,KHOU,0.14561981580251881,2.2914239284748135,2.1458041126722947,0.043086499886214824,85,84-85,83,82-83,83,82-83
2026-06-05,84.0,85.90310115834387,85.91105316788831,85.89592538098358,KHOU,0.00795200954443942,-1.9031011583438726,-1.911053167888312,0.0071757773602882935,84,84-85,86,86-87,86,86-87
2026-06-06,88.0,87.09138601356672,87.05205934798028,87.10043806884349,KHOU,-0.03932666558644371,0.9086139864332807,0.9479406520197244,-0.009052055276768556,88,88-89,87,86-87,87,86-87
2026-06-07,85.0,86.21514895576844,86.20386513480264,86.2524767472528,KHOU,-0.011283820965800828,-1.2151489557684414,-1.2038651348026406,-0.037327791484358386,85,84-85,86,86-87,86,86-87
2026-06-08,90.0,87.60611013244082,87.57983036600014,87.60175227865085,KHOU,-0.02627976644068042,2.3938898675591815,2.420169633999862,0.004357853789969113,90,90-91,88,88-89,88,88-89
2026-06-09,90.0,90.39702480445766,90.38484149409953,90.4046547429101,KHOU,-0.012183310358125254,-0.39702480445765786,-0.3848414940995326,-0.007629938452438978,90,90-91,90,90-91,90,90-91
2026-06-10,91.0,90.27796237555917,90.23321486504516,90.2307818953988,KHOU,-0.044747510514014266,0.72203762444083,0.7667851349548442,0.04718048016036391,91,90-91,90,90-91,90,90-91
2026-06-11,92.0,91.21839128206032,91.2192686582873,91.18668894288837,KHOU,0.0008773762269811414,0.781608717939676,0.7807313417126949,0.031702339171957306,92,92-93,91,90-91,91,90-91
2026-06-12,91.0,90.84560663443105,90.71977401912817,90.80944254055817,KHOU,-0.12583261530288326,0.15439336556895,0.28022598087183326,0.036164093872883996,91,90-91,91,90-91,91,90-91
2026-06-13,92.0,92.31604984798959,92.31604984798959,92.26716223804556,KHOU,0.0,-0.31604984798958924,-0.31604984798958924,0.04888760994403185,92,92-93,92,92-93,92,92-93
2026-06-14,90.0,90.07414457129609,89.91220139043747,90.11304724312032,KHOU,-0.16194318085861426,-0.0741445712960882,0.08779860956252605,-0.038902671824232016,90,90-91,90,90-91,90,90-91
2026-06-15,82.0,83.55211103409655,83.57282633676796,83.50810303017715,KHOU,0.02071530267140531,-1.552111034096555,-1.5728263367679602,0.04400800391940152,82,82-83,84,84-85,84,84-85
2026-06-16,82.0,80.79875689583838,80.83835113065831,80.81880772891441,KHOU,0.03959423481992985,1.2012431041616196,1.1616488693416898,-0.020050833076027175,82,82-83,81,80-81,81,80-81
2026-06-17,88.0,86.29896594833482,86.31918512374656,86.33757288950066,KHOU,0.020219175411739343,1.7010340516651752,1.6808148762534358,-0.03860694116583829,88,88-89,86,86-87,86,86-87
2026-06-18,94.0,93.76428574300684,93.76428574300684,93.7547968579334,KHOU,0.0,0.2357142569931625,0.2357142569931625,0.009488885073437814,94,94-95,94,94-95,94,94-95
2026-06-19,92.0,92.52020044879491,92.52020044879491,92.53386803537558,KHOU,0.0,-0.5202004487949097,-0.5202004487949097,-0.01366758658066658,92,92-93,93,92-93,93,92-93
2026-06-20,85.0,88.39019369385444,88.41098847112534,88.38965194746326,KHOU,0.020794777270893405,-3.3901936938544424,-3.4109884711253358,0.0005417463911783216,85,84-85,88,88-89,88,88-89
2026-06-21,88.0,86.75246717626267,86.75246717626267,86.71292251067555,KHOU,0.0,1.2475328237373304,1.2475328237373304,0.039544665587115446,88,88-89,87,86-87,87,86-87
2026-01-01,64.0,63.78731822639812,63.78731822639812,63.81569515890216,KLAX,0.0,0.21268177360187934,0.21268177360187934,-0.028376932504038166,64,64-65,64,64-65,64,64-65
2026-01-02,64.0,66.1016988893098,66.1016988893098,66.07067120836777,KLAX,0.0,-2.1016988893098016,-2.1016988893098016,0.031027680942031566,64,64-65,66,66-67,66,66-67
2026-01-03,63.0,63.48882913759942,63.48882913759942,63.5162860037037,KLAX,0.0,-0.48882913759941715,-0.48882913759941715,-0.027456866104280664,63,62-63,63,62-63,63,62-63
2026-01-04,62.0,61.96217218839868,61.96217218839868,62.013951127282766,KLAX,0.0,0.03782781160131776,0.03782781160131776,-0.051778938884083914,62,62-63,62,62-63,62,62-63
2026-01-05,64.0,62.16362445079339,62.16362445079339,62.214088051347645,KLAX,0.0,1.8363755492066076,1.8363755492066076,-0.05046360055425225,64,64-65,62,62-63,62,62-63
2026-01-06,65.0,63.78262612097354,63.78262612097354,63.8259837628152,KLAX,0.0,1.2173738790264608,1.2173738790264608,-0.043357641841659245,65,64-65,64,64-65,64,64-65
2026-01-07,64.0,64.27183924244424,64.27183924244424,64.24771458063962,KLAX,0.0,-0.2718392424442442,-0.2718392424442442,0.024124661804620473,64,64-65,64,64-65,64,64-65
2026-01-08,62.0,61.28081761806651,61.28081761806651,61.33074102322906,KLAX,0.0,0.7191823819334928,0.7191823819334928,-0.049923405162552115,62,62-63,61,60-61,61,60-61
2026-01-09,62.0,63.55225993334759,63.55225993334759,63.57973718633352,KLAX,0.0,-1.5522599333475924,-1.5522599333475924,-0.02747725298592485,62,62-63,64,64-65,64,64-65
2026-01-10,70.0,68.41876604392007,68.41876604392007,68.41689539439638,KLAX,0.0,1.5812339560799273,1.5812339560799273,0.0018706495236955334,70,70-71,68,68-69,68,68-69
2026-01-11,74.0,72.90165154035522,72.90165154035522,72.89063147304607,KLAX,0.0,1.0983484596447823,1.0983484596447823,0.011020067309146953,74,74-75,73,72-73,73,72-73
2026-01-12,72.0,71.30935907048956,71.30935907048956,71.28810392802212,KLAX,0.0,0.6906409295104368,0.6906409295104368,0.02125514246743876,72,72-73,71,70-71,71,70-71
2026-01-13,79.0,77.12499381878749,77.12499381878749,77.15658580913235,KLAX,0.0,1.8750061812125125,1.8750061812125125,-0.031591990344864485,79,78-79,77,76-77,77,76-77
2026-01-14,79.0,77.95527815960465,77.95527815960465,77.943539609738,KLAX,0.0,1.0447218403953542,1.0447218403953542,0.01173854986664935,79,78-79,78,78-79,78,78-79
2026-01-15,82.0,79.6903494173342,79.6903494173342,79.73721846502119,KLAX,0.0,2.309650582665796,2.309650582665796,-0.04686904768698241,82,82-83,80,80-81,80,80-81
2026-01-16,77.0,74.96622271062789,74.96622271062789,74.96459081777317,KLAX,0.0,2.033777289372111,2.033777289372111,0.0016318928547178757,77,76-77,75,74-75,75,74-75
2026-01-17,76.0,78.07148706543026,78.07148706543026,78.06755960957979,KLAX,0.0,-2.0714870654302615,-2.0714870654302615,0.0039274558504729384,76,76-77,78,78-79,78,78-79
2026-01-18,76.0,75.82420126028043,75.82420126028043,75.80924093721035,KLAX,0.0,0.17579873971956772,0.17579873971956772,0.014960323070084769,76,76-77,76,76-77,76,76-77
2026-01-19,74.0,70.58521254313773,70.58521254313773,70.53901783162699,KLAX,0.0,3.414787456862271,3.414787456862271,0.0461947115107364,74,74-75,71,70-71,71,70-71
2026-01-20,69.0,70.44697789419334,70.44697789419334,70.47992676926866,KLAX,0.0,-1.4469778941933384,-1.4469778941933384,-0.03294887507531996,69,68-69,70,70-71,70,70-71
2026-01-21,62.0,62.868977595962065,62.868977595962065,62.88565737661791,KLAX,0.0,-0.8689775959620647,-0.8689775959620647,-0.01667978065584208,62,62-63,63,62-63,63,62-63
2026-01-22,62.0,62.67490350616308,62.67490350616308,62.74163336389701,KLAX,0.0,-0.6749035061630835,-0.6749035061630835,-0.06672985773392526,62,62-63,63,62-63,63,62-63
2026-01-23,64.0,63.85213716650656,63.85213716650656,63.88232555551799,KLAX,0.0,0.14786283349344131,0.14786283349344131,-0.030188389011428285,64,64-65,64,64-65,64,64-65
2026-01-24,63.0,62.98711904825328,62.98711904825328,62.98562030504971,KLAX,0.0,0.012880951746723213,0.012880951746723213,0.0014987432035695747,63,62-63,63,62-63,63,62-63
2026-01-25,68.0,65.63295240251003,65.63295240251003,65.69327499057552,KLAX,0.0,2.3670475974899716,2.3670475974899716,-0.06032258806548896,68,68-69,66,66-67,66,66-67
2026-01-26,72.0,71.36700496385463,71.36700496385463,71.32608710346011,KLAX,0.0,0.632995036145374,0.632995036145374,0.04091786039451506,72,72-73,71,70-71,71,70-71
2026-01-27,71.0,72.35688883437268,72.35688883437268,72.28653773149183,KLAX,0.0,-1.3568888343726826,-1.3568888343726826,0.07035110288084923,71,70-71,72,72-73,72,72-73
2026-01-28,68.0,68.98964105171751,68.98964105171751,68.99255797536603,KLAX,0.0,-0.9896410517175127,-0.9896410517175127,-0.0029169236485131478,68,68-69,69,68-69,69,68-69
2026-01-29,80.0,78.1332360363664,78.1332360363664,78.15621989670035,KLAX,0.0,1.866763963633602,1.866763963633602,-0.02298386033395161,80,80-81,78,78-79,78,78-79
2026-01-30,82.0,80.92868245537886,80.92868245537886,80.90709807705221,KLAX,0.0,1.071317544621138,1.071317544621138,0.02158437832665072,82,82-83,81,80-81,81,80-81
2026-01-31,84.0,81.041404210281,81.041404210281,80.95764693560024,KLAX,0.0,2.9585957897189985,2.9585957897189985,0.08375727468076377,84,84-85,81,80-81,81,80-81
2026-02-01,78.0,78.25989618421411,78.25989618421411,78.2453456714877,KLAX,0.0,-0.25989618421411365,-0.25989618421411365,0.014550512726415832,78,78-79,78,78-79,78,78-79
2026-02-02,73.0,71.58873411995826,71.58873411995826,71.68381472749512,KLAX,0.0,1.4112658800417393,1.4112658800417393,-0.09508060753685754,73,72-73,72,72-73,72,72-73
2026-02-03,74.0,73.08791391775004,73.08791391775004,73.15020394862006,KLAX,0.0,0.9120860822499566,0.9120860822499566,-0.06229003087001672,74,74-75,73,72-73,73,72-73
2026-02-04,87.0,84.82631684472709,84.82631684472709,84.83551442834312,KLAX,0.0,2.1736831552729114,2.1736831552729114,-0.009197583616028737,87,86-87,85,84-85,85,84-85
2026-02-05,83.0,80.59490729137046,80.59490729137046,80.59641138356568,KLAX,0.0,2.405092708629539,2.405092708629539,-0.0015040921952191866,83,82-83,81,80-81,81,80-81
2026-02-06,68.0,68.38781788575344,68.38781788575344,68.36989752417253,KLAX,0.0,-0.3878178857534351,-0.3878178857534351,0.01792036158090582,68,68-69,68,68-69,68,68-69
2026-02-07,68.0,69.39757636497792,69.39757636497792,69.36541119920724,KLAX,0.0,-1.3975763649779225,-1.3975763649779225,0.03216516577067807,68,68-69,69,68-69,69,68-69
2026-02-08,80.0,80.39276278903489,80.39276278903489,80.40976254132117,KLAX,0.0,-0.39276278903489015,-0.39276278903489015,-0.016999752286281478,80,80-81,80,80-81,80,80-81
2026-02-09,77.0,74.25891646642783,74.25891646642783,74.23222954427213,KLAX,0.0,2.7410835335721657,2.7410835335721657,0.02668692215570445,77,76-77,74,74-75,74,74-75
2026-02-10,65.0,65.525039008297,65.525039008297,65.60905351112595,KLAX,0.0,-0.525039008297,-0.525039008297,-0.08401450282894984,65,64-65,66,66-67,66,66-67
2026-02-11,63.0,63.21612964756911,63.21612964756911,63.20534269283634,KLAX,0.0,-0.21612964756911168,-0.21612964756911168,0.010786954732772358,63,62-63,63,62-63,63,62-63
2026-02-12,64.0,65.06276958230737,65.06276958230737,65.02884129808672,KLAX,0.0,-1.062769582307368,-1.062769582307368,0.033928284220650085,64,64-65,65,64-65,65,64-65
2026-02-13,67.0,68.67353236470736,68.67353236470736,68.68236973919409,KLAX,0.0,-1.6735323647073557,-1.6735323647073557,-0.008837374486731164,67,66-67,69,68-69,69,68-69
2026-02-14,66.0,66.02067756892474,66.02067756892474,66.00552024643595,KLAX,0.0,-0.020677568924739376,-0.020677568924739376,0.01515732248878976,66,66-67,66,66-67,66,66-67
2026-02-15,62.0,63.567950720263525,63.567950720263525,63.61190508621064,KLAX,0.0,-1.567950720263525,-1.567950720263525,-0.04395436594711555,62,62-63,64,64-65,64,64-65
2026-02-16,57.0,58.73949694455152,58.73717298063151,58.778740273101775,KLAX,-0.002323963920005667,-1.7394969445515187,-1.737172980631513,-0.03924332855025625,57,56-57,59,58-59,59,58-59
2026-02-17,60.0,58.59532890201415,58.59300493809414,58.629113144599714,KLAX,-0.0023239639200127726,1.4046710979858474,1.4069950619058602,-0.03378424258556123,60,60-61,59,58-59,59,58-59
2026-02-18,58.0,58.464256021025015,58.464256021025015,58.48492197204015,KLAX,0.0,-0.4642560210250153,-0.4642560210250153,-0.020665951015132578,58,58-59,58,58-59,58,58-59
2026-02-19,57.0,56.12291312409709,56.12068847526548,56.16766771011476,KLAX,-0.0022246488316071122,0.8770868759029113,0.8793115247345185,-0.04475458601767457,57,56-57,56,56-57,56,56-57
2026-02-20,58.0,56.87350452317959,56.87350452317959,56.88202803492327,KLAX,0.0,1.1264954768204092,1.1264954768204092,-0.008523511743682377,58,58-59,57,56-57,57,56-57
2026-02-21,69.0,67.68959843884899,67.68959843884899,67.66405880323575,KLAX,0.0,1.3104015611510107,1.3104015611510107,0.02553963561324224,69,68-69,68,68-69,68,68-69
2026-02-22,68.0,69.74790600951363,69.74790600951363,69.78677977482619,KLAX,0.0,-1.7479060095136276,-1.7479060095136276,-0.03887376531255882,68,68-69,70,70-71,70,70-71
2026-02-23,72.0,75.61786131856361,75.61786131856361,75.6599531752537,KLAX,0.0,-3.6178613185636124,-3.6178613185636124,-0.0420918566900923,72,72-73,76,76-77,76,76-77
2026-02-24,75.0,74.6749264654616,74.6749264654616,74.60515075143158,KLAX,0.0,0.3250735345384044,0.3250735345384044,0.06977571403001548,75,74-75,75,74-75,75,74-75
2026-02-25,69.0,70.17275608381283,70.17275608381283,70.19514407639252,KLAX,0.0,-1.1727560838128284,-1.1727560838128284,-0.022387992579695037,69,68-69,70,70-71,70,70-71
2026-02-26,73.0,73.855348013055,73.855348013055,73.99046442307122,KLAX,0.0,-0.8553480130550071,-0.8553480130550071,-0.13511641001620944,73,72-73,74,74-75,74,74-75
2026-02-27,83.0,85.85837588599595,85.85837588599595,85.90547240453287,KLAX,0.0,-2.8583758859959545,-2.8583758859959545,-0.0470965185369181,83,82-83,86,86-87,86,86-87
2026-02-28,79.0,80.6158400465566,80.6158400465566,80.63630100160468,KLAX,0.0,-1.615840046556599,-1.615840046556599,-0.020460955048079654,79,78-79,81,80-81,81,80-81
2026-03-01,77.0,77.06336916833509,77.06336916833509,77.06336916833513,KLAX,0.0,-0.0633691683350861,-0.0633691683350861,-4.263256414560601e-14,77,76-77,77,76-77,77,76-77
2026-03-02,65.0,66.17310258020173,66.17310258020173,66.15721204325882,KLAX,0.0,-1.1731025802017285,-1.1731025802017285,0.015890536942904987,65,64-65,66,66-67,66,66-67
2026-03-03,66.0,67.44140809972139,67.44140809972139,67.37089502825566,KLAX,0.0,-1.4414080997213858,-1.4414080997213858,0.07051307146572583,66,66-67,67,66-67,67,66-67
2026-03-04,65.0,64.03132309259286,64.03132309259286,63.9864627847755,KLAX,0.0,0.9686769074071435,0.9686769074071435,0.04486030781735906,65,64-65,64,64-65,64,64-65
2026-03-05,75.0,72.98782584248873,72.98782584248873,73.05010607337957,KLAX,0.0,2.012174157511268,2.012174157511268,-0.06228023089083479,75,74-75,73,72-73,73,72-73
2026-03-06,73.0,72.67127742288041,72.67127742288041,72.66722576777542,KLAX,0.0,0.3287225771195921,0.3287225771195921,0.004051655104987617,73,72-73,73,72-73,73,72-73
2026-03-07,78.0,76.43473210315025,76.43473210315025,76.39462040951764,KLAX,0.0,1.5652678968497469,1.5652678968497469,0.04011169363261047,78,78-79,76,76-77,76,76-77
2026-03-08,88.0,85.18021538858221,85.18021538858221,85.14499088530503,KLAX,0.0,2.819784611417788,2.819784611417788,0.03522450327717763,88,88-89,85,84-85,85,84-85
2026-03-09,69.0,69.0611413678342,69.0611413678342,68.97324790548458,KLAX,0.0,-0.0611413678341961,-0.0611413678341961,0.08789346234961215,69,68-69,69,68-69,69,68-69
2026-03-10,66.0,64.8657165621788,64.8657165621788,64.89793157460538,KLAX,0.0,1.1342834378211961,1.1342834378211961,-0.032215012426576095,66,66-67,65,64-65,65,64-65
2026-03-11,67.0,67.75654751704539,67.75654751704539,67.69200601863217,KLAX,0.0,-0.7565475170453908,-0.7565475170453908,0.06454149841322021,67,66-67,68,68-69,68,68-69
2026-03-12,82.0,82.74135377805233,82.74135377805233,82.78151096902154,KLAX,0.0,-0.7413537780523285,-0.7413537780523285,-0.04015719096921089,82,82-83,83,82-83,83,82-83
2026-03-13,86.0,84.9102891929766,84.9102891929766,84.8846267200849,KLAX,0.0,1.089710807023394,1.089710807023394,0.02566247289171031,86,86-87,85,84-85,85,84-85
2026-03-14,78.0,76.97269853874482,76.97269853874482,76.99740848973828,KLAX,0.0,1.0273014612551776,1.0273014612551776,-0.0247099509934543,78,78-79,77,76-77,77,76-77
2026-03-15,67.0,69.8743128928683,69.8743128928683,69.82216993682323,KLAX,0.0,-2.8743128928683035,-2.8743128928683035,0.05214295604507413,67,66-67,70,70-71,70,70-71
2026-03-16,69.0,67.81275394603041,67.81275394603041,67.75522498923486,KLAX,0.0,1.187246053969588,1.187246053969588,0.05752895679555081,69,68-69,68,68-69,68,68-69
2026-03-17,90.0,91.02947228884553,91.02947228884553,91.1200738407248,KLAX,0.0,-1.0294722888455254,-1.0294722888455254,-0.09060155187927421,90,90-91,91,90-91,91,90-91
2026-03-18,81.0,83.31379919734917,83.31379919734917,83.28998658684336,KLAX,0.0,-2.3137991973491694,-2.3137991973491694,0.02381261050581429,81,80-81,83,82-83,83,82-83
2026-03-19,81.0,82.20364389679008,82.20364389679008,82.21178749644834,KLAX,0.0,-1.2036438967900835,-1.2036438967900835,-0.008143599658254175,81,80-81,82,82-83,82,82-83
2026-03-20,82.0,81.33815608062612,81.33815608062612,81.34551635088359,KLAX,0.0,0.6618439193738794,0.6618439193738794,-0.007360270257464663,82,82-83,81,80-81,81,80-81
2026-03-21,74.0,73.83672311915083,73.83672311915083,73.84093381548561,KLAX,0.0,0.16327688084916758,0.16327688084916758,-0.00421069633478055,74,74-75,74,74-75,74,74-75
2026-03-22,68.0,69.97263130110484,69.97263130110484,69.94850687728689,KLAX,0.0,-1.9726313011048404,-1.9726313011048404,0.02412442381795188,68,68-69,70,70-71,70,70-71
2026-03-23,71.0,69.47417748322361,69.47417748322361,69.4483447644231,KLAX,0.0,1.5258225167763868,1.5258225167763868,0.02583271880051541,71,70-71,69,68-69,69,68-69
2026-03-24,69.0,70.69112150518961,70.69112150518961,70.6374524666748,KLAX,0.0,-1.6911215051896136,-1.6911215051896136,0.05366903851481197,69,68-69,71,70-71,71,70-71
2026-03-25,68.0,68.05364422334863,68.05364422334863,68.072534340108,KLAX,0.0,-0.05364422334862695,-0.05364422334862695,-0.018890116759379794,68,68-69,68,68-69,68,68-69
2026-03-26,71.0,72.73105622692967,72.73105622692967,72.76315166090092,KLAX,0.0,-1.7310562269296668,-1.7310562269296668,-0.03209543397125003,71,70-71,73,72-73,73,72-73
2026-03-27,70.0,69.31862552488056,69.31862552488056,69.34804573113392,KLAX,0.0,0.6813744751194406,0.6813744751194406,-0.029420206253362835,70,70-71,69,68-69,69,68-69
2026-03-28,66.0,67.67864670137462,67.67864670137462,67.67756870363328,KLAX,0.0,-1.6786467013746176,-1.6786467013746176,0.0010779977413335473,66,66-67,68,68-69,68,68-69
2026-03-29,72.0,71.49549191116093,71.49549191116093,71.5588902373185,KLAX,0.0,0.5045080888390743,0.5045080888390743,-0.06339832615756791,72,72-73,71,70-71,71,70-71
2026-03-30,69.0,70.2029676453051,70.2029676453051,70.25317522471886,KLAX,0.0,-1.202967645305094,-1.202967645305094,-0.0502075794137653,69,68-69,70,70-71,70,70-71
2026-03-31,69.0,70.7315371955173,70.7315371955173,70.78834313052026,KLAX,0.0,-1.731537195517305,-1.731537195517305,-0.05680593500295572,69,68-69,71,70-71,71,70-71
2026-04-01,67.0,67.73533413427455,67.73533413427455,67.76811732459714,KLAX,0.0,-0.7353341342745523,-0.7353341342745523,-0.03278319032258992,67,66-67,68,68-69,68,68-69
2026-04-02,68.0,67.86672920986328,67.86672920986328,67.88385664671067,KLAX,0.0,0.13327079013672005,0.13327079013672005,-0.01712743684738882,68,68-69,68,68-69,68,68-69
2026-04-03,78.0,73.70244841127884,73.70244841127884,73.67895030906146,KLAX,0.0,4.297551588721163,4.297551588721163,0.02349810221737414,78,78-79,74,74-75,74,74-75
2026-04-04,85.0,82.84699096335488,82.84699096335488,82.86023519177725,KLAX,0.0,2.1530090366451162,2.1530090366451162,-0.013244228422365723,85,84-85,83,82-83,83,82-83
2026-04-05,75.0,76.60855367975704,76.60855367975704,76.67643855662283,KLAX,0.0,-1.608553679757037,-1.608553679757037,-0.06788487686579003,75,74-75,77,76-77,77,76-77
2026-04-06,77.0,76.0259692752254,76.0259692752254,75.98363557338298,KLAX,0.0,0.9740307247745932,0.9740307247745932,0.042333701842423466,77,76-77,76,76-77,76,76-77
2026-04-07,69.0,69.66888838855222,69.66888838855222,69.64130788086521,KLAX,0.0,-0.6688883885522188,-0.6688883885522188,0.027580507687005706,69,68-69,70,70-71,70,70-71
2026-04-08,70.0,70.20645981394847,70.20645981394847,70.13343060478418,KLAX,0.0,-0.20645981394847013,-0.20645981394847013,0.07302920916428945,70,70-71,70,70-71,70,70-71
2026-04-09,71.0,71.72032664847886,71.72032664847886,71.69259620227062,KLAX,0.0,-0.72032664847886,-0.72032664847886,0.02773044620823839,71,70-71,72,72-73,72,72-73
2026-04-10,67.0,67.34872140729996,67.34872140729996,67.29655677887862,KLAX,0.0,-0.34872140729996204,-0.34872140729996204,0.05216462842133751,67,66-67,67,66-67,67,66-67
2026-04-11,68.0,68.07709765436819,68.07709765436819,68.03992959106404,KLAX,0.0,-0.07709765436818827,-0.07709765436818827,0.03716806330415068,68,68-69,68,68-69,68,68-69
2026-04-12,68.0,65.88702811356359,65.88702811356359,65.92852818803061,KLAX,0.0,2.112971886436412,2.112971886436412,-0.04150007446702375,68,68-69,66,66-67,66,66-67
2026-04-13,66.0,65.53566625790361,65.53566625790361,65.62507100297867,KLAX,0.0,0.464333742096386,0.464333742096386,-0.08940474507505769,66,66-67,66,66-67,66,66-67
2026-04-14,68.0,68.17060968010281,68.17060968010281,68.12581839158194,KLAX,0.0,-0.17060968010281385,-0.17060968010281385,0.04479128852086944,68,68-69,68,68-69,68,68-69
2026-04-15,69.0,68.2162169209572,68.2162169209572,68.24859719406975,KLAX,0.0,0.7837830790428058,0.7837830790428058,-0.032380273112551095,69,68-69,68,68-69,68,68-69
2026-04-16,69.0,68.75141793730305,68.75141793730305,68.71000532722164,KLAX,0.0,0.24858206269695415,0.24858206269695415,0.04141261008140873,69,68-69,69,68-69,69,68-69
2026-04-17,72.0,69.23133044541744,69.23133044541744,69.24946063578913,KLAX,0.0,2.7686695545825586,2.7686695545825586,-0.018130190371692834,72,72-73,69,68-69,69,68-69
2026-04-18,76.0,75.07775231562913,75.07775231562913,75.18057985222138,KLAX,0.0,0.9222476843708733,0.9222476843708733,-0.10282753659225818,76,76-77,75,74-75,75,74-75
2026-04-19,70.0,70.3548515548297,70.3548515548297,70.36022626415571,KLAX,0.0,-0.3548515548296933,-0.3548515548296933,-0.005374709326019911,70,70-71,70,70-71,70,70-71
2026-04-20,70.0,69.00309625193803,69.00309625193803,69.00309625193808,KLAX,0.0,0.9969037480619676,0.9969037480619676,-4.263256414560601e-14,70,70-71,69,68-69,69,68-69
2026-04-21,70.0,67.25183678315096,67.25091568322694,67.21398296958137,KLAX,-0.0009210999240281126,2.7481632168490364,2.7490843167730645,0.037853813569597605,70,70-71,67,66-67,67,66-67
2026-04-22,66.0,67.32949233266635,67.32949233266635,67.36887307214133,KLAX,0.0,-1.329492332666348,-1.329492332666348,-0.039380739474978554,66,66-67,67,66-67,67,66-67
2026-04-23,71.0,70.89367574913204,70.89367574913204,70.86895556688513,KLAX,0.0,0.1063242508679565,0.1063242508679565,0.024720182246909417,71,70-71,71,70-71,71,70-71
2026-04-24,73.0,71.16613028584896,71.16613028584896,71.21252957794624,KLAX,0.0,1.8338697141510352,1.8338697141510352,-0.04639929209727711,73,72-73,71,70-71,71,70-71
2026-04-25,65.0,65.55396953991574,65.55396953991574,65.59020213629813,KLAX,0.0,-0.5539695399157409,-0.5539695399157409,-0.036232596382390625,65,64-65,66,66-67,66,66-67
2026-04-26,66.0,64.64393294667485,64.64393294667485,64.6357517494574,KLAX,0.0,1.3560670533251482,1.3560670533251482,0.008181197217453473,66,66-67,65,64-65,65,64-65
2026-04-27,66.0,66.06512785094915,66.06512785094915,66.03801617211255,KLAX,0.0,-0.0651278509491533,-0.0651278509491533,0.02711167883660437,66,66-67,66,66-67,66,66-67
2026-04-28,68.0,67.67557814014536,67.67557814014536,67.70004135197806,KLAX,0.0,0.32442185985463823,0.32442185985463823,-0.024463211832696174,68,68-69,68,68-69,68,68-69
2026-04-29,68.0,68.26766467925657,68.26766467925657,68.34781224538425,KLAX,0.0,-0.2676646792565691,-0.2676646792565691,-0.08014756612767826,68,68-69,68,68-69,68,68-69
2026-04-30,68.0,67.7810629983726,67.7810629983726,67.77558449114521,KLAX,0.0,0.2189370016273955,0.2189370016273955,0.0054785072273944024,68,68-69,68,68-69,68,68-69
2026-05-01,69.0,69.44486514791731,69.44486514791731,69.47250703800037,KLAX,0.0,-0.44486514791731224,-0.44486514791731224,-0.027641890083060616,69,68-69,69,68-69,69,68-69
2026-05-02,67.0,66.53191424698636,66.53191424698636,66.56221010221135,KLAX,0.0,0.4680857530136393,0.4680857530136393,-0.030295855224991897,67,66-67,67,66-67,67,66-67
2026-05-03,66.0,65.0771890633954,65.0771890633954,65.10022687556372,KLAX,0.0,0.9228109366046056,0.9228109366046056,-0.0230378121683259,66,66-67,65,64-65,65,64-65
2026-05-04,67.0,66.26773647815962,66.26773647815962,66.33025762815643,KLAX,0.0,0.7322635218403803,0.7322635218403803,-0.06252114999681169,67,66-67,66,66-67,66,66-67
2026-05-05,65.0,65.89182302846963,65.89182302846963,65.88787988005265,KLAX,0.0,-0.8918230284696307,-0.8918230284696307,0.003943148416979625,65,64-65,66,66-67,66,66-67
2026-05-06,68.0,68.17675191485769,68.17675191485769,68.17745058825781,KLAX,0.0,-0.17675191485768948,-0.17675191485768948,-0.0006986734001230843,68,68-69,68,68-69,68,68-69
2026-05-07,68.0,68.89565763267743,68.89565763267743,68.91749943526078,KLAX,0.0,-0.8956576326774268,-0.8956576326774268,-0.021841802583352887,68,68-69,69,68-69,69,68-69
2026-05-08,68.0,68.73707864033089,68.73707864033089,68.72454358579085,KLAX,0.0,-0.7370786403308927,-0.7370786403308927,0.012535054540038004,68,68-69,69,68-69,69,68-69
2026-05-09,69.0,68.70955275788378,68.70955275788378,68.72523515958011,KLAX,0.0,0.2904472421162154,0.2904472421162154,-0.015682401696324177,69,68-69,69,68-69,69,68-69
2026-05-11,66.0,69.08400690228092,69.08400690228092,69.00237375205052,KLAX,0.0,-3.084006902280919,-3.084006902280919,0.08163315023040241,66,66-67,69,68-69,69,68-69
2026-05-12,66.0,66.07270805450467,66.07270805450467,66.10035827264554,KLAX,0.0,-0.07270805450467321,-0.07270805450467321,-0.027650218140863103,66,66-67,66,66-67,66,66-67
2026-05-13,69.0,67.77261489443238,67.77261489443238,67.79896270999296,KLAX,0.0,1.2273851055676204,1.2273851055676204,-0.026347815560583854,69,68-69,68,68-69,68,68-69
2026-05-14,69.0,68.78224045317468,68.78224045317468,68.8340328481026,KLAX,0.0,0.21775954682532017,0.21775954682532017,-0.0517923949279151,69,68-69,69,68-69,69,68-69
2026-05-15,68.0,68.57578410009516,68.57578410009516,68.64271659948355,KLAX,0.0,-0.5757841000951629,-0.5757841000951629,-0.06693249938838619,68,68-69,69,68-69,69,68-69
2026-05-16,69.0,68.57542787092218,68.57542787092218,68.65158896227027,KLAX,0.0,0.4245721290778164,0.4245721290778164,-0.07616109134808369,69,68-69,69,68-69,69,68-69
2026-05-17,69.0,67.97945315441552,67.97945315441552,67.91914050292398,KLAX,0.0,1.0205468455844766,1.0205468455844766,0.06031265149154308,69,68-69,68,68-69,68,68-69
2026-05-18,71.0,70.19105243153274,70.19105243153274,70.2040905160189,KLAX,0.0,0.8089475684672607,0.8089475684672607,-0.013038084486154844,71,70-71,70,70-71,70,70-71
2026-05-19,74.0,74.2866630068469,74.2866630068469,74.33549793599437,KLAX,0.0,-0.2866630068468936,-0.2866630068468936,-0.04883492914747478,74,74-75,74,74-75,74,74-75
2026-05-20,76.0,77.28732821211324,77.28732821211324,77.31554802092867,KLAX,0.0,-1.2873282121132377,-1.2873282121132377,-0.028219808815435954,76,76-77,77,76-77,77,76-77
2026-05-21,72.0,72.32908432483117,72.32908432483117,72.34985379942323,KLAX,0.0,-0.32908432483117167,-0.32908432483117167,-0.02076947459205769,72,72-73,72,72-73,72,72-73
2026-05-22,67.0,67.33104763357197,67.33104763357197,67.25924581793966,KLAX,0.0,-0.33104763357196987,-0.33104763357196987,0.07180181563231258,67,66-67,67,66-67,67,66-67
2026-05-23,68.0,67.82384658060688,67.82384658060688,67.84732238427213,KLAX,0.0,0.1761534193931169,0.1761534193931169,-0.023475803665249373,68,68-69,68,68-69,68,68-69
2026-05-24,68.0,67.22999257289494,67.22999257289494,67.17905087316177,KLAX,0.0,0.7700074271050568,0.7700074271050568,0.05094169973317264,68,68-69,67,66-67,67,66-67
2026-05-25,68.0,67.66183912442926,67.66183912442926,67.6609805879267,KLAX,0.0,0.33816087557073615,0.33816087557073615,0.0008585365025624014,68,68-69,68,68-69,68,68-69
2026-05-26,68.0,65.99235685776914,65.99235685776914,65.98023952336744,KLAX,0.0,2.0076431422308616,2.0076431422308616,0.012117334401693824,68,68-69,66,66-67,66,66-67
2026-05-27,65.0,65.97833439181805,65.97833439181805,66.01690045280291,KLAX,0.0,-0.978334391818052,-0.978334391818052,-0.038566060984862816,65,64-65,66,66-67,66,66-67
2026-05-28,68.0,66.48410112809643,66.48410112809643,66.48115631276296,KLAX,0.0,1.5158988719035733,1.5158988719035733,0.0029448153334641347,68,68-69,66,66-67,66,66-67
2026-05-29,67.0,67.49585258277816,67.49585258277816,67.54688530676057,KLAX,0.0,-0.4958525827781557,-0.4958525827781557,-0.05103272398241643,67,66-67,67,66-67,67,66-67
2026-05-30,69.0,70.233139338321,70.233139338321,70.26288499770962,KLAX,0.0,-1.2331393383209956,-1.2331393383209956,-0.029745659388623835,69,68-69,70,70-71,70,70-71
2026-05-31,71.0,71.20784935519923,71.20784935519923,71.2670628199736,KLAX,0.0,-0.20784935519922954,-0.20784935519922954,-0.05921346477437339,71,70-71,71,70-71,71,70-71
2026-06-01,71.0,71.92562084411374,71.94878019493153,71.97233007010493,KLAX,0.0231593508177923,-0.9256208441137375,-0.9487801949315298,-0.04670922599119365,71,70-71,72,72-73,72,72-73
2026-06-02,69.0,68.05592378159399,68.25599708855438,68.08137920779629,KLAX,0.20007330696039105,0.9440762184060105,0.7440029114456195,-0.025455426202299236,69,68-69,68,68-69,68,68-69
2026-06-03,68.0,69.58443232147435,69.59420285295872,69.57424740577427,KLAX,0.009770531484363687,-1.5844323214743525,-1.5942028529587162,0.010184915700079955,68,68-69,70,70-71,70,70-71
2026-06-04,71.0,69.90752022179478,70.12073555881744,69.87704485972884,KLAX,0.21321533702266038,1.0924797782052167,0.8792644411825563,0.03047536206594259,71,70-71,70,70-71,70,70-71
2026-06-05,70.0,69.19441018162647,69.19441018162647,69.15919505934869,KLAX,0.0,0.8055898183735337,0.8055898183735337,0.035215122277776345,70,70-71,69,68-69,69,68-69
2026-06-06,71.0,70.43927721772228,70.43927721772228,70.48259516848759,KLAX,0.0,0.5607227822777219,0.5607227822777219,-0.04331795076531364,71,70-71,70,70-71,70,70-71
2026-06-07,71.0,70.02100653083744,70.02100653083744,70.09370612045845,KLAX,0.0,0.9789934691625604,0.9789934691625604,-0.07269958962100986,71,70-71,70,70-71,70,70-71
2026-06-08,72.0,70.95604408511444,70.95604408511444,71.02094890386812,KLAX,0.0,1.043955914885558,1.043955914885558,-0.06490481875367493,72,72-73,71,70-71,71,70-71
2026-06-09,72.0,71.12917760345057,71.12917760345057,71.1922407180421,KLAX,0.0,0.8708223965494284,0.8708223965494284,-0.0630631145915288,72,72-73,71,70-71,71,70-71
2026-06-10,74.0,73.99088731194801,73.99088731194801,74.0248940873793,KLAX,0.0,0.009112688051985174,0.009112688051985174,-0.034006775431279834,74,74-75,74,74-75,74,74-75
2026-06-11,74.0,74.0052603386636,74.04778926624816,74.05059984204328,KLAX,0.04252892758455573,-0.0052603386636036475,-0.04778926624815938,-0.04533950337967951,74,74-75,74,74-75,74,74-75
2026-06-12,73.0,73.7809551458705,73.74028718251785,73.84079409687317,KLAX,-0.04066796335264655,-0.7809551458704931,-0.7402871825178465,-0.05983895100267489,73,72-73,74,74-75,74,74-75
2026-06-13,72.0,72.17528555366185,72.17528555366185,72.16968305170663,KLAX,0.0,-0.17528555366185117,-0.17528555366185117,0.005602501955223715,72,72-73,72,72-73,72,72-73
2026-06-14,71.0,70.69215207077104,70.81468435318268,70.74198742583417,KLAX,0.12253228241164038,0.30784792922895576,0.18531564681731538,-0.04983535506312364,71,70-71,71,70-71,71,70-71
2026-06-15,71.0,71.44731116762631,71.4204816334102,71.44519258735868,KLAX,-0.026829534216105344,-0.4473111676263102,-0.42048163341020484,0.002118580267634229,71,70-71,71,70-71,71,70-71
2026-06-16,69.0,70.09524581161875,70.0836506064786,70.11292141133971,KLAX,-0.011595205140153553,-1.095245811618753,-1.0836506064785993,-0.017675599720959667,69,68-69,70,70-71,70,70-71
2026-06-17,70.0,70.29689186049333,70.29689186049333,70.31015378700219,KLAX,0.0,-0.29689186049333216,-0.29689186049333216,-0.01326192650886071,70,70-71,70,70-71,70,70-71
2026-06-18,70.0,68.94560857287325,69.0123068552599,68.93298089217015,KLAX,0.06669828238663911,1.0543914271267454,0.9876931447401063,0.012627680703104716,70,70-71,69,68-69,69,68-69
2026-06-19,70.0,68.8831761872819,68.8831761872819,68.91933112861702,KLAX,0.0,1.1168238127180956,1.1168238127180956,-0.03615494133511277,70,70-71,69,68-69,69,68-69
2026-06-20,70.0,69.17729907835444,69.17729907835444,69.2707524550008,KLAX,0.0,0.8227009216455627,0.8227009216455627,-0.09345337664636588,70,70-71,69,68-69,69,68-69
2026-06-21,70.0,69.55501612283412,69.55501612283412,69.54712393399372,KLAX,0.0,0.44498387716588184,0.44498387716588184,0.007892188840401104,70,70-71,70,70-71,70,70-71
2026-01-01,36.0,36.01416144657367,36.01416144657367,36.01416144657124,KLGA,0.0,-0.01416144657366658,-0.01416144657366658,2.4300561562995426e-12,36,36-37,36,36-37,36,36-37
2026-01-02,30.0,31.276174646304494,31.276174646304494,31.271699436497396,KLGA,0.0,-1.2761746463044936,-1.2761746463044936,0.004475209807097258,30,30-31,31,30-31,31,30-31
2026-01-03,31.0,31.76451476321916,31.76451476321916,31.779154321319325,KLGA,0.0,-0.7645147632191609,-0.7645147632191609,-0.014639558100164152,31,30-31,32,32-33,32,32-33
2026-01-04,34.0,35.49372737162465,35.49372737162465,35.505137505473655,KLGA,0.0,-1.4937273716246509,-1.4937273716246509,-0.011410133849004467,34,34-35,35,34-35,35,34-35
2026-01-05,38.0,36.09046997960198,36.09046997960198,36.06506861562368,KLGA,0.0,1.909530020398023,1.909530020398023,0.025401363978296843,38,38-39,36,36-37,36,36-37
2026-01-06,39.0,42.0918039040574,42.0918039040574,42.08076736683911,KLGA,0.0,-3.0918039040574,-3.0918039040574,0.011036537218288345,39,38-39,42,42-43,42,42-43
2026-01-07,48.0,50.09088146291385,50.09088146291385,50.084328838387975,KLGA,0.0,-2.090881462913849,-2.090881462913849,0.006552624525873796,48,48-49,50,50-51,50,50-51
2026-01-08,49.0,50.026435636296505,50.026435636296505,50.02430660954076,KLGA,0.0,-1.0264356362965046,-1.0264356362965046,0.0021290267557461107,49,48-49,50,50-51,50,50-51
2026-01-09,54.0,52.06454041428669,52.06454041428669,52.03675765816115,KLGA,0.0,1.9354595857133106,1.9354595857133106,0.027782756125539265,54,54-55,52,52-53,52,52-53
2026-01-10,52.0,51.97270320907013,51.97270320907013,51.9727032090709,KLGA,0.0,0.027296790929867143,0.027296790929867143,-7.673861546209082e-13,52,52-53,52,52-53,52,52-53
2026-01-11,47.0,45.2836191335794,45.2836191335794,45.26174251556373,KLGA,0.0,1.7163808664206002,1.7163808664206002,0.02187661801566776,47,46-47,45,44-45,45,44-45
2026-01-12,40.0,42.26538572450015,42.26538572450015,42.28480285278643,KLGA,0.0,-2.265385724500149,-2.265385724500149,-0.019417128286278285,40,40-41,42,42-43,42,42-43
2026-01-13,47.0,46.872258080375275,46.872258080375275,46.86920562031534,KLGA,0.0,0.12774191962472514,0.12774191962472514,0.003052460059933537,47,46-47,47,46-47,47,46-47
2026-01-14,50.0,51.61757878106816,51.61757878106816,51.59673534591771,KLGA,0.0,-1.6175787810681612,-1.6175787810681612,0.020843435150453615,50,50-51,52,52-53,52,52-53
2026-01-15,46.0,46.01728371100507,46.01728371100507,46.00884509254387,KLGA,0.0,-0.017283711005070757,-0.017283711005070757,0.008438618461198644,46,46-47,46,46-47,46,46-47
2026-01-16,34.0,34.759818693795864,34.759818693795864,34.76207140204759,KLGA,0.0,-0.7598186937958644,-0.7598186937958644,-0.0022527082517243002,34,34-35,35,34-35,35,34-35
2026-01-17,40.0,40.31378472268826,40.32248310110433,40.30344054126382,KLGA,0.008698378416070796,-0.3137847226882613,-0.3224831011043321,0.010344181424443377,40,40-41,40,40-41,40,40-41
2026-01-18,35.0,34.86272917606004,34.87097530595976,34.84468173862372,KLGA,0.008246129899717403,0.13727082393995715,0.12902469404023975,0.018047437436322866,35,34-35,35,34-35,35,34-35
2026-01-19,32.0,32.1526684542428,32.1526684542428,32.16620841643428,KLGA,0.0,-0.15266845424280007,-0.15266845424280007,-0.013539962191480015,32,32-33,32,32-33,32,32-33
2026-01-20,25.0,25.062725922658903,25.062725922658903,25.068001472987483,KLGA,0.0,-0.06272592265890253,-0.06272592265890253,-0.005275550328580181,25,24-25,25,24-25,25,24-25
2026-01-21,39.0,36.83444094605407,36.83444094605407,36.81665946168986,KLGA,0.0,2.165559053945927,2.165559053945927,0.017781484364213895,39,38-39,37,36-37,37,36-37
2026-01-22,48.0,47.25386388101355,47.25386388101355,47.22445532301106,KLGA,0.0,0.746136118986449,0.746136118986449,0.02940855800249409,48,48-49,47,46-47,47,46-47
2026-01-23,38.0,38.19879320000359,38.19879320000359,38.199577274970686,KLGA,0.0,-0.19879320000359257,-0.19879320000359257,-0.0007840749670933178,38,38-39,38,38-39,38,38-39
2026-01-24,18.0,17.566974476562105,17.566974476562105,17.56928171219283,KLGA,0.0,0.4330255234378946,0.4330255234378946,-0.0023072356307238806,18,18-19,18,18-19,18,18-19
2026-01-25,23.0,27.274731498787933,27.278350710898426,27.282692663615656,KLGA,0.0036192121104932085,-4.274731498787933,-4.278350710898426,-0.00796116482772291,23,22-23,27,26-27,27,26-27
2026-01-26,27.0,27.077057135757002,27.077057135757002,27.08246082859293,KLGA,0.0,-0.07705713575700202,-0.07705713575700202,-0.005403692835926677,27,26-27,27,26-27,27,26-27
2026-01-27,22.0,21.488338929940806,21.488338929940806,21.54094621013405,KLGA,0.0,0.5116610700591941,0.5116610700591941,-0.0526072801932429,22,22-23,21,20-21,21,20-21
2026-01-28,24.0,22.819028082707778,22.819028082707778,22.842862384192777,KLGA,0.0,1.1809719172922222,1.1809719172922222,-0.023834301484999543,24,24-25,23,22-23,23,22-23
2026-01-29,24.0,22.08110564254941,22.08110564254941,22.10672905096556,KLGA,0.0,1.91889435745059,1.91889435745059,-0.025623408416148408,24,24-25,22,22-23,22,22-23
2026-01-30,19.0,17.97208571350652,17.97208571350652,18.01650086934118,KLGA,0.0,1.0279142864934805,1.0279142864934805,-0.044415155834659714,19,18-19,18,18-19,18,18-19
2026-01-31,24.0,21.22741483228933,21.22741483228933,21.2248742090816,KLGA,0.0,2.7725851677106697,2.7725851677106697,0.0025406232077287427,24,24-25,21,20-21,21,20-21
2026-02-01,25.0,22.292766517765,22.292766517765,22.27866456999902,KLGA,0.0,2.707233482235001,2.707233482235001,0.014101947765979617,25,24-25,22,22-23,22,22-23
2026-02-02,35.0,32.76277363861876,32.76277363861876,32.824320439861395,KLGA,0.0,2.2372263613812393,2.2372263613812393,-0.061546801242634785,35,34-35,33,32-33,33,32-33
2026-02-03,33.0,32.64561692273622,32.64561692273622,32.66541569768681,KLGA,0.0,0.35438307726378326,0.35438307726378326,-0.019798774950594122,33,32-33,33,32-33,33,32-33
2026-02-04,33.0,31.784201588673753,31.784201588673753,31.794656261956423,KLGA,0.0,1.2157984113262472,1.2157984113262472,-0.010454673282669802,33,32-33,32,32-33,32,32-33
2026-02-05,32.0,30.388537113580867,30.388537113580867,30.434103756422125,KLGA,0.0,1.6114628864191332,1.6114628864191332,-0.04556664284125844,32,32-33,30,30-31,30,30-31
2026-02-06,33.0,31.071064083743437,31.071064083743437,31.10626237228845,KLGA,0.0,1.9289359162565631,1.9289359162565631,-0.03519828854501483,33,32-33,31,30-31,31,30-31
2026-02-07,28.0,28.522626124171325,28.522626124171325,28.519875154407384,KLGA,0.0,-0.5226261241713246,-0.5226261241713246,0.002750969763940958,28,28-29,29,28-29,29,28-29
2026-02-08,19.0,16.234166451999624,16.234166451999624,16.190178308018393,KLGA,0.0,2.7658335480003764,2.7658335480003764,0.043988143981231076,19,18-19,16,16-17,16,16-17
2026-02-09,31.0,29.26970114945697,29.26970114945697,29.285725357608275,KLGA,0.0,1.7302988505430292,1.7302988505430292,-0.01602420815130401,31,30-31,29,28-29,29,28-29
2026-02-10,36.0,33.8059360622793,33.8059360622793,33.75423709732827,KLGA,0.0,2.194063937720699,2.194063937720699,0.051698964951029325,36,36-37,34,34-35,34,34-35
2026-02-11,41.0,42.808242826967636,42.808242826967636,42.83092906214872,KLGA,0.0,-1.8082428269676356,-1.8082428269676356,-0.022686235181083703,41,40-41,43,42-43,43,42-43
2026-02-12,36.0,35.60185633358884,35.60185633358884,35.587691766696906,KLGA,0.0,0.3981436664111584,0.3981436664111584,0.014164566891935237,36,36-37,36,36-37,36,36-37
2026-02-13,38.0,38.11875947797794,38.11875947797794,38.09148423235892,KLGA,0.0,-0.11875947797793884,-0.11875947797793884,0.027275245619016175,38,38-39,38,38-39,38,38-39
2026-02-14,45.0,45.09773946128902,45.09773946128902,45.07527426272608,KLGA,0.0,-0.09773946128901656,-0.09773946128901656,0.022465198562933608,45,44-45,45,44-45,45,44-45
2026-02-15,39.0,40.84490218695864,40.84490218695864,40.82221608138552,KLGA,0.0,-1.8449021869586417,-1.8449021869586417,0.022686105573122006,39,38-39,41,40-41,41,40-41
2026-02-16,38.0,39.59208094684274,39.59208094684274,39.56271806737671,KLGA,0.0,-1.5920809468427422,-1.5920809468427422,0.029362879466034997,38,38-39,40,40-41,40,40-41
2026-02-17,47.0,46.14307415156574,46.14307415156574,46.12524716524693,KLGA,0.0,0.8569258484342583,0.8569258484342583,0.01782698631880919,47,46-47,46,46-47,46,46-47
2026-02-18,38.0,41.36785739400025,41.37339820830363,41.31397701948068,KLGA,0.005540814303380159,-3.3678573940002465,-3.3733982083036267,0.053880374519565066,38,38-39,41,40-41,41,40-41
2026-02-19,37.0,41.1005827281563,41.1005827281563,41.08672364213939,KLGA,0.0,-4.100582728156297,-4.100582728156297,0.01385908601690744,37,36-37,41,40-41,41,40-41
2026-02-20,38.0,38.958644369022196,38.96272639335414,38.93668031469956,KLGA,0.004082024331943046,-0.9586443690221955,-0.9627263933541386,0.021964054322637594,38,38-39,39,38-39,39,38-39
2026-02-21,46.0,45.81479225091942,45.81479225091942,45.7986992822938,KLGA,0.0,0.18520774908058257,0.18520774908058257,0.016092968625613935,46,46-47,46,46-47,46,46-47
2026-02-22,34.0,35.79706930416748,35.80134216923205,35.774943281287705,KLGA,0.004272865064571363,-1.7970693041674792,-1.8013421692320506,0.02212602287977461,34,34-35,36,36-37,36,36-37
2026-02-23,36.0,35.414532788500594,35.41647055921515,35.432399527627005,KLGA,0.0019377707145551426,0.585467211499406,0.5835294407848508,-0.017866739126411346,36,36-37,35,34-35,35,34-35
2026-02-24,32.0,31.304803004843105,31.304803004843105,31.309518274603,KLGA,0.0,0.6951969951568948,0.6951969951568948,-0.004715269759895335,32,32-33,31,30-31,31,30-31
2026-02-25,43.0,40.080266852845625,40.080266852845625,40.0838964173645,KLGA,0.0,2.919733147154375,2.919733147154375,-0.0036295645188744174,43,42-43,40,40-41,40,40-41
2026-02-26,47.0,43.28034628330913,43.28034628330913,43.243038766257946,KLGA,0.0,3.719653716690871,3.719653716690871,0.037307517051182515,47,46-47,43,42-43,43,42-43
2026-02-27,41.0,41.204689581831225,41.204689581831225,41.183042996058,KLGA,0.0,-0.2046895818312251,-0.2046895818312251,0.02164658577322598,41,40-41,41,40-41,41,40-41
2026-02-28,51.0,49.25972696418316,49.25972696418316,49.20709452261818,KLGA,0.0,1.7402730358168412,1.7402730358168412,0.052632441564981036,51,50-51,49,48-49,49,48-49
2026-03-01,42.0,39.12579694485573,39.12579694485573,39.13859043479758,KLGA,0.0,2.874203055144271,2.874203055144271,-0.012793489941849145,42,42-43,39,38-39,39,38-39
2026-03-02,32.0,32.46761679363384,32.46761679363384,32.42861045310728,KLGA,0.0,-0.46761679363383735,-0.46761679363383735,0.03900634052655505,32,32-33,32,32-33,32,32-33
2026-03-03,34.0,37.71291825116017,37.71607541273581,37.75943851245157,KLGA,0.0031571615756433857,-3.7129182511601684,-3.7160754127358118,-0.04652026129139841,34,34-35,38,38-39,38,38-39
2026-03-04,50.0,47.80283319651297,47.80283319651297,47.82718217595965,KLGA,0.0,2.197166803487029,2.197166803487029,-0.024348979446678243,50,50-51,48,48-49,48,48-49
2026-03-05,45.0,44.57658775239477,44.57658775239477,44.57658775239543,KLGA,0.0,0.4234122476052278,0.4234122476052278,-6.608047442568932e-13,45,44-45,45,44-45,45,44-45
2026-03-06,40.0,41.72025617505141,41.72025617505141,41.72103205158713,KLGA,0.0,-1.7202561750514107,-1.7202561750514107,-0.000775876535719533,40,40-41,42,42-43,42,42-43
2026-03-07,49.0,49.44209718192815,49.44209718192815,49.40372817531524,KLGA,0.0,-0.4420971819281476,-0.4420971819281476,0.03836900661291054,49,48-49,49,48-49,49,48-49
2026-03-08,68.0,65.62051743772636,65.62051743772636,65.62019222490889,KLGA,0.0,2.379482562273637,2.379482562273637,0.0003252128174722202,68,68-69,66,66-67,66,66-67
2026-03-09,71.0,68.70267656871478,68.70267656871478,68.68666216401989,KLGA,0.0,2.2973234312852213,2.2973234312852213,0.016014404694885798,71,70-71,69,68-69,69,68-69
2026-03-10,77.0,71.53450204125389,71.53450204125389,71.55515972026966,KLGA,0.0,5.465497958746113,5.465497958746113,-0.02065767901576976,77,76-77,72,72-73,72,72-73
2026-03-11,70.0,72.07760479006717,72.07760479006717,72.05288244142429,KLGA,0.0,-2.07760479006717,-2.07760479006717,0.024722348642882253,70,70-71,72,72-73,72,72-73
2026-03-12,56.0,56.077459973663416,56.077459973663416,56.068466973921375,KLGA,0.0,-0.07745997366341584,-0.07745997366341584,0.008992999742041263,56,56-57,56,56-57,56,56-57
2026-03-13,42.0,43.67486236340737,43.67486236340737,43.62380861941104,KLGA,0.0,-1.674862363407371,-1.674862363407371,0.05105374399633433,42,42-43,44,44-45,44,44-45
2026-03-14,55.0,49.8993218985261,49.8993218985261,49.949236483512514,KLGA,0.0,5.100678101473903,5.100678101473903,-0.049914584986417765,55,54-55,50,50-51,50,50-51
2026-03-15,46.0,45.20351213159522,45.20351213159522,45.18166296214297,KLGA,0.0,0.7964878684047818,0.7964878684047818,0.021849169452245576,46,46-47,45,44-45,45,44-45
2026-03-16,55.0,58.99014959656626,58.99433031314303,59.00695719394008,KLGA,0.004180716576769328,-3.990149596566262,-3.994330313143031,-0.01680759737381976,55,54-55,59,58-59,59,58-59
2026-03-17,53.0,52.988854500346555,52.988854500346555,52.98603982848019,KLGA,0.0,0.011145499653444801,0.011145499653444801,0.002814671866367746,53,52-53,53,52-53,53,52-53
2026-03-18,36.0,35.571216794514,35.571216794514,35.5924479904283,KLGA,0.0,0.428783205485999,0.428783205485999,-0.021231195914296563,36,36-37,36,36-37,36,36-37
2026-03-19,41.0,43.7760986955889,43.7760986955889,43.761458032122704,KLGA,0.0,-2.7760986955888995,-2.7760986955888995,0.014640663466195747,41,40-41,44,44-45,44,44-45
2026-03-20,53.0,58.056820977330794,58.056820977330794,58.0689746316944,KLGA,0.0,-5.056820977330794,-5.056820977330794,-0.012153654363608268,53,52-53,58,58-59,58,58-59
2026-03-21,57.0,58.01847428152936,58.01847428152936,58.009221086742855,KLGA,0.0,-1.0184742815293575,-1.0184742815293575,0.009253194786502661,57,56-57,58,58-59,58,58-59
2026-03-22,57.0,61.95449582470392,61.95449582470392,61.95650494007163,KLGA,0.0,-4.954495824703919,-4.954495824703919,-0.002009115367712866,57,56-57,62,62-63,62,62-63
2026-03-23,49.0,48.97427802393148,48.97427802393148,48.9742780239322,KLGA,0.0,0.02572197606851745,0.02572197606851745,-7.176481631177012e-13,49,48-49,49,48-49,49,48-49
2026-03-24,48.0,47.28740399519822,47.28740399519822,47.362380665129024,KLGA,0.0,0.7125960048017816,0.7125960048017816,-0.07497666993080543,48,48-49,47,46-47,47,46-47
2026-03-25,51.0,51.582254195302234,51.582254195302234,51.5788723549126,KLGA,0.0,-0.5822541953022338,-0.5822541953022338,0.0033818403896361815,51,50-51,52,52-53,52,52-53
2026-03-26,74.0,73.4020560149366,73.4020560149366,73.37787982995434,KLGA,0.0,0.5979439850633952,0.5979439850633952,0.02417618498226659,74,74-75,73,72-73,73,72-73
2026-03-27,66.0,65.96535407305056,65.96535407305056,65.96535407305154,KLGA,0.0,0.03464592694943747,0.03464592694943747,-9.805489753489383e-13,66,66-67,66,66-67,66,66-67
2026-03-28,43.0,43.05902618099647,43.05902618099647,43.0597890260262,KLGA,0.0,-0.059026180996468725,-0.059026180996468725,-0.0007628450297332279,43,42-43,43,42-43,43,42-43
2026-03-29,52.0,54.8079619927239,54.8079619927239,54.82334208816295,KLGA,0.0,-2.8079619927238966,-2.8079619927238966,-0.015380095439056163,52,52-53,55,54-55,55,54-55
2026-03-30,72.0,70.3970975749671,70.3970975749671,70.38849004858642,KLGA,0.0,1.6029024250328945,1.6029024250328945,0.008607526380686181,72,72-73,70,70-71,70,70-71
2026-03-31,79.0,80.16688669553419,80.16688669553419,80.20370969638422,KLGA,0.0,-1.1668866955341883,-1.1668866955341883,-0.03682300085003476,79,78-79,80,80-81,80,80-81
2026-04-01,78.0,75.94747736632367,75.94747736632367,75.94362633028527,KLGA,0.0,2.0525226336763325,2.0525226336763325,0.0038510360383980924,78,78-79,76,76-77,76,76-77
2026-04-02,51.0,50.97322814735725,50.97322814735725,50.97322814735801,KLGA,0.0,0.026771852642752947,0.026771852642752947,-7.602807272633072e-13,51,50-51,51,50-51,51,50-51
2026-04-03,65.0,58.70536435092315,58.709792984353534,58.698464656822125,KLGA,0.004428633430386242,6.294635649076852,6.290207015646466,0.0068996941010226465,65,64-65,59,58-59,59,58-59
2026-04-04,68.0,69.2578418568319,69.2578418568319,69.24545344125852,KLGA,0.0,-1.2578418568319023,-1.2578418568319023,0.012388415573383327,68,68-69,69,68-69,69,68-69
2026-04-05,57.0,58.14672374991452,58.14672374991452,58.1327103092555,KLGA,0.0,-1.1467237499145213,-1.1467237499145213,0.01401344065902066,57,56-57,58,58-59,58,58-59
2026-04-06,54.0,54.53581364559493,54.53581364559493,54.54319158088395,KLGA,0.0,-0.5358136455949278,-0.5358136455949278,-0.007377935289021309,54,54-55,55,54-55,55,54-55
2026-04-07,53.0,52.143751555837284,52.143751555837284,52.13089190705026,KLGA,0.0,0.8562484441627163,0.8562484441627163,0.012859648787021172,53,52-53,52,52-53,52,52-53
2026-04-08,46.0,49.51506115104152,49.51506115104152,49.49375468493592,KLGA,0.0,-3.5150611510415217,-3.5150611510415217,0.021306466105599497,46,46-47,50,50-51,50,50-51
2026-04-09,49.0,49.72253186273703,49.72253186273703,49.72145557046251,KLGA,0.0,-0.7225318627370285,-0.7225318627370285,0.0010762922745186643,49,48-49,50,50-51,50,50-51
2026-04-10,59.0,62.46775656553496,62.46775656553496,62.4603716937369,KLGA,0.0,-3.4677565655349625,-3.4677565655349625,0.007384871798059578,59,58-59,62,62-63,62,62-63
2026-04-11,61.0,61.8482252881396,61.8482252881396,61.848725368861615,KLGA,0.0,-0.8482252881396022,-0.8482252881396022,-0.0005000807220127967,61,60-61,62,62-63,62,62-63
2026-04-12,54.0,55.35484826941843,55.35484826941843,55.36592609357356,KLGA,0.0,-1.354848269418433,-1.354848269418433,-0.011077824155130145,54,54-55,55,54-55,55,54-55
2026-04-13,79.0,78.53081029512894,78.53081029512894,78.52736470196103,KLGA,0.0,0.4691897048710558,0.4691897048710558,0.003445593167910488,79,78-79,79,78-79,79,78-79
2026-04-14,85.0,84.4107169085031,84.4107169085031,84.40193108176308,KLGA,0.0,0.5892830914968954,0.5892830914968954,0.008785826740023595,85,84-85,84,84-85,84,84-85
2026-04-15,87.0,87.72674641109931,87.72674641109931,87.69280061503468,KLGA,0.0,-0.7267464110993131,-0.7267464110993131,0.03394579606462855,87,86-87,88,88-89,88,88-89
2026-04-16,86.0,87.2983949789715,87.2983949789715,87.25889897937682,KLGA,0.0,-1.2983949789715012,-1.2983949789715012,0.039495999594677755,86,86-87,87,86-87,87,86-87
2026-04-17,77.0,77.65758251020769,77.65758251020769,77.63779838014754,KLGA,0.0,-0.6575825102076891,-0.6575825102076891,0.019784130060145344,77,76-77,78,78-79,78,78-79
2026-04-18,61.0,64.14211447482326,64.14211447482326,64.14858724677737,KLGA,0.0,-3.1421144748232592,-3.1421144748232592,-0.006472771954108225,61,60-61,64,64-65,64,64-65
2026-04-19,53.0,53.61207302651918,53.61207302651918,53.60926633350984,KLGA,0.0,-0.6120730265191767,-0.6120730265191767,0.002806693009340222,53,52-53,54,54-55,54,54-55
2026-04-20,50.0,51.16708548812891,51.16708548812891,51.147228626299096,KLGA,0.0,-1.1670854881289117,-1.1670854881289117,0.019856861829815386,50,50-51,51,50-51,51,50-51
2026-04-21,52.0,51.81289179510439,51.81289179510439,51.83034266784831,KLGA,0.0,0.1871082048956083,0.1871082048956083,-0.017450872743921764,52,52-53,52,52-53,52,52-53
2026-04-22,55.0,54.35516044000497,54.35516044000497,54.35208096981205,KLGA,0.0,0.6448395599950274,0.6448395599950274,0.003079470192922429,55,54-55,54,54-55,54,54-55
2026-04-23,71.0,73.20538309631046,73.20538309631046,73.20259388276179,KLGA,0.0,-2.205383096310456,-2.205383096310456,0.0027892135486666803,71,70-71,73,72-73,73,72-73
2026-04-24,65.0,66.03317045666319,66.03317045666319,66.0308224858741,KLGA,0.0,-1.0331704566631856,-1.0331704566631856,0.0023479707890885493,65,64-65,66,66-67,66,66-67
2026-04-25,50.0,49.97375308564437,49.97375308564437,49.9737530856451,KLGA,0.0,0.026246914355631645,0.026246914355631645,-7.318590178329032e-13,50,50-51,50,50-51,50,50-51
2026-04-26,57.0,53.70567993766783,53.70567993766783,53.72905630879143,KLGA,0.0,3.2943200623321687,3.2943200623321687,-0.023376371123596584,57,56-57,54,54-55,54,54-55
2026-04-27,67.0,66.37907830142615,66.37907830142615,66.37834291285297,KLGA,0.0,0.6209216985738522,0.6209216985738522,0.0007353885731760101,67,66-67,66,66-67,66,66-67
2026-04-28,64.0,65.66492128095437,65.66492128095437,65.62568286640594,KLGA,0.0,-1.664921280954374,-1.664921280954374,0.039238414548435685,64,64-65,66,66-67,66,66-67
2026-04-29,61.0,62.56896400919246,62.56896400919246,62.56898065527156,KLGA,0.0,-1.568964009192463,-1.568964009192463,-1.6646079096460653e-05,61,60-61,63,62-63,63,62-63
2026-04-30,60.0,59.013560628166616,59.013560628166616,59.014491010635126,KLGA,0.0,0.9864393718333844,0.9864393718333844,-0.0009303824685105155,60,60-61,59,58-59,59,58-59
2026-05-01,64.0,64.15776317965818,64.15776317965818,64.16053120420524,KLGA,0.0,-0.15776317965817555,-0.15776317965817555,-0.0027680245470662612,64,64-65,64,64-65,64,64-65
2026-05-02,60.0,59.86416063458876,59.86416063458876,59.899484403531005,KLGA,0.0,0.1358393654112433,0.1358393654112433,-0.035323768942248535,60,60-61,60,60-61,60,60-61
2026-05-03,60.0,59.220545075277585,59.220545075277585,59.21243724723718,KLGA,0.0,0.7794549247224154,0.7794549247224154,0.008107828040401444,60,60-61,59,58-59,59,58-59
2026-05-04,71.0,72.60518357252096,72.60518357252096,72.65321577011281,KLGA,0.0,-1.6051835725209571,-1.6051835725209571,-0.0480321975918514,71,70-71,73,72-73,73,72-73
2026-05-05,76.0,81.80267801852554,81.80267801852554,81.83571687462802,KLGA,0.0,-5.80267801852554,-5.80267801852554,-0.03303885610247903,76,76-77,82,82-83,82,82-83
2026-05-06,67.0,69.85326138906119,69.85326138906119,69.85491297191078,KLGA,0.0,-2.8532613890611884,-2.8532613890611884,-0.0016515828495897722,67,66-67,70,70-71,70,70-71
2026-05-07,64.0,63.88623849927379,63.88623849927379,63.866877432026655,KLGA,0.0,0.11376150072621272,0.11376150072621272,0.01936106724713227,64,64-65,64,64-65,64,64-65
2026-05-08,63.0,63.55989556399307,63.55989556399307,63.55403651236321,KLGA,0.0,-0.5598955639930665,-0.5598955639930665,0.0058590516298551165,63,62-63,64,64-65,64,64-65
2026-05-09,64.0,66.14616746536072,66.14616746536072,66.12607215922563,KLGA,0.0,-2.146167465360719,-2.146167465360719,0.02009530613509014,64,64-65,66,66-67,66,66-67
2026-05-10,73.0,72.85223059338092,72.85223059338092,72.85543674998499,KLGA,0.0,0.14776940661907645,0.14776940661907645,-0.0032061566040653133,73,72-73,73,72-73,73,72-73
2026-05-11,61.0,62.00806677807262,62.00806677807262,61.98098134829725,KLGA,0.0,-1.0080667780726174,-1.0080667780726174,0.027085429775368652,61,60-61,62,62-63,62,62-63
2026-05-12,67.0,65.32376938531849,65.32376938531849,65.3094147475295,KLGA,0.0,1.676230614681515,1.676230614681515,0.014354637788983382,67,66-67,65,64-65,65,64-65
2026-05-13,71.0,70.94916631625276,70.94916631625276,70.94762112072763,KLGA,0.0,0.05083368374724273,0.05083368374724273,0.0015451955251251093,71,70-71,71,70-71,71,70-71
2026-05-14,67.0,64.1168869012291,64.1168869012291,64.08727592782027,KLGA,0.0,2.883113098770906,2.883113098770906,0.029610973408821906,67,66-67,64,64-65,64,64-65
2026-05-15,65.0,67.48615395832877,67.48615395832877,67.49968256526012,KLGA,0.0,-2.486153958328771,-2.486153958328771,-0.013528606931345166,65,64-65,67,66-67,67,66-67
2026-05-16,77.0,78.57668616779507,78.57668616779507,78.54640182822095,KLGA,0.0,-1.5766861677950743,-1.5766861677950743,0.030284339574123464,77,76-77,79,78-79,79,78-79
2026-05-17,89.0,87.66546096780195,87.66546096780195,87.66173507694027,KLGA,0.0,1.3345390321980517,1.3345390321980517,0.00372589086167352,89,88-89,88,88-89,88,88-89
2026-05-18,87.0,84.65581724139423,84.65581724139423,84.66243381308135,KLGA,0.0,2.3441827586057684,2.3441827586057684,-0.006616571687118267,87,86-87,85,84-85,85,84-85
2026-05-19,95.0,94.27712582119246,94.27712582119246,94.24996146336925,KLGA,0.0,0.7228741788075439,0.7228741788075439,0.02716435782321014,95,94-95,94,94-95,94,94-95
2026-05-20,95.0,91.98857123799661,91.98857123799661,91.93630300793949,KLGA,0.0,3.0114287620033906,3.0114287620033906,0.05226823005712333,95,94-95,92,92-93,92,92-93
2026-05-21,66.0,65.96535407305056,65.96535407305056,65.96535407305154,KLGA,0.0,0.03464592694943747,0.03464592694943747,-9.805489753489383e-13,66,66-67,66,66-67,66,66-67
2026-05-22,68.0,65.2015553478612,65.2015553478612,65.17438335171988,KLGA,0.0,2.798444652138798,2.798444652138798,0.02717199614131971,68,68-69,65,64-65,65,64-65
2026-05-23,57.0,57.32960564940878,57.32960564940878,57.34036622915188,KLGA,0.0,-0.32960564940877646,-0.32960564940877646,-0.010760579743106291,57,56-57,57,56-57,57,56-57
2026-05-24,57.0,57.842765977285346,57.84500624272784,57.88632009560907,KLGA,0.002240265442495115,-0.842765977285346,-0.8450062427278411,-0.04355411832372624,57,56-57,58,58-59,58,58-59
2026-05-25,75.0,72.00568655758775,72.01589528187765,72.03097115426262,KLGA,0.010208724289896054,2.994313442412249,2.984104718122353,-0.025284596674865156,75,74-75,72,72-73,72,72-73
2026-05-26,80.0,79.33558278598734,79.33558278598734,79.35538511055736,KLGA,0.0,0.6644172140126585,0.6644172140126585,-0.019802324570022733,80,80-81,79,78-79,79,78-79
2026-05-27,84.0,84.75764986696575,84.75764986696575,84.74104942263247,KLGA,0.0,-0.7576498669657497,-0.7576498669657497,0.01660044433327812,84,84-85,85,84-85,85,84-85
2026-05-28,75.0,75.21019557562447,75.21019557562447,75.20658040553053,KLGA,0.0,-0.21019557562446778,-0.21019557562446778,0.0036151700939370812,75,74-75,75,74-75,75,74-75
2026-05-29,78.0,77.0859160822402,77.0859160822402,77.1052318220639,KLGA,0.0,0.9140839177597968,0.9140839177597968,-0.019315739823696276,78,78-79,77,76-77,77,76-77
2026-05-30,71.0,70.98817868327762,70.98817868327762,70.97979968325143,KLGA,0.0,0.011821316722375741,0.011821316722375741,0.008379000026195627,71,70-71,71,70-71,71,70-71
2026-05-31,77.0,75.30314729008413,75.30314729008413,75.31355477507347,KLGA,0.0,1.6968527099158734,1.6968527099158734,-0.01040748498934363,77,76-77,75,74-75,75,74-75
2026-06-01,69.0,70.64230747205615,70.5479133059933,70.62758240766141,KLGA,-0.09439416606284112,-1.642307472056146,-1.5479133059933048,0.014725064394738752,69,68-69,71,70-71,71,70-71
2026-06-02,76.0,76.25619078927033,76.27218484100808,76.26342223203838,KLGA,0.01599405173774926,-0.25619078927033456,-0.2721848410080838,-0.007231442768045326,76,76-77,76,76-77,76,76-77
2026-06-03,83.0,82.30329104981266,82.1878164423926,82.29708761672828,KLGA,-0.11547460742005455,0.6967089501873431,0.8121835576073977,0.0062034330843800944,83,82-83,82,82-83,82,82-83
2026-06-04,86.0,86.20096412949337,86.17019884462557,86.21735811372196,KLGA,-0.030765284867797504,-0.2009641294933715,-0.170198844625574,-0.016393984228585623,86,86-87,86,86-87,86,86-87
2026-06-05,90.0,90.39358910708916,90.43551718388181,90.35478055910716,KLGA,0.041928076792657976,-0.39358910708915573,-0.4355171838818137,0.03880854798200062,90,90-91,90,90-91,90,90-91
2026-06-06,91.0,90.88239316419106,90.80517655757961,90.9120282152032,KLGA,-0.0772166066114437,0.11760683580894238,0.19482344242038607,-0.029635051012135705,91,90-91,91,90-91,91,90-91
2026-06-07,81.0,83.71624580403561,83.57350987424243,83.72454195864024,KLGA,-0.14273592979317584,-2.7162458040356086,-2.5735098742424327,-0.008296154604636286,81,80-81,84,84-85,84,84-85
2026-06-08,74.0,73.97745584652984,73.97803934117651,74.00472961209208,KLGA,0.0005834946466762858,0.022544153470164474,0.02196065882348819,-0.027273765562242147,74,74-75,74,74-75,74,74-75
2026-06-09,80.0,78.95896150845286,78.90682091319077,79.00225994255429,KLGA,-0.05214059526208814,1.0410384915471411,1.0931790868092293,-0.043298434101430416,80,80-81,79,78-79,79,78-79
2026-06-10,83.0,82.30421507673061,82.22855199315227,82.35538036655538,KLGA,-0.07566308357834828,0.695784923269386,0.7714480068477343,-0.05116528982476609,83,82-83,82,82-83,82,82-83
2026-06-11,95.0,94.29844881391084,94.32746894062453,94.28936644427102,KLGA,0.029020126713689365,0.7015511860891621,0.6725310593754728,0.009082369639813237,95,94-95,94,94-95,94,94-95
2026-06-12,94.0,91.40741539343674,91.43288523455816,91.39942881325806,KLGA,0.0254698411214207,2.592584606563264,2.5671147654418434,0.007986580178680924,94,94-95,91,90-91,91,90-91
2026-06-13,88.0,87.5676784601005,87.57395915321516,87.6027283913808,KLGA,0.006280693114661062,0.4323215398995046,0.42604084678484355,-0.0350499312802981,88,88-89,88,88-89,88,88-89
2026-06-14,90.0,89.05570995283486,88.92152885892823,89.05689539694943,KLGA,-0.13418109390663346,0.9442900471651399,1.0784711410717733,-0.0011854441145686678,90,90-91,89,88-89,89,88-89
2026-06-15,74.0,77.3969306179056,77.27231980046258,77.43507436467452,KLGA,-0.12461081744301339,-3.3969306179055963,-3.272319800462583,-0.03814374676892385,74,74-75,77,76-77,77,76-77
2026-06-16,78.0,76.97502583007046,76.94944102064102,76.952660599262,KLGA,-0.02558480942944641,1.0249741699295356,1.050558979358982,0.02236523080846098,78,78-79,77,76-77,77,76-77
2026-06-17,77.0,77.3746212843709,77.35332112026516,77.29879955095548,KLGA,-0.021300164105738872,-0.37462128437090314,-0.35332112026516427,0.07582173341542386,77,76-77,77,76-77,77,76-77
2026-06-18,89.0,88.26198985154709,88.26198985154709,88.24861937557668,KLGA,0.0,0.7380101484529149,0.7380101484529149,0.013370475970404527,89,88-89,88,88-89,88,88-89
2026-06-19,82.0,82.97035401146,82.97035401146,82.94306317293993,KLGA,0.0,-0.9703540114600031,-0.9703540114600031,0.027290838520073635,82,82-83,83,82-83,83,82-83
2026-06-20,83.0,81.76601072829247,81.76601072829247,81.78967213487913,KLGA,0.0,1.2339892717075287,1.2339892717075287,-0.02366140658665472,83,82-83,82,82-83,82,82-83
2026-06-21,84.0,81.89901020615663,81.89901020615663,81.89793452287697,KLGA,0.0,2.100989793843368,2.100989793843368,0.0010756832796658955,84,84-85,82,82-83,82,82-83
2026-01-01,68.0,67.99517602162726,67.994392260389,68.11410268815476,KMIA,-0.0007837612382530779,0.004823978372741067,0.005607739610994145,-0.11892666652749995,68,68-69,68,68-69,68,68-69
2026-01-02,71.0,71.35573526880889,71.35225363436591,71.40073043180438,KMIA,-0.0034816344429771107,-0.3557352688088855,-0.3522536343659084,-0.044995162995491,71,70-71,71,70-71,71,70-71
2026-01-03,77.0,75.11677782335128,75.11554988432856,75.21605810171214,KMIA,-0.001227939022726332,1.8832221766487152,1.8844501156714415,-0.09928027836085107,77,76-77,75,74-75,75,74-75
2026-01-04,80.0,80.28288160282494,80.28328336452321,80.34114640883152,KMIA,0.000401761698270775,-0.28288160282494346,-0.28328336452321423,-0.058264806006576464,80,80-81,80,80-81,80,80-81
2026-01-05,80.0,79.80956236061726,79.80608072617429,79.83387663786942,KMIA,-0.0034816344429771107,0.19043763938273628,0.1939192738257134,-0.0243142772521594,80,80-81,80,80-81,80,80-81
2026-01-06,80.0,79.73044013024024,79.72895475250505,79.61597130062209,KMIA,-0.001485377735193083,0.2695598697597603,0.2710452474949534,0.11446882961814708,80,80-81,80,80-81,80,80-81
2026-01-07,81.0,80.89847038744222,80.89975420651845,80.84106968116507,KMIA,0.0012838190762352042,0.10152961255778337,0.10024579348154816,0.05740070627714999,81,80-81,81,80-81,81,80-81
2026-01-08,82.0,80.6856571442885,80.686361450673,80.61888308912128,KMIA,0.000704306384506026,1.3143428557115016,1.3136385493269955,0.06677405516721535,82,82-83,81,80-81,81,80-81
2026-01-09,81.0,81.03665933296351,81.0431823307721,80.99242677485356,KMIA,0.006522997808588116,-0.03665933296350943,-0.043182330772097544,0.04423255810995386,81,80-81,81,80-81,81,80-81
2026-01-10,81.0,80.21211485902245,80.21551567476467,80.02534072737224,KMIA,0.0034008157422249496,0.7878851409775507,0.7844843252353257,0.1867741316502105,81,80-81,80,80-81,80,80-81
2026-01-11,84.0,82.31871670882295,82.3163868975377,82.17631966538715,KMIA,-0.0023298112852501163,1.6812832911770528,1.683613102462303,0.14239704343579263,84,84-85,82,82-83,82,82-83
2026-01-12,76.0,75.8886329013176,75.89845705356193,75.95668329179638,KMIA,0.009824152244320317,0.11136709868239336,0.10154294643807305,-0.06805039047877415,76,76-77,76,76-77,76,76-77
2026-01-13,73.0,74.79627005676106,74.80260744407234,74.6310199152886,KMIA,0.006337387311276643,-1.7962700567610597,-1.8026074440723363,0.16525014147245543,73,72-73,75,74-75,75,74-75
2026-01-14,79.0,78.39522663680405,78.39506788780558,78.31586368637515,KMIA,-0.0001587489984729018,0.604773363195946,0.6049321121944189,0.07936295042890151,79,78-79,78,78-79,78,78-79
2026-01-15,72.0,73.64107841992995,73.64336335831022,73.80587733455592,KMIA,0.0022849383802707735,-1.6410784199299542,-1.643363358310225,-0.16479891462596186,72,72-73,74,74-75,74,74-75
2026-01-16,68.0,66.14239089199015,66.14024663324489,66.01529479379366,KMIA,-0.0021442587452611406,1.8576091080098536,1.8597533667551147,0.12709609819648904,68,68-69,66,66-67,66,66-67
2026-01-17,77.0,75.84427921770317,75.84975815787381,75.94300353969047,KMIA,0.005478940170632995,1.1557207822968252,1.1502418421261922,-0.09872432198729086,77,76-77,76,76-77,76,76-77
2026-01-18,81.0,81.75261833657551,81.7539318600626,82.0509661375388,KMIA,0.001313523487084467,-0.7526183365755088,-0.7539318600625933,-0.2983478009632847,81,80-81,82,82-83,82,82-83
2026-01-19,67.0,64.96741777739418,64.97454542028079,64.65523107923295,KMIA,0.007127642886615604,2.032582222605825,2.0254545797192094,0.3121866981612271,67,66-67,65,64-65,65,64-65
2026-01-20,74.0,73.27021905536354,73.26983261727925,73.32070973435899,KMIA,-0.0003864380842912851,0.7297809446364596,0.7301673827207509,-0.05049067899544468,74,74-75,73,72-73,73,72-73
2026-01-21,71.0,73.33181364917851,73.33721332611395,73.22065930409265,KMIA,0.005399676935439857,-2.331813649178514,-2.337213326113954,0.11115434508586475,71,70-71,73,72-73,73,72-73
2026-01-22,76.0,78.05039182984952,78.05025164472663,77.96194131897612,KMIA,-0.0001401851228877149,-2.0503918298495165,-2.050251644726629,0.08845051087340039,76,76-77,78,78-79,78,78-79
2026-01-23,82.0,80.39230220080822,80.39406431690297,80.36326360552683,KMIA,0.0017621160947527414,1.607697799191783,1.6059356830970302,0.029038595281392077,82,82-83,80,80-81,80,80-81
2026-01-24,82.0,80.45563956421022,80.45971844429793,80.49527104578556,KMIA,0.004078880087718062,1.544360435789784,1.540281555702066,-0.039631481575341354,82,82-83,80,80-81,80,80-81
2026-01-25,82.0,81.60502654340097,81.61078443587871,81.47601080679186,KMIA,0.005757892477745941,0.3949734565990326,0.38921556412128666,0.12901573660910515,82,82-83,82,82-83,82,82-83
2026-01-26,86.0,86.20235642671766,86.19995504536875,86.31478616485767,KMIA,-0.002401381348903442,-0.20235642671765675,-0.1999550453687533,-0.11242973814000834,86,86-87,86,86-87,86,86-87
2026-01-27,66.0,67.13630603490516,67.13871534883636,67.27737623661564,KMIA,0.002409313931195811,-1.1363060349051608,-1.1387153488363566,-0.1410702017104768,66,66-67,67,66-67,67,66-67
2026-01-28,63.0,66.48720468354664,66.48510754936517,66.77233700687235,KMIA,-0.0020971341814686184,-3.4872046835466364,-3.4851075493651678,-0.2851323233257119,63,62-63,66,66-67,66,66-67
2026-01-29,72.0,70.50814080445922,70.50779992357397,70.58476344915776,KMIA,-0.0003408808852469747,1.4918591955407834,1.4922000764260304,-0.07662264469854563,72,72-73,71,70-71,71,70-71
2026-01-30,68.0,69.77115954920275,69.77655922613819,69.76766617688801,KMIA,0.005399676935439857,-1.7711595492027499,-1.7765592261381897,0.0034933723147361206,68,68-69,70,70-71,70,70-71
2026-01-31,65.0,65.08689231082961,65.08631049360788,65.59487145813097,KMIA,-0.0005818172217288975,-0.08689231082961157,-0.08631049360788268,-0.5079791473013557,65,64-65,65,64-65,65,64-65
2026-02-01,51.0,51.303943773144724,51.30942271331536,51.674939678229855,KMIA,0.005478940170632995,-0.30394377314472365,-0.30942271331535665,-0.37099590508513103,51,50-51,51,50-51,51,50-51
2026-02-02,57.0,57.991852396557945,57.9910686353197,58.27152788256329,KMIA,-0.0007837612382459724,-0.9918523965579453,-0.9910686353196994,-0.2796754860053454,57,56-57,58,58-59,58,58-59
2026-02-03,69.0,66.41528591710131,66.41494503621607,66.52673967695326,KMIA,-0.0003408808852469747,2.584714082898685,2.585054963783932,-0.1114537598519405,69,68-69,66,66-67,66,66-67
2026-02-04,73.0,73.62931358332368,73.63214177485337,73.74389022012075,KMIA,0.002828191529687274,-0.6293135833236789,-0.6321417748533662,-0.11457663679706798,73,72-73,74,74-75,74,74-75
2026-02-05,74.0,74.47961339318128,74.47962343331871,75.03419813830362,KMIA,1.0040137425448847e-05,-0.4796133931812818,-0.47962343331870727,-0.5545847451223409,74,74-75,74,74-75,74,74-75
2026-02-06,66.0,65.21803641718232,65.22044573111351,65.18310429330707,KMIA,0.002409313931195811,0.7819635828176814,0.7795542688864856,0.03493212387525091,66,66-67,65,64-65,65,64-65
2026-02-07,79.0,76.48443486371514,76.48233772953367,76.68750198812918,KMIA,-0.0020971341814686184,2.515565136284863,2.5176622704663316,-0.20306712441404784,79,78-79,76,76-77,76,76-77
2026-02-08,73.0,73.3553200464126,73.36079898658323,73.46787179581041,KMIA,0.005478940170632995,-0.35532004641260073,-0.3607989865832337,-0.11255174939780943,73,72-73,73,72-73,73,72-73
2026-02-09,74.0,74.18880155883214,74.18665730008688,74.24821589972927,KMIA,-0.0021442587452611406,-0.18880155883213945,-0.1866573000868783,-0.05941434089713482,74,74-75,74,74-75,74,74-75
2026-02-10,76.0,75.36436297483442,75.36221871608916,75.32017504910762,KMIA,-0.0021442587452611406,0.635637025165579,0.6377812839108401,0.044187925726802746,76,76-77,75,74-75,75,74-75
2026-02-11,77.0,77.38826587300284,77.38831129837727,77.28782900187763,KMIA,4.542537443796846e-05,-0.38826587300283677,-0.38831129837727474,0.10043687112521127,77,76-77,77,76-77,77,76-77
2026-02-12,81.0,79.33962973180728,79.33680697837438,79.31618122284696,KMIA,-0.0028227534328948423,1.6603702681927217,1.6631930216256166,0.02344850896031403,81,80-81,79,78-79,79,78-79
2026-02-13,81.0,79.6641677654408,79.66995803262971,79.74813004609578,KMIA,0.005790267188913845,1.3358322345592057,1.330041967370292,-0.0839622806549869,81,80-81,80,80-81,80,80-81
2026-02-14,78.0,77.8660554752669,77.871114173992,77.87126223026381,KMIA,0.005058698725093791,0.1339445247330957,0.1288858260080019,-0.005206754996905261,78,78-79,78,78-79,78,78-79
2026-02-15,80.0,79.82194361600575,79.82534443174795,79.7825887886675,KMIA,0.003400815742196528,0.17805638399424595,0.17465556825204942,0.03935482733825779,80,80-81,80,80-81,80,80-81
2026-02-16,85.0,83.09249336778684,83.09150406832866,83.11639605465673,KMIA,-0.0009892994581832681,1.9075066322131562,1.9084959316713395,-0.023902686869888612,85,84-85,83,82-83,83,82-83
2026-02-17,80.0,79.14157998535113,79.14663868407622,79.10363318506276,KMIA,0.005058698725093791,0.8584200146488712,0.8533613159237774,0.037946800288366944,80,80-81,79,78-79,79,78-79
2026-02-18,79.0,79.75673165983874,79.76055814828963,79.58744907330677,KMIA,0.003826488450897614,-0.756731659838735,-0.7605581482896326,0.16928258653196337,79,78-79,80,80-81,80,80-81
2026-02-19,81.0,81.40764573776472,81.40970917780923,81.1785753350482,KMIA,0.0020634400445089796,-0.40764573776472446,-0.40970917780923344,0.22907040271653045,81,80-81,81,80-81,81,80-81
2026-02-20,83.0,81.41793626528515,81.41730319597195,81.16000395379307,KMIA,-0.0006330693131957332,1.5820637347148505,1.5826968040280462,0.25793231149208395,83,82-83,81,80-81,81,80-81
2026-02-21,83.0,83.12716395801111,83.1308852810385,83.03688246676508,KMIA,0.0037213230273920317,-0.1271639580111099,-0.13088528103850194,0.09028149124603146,83,82-83,83,82-83,83,82-83
2026-02-22,88.0,86.62075858432031,86.61933702160879,86.59960822845032,KMIA,-0.001421562711527713,1.3792414156796866,1.3806629783912143,0.0211503558699917,88,88-89,87,86-87,87,86-87
2026-02-23,64.0,64.55478960552864,64.56120880176076,64.84930821350738,KMIA,0.0064191962321160645,-0.5547896055286401,-0.5612088017607562,-0.29451860797874474,64,64-65,65,64-65,65,64-65
2026-02-24,65.0,64.63650385554243,64.6374763476004,64.58901081123354,KMIA,0.0009724920579685659,0.36349614445757084,0.36252365239960227,0.04749304430889367,65,64-65,65,64-65,65,64-65
2026-02-25,72.0,72.44057482742521,72.44020994378546,72.4066144954394,KMIA,-0.00036488363974740423,-0.44057482742520904,-0.44020994378546163,0.033960331985809944,72,72-73,72,72-73,72,72-73
2026-02-26,78.0,78.13752892417975,78.13623697385647,78.10317202866679,KMIA,-0.0012919503232780016,-0.1375289241797475,-0.1362369738564695,0.03435689551295695,78,78-79,78,78-79,78,78-79
2026-02-27,82.0,81.87121921298387,81.87058614367068,81.68694155839502,KMIA,-0.0006330693131957332,0.12878078701612594,0.12941385632932167,0.18427765458885403,82,82-83,82,82-83,82,82-83
2026-02-28,84.0,83.67091812113594,83.67075937213747,83.55539673017694,KMIA,-0.0001587489984729018,0.32908187886405926,0.32924062786253216,0.11552139095900316,84,84-85,84,84-85,84,84-85
2026-03-01,83.0,81.58856380194192,81.58942874341965,81.9055604274956,KMIA,0.0008649414777295306,1.4114361980580838,1.4105712565803543,-0.3169966255536849,83,82-83,82,82-83,82,82-83
2026-03-02,81.0,81.02908260233725,81.03210367271471,81.20960109750827,KMIA,0.0030210703774571357,-0.02908260233725457,-0.032103672714711706,-0.1805184951710146,81,80-81,81,80-81,81,80-81
2026-03-03,83.0,81.1725329153671,81.17837741848805,81.20023681990344,KMIA,0.005844503120954414,1.8274670846329002,1.8216225815119458,-0.027703904536338086,83,82-83,81,80-81,81,80-81
2026-03-04,81.0,81.53434899402308,81.54019349714402,81.55629229151648,KMIA,0.005844503120940203,-0.5343489940230768,-0.540193497144017,-0.021943297493407954,81,80-81,82,82-83,82,82-83
2026-03-05,82.0,81.78503443216698,81.78843524790919,81.63588026939176,KMIA,0.003400815742210739,0.21496556783301912,0.21156475209080838,0.14915416277521842,82,82-83,82,82-83,82,82-83
2026-03-06,84.0,82.5237460286455,82.52408150362497,82.43384333347545,KMIA,0.0003354749794652889,1.4762539713544953,1.47591849637503,0.08990269517005345,84,84-85,83,82-83,83,82-83
2026-03-07,82.0,82.12451980734323,82.1317016861619,82.03281060447347,KMIA,0.007181878818670384,-0.12451980734323342,-0.1317016861619038,0.09170920286976525,82,82-83,82,82-83,82,82-83
2026-03-08,85.0,82.9459325690916,82.94493066837333,82.85522329540025,KMIA,-0.001001900718264892,2.054067430908404,2.055069331626669,0.09070927369134552,85,84-85,83,82-83,83,82-83
2026-03-09,84.0,83.6726094600332,83.67845396315414,83.54752387830692,KMIA,0.005844503120940203,0.32739053996679957,0.32154603684585936,0.1250855817262817,84,84-85,84,84-85,84,84-85
2026-03-10,84.0,83.93332482819675,83.93319858412157,83.8495094256478,KMIA,-0.00012624407517591862,0.06667517180325433,0.06680141587843025,0.08381540254895015,84,84-85,84,84-85,84,84-85
2026-03-11,84.0,83.35560123063884,83.35681236226135,83.18514866269548,KMIA,0.0012111316225116298,0.6443987693611604,0.6431876377386487,0.17045256794335728,84,84-85,83,82-83,83,82-83
2026-03-12,85.0,85.58712184201893,85.586778037916,85.62197000420271,KMIA,-0.0003438041029255601,-0.5871218420189308,-0.5867780379160052,-0.03484816218377773,85,84-85,86,86-87,86,86-87
2026-03-13,79.0,80.80982095199649,80.81015642697594,80.68824360520986,KMIA,0.00033547497945107807,-1.8098209519964854,-1.8101564269759365,0.1215773467866228,79,78-79,81,80-81,81,80-81
2026-03-14,85.0,83.72347458958437,83.72065183615145,83.8664002700169,KMIA,-0.002822753432923264,1.2765254104156298,1.279348163848553,-0.1429256804325263,85,84-85,84,84-85,84,84-85
2026-03-15,81.0,81.2450780530189,81.24871893097247,81.17838645119073,KMIA,0.0036408779535719304,-0.24507805301890073,-0.24871893097247266,0.06669160182816825,81,80-81,81,80-81,81,80-81
2026-03-16,87.0,83.84268102901754,83.84252228001907,83.83321205111925,KMIA,-0.0001587489984729018,3.157318970982459,3.157477719980932,0.009468977898293929,87,86-87,84,84-85,84,84-85
2026-03-17,71.0,71.03426102645534,71.04411250203015,71.59296231177926,KMIA,0.00985147557480559,-0.034261026455340016,-0.044112502030145606,-0.5587012853239202,71,70-71,71,70-71,71,70-71
2026-03-18,69.0,69.76051171543354,69.76415259338711,69.81478371235808,KMIA,0.0036408779535719304,-0.7605117154335375,-0.7641525933871094,-0.0542719969245411,69,68-69,70,70-71,70,70-71
2026-03-19,77.0,75.76433393076059,75.76376286049987,75.85143051587424,KMIA,-0.0005710702607188978,1.2356660692394144,1.2362371395001333,-0.08709658511365603,77,76-77,76,76-77,76,76-77
2026-03-20,76.0,76.26667222372281,76.26885134827855,76.44126898629581,KMIA,0.002179124555738099,-0.2666722237228072,-0.2688513482785453,-0.17459676257300316,76,76-77,76,76-77,76,76-77
2026-03-21,79.0,79.55351542868756,79.5574508065395,79.52376510802077,KMIA,0.003935377851945532,-0.553515428687561,-0.5574508065395065,0.029750320666792618,79,78-79,80,80-81,80,80-81
2026-03-22,80.0,80.47373608669157,80.47201227290957,80.29476589322755,KMIA,-0.0017238137820072552,-0.47373608669157363,-0.4720122729095664,0.17897019346402487,80,80-81,80,80-81,80,80-81
2026-03-23,81.0,81.64711515368161,81.6453913398996,81.57423453127728,KMIA,-0.0017238137820072552,-0.6471151536816109,-0.6453913398996036,0.0728806224043268,81,80-81,82,82-83,82,82-83
2026-03-24,85.0,82.4885938479847,82.48691559140175,82.44907029386282,KMIA,-0.001678256582948734,2.5114061520152973,2.513084408598246,0.03952355412188524,85,84-85,82,82-83,82,82-83
2026-03-25,81.0,81.49547476769293,81.49825740202355,81.42803022426556,KMIA,0.0027826343306287527,-0.49547476769292587,-0.4982574020235546,0.06744454342737072,81,80-81,81,80-81,81,80-81
2026-03-26,83.0,82.02062735511804,82.01890354133602,82.02503900330092,KMIA,-0.001723813782021466,0.9793726448819626,0.9810964586639841,-0.004411648182880867,83,82-83,82,82-83,82,82-83
2026-03-27,82.0,82.53265143938835,82.53959488216019,82.59034985376952,KMIA,0.006943442771842001,-0.5326514393883457,-0.5395948821601877,-0.05769841438117851,82,82-83,83,82-83,83,82-83
2026-03-28,84.0,83.63252454870023,83.63354280147499,83.53449160512048,KMIA,0.0010182527747559789,0.367475451299768,0.366457198525012,0.0980329435797529,84,84-85,84,84-85,84,84-85
2026-03-29,78.0,79.46278132931475,79.46505027064752,79.37266765666453,KMIA,0.002268941332772556,-1.4627813293147511,-1.4650502706475237,0.09011367265021875,78,78-79,79,78-79,79,78-79
2026-03-30,78.0,79.26200408057647,79.26456040481129,79.15862422073143,KMIA,0.002556324234816998,-1.2620040805764745,-1.2645604048112915,0.10337985984504883,78,78-79,79,78-79,79,78-79
2026-03-31,81.0,80.81094574189274,80.80946036415756,80.84102522616476,KMIA,-0.0014853777351788722,0.18905425810726229,0.19053963584244116,-0.030079484272022228,81,80-81,81,80-81,81,80-81
2026-04-01,79.0,80.3255897736475,80.32923065160107,80.4333522212268,KMIA,0.0036408779535719304,-1.3255897736474935,-1.3292306516010655,-0.10776244757930442,79,78-79,80,80-81,80,80-81
2026-04-02,82.0,80.23666812825898,80.23737243464349,80.1717612841761,KMIA,0.000704306384506026,1.7633318717410162,1.7626275653565102,0.06490684408288416,82,82-83,80,80-81,80,80-81
2026-04-03,83.0,82.26319665006906,82.26768201953003,82.31472021004515,KMIA,0.004485369460965671,0.7368033499309377,0.732317980469972,-0.05152355997608993,83,82-83,82,82-83,82,82-83
2026-04-04,82.0,81.8555707072713,81.86005607673225,81.796183851164,KMIA,0.0044853694609514605,0.1444292927287023,0.13994392326775085,0.059386856107295216,82,82-83,82,82-83,82,82-83
2026-04-05,82.0,81.50094242123903,81.50164672762354,81.40966674194087,KMIA,0.000704306384506026,0.49905757876096857,0.49835327237646254,0.09127567929816394,82,82-83,82,82-83,82,82-83
2026-04-06,84.0,82.65794867527342,82.65645255057723,82.63681856221031,KMIA,-0.001496124696188872,1.342051324726583,1.343547449422772,0.021130113063108524,84,84-85,83,82-83,83,82-83
2026-04-07,82.0,80.37295340160213,80.37335516330039,80.60980507470806,KMIA,0.00040176169825656416,1.6270465983978681,1.6266448366996116,-0.23685167310593158,82,82-83,80,80-81,80,80-81
2026-04-08,81.0,77.88752616547764,77.89030398804822,77.9424050202233,KMIA,0.002777822570578792,3.112473834522362,3.109696011951783,-0.05487885474566667,81,80-81,78,78-79,78,78-79
2026-04-09,79.0,78.3159126115983,78.31870905600181,78.16902975761938,KMIA,0.0027964444035006863,0.6840873884016929,0.6812909439981922,0.14688285397892287,79,78-79,78,78-79,78,78-79
2026-04-10,80.0,80.00175845081453,80.00352056690927,79.91681669582093,KMIA,0.0017621160947385306,-0.00175845081453474,-0.0035205669092732705,0.08494175499360779,80,80-81,80,80-81,80,80-81
2026-04-11,80.0,79.32063950726115,79.3224883104956,79.42654801419818,KMIA,0.0018488032344521343,0.6793604927388515,0.6775116895043993,-0.10590850693702691,80,80-81,79,78-79,79,78-79
2026-04-12,80.0,79.9536551023126,79.95923941142445,79.8463383976683,KMIA,0.005584309111853258,0.046344897687404796,0.04076058857555154,0.10731670464429044,80,80-81,80,80-81,80,80-81
2026-04-13,81.0,80.94251531383492,80.94431855987033,80.88335147833527,KMIA,0.001803246035407824,0.05748468616508262,0.0556814401296748,0.05916383549964621,81,80-81,81,80-81,81,80-81
2026-04-14,81.0,81.02281720919673,81.02377602168207,80.94626507495335,KMIA,0.0009588124853365798,-0.022817209196730914,-0.023776021682067494,0.0765521342433857,81,80-81,81,80-81,81,80-81
2026-04-15,80.0,80.19057576217055,80.19153457465589,80.08626366458469,KMIA,0.0009588124853365798,-0.19057576217055328,-0.19153457465588986,0.10431209758586135,80,80-81,80,80-81,80,80-81
2026-04-16,81.0,81.62352009718968,81.62138371331635,81.45925534677787,KMIA,-0.002136383873335035,-0.623520097189683,-0.621383713316348,0.16426475041181732,81,80-81,82,82-83,82,82-83
2026-04-17,84.0,84.1578027156195,84.15547290433425,84.00967548477588,KMIA,-0.0023298112852501163,-0.15780271561949633,-0.1554729043342462,0.14812723084361323,84,84-85,84,84-85,84,84-85
2026-04-18,85.0,84.80936810465585,84.80787197995966,84.58040292383433,KMIA,-0.001496124696188872,0.19063189534415415,0.19212802004034302,0.2289651808215183,85,84-85,85,84-85,85,84-85
2026-04-19,88.0,85.64518245283723,85.64904343247944,85.54865270566577,KMIA,0.0038609796422122145,2.3548175471627673,2.350956567520555,0.09652974717145923,88,88-89,86,86-87,86,86-87
2026-04-20,86.0,84.57484277170667,84.57877814955862,84.72215186466941,KMIA,0.003935377851945532,1.4251572282933296,1.421221850441384,-0.1473090929627432,86,86-87,85,84-85,85,84-85
2026-04-21,80.0,79.55541919565155,79.56104906196246,79.69039417745189,KMIA,0.00562986631091178,0.4445808043484476,0.4389509380375358,-0.1349749818003403,80,80-81,80,80-81,80,80-81
2026-04-22,78.0,78.56799671729033,78.57358102640218,78.59445886926129,KMIA,0.005584309111853258,-0.5679967172903275,-0.5735810264021808,-0.02646215197096069,78,78-79,79,78-79,79,78-79
2026-04-23,78.0,78.93195282214926,78.9319982475237,79.06891808721146,KMIA,4.542537443796846e-05,-0.9319528221492561,-0.9319982475236941,-0.13696526506220152,78,78-79,79,78-79,79,78-79
2026-04-24,82.0,80.90515549882255,80.9021481846943,80.94452728160213,KMIA,-0.0030073141282542792,1.0948445011774481,1.0978518153057024,-0.03937178277958253,82,82-83,81,80-81,81,80-81
2026-04-25,84.0,84.00152697380973,84.00572261715185,83.88456073369981,KMIA,0.004195643342114863,-0.0015269738097316576,-0.005722617151846521,0.11696624010991741,84,84-85,84,84-85,84,84-85
2026-04-26,87.0,85.39031252416214,85.38991487552315,85.38338607062113,KMIA,-0.00039764863899449665,1.609687475837859,1.6100851244768535,0.006926453541012734,87,86-87,85,84-85,85,84-85
2026-04-27,87.0,86.39029440612958,86.3975199564065,86.18680271109059,KMIA,0.00722555027691385,0.6097055938704159,0.602480043593502,0.20349169503899134,87,86-87,86,86-87,86,86-87
2026-04-28,85.0,84.88180875649294,84.88361200252835,84.62433898903646,KMIA,0.001803246035407824,0.11819124350705579,0.11638799747164796,0.25746976745648453,85,84-85,85,84-85,85,84-85
2026-04-29,84.0,85.48481194013561,85.48437362514967,85.12902914360116,KMIA,-0.00043831498594215645,-1.4848119401356143,-1.4843736251496722,0.35578279653445577,84,84-85,85,84-85,85,84-85
2026-04-30,87.0,87.34737344057056,87.34822678735453,87.03641108799808,KMIA,0.000853346783969755,-0.3473734405705642,-0.34822678735453394,0.3109623525724885,87,86-87,87,86-87,87,86-87
2026-05-01,86.0,88.11993430042789,88.11982829257796,87.83888553031801,KMIA,-0.00010600784992220724,-2.119934300427886,-2.1198282925779637,0.2810487701098765,86,86-87,88,88-89,88,88-89
2026-05-02,94.0,92.93448629764339,92.93344160109675,92.9031942101291,KMIA,-0.0010446965466428537,1.0655137023566112,1.066558398903254,0.031292087514287914,94,94-95,93,92-93,93,92-93
2026-05-03,81.0,83.18997664222431,83.1930652301196,83.34009462602609,KMIA,0.003088587895291539,-2.189976642224309,-2.1930652301196005,-0.15011798380177765,81,80-81,83,82-83,83,82-83
2026-05-04,81.0,82.46705932526262,82.46944390022541,82.38316725830859,KMIA,0.002384574962789543,-1.4670593252626247,-1.4694439002254143,0.08389206695403573,81,80-81,82,82-83,82,82-83
2026-05-05,86.0,85.99869158197528,85.99988212674738,86.10415522362767,KMIA,0.0011905447721005658,0.0013084180247204813,0.00011787325261991555,-0.10546364165239197,86,86-87,86,86-87,86,86-87
2026-05-06,88.0,87.07411565921002,87.07900057991885,86.89357209937155,KMIA,0.0048849207088323965,0.9258843407899775,0.9209994200811451,0.18054355983846904,88,88-89,87,86-87,87,86-87
2026-05-07,91.0,90.1020489884508,90.10697503910029,89.63742561709584,KMIA,0.004926050649487479,0.8979510115491962,0.8930249608997087,0.46462337135496057,91,90-91,90,90-91,90,90-91
2026-05-08,92.0,92.3537074882856,92.352708348938,92.13167606830336,KMIA,-0.0009991393475985433,-0.3537074882855933,-0.35270834893799474,0.22203141998222975,92,92-93,92,92-93,92,92-93
2026-05-09,91.0,90.5546421147505,90.55183959754285,90.16662790392068,KMIA,-0.002802517207641131,0.44535788524950704,0.44816040245714817,0.3880142108298088,91,90-91,91,90-91,91,90-91
2026-05-10,91.0,90.29550587427063,90.29555192219279,89.9200097108335,KMIA,4.604792215445741e-05,0.7044941257293686,0.7044480778072142,0.3754961634371341,91,90-91,90,90-91,90,90-91
2026-05-11,89.0,89.39273766054426,89.39754993274553,89.05500654138356,KMIA,0.0048122722012777785,-0.3927376605442561,-0.39754993274553385,0.33773111916069354,89,88-89,89,88-89,89,88-89
2026-05-12,91.0,89.12677179489648,89.13019284686399,88.82667937666757,KMIA,0.0034210519675070827,1.8732282051035156,1.8698071531360085,0.30009241822891397,91,90-91,89,88-89,89,88-89
2026-05-13,94.0,89.91292707560389,89.9220476052626,90.01805449759134,KMIA,0.009120529658716237,4.087072924396111,4.077952394737395,-0.10512742198744718,94,94-95,90,90-91,90,90-91
2026-05-14,94.0,91.41548636942196,91.42423338560542,91.39407897824536,KMIA,0.008747016183463074,2.5845136305780443,2.575766614394581,0.02140739117659507,94,94-95,91,90-91,91,90-91
2026-05-15,92.0,89.99405109206079,90.00020935298448,89.95818365708101,KMIA,0.006158260923697867,2.0059489079392137,1.9997906470155158,0.03586743497977807,92,92-93,90,90-91,90,90-91
2026-05-16,88.0,88.18459434005376,88.1925287943214,88.06450027471834,KMIA,0.007934454267640945,-0.18459434005376352,-0.19252879432140446,0.12009406533542233,88,88-89,88,88-89,88,88-89
2026-05-17,87.0,85.5910671345067,85.59503491520057,85.19191073198677,KMIA,0.003967780693869827,1.4089328654932984,1.4049650847994286,0.3991564025199352,87,86-87,86,86-87,86,86-87
2026-05-18,86.0,85.99281608928499,85.99678386997887,85.78796402908509,KMIA,0.003967780693884038,0.007183910715014008,0.0032161300211299704,0.20485206019989732,86,86-87,86,86-87,86,86-87
2026-05-19,86.0,85.06962570609909,85.07359348679296,84.73838291849007,KMIA,0.003967780693869827,0.9303742939009112,0.9264065132070414,0.33124278760901404,86,86-87,85,84-85,85,84-85
2026-05-20,87.0,87.21593764488824,87.21911121744203,86.98583309895695,KMIA,0.0031735725537913595,-0.21593764488824263,-0.219111217442034,0.23010454593129737,87,86-87,87,86-87,87,86-87
2026-05-21,88.0,87.58598601188193,87.58915958443573,87.34409315458052,KMIA,0.0031735725538055704,0.41401398811807155,0.410840415564266,0.24189285730140853,88,88-89,88,88-89,88,88-89
2026-05-22,88.0,88.18635068362543,88.18879191695554,87.92404348664122,KMIA,0.002441233330102932,-0.1863506836254345,-0.18879191695553743,0.2623071969842101,88,88-89,88,88-89,88,88-89
2026-05-23,87.0,87.50035262560372,87.50268176460746,87.12956768141034,KMIA,0.0023291390037343263,-0.5003526256037247,-0.5026817646074591,0.3707849441933888,87,86-87,88,88-89,88,88-89
2026-05-24,87.0,87.60577201241975,87.60810115142348,87.29842749707865,KMIA,0.0023291390037343263,-0.6057720124197488,-0.6081011514234831,0.3073445153411001,87,86-87,88,88-89,88,88-89
2026-05-25,87.0,87.71182480355725,87.71415394256098,87.40340852371274,KMIA,0.0023291390037343263,-0.7118248035572492,-0.7141539425609835,0.3084162798445078,87,86-87,88,88-89,88,88-89
2026-05-26,87.0,87.71719142367616,87.71952056267989,87.44258289368167,KMIA,0.0023291390037343263,-0.7171914236761552,-0.7195205626798895,0.27460852999448093,87,86-87,88,88-89,88,88-89
2026-05-27,88.0,87.44155696870567,87.44282829799916,87.32618255638546,KMIA,0.0012713292934876108,0.5584430312943311,0.5571717020008435,0.1153744123202074,88,88-89,87,86-87,87,86-87
2026-05-28,85.0,85.76395068636212,85.76742624800097,85.39028613426468,KMIA,0.003475561638850877,-0.7639506863621222,-0.767426248000973,0.37366455209743776,85,84-85,86,86-87,86,86-87
2026-05-29,91.0,88.32387259112151,88.3244115811913,88.25353080074274,KMIA,0.0005389900697849725,2.676127408878486,2.675588418808701,0.07034179037877664,91,90-91,88,88-89,88,88-89
2026-05-30,87.0,87.14928843412383,87.1540464314469,87.32892833369431,KMIA,0.004757997323068253,-0.1492884341238323,-0.15404643144690056,-0.17963989957047488,87,86-87,87,86-87,87,86-87
2026-05-31,93.0,90.13029470979043,90.13637350396124,90.01754665082525,KMIA,0.006078794170804258,2.8697052902095663,2.863626496038762,0.11274805896518103,93,92-93,90,90-91,90,90-91
2026-06-01,92.0,90.84951910233323,90.64636142076658,90.9808634847305,KMIA,-0.20315768156665115,1.1504808976667675,1.3536385792334187,-0.1313443823972733,92,92-93,91,90-91,91,90-91
2026-06-02,93.0,92.94257774352917,92.7038843793043,93.04899252585356,KMIA,-0.23869336422487208,0.057422256470829325,0.2961156206957014,-0.10641478232439283,93,92-93,93,92-93,93,92-93
2026-06-03,85.0,84.68021515413083,84.73984367211163,85.31143684700189,KMIA,0.059628517980797824,0.3197848458691652,0.2601563278883674,-0.6312216928710512,85,84-85,85,84-85,85,84-85
2026-06-04,83.0,82.57876748345583,82.64317591098988,82.78859710976614,KMIA,0.06440842753404752,0.4212325165441655,0.356824089010118,-0.20982962631030944,83,82-83,83,82-83,83,82-83
2026-06-05,84.0,83.3537757240587,83.37262454081834,83.24242833881604,KMIA,0.018848816759629017,0.6462242759412931,0.627375459181664,0.11134738524266652,84,84-85,83,82-83,83,82-83
2026-06-06,86.0,86.3432513890587,86.34702457628977,86.19237624970555,KMIA,0.003773187231075781,-0.34325138905869323,-0.347024576289769,0.1508751393531469,86,86-87,86,86-87,86,86-87
2026-06-07,88.0,88.23454086689169,88.2591885964441,88.11442500885398,KMIA,0.02464772955241301,-0.23454086689169173,-0.25918859644410475,0.12011585803770686,88,88-89,88,88-89,88,88-89
2026-06-08,90.0,89.52420501053096,89.51620804051754,89.2937287832558,KMIA,-0.00799697001342281,0.475794989469037,0.4837919594824598,0.2304762272751617,90,90-91,90,90-91,90,90-91
2026-06-09,88.0,88.73733553637365,88.705837104189,88.56185153451055,KMIA,-0.031498432184648095,-0.7373355363736493,-0.7058371041890013,0.1754840018630972,88,88-89,89,88-89,89,88-89
2026-06-10,87.0,87.2313250727823,87.19670063879128,87.16051422190002,KMIA,-0.03462443399101289,-0.23132507278229753,-0.19670063879128463,0.07081085088228178,87,86-87,87,86-87,87,86-87
2026-06-11,88.0,88.48854461352121,88.4592892169994,88.26033719622701,KMIA,-0.029255396521818966,-0.4885446135212135,-0.4592892169993945,0.22820741729420035,88,88-89,88,88-89,88,88-89
2026-06-12,90.0,89.30126609310305,89.28252162844721,88.97120276087598,KMIA,-0.01874446465583901,0.6987339068969476,0.7174783715527866,0.33006333222706985,90,90-91,89,88-89,89,88-89
2026-06-13,90.0,89.91512295392938,89.92275323544759,89.82197503485675,KMIA,0.007630281518203219,0.0848770460706163,0.07724676455241308,0.09314791907263498,90,90-91,90,90-91,90,90-91
2026-06-14,93.0,91.39192297557659,91.40749788199187,91.25681662933592,KMIA,0.015574906415281475,1.6080770244234088,1.5925021180081274,0.13510634624067563,93,92-93,91,90-91,91,90-91
2026-06-15,94.0,92.20426888633737,92.06050663496008,92.3066006579063,KMIA,-0.14376225137729648,1.795731113662626,1.9394933650399224,-0.10233177156892737,94,94-95,92,92-93,92,92-93
2026-06-16,94.0,93.00549366711685,93.01476304417355,92.84780600779617,KMIA,0.009269377056696726,0.994506332883148,0.9852369558264513,0.15768765932068618,94,94-95,93,92-93,93,92-93
2026-06-17,93.0,92.34124409118854,92.31568009013829,92.00995638003695,KMIA,-0.025564001050256024,0.6587559088114574,0.6843199098617134,0.33128771115158884,93,92-93,92,92-93,92,92-93
2026-06-18,92.0,92.14027547640801,92.14362527991045,91.87113339436311,KMIA,0.00334980350244507,-0.1402754764080072,-0.14362527991045226,0.269142082044894,92,92-93,92,92-93,92,92-93
2026-06-19,92.0,92.220331793145,92.22368159664744,91.8662910503544,KMIA,0.00334980350244507,-0.22033179314499307,-0.22368159664743814,0.3540407427905876,92,92-93,92,92-93,92,92-93
2026-06-20,93.0,91.86403611353445,91.86806441172455,91.80171584007022,KMIA,0.004028298190092983,1.1359638864655466,1.1319355882754536,0.06232027346423763,93,92-93,92,92-93,92,92-93
2026-06-21,94.0,91.56161206525049,91.56481832845715,91.21945762562277,KMIA,0.0032062632066640617,2.438387934749514,2.43518167154285,0.34215443962771985,94,94-95,92,92-93,92,92-93
2026-01-01,20.0,18.74574888501378,18.74574888501378,18.7629864145828,KORD,0.0,1.2542511149862214,1.2542511149862214,-0.017237529569023025,20,20-21,19,18-19,19,18-19
2026-01-02,24.0,23.37170297528844,23.37170297528844,23.400004943966096,KORD,0.0,0.6282970247115607,0.6282970247115607,-0.02830196867765622,24,24-25,23,22-23,23,22-23
2026-01-03,26.0,26.134099450051703,26.134099450051703,26.130072255443046,KORD,0.0,-0.13409945005170343,-0.13409945005170343,0.00402719460865697,26,26-27,26,26-27,26,26-27
2026-01-04,34.0,31.82029950746945,31.82029950746945,31.797728514280838,KORD,0.0,2.17970049253055,2.17970049253055,0.02257099318861222,34,34-35,32,32-33,32,32-33
2026-01-05,44.0,43.953744474787285,43.953744474787285,43.9741425941323,KORD,0.0,0.04625552521271459,0.04625552521271459,-0.020398119345017562,44,44-45,44,44-45,44,44-45
2026-01-06,45.0,45.85057147286148,45.85057147286148,45.84685422151868,KORD,0.0,-0.8505714728614819,-0.8505714728614819,0.0037172513427989884,45,44-45,46,46-47,46,46-47
2026-01-07,44.0,43.17859735813981,43.17859735813981,43.1700848499083,KORD,0.0,0.821402641860189,0.821402641860189,0.008512508231511617,44,44-45,43,42-43,43,42-43
2026-01-08,60.0,57.08660985938884,57.08660985938884,57.10733060700871,KORD,0.0,2.9133901406111633,2.9133901406111633,-0.02072074761987608,60,60-61,57,56-57,57,56-57
2026-01-09,60.0,59.899310903385185,59.899310903385185,59.88054939153866,KORD,0.0,0.10068909661481484,0.10068909661481484,0.018761511846527412,60,60-61,60,60-61,60,60-61
2026-01-10,40.0,39.843562991581436,39.843562991581436,39.84356299158144,KORD,0.0,0.156437008418564,0.156437008418564,-7.105427357601002e-15,40,40-41,40,40-41,40,40-41
2026-01-11,33.0,33.14995120163645,33.14995120163645,33.153895657968775,KORD,0.0,-0.1499512016364477,-0.1499512016364477,-0.003944456332327206,33,32-33,33,32-33,33,32-33
2026-01-12,42.0,41.075535046186495,41.075535046186495,41.12498738641128,KORD,0.0,0.924464953813505,0.924464953813505,-0.049452340224782176,42,42-43,41,40-41,41,40-41
2026-01-13,52.0,51.667177729012835,51.667177729012835,51.649752761590136,KORD,0.0,0.3328222709871653,0.3328222709871653,0.0174249674226985,52,52-53,52,52-53,52,52-53
2026-01-14,41.0,40.972159767914,40.97282451401386,40.93290647909088,KORD,0.0006647460998578936,0.027840232085999617,0.027175485986141723,0.03925328882311874,41,40-41,41,40-41,41,40-41
2026-01-15,24.0,24.56094290030361,24.56094290030361,24.572819404864816,KORD,0.0,-0.5609429003036084,-0.5609429003036084,-0.011876504561207923,24,24-25,25,24-25,25,24-25
2026-01-16,37.0,35.985718522124785,35.99582985593175,35.96653852241354,KORD,0.010111333806968048,1.0142814778752154,1.0041701440682473,0.01917999971124118,37,36-37,36,36-37,36,36-37
2026-01-17,21.0,20.917870570580256,20.917870570580256,20.917870570580256,KORD,0.0,0.08212942941974433,0.08212942941974433,0.0,21,20-21,21,20-21,21,20-21
2026-01-18,18.0,19.183836698387033,19.183836698387033,19.145544315547863,KORD,0.0,-1.183836698387033,-1.183836698387033,0.03829238283917036,18,18-19,19,18-19,19,18-19
2026-01-19,18.0,17.929603346211646,17.929603346211646,17.92960334621165,KORD,0.0,0.0703966537883538,0.0703966537883538,-3.552713678800501e-15,18,18-19,18,18-19,18,18-19
2026-01-20,24.0,21.744735858839597,21.744735858839597,21.79009408912973,KORD,0.0,2.255264141160403,2.255264141160403,-0.04535823029013386,24,24-25,22,22-23,22,22-23
2026-01-21,30.0,30.25519621555391,30.25519621555391,30.23985326139308,KORD,0.0,-0.2551962155539087,-0.2551962155539087,0.015342954160828981,30,30-31,30,30-31,30,30-31
2026-01-22,24.0,24.572702356850467,24.572702356850467,24.625125435055583,KORD,0.0,-0.572702356850467,-0.572702356850467,-0.05242307820511627,24,24-25,25,24-25,25,24-25
2026-01-23,3.0,3.1569025848289556,3.1569025848289556,3.1657521062176244,KORD,0.0,-0.15690258482895558,-0.15690258482895558,-0.00884952138866879,3,2-3,3,2-3,3,2-3
2026-01-24,6.0,8.616165573206423,8.616165573206423,8.657019870480447,KORD,0.0,-2.6161655732064233,-2.6161655732064233,-0.040854297274023565,6,6-7,9,8-9,9,8-9
2026-01-25,14.0,16.667614900260553,16.67485695543894,16.707250519181727,KORD,0.0072420551783878295,-2.6676149002605527,-2.6748569554389405,-0.0396356189211744,14,14-15,17,16-17,17,16-17
2026-01-26,10.0,9.370993616664517,9.370993616664517,9.42301007544023,KORD,0.0,0.6290063833354829,0.6290063833354829,-0.05201645877571259,10,10-11,9,8-9,9,8-9
2026-01-27,14.0,14.979833373545302,14.979833373545302,14.965038229758918,KORD,0.0,-0.9798333735453024,-0.9798333735453024,0.014795143786384912,14,14-15,15,14-15,15,14-15
2026-01-28,17.0,15.54150790407278,15.54150790407278,15.52291592611886,KORD,0.0,1.4584920959272196,1.4584920959272196,0.0185919779539212,17,16-17,16,16-17,16,16-17
2026-01-29,17.0,17.307109772973334,17.307109772973334,17.326070291226042,KORD,0.0,-0.30710977297333386,-0.30710977297333386,-0.01896051825270817,17,16-17,17,16-17,17,16-17
2026-01-30,18.0,19.27273651410896,19.274712524257332,19.290799345034493,KORD,0.0019760101483718984,-1.27273651410896,-1.2747125242573318,-0.01806283092553329,18,18-19,19,18-19,19,18-19
2026-01-31,25.0,24.74920552624473,24.74920552624473,24.74970961408989,KORD,0.0,0.25079447375527053,0.25079447375527053,-0.0005040878451616493,25,24-25,25,24-25,25,24-25
2026-02-01,28.0,27.7913909166265,27.7913909166265,27.782255335495343,KORD,0.0,0.20860908337349926,0.20860908337349926,0.009135581131157977,28,28-29,28,28-29,28,28-29
2026-02-02,27.0,28.728453843679734,28.729997767052037,28.72804111683644,KORD,0.0015439233723029133,-1.728453843679734,-1.729997767052037,0.00041272684329385356,27,26-27,29,28-29,29,28-29
2026-02-03,29.0,27.167964674279045,27.167964674279045,27.178058362561124,KORD,0.0,1.8320353257209554,1.8320353257209554,-0.010093688282079682,29,28-29,27,26-27,27,26-27
2026-02-04,27.0,27.18707887783115,27.18809670796871,27.16314670921504,KORD,0.0010178301375596277,-0.1870788778311514,-0.18809670796871103,0.023932168616109806,27,26-27,27,26-27,27,26-27
2026-02-05,31.0,28.96517985484867,28.96517985484867,28.99445052117938,KORD,0.0,2.034820145151329,2.034820145151329,-0.02927066633071007,31,30-31,29,28-29,29,28-29
2026-02-06,38.0,37.03022597638245,37.03022597638245,37.01397764372855,KORD,0.0,0.9697740236175534,0.9697740236175534,0.016248332653894693,38,38-39,37,36-37,37,36-37
2026-02-07,24.0,25.042122006816832,25.042122006816832,25.07393524272983,KORD,0.0,-1.0421220068168324,-1.0421220068168324,-0.031813235912999005,24,24-25,25,24-25,25,24-25
2026-02-08,30.0,30.62954172952177,30.62954172952177,30.642768615299783,KORD,0.0,-0.6295417295217689,-0.6295417295217689,-0.013226885778014008,30,30-31,31,30-31,31,30-31
2026-02-09,38.0,39.67207487700857,39.67207487700857,39.76243449346445,KORD,0.0,-1.6720748770085692,-1.6720748770085692,-0.09035961645587776,38,38-39,40,40-41,40,40-41
2026-02-10,47.0,48.303333387075284,48.303333387075284,48.2849620107578,KORD,0.0,-1.3033333870752841,-1.3033333870752841,0.018371376317482202,47,46-47,48,48-49,48,48-49
2026-02-11,42.0,39.684922757699944,39.684922757699944,39.6550739746127,KORD,0.0,2.315077242300056,2.315077242300056,0.029848783087246034,42,42-43,40,40-41,40,40-41
2026-02-12,39.0,40.348064048755575,40.348064048755575,40.370880217526505,KORD,0.0,-1.3480640487555746,-1.3480640487555746,-0.02281616877093029,39,38-39,40,40-41,40,40-41
2026-02-13,54.0,52.34259185748616,52.34259185748616,52.37313056872793,KORD,0.0,1.6574081425138374,1.6574081425138374,-0.030538711241767658,54,54-55,52,52-53,52,52-53
2026-02-14,51.0,54.23122895423056,54.23122895423056,54.25372164252438,KORD,0.0,-3.2312289542305592,-3.2312289542305592,-0.02249268829382345,51,50-51,54,54-55,54,54-55
2026-02-15,60.0,57.77468958693218,57.77468958693218,57.76797088803557,KORD,0.0,2.2253104130678167,2.2253104130678167,0.006718698896612807,60,60-61,58,58-59,58,58-59
2026-02-16,65.0,63.80450275824164,63.80450275824164,63.844642078251646,KORD,0.0,1.1954972417583605,1.1954972417583605,-0.040139320010005974,65,64-65,64,64-65,64,64-65
2026-02-17,55.0,57.577167055064606,57.577167055064606,57.617712918922194,KORD,0.0,-2.5771670550646064,-2.5771670550646064,-0.04054586385758796,55,54-55,58,58-59,58,58-59
2026-02-18,63.0,61.96463909207936,61.96463909207936,61.99130720907738,KORD,0.0,1.0353609079206407,1.0353609079206407,-0.02666811699801741,63,62-63,62,62-63,62,62-63
2026-02-19,58.0,57.10736511543391,57.10736511543391,57.1152110784416,KORD,0.0,0.8926348845660925,0.8926348845660925,-0.00784596300768925,58,58-59,57,56-57,57,56-57
2026-02-20,44.0,43.82791929073958,43.82791929073958,43.82791929073959,KORD,0.0,0.1720807092604204,0.1720807092604204,-7.105427357601002e-15,44,44-45,44,44-45,44,44-45
2026-02-21,28.0,31.319123105354855,31.319123105354855,31.301708282953623,KORD,0.0,-3.319123105354855,-3.319123105354855,0.017414822401232044,28,28-29,31,30-31,31,30-31
2026-02-22,27.0,27.325048065002683,27.325048065002683,27.34918169862152,KORD,0.0,-0.325048065002683,-0.325048065002683,-0.024133633618838246,27,26-27,27,26-27,27,26-27
2026-02-23,29.0,27.430527484067944,27.430527484067944,27.465431618547804,KORD,0.0,1.5694725159320555,1.5694725159320555,-0.034904134479859295,29,28-29,27,26-27,27,26-27
2026-02-24,38.0,40.08469533660705,40.08469533660705,40.11808410271638,KORD,0.0,-2.084695336607048,-2.084695336607048,-0.033388766109332835,38,38-39,40,40-41,40,40-41
2026-02-25,37.0,33.92327617702795,33.92327617702795,33.95163908480434,KORD,0.0,3.076723822972049,3.076723822972049,-0.0283629077763905,37,36-37,34,34-35,34,34-35
2026-02-26,41.0,43.313249036878304,43.313249036878304,43.334498958577385,KORD,0.0,-2.313249036878304,-2.313249036878304,-0.021249921699080687,41,40-41,43,42-43,43,42-43
2026-02-27,65.0,62.166168835294265,62.166168835294265,62.22880572581813,KORD,0.0,2.8338311647057353,2.8338311647057353,-0.06263689052386212,65,64-65,62,62-63,62,62-63
2026-02-28,43.0,42.83183021595004,42.83183021595004,42.83183021595005,KORD,0.0,0.16816978404995808,0.16816978404995808,-7.105427357601002e-15,43,42-43,43,42-43,43,42-43
2026-03-01,32.0,31.117198173728667,31.117198173728667,31.178593436232703,KORD,0.0,0.8828018262713329,0.8828018262713329,-0.061395262504035486,32,32-33,31,30-31,31,30-31
2026-03-02,42.0,41.21481439618987,41.21481439618987,41.25823258840563,KORD,0.0,0.7851856038101275,0.7851856038101275,-0.0434181922157606,42,42-43,41,40-41,41,40-41
2026-03-03,42.0,41.94228213242401,41.94228213242401,41.9585113931737,KORD,0.0,0.05771786757598818,0.05771786757598818,-0.016229260749689445,42,42-43,42,42-43,42,42-43
2026-03-04,45.0,47.2670012722438,47.2670012722438,47.29021114962024,KORD,0.0,-2.267001272243803,-2.267001272243803,-0.02320987737643776,45,44-45,47,46-47,47,46-47
2026-03-05,50.0,48.8966935990487,48.91933183090531,48.894321137361246,KORD,0.022638231856603852,1.103306400951297,1.080668169094693,0.0023724616874574167,50,50-51,49,48-49,49,48-49
2026-03-06,65.0,65.83914071841184,65.83703550343161,65.83370034371445,KORD,-0.0021052149802329723,-0.8391407184118407,-0.8370355034316077,0.005440374697386119,65,64-65,66,66-67,66,66-67
2026-03-07,65.0,64.8443989403061,64.8443989403061,64.84933925777142,KORD,0.0,0.15560105969389326,0.15560105969389326,-0.004940317465312205,65,64-65,65,64-65,65,64-65
2026-03-08,62.0,59.95776251382313,59.95776251382313,59.986036363294325,KORD,0.0,2.042237486176873,2.042237486176873,-0.02827384947119782,62,62-63,60,60-61,60,60-61
2026-03-09,72.0,73.28270606408203,73.28270606408203,73.32697909443293,KORD,0.0,-1.282706064082035,-1.282706064082035,-0.044273030350893805,72,72-73,73,72-73,73,72-73
2026-03-10,61.0,61.079768359887204,61.079768359887204,61.04427945579614,KORD,0.0,-0.0797683598872041,-0.0797683598872041,0.03548890409106065,61,60-61,61,60-61,61,60-61
2026-03-12,44.0,43.77074729294776,43.77074729294776,43.7426419868267,KORD,0.0,0.22925270705223966,0.22925270705223966,0.028105306121062767,44,44-45,44,44-45,44,44-45
2026-03-13,47.0,45.43312078106529,45.43312078106529,45.475757329702034,KORD,0.0,1.5668792189347087,1.5668792189347087,-0.042636548636743044,47,46-47,45,44-45,45,44-45
2026-03-14,36.0,37.369537914948545,37.369537914948545,37.42175033410197,KORD,0.0,-1.3695379149485447,-1.3695379149485447,-0.05221241915342745,36,36-37,37,36-37,37,36-37
2026-03-15,62.0,59.91312463972265,59.91092162596461,59.884813592040416,KORD,-0.00220301375804155,2.0868753602773467,2.089078374035388,0.028311047682237245,62,62-63,60,60-61,60,60-61
2026-03-16,31.0,31.142186107439485,31.142931973528025,31.10199517363167,KORD,0.0007458660885397705,-0.14218610743948545,-0.14293197352802522,0.04019093380781413,31,30-31,31,30-31,31,30-31
2026-03-17,24.0,22.402813848821364,22.402813848821364,22.394270067518885,KORD,0.0,1.5971861511786365,1.5971861511786365,0.008543781302478237,24,24-25,22,22-23,22,22-23
2026-03-18,46.0,43.85251596231026,43.85251596231026,43.83622888595055,KORD,0.0,2.1474840376897433,2.1474840376897433,0.01628707635970983,46,46-47,44,44-45,44,44-45
2026-03-19,62.0,56.66488930250679,56.66488930250679,56.67118028441367,KORD,0.0,5.3351106974932065,5.3351106974932065,-0.006290981906879267,62,62-63,57,56-57,57,56-57
2026-03-20,71.0,67.15730807470507,67.15730807470507,67.13970095086955,KORD,0.0,3.842691925294929,3.842691925294929,0.01760712383551777,71,70-71,67,66-67,67,66-67
2026-03-21,77.0,70.88264831335468,70.88264831335468,70.89969360956582,KORD,0.0,6.117351686645321,6.117351686645321,-0.01704529621113693,77,76-77,71,70-71,71,70-71
2026-03-22,69.0,68.73014616047797,68.73014616047797,68.73014616047799,KORD,0.0,0.26985383952202824,0.26985383952202824,-1.4210854715202004e-14,69,68-69,69,68-69,69,68-69
2026-03-23,41.0,40.96773801399642,40.96773801399642,40.89612226179478,KORD,0.0,0.032261986003582876,0.032261986003582876,0.0716157522016374,41,40-41,41,40-41,41,40-41
2026-03-24,51.0,51.42933737698202,51.42933737698202,51.44481378247551,KORD,0.0,-0.42933737698201924,-0.42933737698201924,-0.015476405493487277,51,50-51,51,50-51,51,50-51
2026-03-25,71.0,69.52605731779406,69.52605731779406,69.53646279519943,KORD,0.0,1.4739426822059443,1.4739426822059443,-0.010405477405370789,71,70-71,70,70-71,70,70-71
2026-03-26,67.0,69.95703291670745,69.95703291670745,69.90682583054921,KORD,0.0,-2.9570329167074476,-2.9570329167074476,0.05020708615823821,67,66-67,70,70-71,70,70-71
2026-03-27,44.0,40.01995450882789,40.01995450882789,40.01752591074146,KORD,0.0,3.9800454911721133,3.9800454911721133,0.002428598086424927,44,44-45,40,40-41,40,40-41
2026-03-28,48.0,48.063144023671065,48.063144023671065,48.0719628795521,KORD,0.0,-0.06314402367106453,-0.06314402367106453,-0.0088188558810387,48,48-49,48,48-49,48,48-49
2026-03-29,63.0,64.35190065001885,64.35190065001885,64.33122011195124,KORD,0.0,-1.3519006500188482,-1.3519006500188482,0.020680538067608722,63,62-63,64,64-65,64,64-65
2026-03-30,80.0,78.49588908801785,78.49588908801785,78.46992544368462,KORD,0.0,1.5041109119821527,1.5041109119821527,0.025963644333231173,80,80-81,78,78-79,78,78-79
2026-03-31,68.0,70.77405572716687,70.77220564894478,70.7912939355928,KORD,-0.001850078222091156,-2.7740557271668678,-2.7722056489447766,-0.01723820842593682,68,68-69,71,70-71,71,70-71
2026-04-01,40.0,40.172224829407035,40.172224829407035,40.15988885422234,KORD,0.0,-0.17222482940703543,-0.17222482940703543,0.012335975184697645,40,40-41,40,40-41,40,40-41
2026-04-02,70.0,62.7717428063105,62.7688306230423,62.80542234299166,KORD,-0.002912183268200863,7.228257193689501,7.231169376957702,-0.03367953668116286,70,70-71,63,62-63,63,62-63
2026-04-03,62.0,61.87397782925167,61.87397782925167,61.880848059626686,KORD,0.0,0.12602217074832822,0.12602217074832822,-0.00687023037501433,62,62-63,62,62-63,62,62-63
2026-04-04,56.0,55.78098818821401,55.78098818821401,55.78098818821402,KORD,0.0,0.2190118117859896,0.2190118117859896,-7.105427357601002e-15,56,56-57,56,56-57,56,56-57
2026-04-05,53.0,49.457487387613895,49.457487387613895,49.45816300776018,KORD,0.0,3.542512612386105,3.542512612386105,-0.0006756201462820854,53,52-53,49,48-49,49,48-49
2026-04-06,50.0,49.38038000887796,49.38038000887796,49.3666482004978,KORD,0.0,0.6196199911220432,0.6196199911220432,0.013731808380157418,50,50-51,49,48-49,49,48-49
2026-04-07,38.0,38.08066940084633,38.08066940084633,38.076030057313055,KORD,0.0,-0.08066940084633245,-0.08066940084633245,0.00463934353327744,38,38-39,38,38-39,38,38-39
2026-04-08,71.0,67.11394849980351,67.11394849980351,67.10656736727833,KORD,0.0,3.886051500196487,3.886051500196487,0.0073811325251824655,71,70-71,67,66-67,67,66-67
2026-04-09,70.0,68.99864511744373,68.99864511744373,69.03443090732513,KORD,0.0,1.0013548825562708,1.0013548825562708,-0.0357857898814018,70,70-71,69,68-69,69,68-69
2026-04-10,54.0,51.24427179651847,51.24427179651847,51.2615277271857,KORD,0.0,2.7557282034815316,2.7557282034815316,-0.017255930667232633,54,54-55,51,50-51,51,50-51
2026-04-11,55.0,54.97601556338918,54.97601556338918,54.94455414631079,KORD,0.0,0.023984436610817284,0.023984436610817284,0.031461417078389786,55,54-55,55,54-55,55,54-55
2026-04-12,79.0,79.83792088380878,79.83792088380878,79.84172383476756,KORD,0.0,-0.8379208838087777,-0.8379208838087777,-0.0038029509587858,79,78-79,80,80-81,80,80-81
2026-04-13,78.0,78.46735005375001,78.46735005375001,78.43802774889889,KORD,0.0,-0.4673500537500104,-0.4673500537500104,0.02932230485112086,78,78-79,78,78-79,78,78-79
2026-04-14,82.0,78.23297267607438,78.23297267607438,78.19954093281115,KORD,0.0,3.7670273239256176,3.7670273239256176,0.03343174326323606,82,82-83,78,78-79,78,78-79
2026-04-15,72.0,72.27262071420752,72.27139142727499,72.21417537221663,KORD,-0.0012292869325278843,-0.27262071420751965,-0.27139142727499177,0.05844534199088969,72,72-73,72,72-73,72,72-73
2026-04-16,74.0,68.00937401412435,68.02259263969135,68.04054103328927,KORD,0.01321862556700637,5.990625985875653,5.977407360308646,-0.03116701916492559,74,74-75,68,68-69,68,68-69
2026-04-17,80.0,81.23601118611701,81.23601118611701,81.20845938680978,KORD,0.0,-1.236011186117011,-1.236011186117011,0.027551799307232727,80,80-81,81,80-81,81,80-81
2026-04-18,63.0,62.75361171174077,62.75361171174077,62.75361171174077,KORD,0.0,0.24638828825923298,0.24638828825923298,0.0,63,62-63,63,62-63,63,62-63
2026-04-19,48.0,48.67311584090729,48.67311584090729,48.660274082482886,KORD,0.0,-0.6731158409072933,-0.6731158409072933,0.012841758424407601,48,48-49,49,48-49,49,48-49
2026-04-20,56.0,55.43352291816285,55.43352291816285,55.456394581844506,KORD,0.0,0.5664770818371494,0.5664770818371494,-0.02287166368165572,56,56-57,55,54-55,55,54-55
2026-04-21,76.0,74.0584992136514,74.0584992136514,74.08975016356423,KORD,0.0,1.9415007863485982,1.9415007863485982,-0.03125094991283106,76,76-77,74,74-75,74,74-75
2026-04-22,72.0,73.17241698332214,73.17241698332214,73.1426904506562,KORD,0.0,-1.1724169833221367,-1.1724169833221367,0.029726532665932837,72,72-73,73,72-73,73,72-73
2026-04-23,80.0,80.65284655372776,80.65284655372776,80.6694193576152,KORD,0.0,-0.6528465537277555,-0.6528465537277555,-0.016572803887441978,80,80-81,81,80-81,81,80-81
2026-04-24,71.0,72.45110712172273,72.45110712172273,72.4215327780324,KORD,0.0,-1.4511071217227283,-1.4511071217227283,0.029574343690327964,71,70-71,72,72-73,72,72-73
2026-04-25,55.0,58.558808003487655,58.558808003487655,58.55207349110321,KORD,0.0,-3.5588080034876555,-3.5588080034876555,0.006734512384447555,55,54-55,59,58-59,59,58-59
2026-04-26,59.0,60.143891678775496,60.143891678775496,60.131599729093,KORD,0.0,-1.1438916787754962,-1.1438916787754962,0.012291949682499137,59,58-59,60,60-61,60,60-61
2026-04-27,68.0,65.14644523555224,65.14526591206356,65.15088987570704,KORD,-0.0011793234886710025,2.8535547644477646,2.8547340879364356,-0.004444640154801505,68,68-69,65,64-65,65,64-65
2026-04-28,64.0,61.76850472676023,61.76850472676023,61.78528945337212,KORD,0.0,2.231495273239773,2.231495273239773,-0.01678472661189545,64,64-65,62,62-63,62,62-63
2026-04-29,57.0,56.843456345265686,56.843456345265686,56.81212030559378,KORD,0.0,0.15654365473431398,0.15654365473431398,0.031336039671906235,57,56-57,57,56-57,57,56-57
2026-04-30,54.0,54.236167248728115,54.236167248728115,54.26681456415928,KORD,0.0,-0.23616724872811545,-0.23616724872811545,-0.0306473154311675,54,54-55,54,54-55,54,54-55
2026-05-01,49.0,49.31544510718306,49.31544510718306,49.28579019900015,KORD,0.0,-0.3154451071830593,-0.3154451071830593,0.02965490818291272,49,48-49,49,48-49,49,48-49
2026-05-02,56.0,54.19875863756228,54.19875863756228,54.18608816402571,KORD,0.0,1.8012413624377217,1.8012413624377217,0.012670473536566362,56,56-57,54,54-55,54,54-55
2026-05-03,68.0,65.54898437359071,65.54898437359071,65.52763261108343,KORD,0.0,2.451015626409287,2.451015626409287,0.02135176250727966,68,68-69,66,66-67,66,66-67
2026-05-04,79.0,79.20116488109001,79.20116488109001,79.20174497272279,KORD,0.0,-0.2011648810900084,-0.2011648810900084,-0.0005800916327842742,79,78-79,79,78-79,79,78-79
2026-05-05,61.0,61.268440615352844,61.268440615352844,61.245993306135134,KORD,0.0,-0.26844061535284425,-0.26844061535284425,0.022447309217710654,61,60-61,61,60-61,61,60-61
2026-05-06,57.0,55.793660186346216,55.793660186346216,55.76214770923304,KORD,0.0,1.2063398136537842,1.2063398136537842,0.03151247711317495,57,56-57,56,56-57,56,56-57
2026-05-07,59.0,59.19710364555622,59.19710364555622,59.1393243865632,KORD,0.0,-0.1971036455562185,-0.1971036455562185,0.0577792589930155,59,58-59,59,58-59,59,58-59
2026-05-08,66.0,67.32531457645078,67.32531457645078,67.32213950599625,KORD,0.0,-1.3253145764507792,-1.3253145764507792,0.003175070454531692,66,66-67,67,66-67,67,66-67
2026-05-09,75.0,70.8756949288642,70.8756949288642,70.87277365095983,KORD,0.0,4.124305071135794,4.124305071135794,0.0029212779043774617,75,74-75,71,70-71,71,70-71
2026-05-10,64.0,63.06086607659659,63.06086607659659,63.09475168441821,KORD,0.0,0.9391339234034106,0.9391339234034106,-0.033885607821623864,64,64-65,63,62-63,63,62-63
2026-05-11,55.0,55.99392539667176,55.99392539667176,55.96762958734045,KORD,0.0,-0.9939253966717629,-0.9939253966717629,0.026295809331315922,55,54-55,56,56-57,56,56-57
2026-05-12,71.0,75.58020232048146,75.58020232048146,75.5788321777975,KORD,0.0,-4.580202320481462,-4.580202320481462,0.0013701426839674014,71,70-71,76,76-77,76,76-77
2026-05-13,58.0,59.784200389882955,59.784200389882955,59.776986876817126,KORD,0.0,-1.7842003898829546,-1.7842003898829546,0.007213513065828181,58,58-59,60,60-61,60,60-61
2026-05-14,66.0,65.82861022498521,65.82861022498521,65.88607072628497,KORD,0.0,0.17138977501478792,0.17138977501478792,-0.05746050129975799,66,66-67,66,66-67,66,66-67
2026-05-15,75.0,73.69170215724712,73.69170215724712,73.67205885146149,KORD,0.0,1.3082978427528786,1.3082978427528786,0.019643305785635334,75,74-75,74,74-75,74,74-75
2026-05-16,83.0,84.20986207124083,84.20986207124083,84.21322077788295,KORD,0.0,-1.2098620712408348,-1.2098620712408348,-0.0033587066421176814,83,82-83,84,84-85,84,84-85
2026-05-17,86.0,86.27415278103015,86.27415278103015,86.29287572794715,KORD,0.0,-0.2741527810301534,-0.2741527810301534,-0.018722946916994943,86,86-87,86,86-87,86,86-87
2026-05-18,79.0,80.64529265865221,80.64529265865221,80.60709019391632,KORD,0.0,-1.6452926586522096,-1.6452926586522096,0.03820246473588895,79,78-79,81,80-81,81,80-81
2026-05-19,78.0,77.51920527800202,77.51920527800202,77.51779320471263,KORD,0.0,0.4807947219979809,0.4807947219979809,0.0014120732893871946,78,78-79,78,78-79,78,78-79
2026-05-20,60.0,59.765344487372154,59.765344487372154,59.76534448737216,KORD,0.0,0.234655512627846,0.234655512627846,-7.105427357601002e-15,60,60-61,60,60-61,60,60-61
2026-05-21,58.0,59.52162317299276,59.52162317299276,59.56378984442615,KORD,0.0,-1.5216231729927614,-1.5216231729927614,-0.04216667143338526,58,58-59,60,60-61,60,60-61
2026-05-22,65.0,67.28282980885413,67.28282980885413,67.28947426889764,KORD,0.0,-2.2828298088541317,-2.2828298088541317,-0.006644460043503386,65,64-65,67,66-67,67,66-67
2026-05-23,70.0,71.40425818433508,71.40425818433508,71.3885477939404,KORD,0.0,-1.4042581843350774,-1.4042581843350774,0.015710390394673368,70,70-71,71,70-71,71,70-71
2026-05-24,77.0,74.7913178239144,74.7913178239144,74.76949334695779,KORD,0.0,2.2086821760856026,2.2086821760856026,0.02182447695660983,77,76-77,75,74-75,75,74-75
2026-05-25,83.0,84.62104438537165,84.62104438537165,84.66041494748471,KORD,0.0,-1.621044385371647,-1.621044385371647,-0.039370562113063556,83,82-83,85,84-85,85,84-85
2026-05-26,83.0,86.2278748481394,86.2278748481394,86.30286583600561,KORD,0.0,-3.2278748481393933,-3.2278748481393933,-0.07499098786621516,83,82-83,86,86-87,86,86-87
2026-05-27,82.0,84.93276453133701,84.93276453133701,84.88896272376736,KORD,0.0,-2.932764531337014,-2.932764531337014,0.043801807569650464,82,82-83,85,84-85,85,84-85
2026-05-28,71.0,70.95185584828138,70.95185584828138,70.94672868620086,KORD,0.0,0.04814415171861697,0.04814415171861697,0.005127162080526659,71,70-71,71,70-71,71,70-71
2026-05-29,84.0,84.5629958536606,84.5629958536606,84.58588046679691,KORD,0.0,-0.5629958536605955,-0.5629958536605955,-0.022884613136312737,84,84-85,85,84-85,85,84-85
2026-05-30,73.0,71.5531177309694,71.5531177309694,71.58117025110093,KORD,0.0,1.4468822690305956,1.4468822690305956,-0.02805252013152426,73,72-73,72,72-73,72,72-73
2026-05-31,75.0,73.41574676490751,73.41574676490751,73.43265885546043,KORD,0.0,1.5842532350924898,1.5842532350924898,-0.0169120905529212,75,74-75,73,72-73,73,72-73
2026-06-01,72.0,70.28302526520159,70.28302526520159,70.26484466532206,KORD,0.0,1.7169747347984128,1.7169747347984128,0.01818059987952836,72,72-73,70,70-71,70,70-71
2026-06-02,74.0,73.00552276025046,72.93923164546507,73.02891136746578,KORD,-0.06629111478538618,0.9944772397495427,1.060768354534929,-0.023388607215323987,74,74-75,73,72-73,73,72-73
2026-06-03,82.0,82.14686920143981,82.14619926434388,82.21155778395573,KORD,-0.0006699370959353246,-0.14686920143981297,-0.14619926434387764,-0.06468858251591314,82,82-83,82,82-83,82,82-83
2026-06-04,87.0,85.64284411684488,85.5525142374599,85.67899606780523,KORD,-0.09032987938498138,1.3571558831551158,1.4474857625400972,-0.0361519509603454,87,86-87,86,86-87,86,86-87
2026-06-05,80.0,78.45473639299205,77.8621551294466,78.49715239141608,KORD,-0.5925812635454406,1.5452636070079535,2.137844870553394,-0.04241599842403332,80,80-81,78,78-79,78,78-79
2026-06-06,84.0,87.22901579006871,87.14334692192801,87.22364018346116,KORD,-0.08566886814070074,-3.229015790068715,-3.143346921928014,0.00537560660755787,84,84-85,87,86-87,87,86-87
2026-06-07,83.0,83.45755994252994,83.43083568331299,83.42830741560147,KORD,-0.0267242592169481,-0.45755994252994014,-0.43083568331299205,0.0292525269284738,83,82-83,83,82-83,83,82-83
2026-06-08,84.0,81.97983202296165,81.73831310537093,81.94494115830076,KORD,-0.2415189175907102,2.020167977038355,2.261686894629065,0.03489086466088054,84,84-85,82,82-83,82,82-83
2026-06-09,87.0,86.10063100225162,85.99235726427055,86.05912288629568,KORD,-0.10827373798106521,0.8993689977483825,1.0076427357294477,0.041508115955934954,87,86-87,86,86-87,86,86-87
2026-06-10,91.0,90.21392157807507,89.78162958630915,90.1981708410628,KORD,-0.43229199176592203,0.7860784219249268,1.2183704136908489,0.0157507370122687,91,90-91,90,90-91,90,90-91
2026-06-11,82.0,85.00345557906864,84.81956781551195,84.9482049859829,KORD,-0.18388776355669734,-3.0034555790686426,-2.8195678155119452,0.05525059308574498,82,82-83,85,84-85,85,84-85
2026-06-12,81.0,78.37487975391794,78.30685728955056,78.2913609152265,KORD,-0.06802246436737391,2.625120246082062,2.693142710449436,0.0835188386914325,81,80-81,78,78-79,78,78-79
2026-06-13,83.0,84.91750166219708,84.91750166219708,84.8735806628199,KORD,0.0,-1.9175016621970826,-1.9175016621970826,0.043920999377178305,83,82-83,85,84-85,85,84-85
2026-06-14,69.0,69.9916021311598,70.02890151047473,69.95477980294862,KORD,0.03729937931493055,-0.9916021311597945,-1.028901510474725,0.03682232821117282,69,68-69,70,70-71,70,70-71
2026-06-15,76.0,74.54917587170827,74.54917587170827,74.54430096941039,KORD,0.0,1.4508241282917282,1.4508241282917282,0.004874902297885342,76,76-77,75,74-75,75,74-75
2026-06-16,76.0,73.09766556933998,73.12334508083298,73.08978139271686,KORD,0.025679511492995744,2.9023344306600194,2.8766549191670236,0.00788417662312213,76,76-77,73,72-73,73,72-73
2026-06-17,70.0,67.17564620487568,67.17610573470783,67.1795934993541,KORD,0.00045952983215613585,2.824353795124324,2.823894265292168,-0.003947294478422236,70,70-71,67,66-67,67,66-67
2026-06-18,73.0,72.33189466025793,72.33189466025793,72.3344550857038,KORD,0.0,0.6681053397420698,0.6681053397420698,-0.0025604254458642117,73,72-73,72,72-73,72,72-73
2026-06-19,76.0,74.73822878327455,74.73822878327455,74.74196020874714,KORD,0.0,1.2617712167254496,1.2617712167254496,-0.0037314254725941964,76,76-77,75,74-75,75,74-75
2026-06-20,76.0,75.9873062619854,75.9873062619854,75.99946748498165,KORD,0.0,0.012693738014604605,0.012693738014604605,-0.012161222996255105,76,76-77,76,76-77,76,76-77
2026-06-21,71.0,72.4434299029333,72.4434299029333,72.46974238761422,KORD,0.0,-1.4434299029333033,-1.4434299029333033,-0.02631248468091485,71,70-71,72,72-73,72,72-73
2026-01-01,42.0,42.75396897170859,42.75396897170859,42.725717626454994,KSEA,0.0,-0.7539689717085878,-0.7539689717085878,0.02825134525359374,42,42-43,43,42-43,43,42-43
2026-01-02,49.0,48.28324043508618,48.28324043508618,48.083717980141856,KSEA,0.0,0.7167595649138221,0.7167595649138221,0.1995224549443222,49,48-49,48,48-49,48,48-49
2026-01-03,53.0,52.90380949068442,52.903260896744044,53.169822738650645,KSEA,-0.0005485939403726547,0.09619050931558348,0.09673910325595614,-0.26601324796622805,53,52-53,53,52-53,53,52-53
2026-01-04,48.0,48.59959875037699,48.59959875037699,48.76913302801981,KSEA,0.0,-0.5995987503769911,-0.5995987503769911,-0.1695342776428177,48,48-49,49,48-49,49,48-49
2026-01-05,43.0,44.45646330855616,44.456890169427275,44.5693963604276,KSEA,0.000426860871115764,-1.4564633085561596,-1.4568901694272753,-0.11293305187143687,43,42-43,44,44-45,44,44-45
2026-01-06,44.0,44.55749757802277,44.562961225079384,44.66653697814148,KSEA,0.005463647056615173,-0.5574975780227689,-0.5629612250793841,-0.10903940011871072,44,44-45,45,44-45,45,44-45
2026-01-07,42.0,42.013168728085695,42.018589761138884,42.194771320077,KSEA,0.005421033053188751,-0.013168728085695136,-0.018589761138883887,-0.18160259199130735,42,42-43,42,42-43,42,42-43
2026-01-08,44.0,44.0775558587696,44.0775558587696,44.05198452754198,KSEA,0.0,-0.0775558587695997,-0.0775558587695997,0.025571331227617122,44,44-45,44,44-45,44,44-45
2026-01-09,51.0,50.43981890645413,50.43981890645413,50.45705805213638,KSEA,0.0,0.5601810935458715,0.5601810935458715,-0.01723914568225382,51,50-51,50,50-51,50,50-51
2026-01-10,48.0,49.51360396521972,49.51360396521972,49.560969201654935,KSEA,0.0,-1.5136039652197226,-1.5136039652197226,-0.047365236435211955,48,48-49,50,50-51,50,50-51
2026-01-11,50.0,49.75257781838899,49.75257781838899,49.58596023505893,KSEA,0.0,0.24742218161100737,0.24742218161100737,0.1666175833300656,50,50-51,50,50-51,50,50-51
2026-01-12,53.0,52.82096970329029,52.82973041829855,52.60420492436527,KSEA,0.008760715008264697,0.17903029670971193,0.17026958170144724,0.21676477892501822,53,52-53,53,52-53,53,52-53
2026-01-13,57.0,58.0329638602866,58.0329638602866,58.208359994139,KSEA,0.0,-1.0329638602865998,-1.0329638602865998,-0.17539613385240216,57,56-57,58,58-59,58,58-59
2026-01-14,52.0,51.99646029089052,51.99646029089052,52.107475976571166,KSEA,0.0,0.003539709109482203,0.003539709109482203,-0.11101568568064835,52,52-53,52,52-53,52,52-53
2026-01-15,49.0,49.74773366361374,49.74773366361374,49.76174348672791,KSEA,0.0,-0.7477336636137366,-0.7477336636137366,-0.014009823114172093,49,48-49,50,50-51,50,50-51
2026-01-16,52.0,51.61179811640898,51.61179811640898,51.623368094845766,KSEA,0.0,0.38820188359102303,0.38820188359102303,-0.011569978436789086,52,52-53,52,52-53,52,52-53
2026-01-17,53.0,51.396815585906445,51.396815585906445,51.47748863428138,KSEA,0.0,1.6031844140935547,1.6031844140935547,-0.08067304837493339,53,52-53,51,50-51,51,50-51
2026-01-18,49.0,48.970412095815654,48.970412095815654,49.08796196302096,KSEA,0.0,0.029587904184346314,0.029587904184346314,-0.11754986720530525,49,48-49,49,48-49,49,48-49
2026-01-19,49.0,48.85957941739241,48.85957941739241,49.01056829708239,KSEA,0.0,0.1404205826075895,0.1404205826075895,-0.15098887968998298,49,48-49,49,48-49,49,48-49
2026-01-20,50.0,46.03335207351699,46.03335207351699,45.95102123043995,KSEA,0.0,3.966647926483013,3.966647926483013,0.0823308430770382,50,50-51,46,46-47,46,46-47
2026-01-21,44.0,45.583715825855876,45.583715825855876,45.564472850656855,KSEA,0.0,-1.583715825855876,-1.583715825855876,0.019242975199020407,44,44-45,46,46-47,46,46-47
2026-01-22,40.0,41.488489829544214,41.488489829544214,41.45941371592802,KSEA,0.0,-1.4884898295442142,-1.4884898295442142,0.02907611361619189,40,40-41,41,40-41,41,40-41
2026-01-23,45.0,44.3601762977678,44.3601762977678,44.5140632400892,KSEA,0.0,0.6398237022321993,0.6398237022321993,-0.15388694232139954,45,44-45,44,44-45,44,44-45
2026-01-24,44.0,43.18901350048044,43.18901350048044,43.32134216340303,KSEA,0.0,0.8109864995195579,0.8109864995195579,-0.13232866292258905,44,44-45,43,42-43,43,42-43
2026-01-25,44.0,42.10980803335562,42.10980803335562,42.28053441695989,KSEA,0.0,1.8901919666443803,1.8901919666443803,-0.1707263836042685,44,44-45,42,42-43,42,42-43
2026-01-26,46.0,45.6049489788794,45.6049489788794,45.819175784586776,KSEA,0.0,0.39505102112060086,0.39505102112060086,-0.2142268057073764,46,46-47,46,46-47,46,46-47
2026-01-27,50.0,51.384256040974485,51.384256040974485,51.36386975334113,KSEA,0.0,-1.3842560409744848,-1.3842560409744848,0.02038628763335737,50,50-51,51,50-51,51,50-51
2026-01-28,51.0,50.5310290541735,50.5310290541735,50.522430585586754,KSEA,0.0,0.46897094582649856,0.46897094582649856,0.008598468586747288,51,50-51,51,50-51,51,50-51
2026-01-29,51.0,53.07101244186646,53.07327649451828,53.04076430725951,KSEA,0.0022640526518244997,-2.0710124418664577,-2.073276494518282,0.03024813460694986,51,50-51,53,52-53,53,52-53
2026-01-30,53.0,52.24482278264555,52.24708683529736,52.194574716482535,KSEA,0.002264052651810289,0.7551772173544506,0.7529131647026404,0.05024806616301447,53,52-53,52,52-53,52,52-53
2026-01-31,57.0,58.17531694090608,58.17531694090608,58.15717846719871,KSEA,0.0,-1.1753169409060789,-1.1753169409060789,0.018138473707367098,57,56-57,58,58-59,58,58-59
2026-02-01,52.0,52.57927290506721,52.58234866773371,52.62279328226991,KSEA,0.0030757626665049997,-0.5792729050672065,-0.5823486677337115,-0.04352037720270374,52,52-53,53,52-53,53,52-53
2026-02-02,53.0,51.01943337791936,51.01943337791936,50.79370169352329,KSEA,0.0,1.9805666220806373,1.9805666220806373,0.22573168439607372,53,52-53,51,50-51,51,50-51
2026-02-03,53.0,57.90273079295735,57.90273079295735,57.75190360848616,KSEA,0.0,-4.90273079295735,-4.90273079295735,0.15082718447118992,53,52-53,58,58-59,58,58-59
2026-02-04,61.0,60.63248942978197,60.63248942978197,60.58549405222345,KSEA,0.0,0.36751057021803035,0.36751057021803035,0.04699537755851679,61,60-61,61,60-61,61,60-61
2026-02-05,56.0,58.50108289871864,58.50108289871864,58.35603774163455,KSEA,0.0,-2.501082898718643,-2.501082898718643,0.14504515708409116,56,56-57,59,58-59,59,58-59
2026-02-06,57.0,56.81410906328673,56.81410906328673,56.860725149699775,KSEA,0.0,0.18589093671327106,0.18589093671327106,-0.04661608641304582,57,56-57,57,56-57,57,56-57
2026-02-07,51.0,52.575046157320024,52.577617170792784,52.51684139460525,KSEA,0.0025710134727603418,-1.575046157320024,-1.5776171707927844,0.05820476271477304,51,50-51,53,52-53,53,52-53
2026-02-08,49.0,49.89393585140596,49.89393585140596,49.98431309495208,KSEA,0.0,-0.8939358514059634,-0.8939358514059634,-0.09037724354611498,49,48-49,50,50-51,50,50-51
2026-02-09,50.0,49.52494215462323,49.52494215462323,49.625641960780655,KSEA,0.0,0.4750578453767673,0.4750578453767673,-0.10069980615742224,50,50-51,50,50-51,50,50-51
2026-02-10,54.0,53.573928545868036,53.573928545868036,53.7815488543602,KSEA,0.0,0.42607145413196434,0.42607145413196434,-0.20762030849216728,54,54-55,54,54-55,54,54-55
2026-02-11,51.0,51.11854242864813,51.11854242864813,51.285757813800544,KSEA,0.0,-0.11854242864812647,-0.11854242864812647,-0.16721538515241718,51,50-51,51,50-51,51,50-51
2026-02-12,52.0,50.27506353062926,50.27506353062926,50.188969575415534,KSEA,0.0,1.7249364693707392,1.7249364693707392,0.08609395521372676,52,52-53,50,50-51,50,50-51
2026-02-13,47.0,48.09893687440428,48.09893687440428,48.02642261684015,KSEA,0.0,-1.0989368744042807,-1.0989368744042807,0.07251425756412999,47,46-47,48,48-49,48,48-49
2026-02-14,48.0,46.89511822287612,46.89511822287612,46.81875783654786,KSEA,0.0,1.1048817771238788,1.1048817771238788,0.07636038632826114,48,48-49,47,46-47,47,46-47
2026-02-15,46.0,46.712244641812035,46.712244641812035,46.81493380677178,KSEA,0.0,-0.7122446418120347,-0.7122446418120347,-0.10268916495974878,46,46-47,47,46-47,47,46-47
2026-02-16,42.0,42.277321269391145,42.277321269391145,42.56675461390646,KSEA,0.0,-0.27732126939114465,-0.27732126939114465,-0.28943334451531655,42,42-43,42,42-43,42,42-43
2026-02-17,46.0,44.539985224258864,44.539985224258864,44.77931299816452,KSEA,0.0,1.4600147757411364,1.4600147757411364,-0.23932777390565718,46,46-47,45,44-45,45,44-45
2026-02-18,41.0,42.038222489487396,42.038222489487396,42.04738275125636,KSEA,0.0,-1.0382224894873957,-1.0382224894873957,-0.009160261768961675,41,40-41,42,42-43,42,42-43
2026-02-19,41.0,39.11462594890964,39.11462594890964,39.13730613433355,KSEA,0.0,1.8853740510903592,1.8853740510903592,-0.022680185423908483,41,40-41,39,38-39,39,38-39
2026-02-20,42.0,43.077575007209944,43.077575007209944,43.09770103211517,KSEA,0.0,-1.0775750072099441,-1.0775750072099441,-0.02012602490522397,42,42-43,43,42-43,43,42-43
2026-02-21,48.0,45.84830428844142,45.851266114589045,45.79630971840081,KSEA,0.0029618261476258567,2.151695711558581,2.1487338854109552,0.05199457004060548,48,48-49,46,46-47,46,46-47
2026-02-22,51.0,50.94790079501487,50.95016484766668,50.86904712324338,KSEA,0.002264052651810289,0.052099204985132985,0.049835152333322696,0.0788536717714905,51,50-51,51,50-51,51,50-51
2026-02-23,48.0,48.854733353107584,48.854733353107584,48.93099072987952,KSEA,0.0,-0.8547333531075836,-0.8547333531075836,-0.07625737677193456,48,48-49,49,48-49,49,48-49
2026-02-24,47.0,45.74916741489721,45.74916741489721,45.81430008936091,KSEA,0.0,1.250832585102792,1.250832585102792,-0.06513267446370463,47,46-47,46,46-47,46,46-47
2026-02-25,51.0,49.641584507339765,49.641584507339765,49.84845588156752,KSEA,0.0,1.3584154926602352,1.3584154926602352,-0.20687137422775237,51,50-51,50,50-51,50,50-51
2026-02-26,53.0,51.252537901991175,51.252537901991175,51.38371245263492,KSEA,0.0,1.7474620980088247,1.7474620980088247,-0.13117455064374184,53,52-53,51,50-51,51,50-51
2026-02-27,51.0,51.59196344736115,51.59196344736115,51.7134417012711,KSEA,0.0,-0.5919634473611524,-0.5919634473611524,-0.12147825390994882,51,50-51,52,52-53,52,52-53
2026-02-28,51.0,51.77618688934212,51.77618688934212,51.80452940319783,KSEA,0.0,-0.7761868893421209,-0.7761868893421209,-0.02834251385571207,51,50-51,52,52-53,52,52-53
2026-03-01,56.0,54.818084151129256,54.818084151129256,54.79672165550543,KSEA,0.0,1.1819158488707444,1.1819158488707444,0.021362495623826305,56,56-57,55,54-55,55,54-55
2026-03-02,57.0,57.70892076302692,57.70892076302692,57.85052846548302,KSEA,0.0,-0.7089207630269172,-0.7089207630269172,-0.1416077024561062,57,56-57,58,58-59,58,58-59
2026-03-03,53.0,53.027528775715844,53.027528775715844,52.91527149597168,KSEA,0.0,-0.02752877571584378,-0.02752877571584378,0.11225727974416344,53,52-53,53,52-53,53,52-53
2026-03-04,51.0,52.62011388206579,52.62011388206579,52.87171774482868,KSEA,0.0,-1.6201138820657874,-1.6201138820657874,-0.2516038627628916,51,50-51,53,52-53,53,52-53
2026-03-05,51.0,50.80021633810253,50.80021633810253,50.81938051056412,KSEA,0.0,0.1997836618974702,0.1997836618974702,-0.01916417246159341,51,50-51,51,50-51,51,50-51
2026-03-06,50.0,50.11377496904122,50.11535831213164,49.994511743455305,KSEA,0.0015833430904166335,-0.11377496904122353,-0.11535831213164016,0.11926322558591806,50,50-51,50,50-51,50,50-51
2026-03-07,54.0,54.155137523691,54.155137523691,53.85700005334484,KSEA,0.0,-0.1551375236910033,-0.1551375236910033,0.29813747034616256,54,54-55,54,54-55,54,54-55
2026-03-08,53.0,52.15564678282652,52.15564678282652,52.56137494736381,KSEA,0.0,0.8443532171734773,0.8443532171734773,-0.4057281645372868,53,52-53,52,52-53,52,52-53
2026-03-09,45.0,44.447212849603055,44.447212849603055,44.674487167953856,KSEA,0.0,0.552787150396945,0.552787150396945,-0.22727431835080125,45,44-45,44,44-45,44,44-45
2026-03-10,48.0,45.60535889406793,45.60535889406793,46.19412853431733,KSEA,0.0,2.3946411059320667,2.3946411059320667,-0.5887696402493958,48,48-49,46,46-47,46,46-47
2026-03-11,51.0,50.24096367701656,50.24402686440842,50.07502110251675,KSEA,0.003063187391859401,0.7590363229834409,0.7559731355915815,0.16594257449980887,51,50-51,50,50-51,50,50-51
2026-03-12,47.0,46.545409931901034,46.545409931901034,46.86156538292364,KSEA,0.0,0.45459006809896607,0.45459006809896607,-0.31615545102260256,47,46-47,47,46-47,47,46-47
2026-03-13,36.0,37.64751741552099,37.64909236192598,37.335853048665165,KSEA,0.0015749464049932271,-1.647517415520987,-1.6490923619259803,0.31166436685582255,36,36-37,38,38-39,38,38-39
2026-03-14,45.0,44.160833274691846,44.160833274691846,44.15156091318935,KSEA,0.0,0.8391667253081536,0.8391667253081536,0.009272361502496551,45,44-45,44,44-45,44,44-45
2026-03-15,48.0,45.856080133792204,45.856080133792204,45.961234416416616,KSEA,0.0,2.1439198662077956,2.1439198662077956,-0.10515428262441162,48,48-49,46,46-47,46,46-47
2026-03-16,55.0,56.43033515807416,56.43033515807416,56.57230275727871,KSEA,0.0,-1.4303351580741577,-1.4303351580741577,-0.14196759920455548,55,54-55,56,56-57,56,56-57
2026-03-17,53.0,53.562012120247594,53.56427617289941,53.447020252728855,KSEA,0.0022640526518173942,-0.5620121202475943,-0.5642761728994117,0.11499186751873935,53,52-53,54,54-55,54,54-55
2026-03-18,56.0,55.96487068358224,55.96487068358224,55.97182934925966,KSEA,0.0,0.03512931641775907,0.03512931641775907,-0.00695866567741632,56,56-57,56,56-57,56,56-57
2026-03-19,54.0,55.42720198198304,55.42870313813057,55.432945210066194,KSEA,0.0015011561475333224,-1.427201981983039,-1.4287031381305724,-0.005743228083154861,54,54-55,55,54-55,55,54-55
2026-03-20,57.0,55.882035778398226,55.881216256539524,55.884548829113456,KSEA,-0.0008195218587019326,1.117964221601774,1.118783743460476,-0.002513050715229781,57,56-57,56,56-57,56,56-57
2026-03-21,51.0,49.4678803951962,49.4678803951962,49.55631266541866,KSEA,0.0,1.5321196048038033,1.5321196048038033,-0.08843227022246225,51,50-51,49,48-49,49,48-49
2026-03-22,52.0,51.507977688182244,51.507977688182244,51.528257064861855,KSEA,0.0,0.492022311817756,0.492022311817756,-0.02027937667961055,52,52-53,52,52-53,52,52-53
2026-03-23,50.0,50.92939568524462,50.92939568524462,50.84062803040456,KSEA,0.0,-0.9293956852446215,-0.9293956852446215,0.088767654840062,50,50-51,51,50-51,51,50-51
2026-03-24,54.0,52.89873466151564,52.901500855227745,52.89516665154167,KSEA,0.0027661937121052915,1.1012653384843603,1.098499144772255,0.0035680099739678894,54,54-55,53,52-53,53,52-53
2026-03-25,51.0,51.030835740182226,51.030835740182226,51.60629955057474,KSEA,0.0,-0.030835740182226345,-0.030835740182226345,-0.5754638103925132,51,50-51,51,50-51,51,50-51
2026-03-26,52.0,51.93018738864642,51.93018738864642,52.09110259621145,KSEA,0.0,0.06981261135358352,0.06981261135358352,-0.16091520756503286,52,52-53,52,52-53,52,52-53
2026-03-27,58.0,54.77964940950809,54.77964940950809,54.85934383312298,KSEA,0.0,3.220350590491911,3.220350590491911,-0.07969442361488888,58,58-59,55,54-55,55,54-55
2026-03-28,55.0,55.13729506416327,55.13729506416327,55.357136895629765,KSEA,0.0,-0.13729506416326842,-0.13729506416326842,-0.21984183146649627,55,54-55,55,54-55,55,54-55
2026-03-29,46.0,46.2135086587407,46.2135086587407,46.5527011061599,KSEA,0.0,-0.21350865874070024,-0.21350865874070024,-0.33919244741920096,46,46-47,46,46-47,46,46-47
2026-03-30,50.0,48.34081337287951,48.34081337287951,48.28186461180952,KSEA,0.0,1.6591866271204907,1.6591866271204907,0.05894876106999192,50,50-51,48,48-49,48,48-49
2026-03-31,56.0,53.961097683562365,53.961097683562365,53.82451961398214,KSEA,0.0,2.0389023164376354,2.0389023164376354,0.13657806958022434,56,56-57,54,54-55,54,54-55
2026-04-01,49.0,50.29750664643927,50.29397095226797,50.20660024264043,KSEA,-0.003535694171297621,-1.2975066464392668,-1.2939709522679692,0.09090640379884007,49,48-49,50,50-51,50,50-51
2026-04-02,53.0,51.96778356413379,51.96778356413379,51.97559009037489,KSEA,0.0,1.0322164358662107,1.0322164358662107,-0.007806526241097345,53,52-53,52,52-53,52,52-53
2026-04-03,57.0,56.392841215642214,56.392841215642214,56.46885286433859,KSEA,0.0,0.6071587843577859,0.6071587843577859,-0.07601164869637245,57,56-57,56,56-57,56,56-57
2026-04-04,63.0,62.240530254823234,62.240530254823234,62.379840116278345,KSEA,0.0,0.7594697451767658,0.7594697451767658,-0.1393098614551107,63,62-63,62,62-63,62,62-63
2026-04-05,67.0,65.59320132813278,65.59320132813278,65.5975679000135,KSEA,0.0,1.4067986718672216,1.4067986718672216,-0.004366571880723313,67,66-67,66,66-67,66,66-67
2026-04-06,72.0,69.19619489441214,69.19619489441214,69.41566122850679,KSEA,0.0,2.8038051055878555,2.8038051055878555,-0.21946633409464766,72,72-73,69,68-69,69,68-69
2026-04-07,55.0,55.63250565623806,55.63250565623806,55.58434489112364,KSEA,0.0,-0.6325056562380595,-0.6325056562380595,0.04816076511441736,55,54-55,56,56-57,56,56-57
2026-04-08,61.0,60.58788945919265,60.58788945919265,60.53884307608914,KSEA,0.0,0.41211054080734755,0.41211054080734755,0.04904638310351572,61,60-61,61,60-61,61,60-61
2026-04-09,66.0,65.3273824756765,65.3273824756765,65.145741424378,KSEA,0.0,0.6726175243234991,0.6726175243234991,0.18164105129849872,66,66-67,65,64-65,65,64-65
2026-04-10,68.0,67.26372473861704,67.26372473861704,66.94267671580715,KSEA,0.0,0.7362752613829571,0.7362752613829571,0.3210480228098902,68,68-69,67,66-67,67,66-67
2026-04-11,54.0,54.925559165764135,54.93028976461792,54.61541858023647,KSEA,0.004730598853782908,-0.9255591657641347,-0.9302897646179176,0.31014058552766244,54,54-55,55,54-55,55,54-55
2026-04-12,56.0,58.697995997386165,58.697995997386165,58.68217783973145,KSEA,0.0,-2.6979959973861654,-2.6979959973861654,0.015818157654713616,56,56-57,59,58-59,59,58-59
2026-04-13,55.0,54.546047717684026,54.546047717684026,54.54285205448414,KSEA,0.0,0.4539522823159743,0.4539522823159743,0.0031956631998824037,55,54-55,55,54-55,55,54-55
2026-04-14,47.0,49.074891654360336,49.07104544662946,49.12401907448552,KSEA,-0.0038462077308736298,-2.0748916543603357,-2.071045446629462,-0.04912742012518123,47,46-47,49,48-49,49,48-49
2026-04-15,49.0,46.591954742260235,46.588730699586954,46.67990274186483,KSEA,-0.0032240426732812466,2.408045257739765,2.4112693004130463,-0.08794799960459443,49,48-49,47,46-47,47,46-47
2026-04-16,55.0,53.4020903899418,53.4020903899418,53.39496860898138,KSEA,0.0,1.5979096100582026,1.5979096100582026,0.007121780960417823,55,54-55,53,52-53,53,52-53
2026-04-17,55.0,56.09364516803891,56.09364516803891,55.91820438518676,KSEA,0.0,-1.0936451680389112,-1.0936451680389112,0.17544078285214937,55,54-55,56,56-57,56,56-57
2026-04-18,68.0,66.21396716247267,66.21396716247267,66.1820020677606,KSEA,0.0,1.7860328375273298,1.7860328375273298,0.031965094712063546,68,68-69,66,66-67,66,66-67
2026-04-19,74.0,71.7715823976757,71.7715823976757,71.70976800143254,KSEA,0.0,2.228417602324299,2.228417602324299,0.06181439624316454,74,74-75,72,72-73,72,72-73
2026-04-20,70.0,71.89596342776451,71.89596342776451,71.83909473593468,KSEA,0.0,-1.8959634277645137,-1.8959634277645137,0.056868691829834006,70,70-71,72,72-73,72,72-73
2026-04-21,58.0,60.0400596531005,60.0400596531005,60.00656617612282,KSEA,0.0,-2.0400596531004993,-2.0400596531004993,0.033493476977682235,58,58-59,60,60-61,60,60-61
2026-04-22,52.0,55.59937154139124,55.606012237637685,55.41883262064352,KSEA,0.006640696246442701,-3.5993715413912426,-3.6060122376376853,0.18053892074772193,52,52-53,56,56-57,56,56-57
2026-04-23,57.0,57.97348126021347,57.97348126021347,57.56606156009501,KSEA,0.0,-0.9734812602134681,-0.9734812602134681,0.40741970011846007,57,56-57,58,58-59,58,58-59
2026-04-24,63.0,61.18908830823738,61.18908830823738,61.32402804183795,KSEA,0.0,1.8109116917626196,1.8109116917626196,-0.134939733600568,63,62-63,61,60-61,61,60-61
2026-04-25,64.0,64.26837237528864,64.26837237528864,64.30718472603948,KSEA,0.0,-0.2683723752886351,-0.2683723752886351,-0.038812350750845326,64,64-65,64,64-65,64,64-65
2026-04-26,67.0,66.66414862479539,66.66414862479539,66.7807188975437,KSEA,0.0,0.33585137520461217,0.33585137520461217,-0.11657027274830511,67,66-67,67,66-67,67,66-67
2026-04-27,56.0,58.69489674924909,58.69489674924909,58.40935826697067,KSEA,0.0,-2.6948967492490894,-2.6948967492490894,0.2855384822784188,56,56-57,59,58-59,59,58-59
2026-04-28,55.0,57.74609866742578,57.74609866742578,57.62768546656984,KSEA,0.0,-2.746098667425777,-2.746098667425777,0.1184132008559402,55,54-55,58,58-59,58,58-59
2026-04-29,65.0,67.30851396420732,67.30851396420732,67.41265989269806,KSEA,0.0,-2.3085139642073216,-2.3085139642073216,-0.10414592849073756,65,64-65,67,66-67,67,66-67
2026-04-30,74.0,74.04053772106855,74.04053772106855,74.03924152352934,KSEA,0.0,-0.04053772106854581,-0.04053772106854581,0.0012961975392045133,74,74-75,74,74-75,74,74-75
2026-05-01,71.0,72.3594886008718,72.3594886008718,72.50470853471313,KSEA,0.0,-1.3594886008717992,-1.3594886008717992,-0.14521993384133225,71,70-71,72,72-73,72,72-73
2026-05-02,74.0,72.01685204121537,72.01685204121537,71.686174113281,KSEA,0.0,1.9831479587846275,1.9831479587846275,0.33067792793437434,74,74-75,72,72-73,72,72-73
2026-05-03,80.0,80.804127164791,80.804127164791,80.94893248821626,KSEA,0.0,-0.804127164790998,-0.804127164790998,-0.14480532342525976,80,80-81,81,80-81,81,80-81
2026-05-04,77.0,76.58723882561557,76.58723882561557,76.4141179225442,KSEA,0.0,0.4127611743844284,0.4127611743844284,0.1731209030713785,77,76-77,77,76-77,77,76-77
2026-05-05,62.0,70.35027012751232,70.35027012751232,69.45465515022266,KSEA,0.0,-8.350270127512317,-8.350270127512317,0.8956149772896538,62,62-63,70,70-71,70,70-71
2026-05-06,57.0,62.86104975751157,62.86104975751157,62.28775773112156,KSEA,0.0,-5.861049757511573,-5.861049757511573,0.5732920263900141,57,56-57,63,62-63,63,62-63
2026-05-07,63.0,64.72678652561507,64.72678652561507,64.45623639974778,KSEA,0.0,-1.7267865256150685,-1.7267865256150685,0.2705501258672882,63,62-63,65,64-65,65,64-65
2026-05-08,60.0,62.608978176080434,62.608978176080434,62.57985538058588,KSEA,0.0,-2.6089781760804343,-2.6089781760804343,0.029122795494551212,60,60-61,63,62-63,63,62-63
2026-05-09,69.0,70.2215553685626,70.2215553685626,70.27636115855077,KSEA,0.0,-1.2215553685626048,-1.2215553685626048,-0.05480578998816554,69,68-69,70,70-71,70,70-71
2026-05-10,64.0,66.36240668027915,66.36240668027915,66.32434923555795,KSEA,0.0,-2.3624066802791504,-2.3624066802791504,0.03805744472120409,64,64-65,66,66-67,66,66-67
2026-05-11,71.0,70.6590697500717,70.6590697500717,70.6257019507182,KSEA,0.0,0.3409302499283058,0.3409302499283058,0.033367799353499095,71,70-71,71,70-71,71,70-71
2026-05-12,81.0,79.99962942927078,79.99962942927078,80.06674161362946,KSEA,0.0,1.000370570729217,1.000370570729217,-0.0671121843586775,81,80-81,80,80-81,80,80-81
2026-05-13,57.0,58.718155678736174,58.73234561377232,58.876189074995246,KSEA,0.014189935036142742,-1.7181556787361743,-1.732345613772317,-0.15803339625907142,57,56-57,59,58-59,59,58-59
2026-05-14,61.0,60.96896003366908,60.96896003366908,61.530699721257456,KSEA,0.0,0.031039966330922653,0.031039966330922653,-0.5617396875883784,61,60-61,61,60-61,61,60-61
2026-05-15,50.0,51.82851147125257,51.830546508822856,52.00208394425991,KSEA,0.0020350375702875567,-1.8285114712525683,-1.8305465088228559,-0.17357247300734002,50,50-51,52,52-53,52,52-53
2026-05-16,58.0,55.36304520394183,55.36304520394183,55.40432008376277,KSEA,0.0,2.63695479605817,2.63695479605817,-0.04127487982093925,58,58-59,55,54-55,55,54-55
2026-05-17,61.0,60.3677829268446,60.3677829268446,60.20455257379023,KSEA,0.0,0.6322170731554024,0.6322170731554024,0.16323035305436662,61,60-61,60,60-61,60,60-61
2026-05-18,66.0,64.85513590257406,64.85513590257406,64.8100738952295,KSEA,0.0,1.1448640974259376,1.1448640974259376,0.04506200734456911,66,66-67,65,64-65,65,64-65
2026-05-19,63.0,62.56793302560727,62.56793302560727,62.40453388827548,KSEA,0.0,0.43206697439273256,0.43206697439273256,0.1633991373317869,63,62-63,63,62-63,63,62-63
2026-05-20,67.0,66.30082228984622,66.30082228984622,66.1243920512133,KSEA,0.0,0.6991777101537764,0.6991777101537764,0.17643023863291774,67,66-67,66,66-67,66,66-67
2026-05-21,75.0,73.83254778527728,73.83254778527728,73.77684436881773,KSEA,0.0,1.167452214722715,1.167452214722715,0.05570341645955068,75,74-75,74,74-75,74,74-75
2026-05-22,76.0,76.43720598374367,76.43720598374367,76.56102736881869,KSEA,0.0,-0.4372059837436666,-0.4372059837436666,-0.1238213850750185,76,76-77,76,76-77,76,76-77
2026-05-23,65.0,67.60708447332223,67.60708447332223,67.07471696998999,KSEA,0.0,-2.6070844733222316,-2.6070844733222316,0.5323675033322388,65,64-65,68,68-69,68,68-69
2026-05-24,72.0,69.9774497538713,69.9774497538713,69.85349400954055,KSEA,0.0,2.022550246128702,2.022550246128702,0.1239557443307433,72,72-73,70,70-71,70,70-71
2026-05-25,59.0,60.93422363845925,60.93422363845925,61.285488525413605,KSEA,0.0,-1.934223638459251,-1.934223638459251,-0.351264886954354,59,58-59,61,60-61,61,60-61
2026-05-26,61.0,60.28415779193303,60.281847189154,59.90443591877144,KSEA,-0.0023106027790333883,0.7158422080669666,0.718152810846,0.3797218731615928,61,60-61,60,60-61,60,60-61
2026-05-27,74.0,73.176818476356,73.176818476356,73.24079948366344,KSEA,0.0,0.8231815236439957,0.8231815236439957,-0.06398100730743295,74,74-75,73,72-73,73,72-73
2026-05-28,79.0,80.90244496711219,80.90244496711219,80.91219906278374,KSEA,0.0,-1.9024449671121886,-1.9024449671121886,-0.009754095671553387,79,78-79,81,80-81,81,80-81
2026-05-29,59.0,57.378773135325844,57.378780662515844,57.01640086386548,KSEA,7.527190000189421e-06,1.6212268646741563,1.6212193374841561,0.3623722714603659,59,58-59,57,56-57,57,56-57
2026-05-30,63.0,62.342720367855065,62.342720367855065,62.28895620231829,KSEA,0.0,0.6572796321449346,0.6572796321449346,0.05376416553677643,63,62-63,62,62-63,62,62-63
2026-05-31,67.0,66.67412964594808,66.67412964594808,66.78353456906567,KSEA,0.0,0.325870354051915,0.325870354051915,-0.10940492311758021,67,66-67,67,66-67,67,66-67
2026-06-01,76.0,74.09650372389618,73.82621306413628,74.18860069727262,KSEA,-0.27029065975989397,1.903496276103823,2.173786935863717,-0.09209697337644229,76,76-77,74,74-75,74,74-75
2026-06-02,85.0,85.71425432226482,85.19837411681536,85.39338141287658,KSEA,-0.5158802054494629,-0.7142543222648214,-0.19837411681535855,0.32087290938824253,85,84-85,86,86-87,85,84-85
2026-06-03,67.0,70.84538730483101,70.80837982756734,71.10572137991241,KSEA,-0.03700747726367126,-3.845387304831007,-3.808379827567336,-0.2603340750814027,67,66-67,71,70-71,71,70-71
2026-06-04,68.0,67.94197982256011,67.72813595646102,67.89725174285428,KSEA,-0.2138438660990971,0.058020177439885856,0.27186404353898297,0.044728079705834034,68,68-69,68,68-69,68,68-69
2026-06-05,62.0,61.87911432061217,61.87911432061217,61.910823431849145,KSEA,0.0,0.12088567938783257,0.12088567938783257,-0.03170911123697806,62,62-63,62,62-63,62,62-63
2026-06-06,62.0,57.880122546633096,57.880122546633096,58.080760105572864,KSEA,0.0,4.119877453366904,4.119877453366904,-0.20063755893976776,62,62-63,58,58-59,58,58-59
2026-06-07,65.0,63.41693044382004,63.41693044382004,63.49493529212406,KSEA,0.0,1.5830695561799573,1.5830695561799573,-0.07800484830401899,65,64-65,63,62-63,63,62-63
2026-06-08,61.0,61.418897347369324,61.418897347369324,62.19535890624149,KSEA,0.0,-0.4188973473693238,-0.4188973473693238,-0.776461558872164,61,60-61,61,60-61,61,60-61
2026-06-09,63.0,62.08140401093019,62.08140401093019,62.42769416987742,KSEA,0.0,0.9185959890698072,0.9185959890698072,-0.3462901589472267,63,62-63,62,62-63,62,62-63
2026-06-10,66.0,65.53412292559321,65.53412292559321,65.37501178941082,KSEA,0.0,0.4658770744067908,0.4658770744067908,0.15911113618238915,66,66-67,66,66-67,66,66-67
2026-06-11,72.0,72.26755484952622,72.19947641868387,71.82353855843277,KSEA,-0.06807843084234833,-0.26755484952622055,-0.19947641868387223,0.44401629109344753,72,72-73,72,72-73,72,72-73
2026-06-12,74.0,73.47415264071205,73.40978820221989,73.38824992287857,KSEA,-0.06436443849216289,0.5258473592879511,0.590211797780114,0.08590271783347703,74,74-75,73,72-73,73,72-73
2026-06-13,82.0,82.11351750187757,82.11351750187757,82.13326423648593,KSEA,0.0,-0.11351750187756693,-0.11351750187756693,-0.019746734608361294,82,82-83,82,82-83,82,82-83
2026-06-14,88.0,90.57196179406523,90.43217740980427,90.00245606088606,KSEA,-0.13978438426096318,-2.5719617940652313,-2.432177409804268,0.5695057331791702,88,88-89,91,90-91,90,90-91
2026-06-15,89.0,90.54552119006652,90.38193676212458,90.2613087113994,KSEA,-0.1635844279419416,-1.5455211900665233,-1.3819367621245817,0.2842124786671292,89,88-89,91,90-91,90,90-91
2026-06-16,77.0,74.1954640504554,74.1714284678705,74.10795453237094,KSEA,-0.024035582584900794,2.8045359495446007,2.8285715321295015,0.08750951808445961,77,76-77,74,74-75,74,74-75
2026-06-17,72.0,72.131210673655,72.131210673655,71.80586924681495,KSEA,0.0,-0.13121067365500494,-0.13121067365500494,0.32534142684005474,72,72-73,72,72-73,72,72-73
2026-06-18,78.0,78.55438899647288,78.38872735610687,78.45043158423567,KSEA,-0.16566164036601094,-0.5543889964728805,-0.3887273561068696,0.10395741223720734,78,78-79,79,78-79,78,78-79
2026-06-19,81.0,82.24817570075109,82.24817570075109,81.87474759543929,KSEA,0.0,-1.2481757007510907,-1.2481757007510907,0.3734281053118025,81,80-81,82,82-83,82,82-83
2026-06-20,71.0,70.52278544659745,70.52278544659745,70.07735519088604,KSEA,0.0,0.4772145534025469,0.4772145534025469,0.4454302557114147,71,70-71,71,70-71,71,70-71
2026-06-21,77.0,76.22323978728258,76.22323978728258,75.96264847721352,KSEA,0.0,0.77676021271742,0.77676021271742,0.26059131006906,77,76-77,76,76-77,76,76-77
