contract_date,market_slug,bucket_label,entry_cost,model_probability,edge,win,net_return,family,action,fold,selected_parameters,pnl_usdc
2026-02-01,highest-temperature-in-seoul-on-february-1-2c,2°C,0.035,0.5019521264926332,0.4669521264926332,False,-1.0,point_all,point,february,{},-4.0
2026-02-02,highest-temperature-in-seoul-on-february-2-0c,0°C,0.85,0.564553988987968,-0.28544601101203193,True,0.17647058823529416,point_all,point,february,{},0.7058823529411766
2026-02-03,highest-temperature-in-seoul-on-february-3-2026-4corhigher,4°C or higher,0.0635,0.8278498255428757,0.7643498255428757,False,-1.0,point_all,point,february,{},-4.0
2026-02-04,highest-temperature-in-seoul-on-february-4-2026-7corhigher,7°C or higher,0.044000000000000004,0.6428831768566541,0.598883176856654,True,21.727272727272727,point_all,point,february,{},86.9090909090909
2026-02-05,highest-temperature-in-seoul-on-february-5-2026-8corhigher,8°C or higher,0.71,0.8825418587320526,0.17254185873205263,True,0.40845070422535223,point_all,point,february,{},1.633802816901409
2026-02-06,highest-temperature-in-seoul-on-february-6-2026-neg-4c,-4°C,0.895,0.5406380039630087,-0.35436199603699137,True,0.11731843575418988,point_all,point,february,{},0.4692737430167595
2026-02-07,highest-temperature-in-seoul-on-february-7-2026-neg-6c,-6°C,0.135,0.5116834370461321,0.37668343704613205,False,-1.0,point_all,point,february,{},-4.0
2026-02-08,highest-temperature-in-seoul-on-february-8-2026-neg-5c,-5°C,0.049,0.3169720113096047,0.2679720113096047,False,-1.0,point_all,point,february,{},-4.0
2026-02-09,highest-temperature-in-seoul-on-february-9-2026-1c,1°C,0.2,0.33878913353698126,0.13878913353698125,False,-1.0,point_all,point,february,{},-4.0
2026-02-10,highest-temperature-in-seoul-on-february-10-2026-3c,3°C,0.505,0.3708168423157989,-0.13418315768420108,True,0.9801980198019802,point_all,point,february,{},3.9207920792079207
2026-02-11,highest-temperature-in-seoul-on-february-11-2026-4c,4°C,0.49,0.3358664143172112,-0.1541335856827888,True,1.0408163265306123,point_all,point,february,{},4.163265306122449
2026-02-12,highest-temperature-in-seoul-on-february-12-2026-6c,6°C,0.45,0.3508923180070178,-0.0991076819929822,False,-1.0,point_all,point,february,{},-4.0
2026-02-13,highest-temperature-in-seoul-on-february-13-2026-9corhigher,9°C or higher,0.47000000000000003,0.8904206179434782,0.4204206179434781,True,1.127659574468085,point_all,point,february,{},4.51063829787234
2026-02-14,highest-temperature-in-seoul-on-february-14-2026-11corhigher,11°C or higher,0.072,0.6950768859089108,0.6230768859089109,True,12.88888888888889,point_all,point,february,{},51.55555555555556
2026-02-15,highest-temperature-in-seoul-on-february-15-2026-9corhigher,9°C or higher,0.5650000000000001,0.6102244744270748,0.04522447442707478,False,-1.0,point_all,point,february,{},-4.0
2026-02-16,highest-temperature-in-seoul-on-february-16-2026-4c,4°C,0.22,0.3962215916290958,0.17622159162909581,False,-1.0,point_all,point,february,{},-4.0
2026-02-17,highest-temperature-in-seoul-on-february-17-2026-5c,5°C,0.52,0.5078467981624923,-0.012153201837507677,False,-1.0,point_all,point,february,{},-4.0
2026-02-18,highest-temperature-in-seoul-on-february-18-2026-5c,5°C,0.46,0.5289705007533507,0.0689705007533507,False,-1.0,point_all,point,february,{},-4.0
2026-02-19,highest-temperature-in-seoul-on-february-19-2026-6c,6°C,0.315,0.5007260513413885,0.18572605134138848,False,-1.0,point_all,point,february,{},-4.0
2026-02-20,highest-temperature-in-seoul-on-february-20-2026-10c,10°C,0.615,0.33533662465353786,-0.27966337534646213,False,-1.0,point_all,point,february,{},-4.0
2026-02-21,highest-temperature-in-seoul-on-february-21-2026-14corhigher,14°C or higher,0.75,0.9165827273067936,0.16658272730679358,True,0.33333333333333326,point_all,point,february,{},1.333333333333333
2026-02-23,highest-temperature-in-seoul-on-february-23-2026-4c,4°C,0.51,0.5307576239374682,0.02075762393746816,True,0.9607843137254901,point_all,point,february,{},3.8431372549019605
2026-02-24,highest-temperature-in-seoul-on-february-24-2026-6c,6°C,0.095,0.3306909742388555,0.23569097423885552,False,-1.0,point_all,point,february,{},-4.0
2026-02-25,highest-temperature-in-seoul-on-february-25-2026-9c,9°C,0.0955,0.34215254663859374,0.24665254663859373,False,-1.0,point_all,point,february,{},-4.0
2026-02-26,highest-temperature-in-seoul-on-february-26-2026-11c,11°C,0.35000000000000003,0.4378463402734908,0.08784634027349075,True,1.8571428571428568,point_all,point,february,{},7.428571428571427
2026-02-27,highest-temperature-in-seoul-on-february-27-2026-13corhigher,13°C or higher,0.58,0.7482137727899805,0.1682137727899805,True,0.7241379310344829,point_all,point,february,{},2.8965517241379315
2026-02-28,highest-temperature-in-seoul-on-february-28-2026-12c,12°C,0.25,0.22000760435711278,-0.02999239564288722,True,3.0,point_all,point,february,{},12.0
2026-03-01,highest-temperature-in-seoul-on-march-1-2026-13c,13°C,0.24200000000000002,0.40726792419422897,0.16526792419422895,False,-1.0,point_all,point,march,{},-4.0
2026-03-02,highest-temperature-in-seoul-on-march-2-2026-7c,7°C,0.12,0.3482306645535439,0.2282306645535439,False,-1.0,point_all,point,march,{},-4.0
2026-03-03,highest-temperature-in-seoul-on-march-3-2026-9c,9°C,0.41500000000000004,0.35544445452893714,-0.0595555454710629,False,-1.0,point_all,point,march,{},-4.0
2026-03-04,highest-temperature-in-seoul-on-march-4-2026-8c,8°C,0.28500000000000003,0.45470350598019943,0.1697035059801994,False,-1.0,point_all,point,march,{},-4.0
2026-03-05,highest-temperature-in-seoul-on-march-5-2026-9c,9°C,0.45,0.47952640380033024,0.029526403800330225,False,-1.0,point_all,point,march,{},-4.0
2026-03-06,highest-temperature-in-seoul-on-march-6-2026-5c,5°C,0.47500000000000003,0.47848847818821705,0.0034884781882170146,False,-1.0,point_all,point,march,{},-4.0
2026-03-07,highest-temperature-in-seoul-on-march-7-2026-4c,4°C,0.455,0.4190490171610497,-0.03595098283895032,False,-1.0,point_all,point,march,{},-4.0
2026-03-08,highest-temperature-in-seoul-on-march-8-2026-5c,5°C,0.495,0.4172447144146939,-0.07775528558530609,False,-1.0,point_all,point,march,{},-4.0
2026-03-09,highest-temperature-in-seoul-on-march-9-2026-8c,8°C,0.27,0.4710566767821721,0.2010566767821721,False,-1.0,point_all,point,march,{},-4.0
2026-03-10,highest-temperature-in-seoul-on-march-10-2026-7c,7°C,0.455,0.5061399465540406,0.05113994655404058,True,1.1978021978021975,point_all,point,march,{},4.79120879120879
2026-03-11,highest-temperature-in-seoul-on-march-11-2026-8c,8°C,0.275,0.3742537963446443,0.09925379634464426,False,-1.0,point_all,point,march,{},-4.0
2026-03-12,highest-temperature-in-seoul-on-march-12-2026-11c,11°C,0.375,0.3593513292575709,-0.015648670742429094,True,1.6666666666666665,point_all,point,march,{},6.666666666666666
2026-03-13,highest-temperature-in-seoul-on-march-13-2026-12corhigher,12°C or higher,0.2,0.7440972926454228,0.5440972926454228,False,-1.0,point_all,point,march,{},-4.0
2026-03-14,highest-temperature-in-seoul-on-march-14-2026-10c,10°C,0.305,0.43429570932909634,0.12929570932909634,False,-1.0,point_all,point,march,{},-4.0
2026-03-15,highest-temperature-in-seoul-on-march-15-2026-10c,10°C,0.455,0.4479021671235447,-0.007097832876455323,True,1.1978021978021975,point_all,point,march,{},4.79120879120879
2026-03-16,highest-temperature-in-seoul-on-march-16-2026-11c,11°C,0.19,0.4944206840487698,0.3044206840487698,False,-1.0,point_all,point,march,{},-4.0
2026-03-17,highest-temperature-in-seoul-on-march-17-2026-12c,12°C,0.28,0.3953614597916905,0.11536145979169049,True,2.571428571428571,point_all,point,march,{},10.285714285714285
2026-03-18,highest-temperature-in-seoul-on-march-18-2026-8c,8°C,0.32,0.3522356916045914,0.03223569160459139,True,2.125,point_all,point,march,{},8.5
2026-03-19,highest-temperature-in-seoul-on-march-19-2026-9c,9°C,0.53,0.4712531272434585,-0.0587468727565415,True,0.8867924528301885,point_all,point,march,{},3.547169811320754
2026-03-20,highest-temperature-in-seoul-on-march-20-2026-11c,11°C,0.425,0.40088356062229147,-0.02411643937770852,True,1.3529411764705883,point_all,point,march,{},5.411764705882353
2026-03-21,highest-temperature-in-seoul-on-march-21-2026-11c,11°C,0.3,0.35702604369818547,0.05702604369818548,True,2.3333333333333335,point_all,point,march,{},9.333333333333334
2026-03-22,highest-temperature-in-seoul-on-march-22-2026-14corhigher,14°C or higher,0.785,0.7066824559663037,-0.07831754403369628,True,0.2738853503184713,point_all,point,march,{},1.095541401273885
2026-03-23,highest-temperature-in-seoul-on-march-23-2026-15c,15°C,0.295,0.31492324588306386,0.019923245883063878,True,2.3898305084745766,point_all,point,march,{},9.559322033898306
2026-03-24,highest-temperature-in-seoul-on-march-24-2026-15corhigher,15°C or higher,0.465,0.7311148307454206,0.2661148307454206,False,-1.0,point_all,point,march,{},-4.0
2026-03-25,highest-temperature-in-seoul-on-march-25-2026-14c,14°C,0.33,0.37043672807053757,0.04043672807053755,False,-1.0,point_all,point,march,{},-4.0
2026-03-26,highest-temperature-in-seoul-on-march-26-2026-12c,12°C,0.37,0.10234275278666456,-0.26765724721333545,False,-1.0,point_all,point,march,{},-4.0
2026-03-27,highest-temperature-in-seoul-on-march-27-2026-11c,11°C,0.302,0.2066352304163075,-0.0953647695836925,False,-1.0,point_all,point,march,{},-4.0
2026-03-28,highest-temperature-in-seoul-on-march-28-2026-14c,14°C,0.19,0.06279060792362857,-0.12720939207637144,False,-1.0,point_all,point,march,{},-4.0
2026-03-29,highest-temperature-in-seoul-on-march-29-2026-17corhigher,17°C or higher,0.222,0.6154834645495664,0.3934834645495664,False,-1.0,point_all,point,march,{},-4.0
2026-03-30,highest-temperature-in-seoul-on-march-30-2026-18c,18°C,0.15000000000000002,0.2199573406502896,0.06995734065028958,True,5.666666666666666,point_all,point,march,{},22.666666666666664
2026-04-01,highest-temperature-in-seoul-on-april-1-2026-16corhigher,16°C or higher,0.1894438,0.6426636014863933,0.45321980148639335,False,-1.0,point_all,point,april,{},-4.0
2026-04-02,highest-temperature-in-seoul-on-april-2-2026-15c,15°C,0.17705500000000002,0.4224796969401995,0.24542469694019947,False,-1.0,point_all,point,april,{},-4.0
2026-04-03,highest-temperature-in-seoul-on-april-3-2026-16c,16°C,0.43721875,0.23137366829106248,-0.2058450817089375,False,-1.0,point_all,point,april,{},-4.0
2026-04-04,highest-temperature-in-seoul-on-april-4-2026-17corhigher,17°C or higher,0.84188875,0.5827397858078243,-0.2591489641921757,True,0.1878053959029622,point_all,point,april,{},0.7512215836118488
2026-04-05,highest-temperature-in-seoul-on-april-5-2026-13c,13°C,0.279855,0.3233281870803757,0.043473187080375675,False,-1.0,point_all,point,april,{},-4.0
2026-04-06,highest-temperature-in-seoul-on-april-6-2026-13c,13°C,0.33596875000000004,0.21222753772207983,-0.1237412122779202,False,-1.0,point_all,point,april,{},-4.0
2026-04-07,highest-temperature-in-seoul-on-april-7-2026-12c,12°C,0.40694875,0.28830261053990736,-0.11864613946009267,False,-1.0,point_all,point,april,{},-4.0
2026-04-08,highest-temperature-in-seoul-on-april-8-2026-13c,13°C,0.22858,0.402991540610727,0.174411540610727,True,3.374835943652113,point_all,point,april,{},13.499343774608452
2026-04-09,highest-temperature-in-seoul-on-april-9-2026-14c,14°C,0.16154875,0.28663762098533213,0.12508887098533214,False,-1.0,point_all,point,april,{},-4.0
2026-04-10,highest-temperature-in-seoul-on-april-10-2026-12c,12°C,0.37151999999999996,0.3837649903423349,0.01224499034233495,True,1.6916451335055989,point_all,point,april,{},6.7665805340223955
2026-04-11,highest-temperature-in-seoul-on-april-11-2026-14c,14°C,0.20800000000000002,0.2216994880967063,0.013699488096706292,False,-1.0,point_all,point,april,{},-4.0
2026-04-12,highest-temperature-in-seoul-on-april-12-2026-18c,18°C,0.22343875,0.18038564604414045,-0.04305310395585954,False,-1.0,point_all,point,april,{},-4.0
2026-04-13,highest-temperature-in-seoul-on-april-13-2026-22c,22°C,0.1915072,0.16096254381137065,-0.030544656188629338,False,-1.0,point_all,point,april,{},-4.0
2026-04-14,highest-temperature-in-seoul-on-april-14-2026-24corhigher,24°C or higher,0.341055,0.5562829724333258,0.2152279724333258,False,-1.0,point_all,point,april,{},-4.0
2026-04-15,highest-temperature-in-seoul-on-april-15-2026-21corhigher,21°C or higher,0.9179302,0.8846536577509069,-0.033276542249093155,True,0.08940745167769837,point_all,point,april,{},0.3576298067107935
2026-04-16,highest-temperature-in-seoul-on-april-16-2026-23c,23°C,0.36137500000000006,0.33906354437492886,-0.022311455625071197,False,-1.0,point_all,point,april,{},-4.0
2026-04-17,highest-temperature-in-seoul-on-april-17-2026-17c,17°C,0.341055,0.23855950333721407,-0.10249549666278593,True,1.9320784037765169,point_all,point,april,{},7.728313615106067
2026-04-18,highest-temperature-in-seoul-on-april-18-2026-20c,20°C,0.12528,9.999999999990005e-13,-0.125279999999,False,-1.0,point_all,point,april,{},-4.0
2026-04-19,highest-temperature-in-seoul-on-april-19-2026-22c,22°C,0.41200000000000003,0.12335159315868369,-0.2886484068413163,False,-1.0,point_all,point,april,{},-4.0
2026-04-20,highest-temperature-in-seoul-on-april-20-2026-16c,16°C,0.09929875,0.4575683994240249,0.3582696494240249,False,-1.0,point_all,point,april,{},-4.0
2026-04-21,highest-temperature-in-seoul-on-april-21-2026-15c,15°C,0.3105,0.4173064453145329,0.10680644531453293,False,-1.0,point_all,point,april,{},-4.0
2026-04-22,highest-temperature-in-seoul-on-april-22-2026-16c,16°C,0.33596875000000004,0.36304441863883513,0.027075668638835093,False,-1.0,point_all,point,april,{},-4.0
2026-04-23,highest-temperature-in-seoul-on-april-23-2026-21c,21°C,0.28496875000000005,0.18249425622714188,-0.10247449377285817,False,-1.0,point_all,point,april,{},-4.0
2026-04-24,highest-temperature-in-seoul-on-april-24-2026-21corhigher,21°C or higher,0.9719314875,0.936620598087039,-0.03531088941296101,True,0.02887910604912869,point_all,point,april,{},0.11551642419651476
2026-04-25,highest-temperature-in-seoul-on-april-25-2026-21corhigher,21°C or higher,0.856375,0.6215446821372246,-0.23483031786277542,False,-1.0,point_all,point,april,{},-4.0
2026-04-26,highest-temperature-in-seoul-on-april-26-2026-20corhigher,20°C or higher,0.9428200000000001,0.9362999245311652,-0.006520075468834929,True,0.060647843702933635,point_all,point,april,{},0.24259137481173454
2026-04-27,highest-temperature-in-seoul-on-april-27-2026-19c,19°C,0.45734875,0.40739325803407594,-0.04995549196592408,True,1.1865152140461737,point_all,point,april,{},4.746060856184695
2026-04-28,highest-temperature-in-seoul-on-april-28-2026-17c,17°C,0.18221875,0.3985937221158586,0.21637497211585857,False,-1.0,point_all,point,april,{},-4.0
2026-04-29,highest-temperature-in-seoul-on-april-29-2026-18c,18°C,0.33596875000000004,0.3271016497688973,-0.008867100231102765,True,1.9764673053669424,point_all,point,april,{},7.9058692214677695
2026-04-30,highest-temperature-in-seoul-on-april-30-2026-20corhigher,20°C or higher,0.68596875,0.5855001418004595,-0.10046860819954051,False,-1.0,point_all,point,april,{},-4.0
2026-05-01,highest-temperature-in-seoul-on-may-1-2026-20corhigher,20°C or higher,0.29518875000000006,0.5380599977564045,0.2428712477564044,False,-1.0,point_all,point,may,{},-4.0
2026-05-02,highest-temperature-in-seoul-on-may-2-2026-19c,19°C,0.25424875,0.3787176141185294,0.12446886411852937,False,-1.0,point_all,point,may,{},-4.0
2026-05-03,highest-temperature-in-seoul-on-may-3-2026-14c,14°C,0.5125,0.424783015031598,-0.08771698496840197,False,-1.0,point_all,point,may,{},-4.0
2026-05-04,highest-temperature-in-seoul-on-may-4-2026-19c,19°C,0.18221875,0.29075623572697157,0.10853748572697156,False,-1.0,point_all,point,may,{},-4.0
2026-05-05,highest-temperature-in-seoul-on-may-5-2026-18c,18°C,0.36137500000000006,0.3194713037663394,-0.04190369623366064,True,1.7672085783465925,point_all,point,may,{},7.06883431338637
2026-05-06,highest-temperature-in-seoul-on-may-6-2026-21corhigher,21°C or higher,0.641655,0.7094796773855279,0.06782467738552789,True,0.5584698942578177,point_all,point,may,{},2.2338795770312707
2026-05-07,highest-temperature-in-seoul-on-may-7-2026-18c,18°C,0.2434754875,0.40436481079735165,0.16088932329735164,False,-1.0,point_all,point,may,{},-4.0
2026-05-08,highest-temperature-in-seoul-on-may-8-2026-19c,19°C,0.51749875,0.4175996370166501,-0.09989911298334991,False,-1.0,point_all,point,may,{},-4.0
2026-05-09,highest-temperature-in-seoul-on-may-9-2026-20c,20°C,0.42713875,0.5404803382045689,0.11334158820456885,True,1.341159634896155,point_all,point,may,{},5.36463853958462
2026-05-10,highest-temperature-in-seoul-on-may-10-2026-21c,21°C,0.41704875,0.4239638487389382,0.006915098738938197,False,-1.0,point_all,point,may,{},-4.0
2026-05-12,highest-temperature-in-seoul-on-may-12-2026-20c,20°C,0.5623750000000001,0.37362142203303156,-0.1887535779669685,False,-1.0,point_all,point,may,{},-4.0
2026-05-13,highest-temperature-in-seoul-on-may-13-2026-21c,21°C,0.43721875,0.45728411930474894,0.020065369304748948,False,-1.0,point_all,point,may,{},-4.0
2026-05-14,highest-temperature-in-seoul-on-may-14-2026-27corhigher,27°C or higher,0.49598638749999996,0.2386039654168329,-0.2573824220831671,False,-1.0,point_all,point,may,{},-4.0
2026-05-15,highest-temperature-in-seoul-on-may-15-2026-26corhigher,26°C or higher,0.88046875,0.43614842858170355,-0.44432032141829647,True,0.13575865128660158,point_all,point,may,{},0.5430346051464063
2026-05-16,highest-temperature-in-seoul-on-may-16-2026-26corhigher,26°C or higher,0.7006950000000001,0.3538935183739625,-0.3468014816260376,False,-1.0,point_all,point,may,{},-4.0
2026-05-21,highest-temperature-in-seoul-on-may-21-2026-18c,18°C,0.1817024875,0.3336724673390063,0.1519699798390063,False,-1.0,point_all,point,may,{},-4.0
2026-05-22,highest-temperature-in-seoul-on-may-22-2026-25c,25°C,0.31559875,0.25122578123417383,-0.06437296876582616,False,-1.0,point_all,point,may,{},-4.0
2026-05-23,highest-temperature-in-seoul-on-may-23-2026-23c,23°C,0.22343875,0.022457269958699684,-0.20098148004130031,False,-1.0,point_all,point,may,{},-4.0
2026-05-24,highest-temperature-in-seoul-on-may-24-2026-25corhigher,25°C or higher,0.9847872,0.9547085009786423,-0.030078699021357624,False,-1.0,point_all,point,may,{},-4.0
2026-05-25,highest-temperature-in-seoul-on-may-25-2026-27c,27°C,0.43218,0.4414249714575831,0.009244971457583073,True,1.3138507103521682,point_all,point,may,{},5.255402841408673
2026-05-26,highest-temperature-in-seoul-on-may-26-2026-25corhigher,25°C or higher,0.990495,1.0,0.009504999999999986,True,0.009596211995012593,point_all,point,may,{},0.038384847980050374
2026-05-27,highest-temperature-in-seoul-on-may-27-2026-24c,24°C,0.43721875,0.32122259571450984,-0.11599615428549015,False,-1.0,point_all,point,may,{},-4.0
2026-05-28,highest-temperature-in-seoul-on-may-28-2026-23c,23°C,0.401895,0.18063623223278374,-0.22125876776721626,True,1.4882120951989948,point_all,point,may,{},5.952848380795979
2026-05-29,highest-temperature-in-seoul-on-may-29-2026-24c,24°C,0.26962,0.3178500203605921,0.048230020360592096,False,-1.0,point_all,point,may,{},-4.0
2026-05-30,highest-temperature-in-seoul-on-may-30-2026-25c,25°C,0.35629875000000005,0.3927397103432452,0.03644096034324512,False,-1.0,point_all,point,may,{},-4.0
2026-05-31,highest-temperature-in-seoul-on-may-31-2026-27c,27°C,0.48746875,0.39431963227340067,-0.09314911772659934,True,1.051413552150779,point_all,point,may,{},4.205654208603116
2026-06-01,highest-temperature-in-seoul-on-june-1-2026-26c,26°C,0.40694875,0.4313643387582135,0.02441558875821348,False,-1.0,point_all,point,june,{},-4.0
2026-06-02,highest-temperature-in-seoul-on-june-2-2026-28c,28°C,0.35122000000000003,0.30360803798787583,-0.0476119620121242,False,-1.0,point_all,point,june,{},-4.0
2026-06-03,highest-temperature-in-seoul-on-june-3-2026-27c,27°C,0.60704875,0.2929647691326397,-0.31408398086736034,True,0.6473141572237813,point_all,point,june,{},2.589256628895125
2026-06-04,highest-temperature-in-seoul-on-june-4-2026-26c,26°C,0.612,0.4883070065612948,-0.12369299343870521,True,0.6339869281045751,point_all,point,june,{},2.5359477124183005
2026-06-05,highest-temperature-in-seoul-on-june-5-2026-23c,23°C,0.25424875,0.3206066687236908,0.06635791872369079,True,2.933156013549722,point_all,point,june,{},11.732624054198888
2026-06-06,highest-temperature-in-seoul-on-june-6-2026-25corhigher,25°C or higher,0.8031487500000001,0.9415906511984297,0.13844190119842958,False,-1.0,point_all,point,june,{},-4.0
2026-06-07,highest-temperature-in-seoul-on-june-7-2026-25c,25°C,0.238855,0.19328226296796752,-0.04557273703203249,False,-1.0,point_all,point,june,{},-4.0
2026-06-08,highest-temperature-in-seoul-on-june-8-2026-24c,24°C,0.32578875,0.33382077879040595,0.008032028790405932,True,2.0694737003656507,point_all,point,june,{},8.277894801462603
2026-06-09,highest-temperature-in-seoul-on-june-9-2026-25c,25°C,0.41200000000000003,0.41983310100025384,0.007833101000253806,True,1.4271844660194173,point_all,point,june,{},5.708737864077669
2026-06-10,highest-temperature-in-seoul-on-june-10-2026-24c,24°C,0.20284875,0.41099555057793674,0.20814680057793675,False,-1.0,point_all,point,june,{},-4.0
2026-06-11,highest-temperature-in-seoul-on-june-11-2026-24c,24°C,0.20284875,0.4161126061653726,0.2132638561653726,False,-1.0,point_all,point,june,{},-4.0
2026-06-12,highest-temperature-in-seoul-on-june-12-2026-25c,25°C,0.46739875000000003,0.4632857952887631,-0.004112954711236905,False,-1.0,point_all,point,june,{},-4.0
2026-06-13,highest-temperature-in-seoul-on-june-13-2026-27c,27°C,0.32578875,0.4262544817308555,0.10046573173085549,True,2.0694737003656507,point_all,point,june,{},8.277894801462603
2026-06-14,highest-temperature-in-seoul-on-june-14-2026-26c,26°C,0.57232,0.4052966149343433,-0.16702338506565673,True,0.74727425216662,point_all,point,june,{},2.98909700866648
2026-06-15,highest-temperature-in-seoul-on-june-15-2026-28c,28°C,0.482455,0.2972107684457347,-0.18524423155426534,True,1.0727321719124063,point_all,point,june,{},4.290928687649625
2026-06-16,highest-temperature-in-seoul-on-june-16-2026-28c,28°C,0.341055,0.3741455387214899,0.033090538721489926,False,-1.0,point_all,point,june,{},-4.0
2026-06-17,highest-temperature-in-seoul-on-june-17-2026-30c,30°C,0.5119999875,0.5234337861179803,0.011433798617980329,True,0.953125047683717,point_all,point,june,{},3.812500190734868
2026-06-18,highest-temperature-in-seoul-on-june-18-2026-28c,28°C,0.43721875,0.37771591363592,-0.05950283636407999,True,1.2871846186834395,point_all,point,june,{},5.148738474733758
2026-06-19,highest-temperature-in-seoul-on-june-19-2026-30c,30°C,0.65644875,0.4034011520636185,-0.25304759793638154,False,-1.0,point_all,point,june,{},-4.0
2026-06-20,highest-temperature-in-seoul-on-june-20-2026-24c,24°C,0.83221875,0.3575665668966653,-0.4746521831033347,True,0.20160714956253978,point_all,point,june,{},0.8064285982501591
2026-06-21,highest-temperature-in-seoul-on-june-21-2026-27c,27°C,0.35629875000000005,0.4525695745075026,0.09627082450750257,True,1.8066334782257862,point_all,point,june,{},7.226533912903145
2026-06-22,highest-temperature-in-seoul-on-june-22-2026-27c,27°C,0.40694875,0.46011996919762627,0.05317121919762624,True,1.4573118850960962,point_all,point,june,{},5.829247540384385
2026-06-23,highest-temperature-in-seoul-on-june-23-2026-30c,30°C,0.44728875,0.3864228043861724,-0.06086594561382763,True,1.2356922681377522,point_all,point,june,{},4.942769072551009
2026-06-24,highest-temperature-in-seoul-on-june-24-2026-28c,28°C,0.45734875,0.3949478741177798,-0.06240087588222021,False,-1.0,point_all,point,june,{},-4.0
2026-06-25,highest-temperature-in-seoul-on-june-25-2026-27c,27°C,0.24398875,0.4070263336292211,0.16303758362922108,False,-1.0,point_all,point,june,{},-4.0
2026-06-26,highest-temperature-in-seoul-on-june-26-2026-26c,26°C,0.16672,0.4978568952449987,0.3311368952449987,False,-1.0,point_all,point,june,{},-4.0
2026-06-27,highest-temperature-in-seoul-on-june-27-2026-29c,29°C,0.40694875,0.4511014744949673,0.044152724494967266,False,-1.0,point_all,point,june,{},-4.0
2026-06-28,highest-temperature-in-seoul-on-june-28-2026-28c,28°C,0.49748875,0.4600297254062189,-0.03745902459378109,False,-1.0,point_all,point,june,{},-4.0
2026-06-29,highest-temperature-in-seoul-on-june-29-2026-27c,27°C,0.442255,0.35011018652322085,-0.09214481347677916,False,-1.0,point_all,point,june,{},-4.0
2026-06-30,highest-temperature-in-seoul-on-june-30-2026-28c,28°C,0.5822550000000001,0.40698547658075335,-0.17526952341924673,True,0.7174605628118262,point_all,point,june,{},2.869842251247305
2026-07-01,highest-temperature-in-seoul-on-july-1-2026-31c,31°C,0.24912,0.4025232920858616,0.15340329208586156,False,-1.0,point_all,point,july,{},-4.0
2026-07-02,highest-temperature-in-seoul-on-july-2-2026-27c,27°C,0.42713875,0.39972024096587877,-0.02741850903412124,False,-1.0,point_all,point,july,{},-4.0
2026-07-03,highest-temperature-in-seoul-on-july-3-2026-27c,27°C,0.39683875,0.48261294290743173,0.08577419290743171,False,-1.0,point_all,point,july,{},-4.0
2026-07-04,highest-temperature-in-seoul-on-july-4-2026-28c,28°C,0.53746875,0.5519565830779698,0.014487833077969747,True,0.8605732891447175,point_all,point,july,{},3.44229315657887
2026-07-05,highest-temperature-in-seoul-on-july-5-2026-28c,28°C,0.42209500000000005,0.3904412706214943,-0.031653729378505746,False,-1.0,point_all,point,july,{},-4.0
2026-07-06,highest-temperature-in-seoul-on-july-6-2026-27c,27°C,0.33088,0.39568616852733335,0.06480616852733334,False,-1.0,point_all,point,july,{},-4.0
2026-07-07,highest-temperature-in-seoul-on-july-7-2026-30corhigher,30°C or higher,0.53946355,0.7650574467372931,0.22559389673729313,True,0.8536933588932931,point_all,point,july,{},3.4147734355731725
2026-07-08,highest-temperature-in-seoul-on-july-8-2026-28c,28°C,0.914095,0.5249825001725393,-0.38911249982746066,True,0.09397819701453347,point_all,point,july,{},0.3759127880581339
2026-07-09,highest-temperature-in-seoul-on-july-9-2026-26c,26°C,0.37658874999999997,0.3969807018635354,0.02039195186353543,False,-1.0,point_all,point,july,{},-4.0
2026-07-10,highest-temperature-in-seoul-on-july-10-2026-29c,29°C,0.25424875,0.44352055438068466,0.18927180438068464,False,-1.0,point_all,point,july,{},-4.0
2026-07-11,highest-temperature-in-seoul-on-july-11-2026-33corhigher,33°C or higher,0.14705595000000002,0.6386804823085153,0.4916245323085152,False,-1.0,point_all,point,july,{},-4.0
2026-07-12,highest-temperature-in-seoul-on-july-12-2026-34corhigher,34°C or higher,0.89008875,0.6513485004522747,-0.23874024954772533,True,0.12348347285593708,point_all,point,july,{},0.49393389142374833
2026-07-13,highest-temperature-in-seoul-on-july-13-2026-33c,33°C,0.49248,0.3906699038640739,-0.10181009613592606,False,-1.0,point_all,point,july,{},-4.0
2026-07-14,highest-temperature-in-seoul-on-july-14-2026-32c,32°C,0.65644875,0.42411089404405344,-0.23233785595594658,True,0.5233481669361089,point_all,point,july,{},2.0933926677444354
2026-07-15,highest-temperature-in-seoul-on-july-15-2026-27c,27°C,0.259375,0.34492085405345263,0.08554585405345261,False,-1.0,point_all,point,july,{},-4.0
2026-07-16,highest-temperature-in-seoul-on-july-16-2026-29c,29°C,0.47242,0.4528227319325152,-0.019597268067484797,False,-1.0,point_all,point,july,{},-4.0
2026-07-17,highest-temperature-in-seoul-on-july-17-2026-30c,30°C,0.381655,0.34757369189382376,-0.03408130810617627,False,-1.0,point_all,point,july,{},-4.0
2026-07-18,highest-temperature-in-seoul-on-july-18-2026-26c,26°C,0.20284875,0.4087413116836831,0.2058925616836831,True,3.9297814258160333,point_all,point,july,{},15.719125703264133
2026-07-20,highest-temperature-in-seoul-on-july-20-2026-25c,25°C,0.31559875,0.43690057069490024,0.12130182069490025,False,-1.0,point_all,point,july,{},-4.0
2026-07-21,highest-temperature-in-seoul-on-july-21-2026-27c,27°C,0.8031487500000001,0.5103080004635204,-0.29284074953647965,True,0.2450993667113346,point_all,point,july,{},0.9803974668453384
2026-07-22,highest-temperature-in-seoul-on-july-22-2026-27c,27°C,0.30029500000000003,0.4361140635861968,0.13581906358619678,True,2.330058775537388,point_all,point,july,{},9.320235102149551
2026-07-23,highest-temperature-in-seoul-on-july-23-2026-29c,29°C,0.522495,0.4385378997507724,-0.08395710024922765,False,-1.0,point_all,point,july,{},-4.0
2026-07-24,highest-temperature-in-seoul-on-july-24-2026-30c,30°C,0.22343875,0.5308512849758401,0.3074125349758401,False,-1.0,point_all,point,july,{},-4.0
2026-07-25,highest-temperature-in-seoul-on-july-25-2026-31c,31°C,0.6020949999999999,0.5201067161719495,-0.08198828382805046,True,0.6608674710801454,point_all,point,july,{},2.6434698843205817
2026-02-01,highest-temperature-in-seoul-on-february-1-2c,2°C,0.035,0.5019521264926332,0.4669521264926332,False,-1.0,probability_all,probability,february,{},-4.0
2026-02-02,highest-temperature-in-seoul-on-february-2-0c,0°C,0.85,0.564553988987968,-0.28544601101203193,True,0.17647058823529416,probability_all,probability,february,{},0.7058823529411766
2026-02-03,highest-temperature-in-seoul-on-february-3-2026-4corhigher,4°C or higher,0.0635,0.8278498255428757,0.7643498255428757,False,-1.0,probability_all,probability,february,{},-4.0
2026-02-04,highest-temperature-in-seoul-on-february-4-2026-7corhigher,7°C or higher,0.044000000000000004,0.6428831768566541,0.598883176856654,True,21.727272727272727,probability_all,probability,february,{},86.9090909090909
2026-02-05,highest-temperature-in-seoul-on-february-5-2026-8corhigher,8°C or higher,0.71,0.8825418587320526,0.17254185873205263,True,0.40845070422535223,probability_all,probability,february,{},1.633802816901409
2026-02-06,highest-temperature-in-seoul-on-february-6-2026-neg-4c,-4°C,0.895,0.5406380039630087,-0.35436199603699137,True,0.11731843575418988,probability_all,probability,february,{},0.4692737430167595
2026-02-07,highest-temperature-in-seoul-on-february-7-2026-neg-6c,-6°C,0.135,0.5116834370461321,0.37668343704613205,False,-1.0,probability_all,probability,february,{},-4.0
2026-02-08,highest-temperature-in-seoul-on-february-8-2026-neg-4c,-4°C,0.425,0.32734607908847224,-0.09765392091152775,True,1.3529411764705883,probability_all,probability,february,{},5.411764705882353
2026-02-09,highest-temperature-in-seoul-on-february-9-2026-2c,2°C,0.425,0.37013177320226676,-0.05486822679773323,True,1.3529411764705883,probability_all,probability,february,{},5.411764705882353
2026-02-10,highest-temperature-in-seoul-on-february-10-2026-3c,3°C,0.505,0.3708168423157989,-0.13418315768420108,True,0.9801980198019802,probability_all,probability,february,{},3.9207920792079207
2026-02-11,highest-temperature-in-seoul-on-february-11-2026-4c,4°C,0.49,0.3358664143172112,-0.1541335856827888,True,1.0408163265306123,probability_all,probability,february,{},4.163265306122449
2026-02-12,highest-temperature-in-seoul-on-february-12-2026-6c,6°C,0.45,0.3508923180070178,-0.0991076819929822,False,-1.0,probability_all,probability,february,{},-4.0
2026-02-13,highest-temperature-in-seoul-on-february-13-2026-9corhigher,9°C or higher,0.47000000000000003,0.8904206179434782,0.4204206179434781,True,1.127659574468085,probability_all,probability,february,{},4.51063829787234
2026-02-14,highest-temperature-in-seoul-on-february-14-2026-11corhigher,11°C or higher,0.072,0.6950768859089108,0.6230768859089109,True,12.88888888888889,probability_all,probability,february,{},51.55555555555556
2026-02-15,highest-temperature-in-seoul-on-february-15-2026-9corhigher,9°C or higher,0.5650000000000001,0.6102244744270748,0.04522447442707478,False,-1.0,probability_all,probability,february,{},-4.0
2026-02-16,highest-temperature-in-seoul-on-february-16-2026-4c,4°C,0.22,0.3962215916290958,0.17622159162909581,False,-1.0,probability_all,probability,february,{},-4.0
2026-02-17,highest-temperature-in-seoul-on-february-17-2026-5c,5°C,0.52,0.5078467981624923,-0.012153201837507677,False,-1.0,probability_all,probability,february,{},-4.0
2026-02-18,highest-temperature-in-seoul-on-february-18-2026-5c,5°C,0.46,0.5289705007533507,0.0689705007533507,False,-1.0,probability_all,probability,february,{},-4.0
2026-02-19,highest-temperature-in-seoul-on-february-19-2026-6c,6°C,0.315,0.5007260513413885,0.18572605134138848,False,-1.0,probability_all,probability,february,{},-4.0
2026-02-20,highest-temperature-in-seoul-on-february-20-2026-10c,10°C,0.615,0.33533662465353786,-0.27966337534646213,False,-1.0,probability_all,probability,february,{},-4.0
2026-02-21,highest-temperature-in-seoul-on-february-21-2026-14corhigher,14°C or higher,0.75,0.9165827273067936,0.16658272730679358,True,0.33333333333333326,probability_all,probability,february,{},1.333333333333333
2026-02-23,highest-temperature-in-seoul-on-february-23-2026-4c,4°C,0.51,0.5307576239374682,0.02075762393746816,True,0.9607843137254901,probability_all,probability,february,{},3.8431372549019605
2026-02-24,highest-temperature-in-seoul-on-february-24-2026-6c,6°C,0.095,0.3306909742388555,0.23569097423885552,False,-1.0,probability_all,probability,february,{},-4.0
2026-02-25,highest-temperature-in-seoul-on-february-25-2026-9c,9°C,0.0955,0.34215254663859374,0.24665254663859373,False,-1.0,probability_all,probability,february,{},-4.0
2026-02-26,highest-temperature-in-seoul-on-february-26-2026-11c,11°C,0.35000000000000003,0.4378463402734908,0.08784634027349075,True,1.8571428571428568,probability_all,probability,february,{},7.428571428571427
2026-02-27,highest-temperature-in-seoul-on-february-27-2026-13corhigher,13°C or higher,0.58,0.7482137727899805,0.1682137727899805,True,0.7241379310344829,probability_all,probability,february,{},2.8965517241379315
2026-02-28,highest-temperature-in-seoul-on-february-28-2026-11c,11°C,0.165,0.34235547065006716,0.17735547065006715,False,-1.0,probability_all,probability,february,{},-4.0
2026-03-01,highest-temperature-in-seoul-on-march-1-2026-13c,13°C,0.24200000000000002,0.40726792419422897,0.16526792419422895,False,-1.0,probability_all,probability,march,{},-4.0
2026-03-02,highest-temperature-in-seoul-on-march-2-2026-6c,6°C,0.855,0.4093815273615588,-0.4456184726384412,True,0.16959064327485374,probability_all,probability,march,{},0.678362573099415
2026-03-03,highest-temperature-in-seoul-on-march-3-2026-10c,10°C,0.35000000000000003,0.4009305432006507,0.05093054320065066,True,1.8571428571428568,probability_all,probability,march,{},7.428571428571427
2026-03-04,highest-temperature-in-seoul-on-march-4-2026-8c,8°C,0.28500000000000003,0.45470350598019943,0.1697035059801994,False,-1.0,probability_all,probability,march,{},-4.0
2026-03-05,highest-temperature-in-seoul-on-march-5-2026-9c,9°C,0.45,0.47952640380033024,0.029526403800330225,False,-1.0,probability_all,probability,march,{},-4.0
2026-03-06,highest-temperature-in-seoul-on-march-6-2026-5c,5°C,0.47500000000000003,0.47848847818821705,0.0034884781882170146,False,-1.0,probability_all,probability,march,{},-4.0
2026-03-07,highest-temperature-in-seoul-on-march-7-2026-4c,4°C,0.455,0.4190490171610497,-0.03595098283895032,False,-1.0,probability_all,probability,march,{},-4.0
2026-03-08,highest-temperature-in-seoul-on-march-8-2026-5c,5°C,0.495,0.4172447144146939,-0.07775528558530609,False,-1.0,probability_all,probability,march,{},-4.0
2026-03-09,highest-temperature-in-seoul-on-march-9-2026-8c,8°C,0.27,0.4710566767821721,0.2010566767821721,False,-1.0,probability_all,probability,march,{},-4.0
2026-03-10,highest-temperature-in-seoul-on-march-10-2026-7c,7°C,0.455,0.5061399465540406,0.05113994655404058,True,1.1978021978021975,probability_all,probability,march,{},4.79120879120879
2026-03-11,highest-temperature-in-seoul-on-march-11-2026-8c,8°C,0.275,0.3742537963446443,0.09925379634464426,False,-1.0,probability_all,probability,march,{},-4.0
2026-03-12,highest-temperature-in-seoul-on-march-12-2026-11c,11°C,0.375,0.3593513292575709,-0.015648670742429094,True,1.6666666666666665,probability_all,probability,march,{},6.666666666666666
2026-03-13,highest-temperature-in-seoul-on-march-13-2026-12corhigher,12°C or higher,0.2,0.7440972926454228,0.5440972926454228,False,-1.0,probability_all,probability,march,{},-4.0
2026-03-14,highest-temperature-in-seoul-on-march-14-2026-10c,10°C,0.305,0.43429570932909634,0.12929570932909634,False,-1.0,probability_all,probability,march,{},-4.0
2026-03-15,highest-temperature-in-seoul-on-march-15-2026-10c,10°C,0.455,0.4479021671235447,-0.007097832876455323,True,1.1978021978021975,probability_all,probability,march,{},4.79120879120879
2026-03-16,highest-temperature-in-seoul-on-march-16-2026-11c,11°C,0.19,0.4944206840487698,0.3044206840487698,False,-1.0,probability_all,probability,march,{},-4.0
2026-03-17,highest-temperature-in-seoul-on-march-17-2026-12c,12°C,0.28,0.3953614597916905,0.11536145979169049,True,2.571428571428571,probability_all,probability,march,{},10.285714285714285
2026-03-18,highest-temperature-in-seoul-on-march-18-2026-8c,8°C,0.32,0.3522356916045914,0.03223569160459139,True,2.125,probability_all,probability,march,{},8.5
2026-03-19,highest-temperature-in-seoul-on-march-19-2026-9c,9°C,0.53,0.4712531272434585,-0.0587468727565415,True,0.8867924528301885,probability_all,probability,march,{},3.547169811320754
2026-03-20,highest-temperature-in-seoul-on-march-20-2026-11c,11°C,0.425,0.40088356062229147,-0.02411643937770852,True,1.3529411764705883,probability_all,probability,march,{},5.411764705882353
2026-03-21,highest-temperature-in-seoul-on-march-21-2026-11c,11°C,0.3,0.35702604369818547,0.05702604369818548,True,2.3333333333333335,probability_all,probability,march,{},9.333333333333334
2026-03-22,highest-temperature-in-seoul-on-march-22-2026-14corhigher,14°C or higher,0.785,0.7066824559663037,-0.07831754403369628,True,0.2738853503184713,probability_all,probability,march,{},1.095541401273885
2026-03-23,highest-temperature-in-seoul-on-march-23-2026-15c,15°C,0.295,0.31492324588306386,0.019923245883063878,True,2.3898305084745766,probability_all,probability,march,{},9.559322033898306
2026-03-24,highest-temperature-in-seoul-on-march-24-2026-15corhigher,15°C or higher,0.465,0.7311148307454206,0.2661148307454206,False,-1.0,probability_all,probability,march,{},-4.0
2026-03-25,highest-temperature-in-seoul-on-march-25-2026-14c,14°C,0.33,0.37043672807053757,0.04043672807053755,False,-1.0,probability_all,probability,march,{},-4.0
2026-03-26,highest-temperature-in-seoul-on-march-26-2026-11c,11°C,0.2285,0.472797084612206,0.24429708461220598,False,-1.0,probability_all,probability,march,{},-4.0
2026-03-27,highest-temperature-in-seoul-on-march-27-2026-10c,10°C,0.17,0.390287137186657,0.22028713718665696,False,-1.0,probability_all,probability,march,{},-4.0
2026-03-28,highest-temperature-in-seoul-on-march-28-2026-13c,13°C,0.27,0.4266836633721804,0.15668366337218037,False,-1.0,probability_all,probability,march,{},-4.0
2026-03-29,highest-temperature-in-seoul-on-march-29-2026-17corhigher,17°C or higher,0.222,0.6154834645495664,0.3934834645495664,False,-1.0,probability_all,probability,march,{},-4.0
2026-03-30,highest-temperature-in-seoul-on-march-30-2026-17c,17°C,0.27,0.3543961744783821,0.0843961744783821,False,-1.0,probability_all,probability,march,{},-4.0
2026-04-01,highest-temperature-in-seoul-on-april-1-2026-16corhigher,16°C or higher,0.1894438,0.6426636014863933,0.45321980148639335,False,-1.0,probability_all,probability,april,{},-4.0
2026-04-02,highest-temperature-in-seoul-on-april-2-2026-15c,15°C,0.17705500000000002,0.4224796969401995,0.24542469694019947,False,-1.0,probability_all,probability,april,{},-4.0
2026-04-03,highest-temperature-in-seoul-on-april-3-2026-17c,17°C,0.26449875,0.3684674178486221,0.10396866784862208,False,-1.0,probability_all,probability,april,{},-4.0
2026-04-04,highest-temperature-in-seoul-on-april-4-2026-17corhigher,17°C or higher,0.84188875,0.5827397858078243,-0.2591489641921757,True,0.1878053959029622,probability_all,probability,april,{},0.7512215836118488
2026-04-05,highest-temperature-in-seoul-on-april-5-2026-14c,14°C,0.26449875,0.36669824026709497,0.10219949026709496,False,-1.0,probability_all,probability,april,{},-4.0
2026-04-06,highest-temperature-in-seoul-on-april-6-2026-14c,14°C,0.09929875,0.4117302435823584,0.3124314935823584,True,9.070620224323065,probability_all,probability,april,{},36.28248089729226
2026-04-07,highest-temperature-in-seoul-on-april-7-2026-13c,13°C,0.3105,0.31139109972058404,0.0008910997205840432,False,-1.0,probability_all,probability,april,{},-4.0
2026-04-08,highest-temperature-in-seoul-on-april-8-2026-13c,13°C,0.22858,0.402991540610727,0.174411540610727,True,3.374835943652113,probability_all,probability,april,{},13.499343774608452
2026-04-09,highest-temperature-in-seoul-on-april-9-2026-13c,13°C,0.381655,0.3174770570159817,-0.0641779429840183,False,-1.0,probability_all,probability,april,{},-4.0
2026-04-10,highest-temperature-in-seoul-on-april-10-2026-12c,12°C,0.37151999999999996,0.3837649903423349,0.01224499034233495,True,1.6916451335055989,probability_all,probability,april,{},6.7665805340223955
2026-04-11,highest-temperature-in-seoul-on-april-11-2026-15c,15°C,0.36644875,0.3659331648080212,-0.0005155851919788068,False,-1.0,probability_all,probability,april,{},-4.0
2026-04-12,highest-temperature-in-seoul-on-april-12-2026-17c,17°C,0.13046875,0.27322091170748425,0.14275216170748425,False,-1.0,probability_all,probability,april,{},-4.0
2026-04-13,highest-temperature-in-seoul-on-april-13-2026-21c,21°C,0.18738000000000002,0.4124309506392211,0.22505095063922106,False,-1.0,probability_all,probability,april,{},-4.0
2026-04-14,highest-temperature-in-seoul-on-april-14-2026-23c,23°C,0.5921799999999999,0.3508684945801467,-0.24131150541985324,True,0.6886757404843125,probability_all,probability,april,{},2.75470296193725
2026-04-15,highest-temperature-in-seoul-on-april-15-2026-21corhigher,21°C or higher,0.9179302,0.8846536577509069,-0.033276542249093155,True,0.08940745167769837,probability_all,probability,april,{},0.3576298067107935
2026-04-16,highest-temperature-in-seoul-on-april-16-2026-23c,23°C,0.36137500000000006,0.33906354437492886,-0.022311455625071197,False,-1.0,probability_all,probability,april,{},-4.0
2026-04-17,highest-temperature-in-seoul-on-april-17-2026-16c,16°C,0.17705500000000002,0.38445396945805904,0.20739896945805902,False,-1.0,probability_all,probability,april,{},-4.0
2026-04-18,highest-temperature-in-seoul-on-april-18-2026-19c,19°C,0.05498718750000001,0.5138943089557142,0.4589071214557142,False,-1.0,probability_all,probability,april,{},-4.0
2026-04-19,highest-temperature-in-seoul-on-april-19-2026-21c,21°C,0.1128168,0.55684866869027,0.44403186869027006,False,-1.0,probability_all,probability,april,{},-4.0
2026-04-20,highest-temperature-in-seoul-on-april-20-2026-16c,16°C,0.09929875,0.4575683994240249,0.3582696494240249,False,-1.0,probability_all,probability,april,{},-4.0
2026-04-21,highest-temperature-in-seoul-on-april-21-2026-15c,15°C,0.3105,0.4173064453145329,0.10680644531453293,False,-1.0,probability_all,probability,april,{},-4.0
2026-04-22,highest-temperature-in-seoul-on-april-22-2026-16c,16°C,0.33596875000000004,0.36304441863883513,0.027075668638835093,False,-1.0,probability_all,probability,april,{},-4.0
2026-04-23,highest-temperature-in-seoul-on-april-23-2026-22c,22°C,0.21829500000000002,0.3373782862858079,0.11908328628580789,True,3.580956961909343,probability_all,probability,april,{},14.323827847637371
2026-04-24,highest-temperature-in-seoul-on-april-24-2026-21corhigher,21°C or higher,0.9719314875,0.936620598087039,-0.03531088941296101,True,0.02887910604912869,probability_all,probability,april,{},0.11551642419651476
2026-04-25,highest-temperature-in-seoul-on-april-25-2026-21corhigher,21°C or higher,0.856375,0.6215446821372246,-0.23483031786277542,False,-1.0,probability_all,probability,april,{},-4.0
2026-04-26,highest-temperature-in-seoul-on-april-26-2026-20corhigher,20°C or higher,0.9428200000000001,0.9362999245311652,-0.006520075468834929,True,0.060647843702933635,probability_all,probability,april,{},0.24259137481173454
2026-04-27,highest-temperature-in-seoul-on-april-27-2026-19c,19°C,0.45734875,0.40739325803407594,-0.04995549196592408,True,1.1865152140461737,probability_all,probability,april,{},4.746060856184695
2026-04-28,highest-temperature-in-seoul-on-april-28-2026-17c,17°C,0.18221875,0.3985937221158586,0.21637497211585857,False,-1.0,probability_all,probability,april,{},-4.0
2026-04-29,highest-temperature-in-seoul-on-april-29-2026-18c,18°C,0.33596875000000004,0.3271016497688973,-0.008867100231102765,True,1.9764673053669424,probability_all,probability,april,{},7.9058692214677695
2026-04-30,highest-temperature-in-seoul-on-april-30-2026-19c,19°C,0.279855,0.343428306009328,0.06357330600932798,True,2.5732790194922366,probability_all,probability,april,{},10.293116077968946
2026-05-01,highest-temperature-in-seoul-on-may-1-2026-19c,19°C,0.32578875,0.3741041313217126,0.04831538132171259,True,2.0694737003656507,probability_all,probability,may,{},8.277894801462603
2026-05-02,highest-temperature-in-seoul-on-may-2-2026-19c,19°C,0.25424875,0.3787176141185294,0.12446886411852937,False,-1.0,probability_all,probability,may,{},-4.0
2026-05-03,highest-temperature-in-seoul-on-may-3-2026-14c,14°C,0.5125,0.424783015031598,-0.08771698496840197,False,-1.0,probability_all,probability,may,{},-4.0
2026-05-04,highest-temperature-in-seoul-on-may-4-2026-20corhigher,20°C or higher,0.0309314875,0.3820656860612972,0.3511341985612972,False,-1.0,probability_all,probability,may,{},-4.0
2026-05-05,highest-temperature-in-seoul-on-may-5-2026-19c,19°C,0.37658874999999997,0.3346301530058596,-0.041958596994140396,False,-1.0,probability_all,probability,may,{},-4.0
2026-05-06,highest-temperature-in-seoul-on-may-6-2026-21corhigher,21°C or higher,0.641655,0.7094796773855279,0.06782467738552789,True,0.5584698942578177,probability_all,probability,may,{},2.2338795770312707
2026-05-07,highest-temperature-in-seoul-on-may-7-2026-18c,18°C,0.2434754875,0.40436481079735165,0.16088932329735164,False,-1.0,probability_all,probability,may,{},-4.0
2026-05-08,highest-temperature-in-seoul-on-may-8-2026-19c,19°C,0.51749875,0.4175996370166501,-0.09989911298334991,False,-1.0,probability_all,probability,may,{},-4.0
2026-05-09,highest-temperature-in-seoul-on-may-9-2026-20c,20°C,0.42713875,0.5404803382045689,0.11334158820456885,True,1.341159634896155,probability_all,probability,may,{},5.36463853958462
2026-05-10,highest-temperature-in-seoul-on-may-10-2026-21c,21°C,0.41704875,0.4239638487389382,0.006915098738938197,False,-1.0,probability_all,probability,may,{},-4.0
2026-05-12,highest-temperature-in-seoul-on-may-12-2026-20c,20°C,0.5623750000000001,0.37362142203303156,-0.1887535779669685,False,-1.0,probability_all,probability,may,{},-4.0
2026-05-13,highest-temperature-in-seoul-on-may-13-2026-21c,21°C,0.43721875,0.45728411930474894,0.020065369304748948,False,-1.0,probability_all,probability,may,{},-4.0
2026-05-14,highest-temperature-in-seoul-on-may-14-2026-26c,26°C,0.27473875000000003,0.46962418759852687,0.19488543759852683,True,2.639821466757055,probability_all,probability,may,{},10.55928586702822
2026-05-15,highest-temperature-in-seoul-on-may-15-2026-25c,25°C,0.15637500000000001,0.4861289685444746,0.3297539685444746,False,-1.0,probability_all,probability,may,{},-4.0
2026-05-16,highest-temperature-in-seoul-on-may-16-2026-25c,25°C,0.21829500000000002,0.551993322825144,0.333698322825144,False,-1.0,probability_all,probability,may,{},-4.0
2026-05-21,highest-temperature-in-seoul-on-may-21-2026-19c,19°C,0.40694875,0.3357833642411549,-0.07116538575884512,False,-1.0,probability_all,probability,may,{},-4.0
2026-05-22,highest-temperature-in-seoul-on-may-22-2026-24c,24°C,0.08888874999999999,0.37453425311256716,0.2856455031125672,False,-1.0,probability_all,probability,may,{},-4.0
2026-05-23,highest-temperature-in-seoul-on-may-23-2026-22c,22°C,0.5125,0.4005061905328624,-0.11199380946713755,True,0.9512195121951221,probability_all,probability,may,{},3.8048780487804885
2026-05-24,highest-temperature-in-seoul-on-may-24-2026-25corhigher,25°C or higher,0.9847872,0.9547085009786423,-0.030078699021357624,False,-1.0,probability_all,probability,may,{},-4.0
2026-05-25,highest-temperature-in-seoul-on-may-25-2026-27c,27°C,0.43218,0.4414249714575831,0.009244971457583073,True,1.3138507103521682,probability_all,probability,may,{},5.255402841408673
2026-05-26,highest-temperature-in-seoul-on-may-26-2026-25corhigher,25°C or higher,0.990495,1.0,0.009504999999999986,True,0.009596211995012593,probability_all,probability,may,{},0.038384847980050374
2026-05-27,highest-temperature-in-seoul-on-may-27-2026-23c,23°C,0.49748875,0.3364026656149018,-0.1610860843850982,False,-1.0,probability_all,probability,may,{},-4.0
2026-05-28,highest-temperature-in-seoul-on-may-28-2026-24c,24°C,0.29518875000000006,0.340049767290692,0.04486101729069192,False,-1.0,probability_all,probability,may,{},-4.0
2026-05-29,highest-temperature-in-seoul-on-may-29-2026-25c,25°C,0.24398875,0.3296078137931053,0.08561906379310527,True,3.098549625751187,probability_all,probability,may,{},12.394198503004748
2026-05-30,highest-temperature-in-seoul-on-may-30-2026-25c,25°C,0.35629875000000005,0.3927397103432452,0.03644096034324512,False,-1.0,probability_all,probability,may,{},-4.0
2026-05-31,highest-temperature-in-seoul-on-may-31-2026-27c,27°C,0.48746875,0.39431963227340067,-0.09314911772659934,True,1.051413552150779,probability_all,probability,may,{},4.205654208603116
2026-06-01,highest-temperature-in-seoul-on-june-1-2026-26c,26°C,0.40694875,0.4313643387582135,0.02441558875821348,False,-1.0,probability_all,probability,june,{},-4.0
2026-06-02,highest-temperature-in-seoul-on-june-2-2026-27c,27°C,0.19253875,0.3611070122328363,0.1685682622328363,False,-1.0,probability_all,probability,june,{},-4.0
2026-06-03,highest-temperature-in-seoul-on-june-3-2026-26c,26°C,0.18738000000000002,0.4211713609267367,0.23379136092673666,False,-1.0,probability_all,probability,june,{},-4.0
2026-06-04,highest-temperature-in-seoul-on-june-4-2026-26c,26°C,0.612,0.4883070065612948,-0.12369299343870521,True,0.6339869281045751,probability_all,probability,june,{},2.5359477124183005
2026-06-05,highest-temperature-in-seoul-on-june-5-2026-24c,24°C,0.43218,0.3553122752188654,-0.07686772478113463,False,-1.0,probability_all,probability,june,{},-4.0
2026-06-06,highest-temperature-in-seoul-on-june-6-2026-25corhigher,25°C or higher,0.8031487500000001,0.9415906511984297,0.13844190119842958,False,-1.0,probability_all,probability,june,{},-4.0
2026-06-07,highest-temperature-in-seoul-on-june-7-2026-26c,26°C,0.135655,0.3705641749664551,0.2349091749664551,False,-1.0,probability_all,probability,june,{},-4.0
2026-06-08,highest-temperature-in-seoul-on-june-8-2026-24c,24°C,0.32578875,0.33382077879040595,0.008032028790405932,True,2.0694737003656507,probability_all,probability,june,{},8.277894801462603
2026-06-09,highest-temperature-in-seoul-on-june-9-2026-25c,25°C,0.41200000000000003,0.41983310100025384,0.007833101000253806,True,1.4271844660194173,probability_all,probability,june,{},5.708737864077669
2026-06-10,highest-temperature-in-seoul-on-june-10-2026-24c,24°C,0.20284875,0.41099555057793674,0.20814680057793675,False,-1.0,probability_all,probability,june,{},-4.0
2026-06-11,highest-temperature-in-seoul-on-june-11-2026-24c,24°C,0.20284875,0.4161126061653726,0.2132638561653726,False,-1.0,probability_all,probability,june,{},-4.0
2026-06-12,highest-temperature-in-seoul-on-june-12-2026-25c,25°C,0.46739875000000003,0.4632857952887631,-0.004112954711236905,False,-1.0,probability_all,probability,june,{},-4.0
2026-06-13,highest-temperature-in-seoul-on-june-13-2026-27c,27°C,0.32578875,0.4262544817308555,0.10046573173085549,True,2.0694737003656507,probability_all,probability,june,{},8.277894801462603
2026-06-14,highest-temperature-in-seoul-on-june-14-2026-26c,26°C,0.57232,0.4052966149343433,-0.16702338506565673,True,0.74727425216662,probability_all,probability,june,{},2.98909700866648
2026-06-15,highest-temperature-in-seoul-on-june-15-2026-27c,27°C,0.07846875,0.42264203273964795,0.344173282739648,False,-1.0,probability_all,probability,june,{},-4.0
2026-06-16,highest-temperature-in-seoul-on-june-16-2026-28c,28°C,0.341055,0.3741455387214899,0.033090538721489926,False,-1.0,probability_all,probability,june,{},-4.0
2026-06-17,highest-temperature-in-seoul-on-june-17-2026-30c,30°C,0.5119999875,0.5234337861179803,0.011433798617980329,True,0.953125047683717,probability_all,probability,june,{},3.812500190734868
2026-06-18,highest-temperature-in-seoul-on-june-18-2026-28c,28°C,0.43721875,0.37771591363592,-0.05950283636407999,True,1.2871846186834395,probability_all,probability,june,{},5.148738474733758
2026-06-19,highest-temperature-in-seoul-on-june-19-2026-30c,30°C,0.65644875,0.4034011520636185,-0.25304759793638154,False,-1.0,probability_all,probability,june,{},-4.0
2026-06-20,highest-temperature-in-seoul-on-june-20-2026-24c,24°C,0.83221875,0.3575665668966653,-0.4746521831033347,True,0.20160714956253978,probability_all,probability,june,{},0.8064285982501591
2026-06-21,highest-temperature-in-seoul-on-june-21-2026-27c,27°C,0.35629875000000005,0.4525695745075026,0.09627082450750257,True,1.8066334782257862,probability_all,probability,june,{},7.226533912903145
2026-06-22,highest-temperature-in-seoul-on-june-22-2026-27c,27°C,0.40694875,0.46011996919762627,0.05317121919762624,True,1.4573118850960962,probability_all,probability,june,{},5.829247540384385
2026-06-23,highest-temperature-in-seoul-on-june-23-2026-30c,30°C,0.44728875,0.3864228043861724,-0.06086594561382763,True,1.2356922681377522,probability_all,probability,june,{},4.942769072551009
2026-06-24,highest-temperature-in-seoul-on-june-24-2026-28c,28°C,0.45734875,0.3949478741177798,-0.06240087588222021,False,-1.0,probability_all,probability,june,{},-4.0
2026-06-25,highest-temperature-in-seoul-on-june-25-2026-27c,27°C,0.24398875,0.4070263336292211,0.16303758362922108,False,-1.0,probability_all,probability,june,{},-4.0
2026-06-26,highest-temperature-in-seoul-on-june-26-2026-26c,26°C,0.16672,0.4978568952449987,0.3311368952449987,False,-1.0,probability_all,probability,june,{},-4.0
2026-06-27,highest-temperature-in-seoul-on-june-27-2026-29c,29°C,0.40694875,0.4511014744949673,0.044152724494967266,False,-1.0,probability_all,probability,june,{},-4.0
2026-06-28,highest-temperature-in-seoul-on-june-28-2026-28c,28°C,0.49748875,0.4600297254062189,-0.03745902459378109,False,-1.0,probability_all,probability,june,{},-4.0
2026-06-29,highest-temperature-in-seoul-on-june-29-2026-27c,27°C,0.442255,0.35011018652322085,-0.09214481347677916,False,-1.0,probability_all,probability,june,{},-4.0
2026-06-30,highest-temperature-in-seoul-on-june-30-2026-28c,28°C,0.5822550000000001,0.40698547658075335,-0.17526952341924673,True,0.7174605628118262,probability_all,probability,june,{},2.869842251247305
2026-07-01,highest-temperature-in-seoul-on-july-1-2026-31c,31°C,0.24912,0.4025232920858616,0.15340329208586156,False,-1.0,probability_all,probability,july,{},-4.0
2026-07-02,highest-temperature-in-seoul-on-july-2-2026-27c,27°C,0.42713875,0.39972024096587877,-0.02741850903412124,False,-1.0,probability_all,probability,july,{},-4.0
2026-07-03,highest-temperature-in-seoul-on-july-3-2026-27c,27°C,0.39683875,0.48261294290743173,0.08577419290743171,False,-1.0,probability_all,probability,july,{},-4.0
2026-07-04,highest-temperature-in-seoul-on-july-4-2026-28c,28°C,0.53746875,0.5519565830779698,0.014487833077969747,True,0.8605732891447175,probability_all,probability,july,{},3.44229315657887
2026-07-05,highest-temperature-in-seoul-on-july-5-2026-28c,28°C,0.42209500000000005,0.3904412706214943,-0.031653729378505746,False,-1.0,probability_all,probability,july,{},-4.0
2026-07-06,highest-temperature-in-seoul-on-july-6-2026-27c,27°C,0.33088,0.39568616852733335,0.06480616852733334,False,-1.0,probability_all,probability,july,{},-4.0
2026-07-07,highest-temperature-in-seoul-on-july-7-2026-30corhigher,30°C or higher,0.53946355,0.7650574467372931,0.22559389673729313,True,0.8536933588932931,probability_all,probability,july,{},3.4147734355731725
2026-07-08,highest-temperature-in-seoul-on-july-8-2026-28c,28°C,0.914095,0.5249825001725393,-0.38911249982746066,True,0.09397819701453347,probability_all,probability,july,{},0.3759127880581339
2026-07-09,highest-temperature-in-seoul-on-july-9-2026-26c,26°C,0.37658874999999997,0.3969807018635354,0.02039195186353543,False,-1.0,probability_all,probability,july,{},-4.0
2026-07-10,highest-temperature-in-seoul-on-july-10-2026-29c,29°C,0.25424875,0.44352055438068466,0.18927180438068464,False,-1.0,probability_all,probability,july,{},-4.0
2026-07-11,highest-temperature-in-seoul-on-july-11-2026-33corhigher,33°C or higher,0.14705595000000002,0.6386804823085153,0.4916245323085152,False,-1.0,probability_all,probability,july,{},-4.0
2026-07-12,highest-temperature-in-seoul-on-july-12-2026-34corhigher,34°C or higher,0.89008875,0.6513485004522747,-0.23874024954772533,True,0.12348347285593708,probability_all,probability,july,{},0.49393389142374833
2026-07-13,highest-temperature-in-seoul-on-july-13-2026-33c,33°C,0.49248,0.3906699038640739,-0.10181009613592606,False,-1.0,probability_all,probability,july,{},-4.0
2026-07-14,highest-temperature-in-seoul-on-july-14-2026-32c,32°C,0.65644875,0.42411089404405344,-0.23233785595594658,True,0.5233481669361089,probability_all,probability,july,{},2.0933926677444354
2026-07-15,highest-temperature-in-seoul-on-july-15-2026-27c,27°C,0.259375,0.34492085405345263,0.08554585405345261,False,-1.0,probability_all,probability,july,{},-4.0
2026-07-16,highest-temperature-in-seoul-on-july-16-2026-29c,29°C,0.47242,0.4528227319325152,-0.019597268067484797,False,-1.0,probability_all,probability,july,{},-4.0
2026-07-17,highest-temperature-in-seoul-on-july-17-2026-30c,30°C,0.381655,0.34757369189382376,-0.03408130810617627,False,-1.0,probability_all,probability,july,{},-4.0
2026-07-18,highest-temperature-in-seoul-on-july-18-2026-26c,26°C,0.20284875,0.4087413116836831,0.2058925616836831,True,3.9297814258160333,probability_all,probability,july,{},15.719125703264133
2026-07-20,highest-temperature-in-seoul-on-july-20-2026-25c,25°C,0.31559875,0.43690057069490024,0.12130182069490025,False,-1.0,probability_all,probability,july,{},-4.0
2026-07-21,highest-temperature-in-seoul-on-july-21-2026-27c,27°C,0.8031487500000001,0.5103080004635204,-0.29284074953647965,True,0.2450993667113346,probability_all,probability,july,{},0.9803974668453384
2026-07-22,highest-temperature-in-seoul-on-july-22-2026-27c,27°C,0.30029500000000003,0.4361140635861968,0.13581906358619678,True,2.330058775537388,probability_all,probability,july,{},9.320235102149551
2026-07-23,highest-temperature-in-seoul-on-july-23-2026-29c,29°C,0.522495,0.4385378997507724,-0.08395710024922765,False,-1.0,probability_all,probability,july,{},-4.0
2026-07-24,highest-temperature-in-seoul-on-july-24-2026-30c,30°C,0.22343875,0.5308512849758401,0.3074125349758401,False,-1.0,probability_all,probability,july,{},-4.0
2026-07-25,highest-temperature-in-seoul-on-july-25-2026-31c,31°C,0.6020949999999999,0.5201067161719495,-0.08198828382805046,True,0.6608674710801454,probability_all,probability,july,{},2.6434698843205817
2026-02-01,highest-temperature-in-seoul-on-february-1-2c,2°C,0.035,0.5019521264926332,0.4669521264926332,False,-1.0,point_price_cap,point,february,"{""max_price"":0.6}",-4.0
2026-02-03,highest-temperature-in-seoul-on-february-3-2026-4corhigher,4°C or higher,0.0635,0.8278498255428757,0.7643498255428757,False,-1.0,point_price_cap,point,february,"{""max_price"":0.6}",-4.0
2026-02-04,highest-temperature-in-seoul-on-february-4-2026-7corhigher,7°C or higher,0.044000000000000004,0.6428831768566541,0.598883176856654,True,21.727272727272727,point_price_cap,point,february,"{""max_price"":0.6}",86.9090909090909
2026-02-07,highest-temperature-in-seoul-on-february-7-2026-neg-6c,-6°C,0.135,0.5116834370461321,0.37668343704613205,False,-1.0,point_price_cap,point,february,"{""max_price"":0.6}",-4.0
2026-02-08,highest-temperature-in-seoul-on-february-8-2026-neg-5c,-5°C,0.049,0.3169720113096047,0.2679720113096047,False,-1.0,point_price_cap,point,february,"{""max_price"":0.6}",-4.0
2026-02-09,highest-temperature-in-seoul-on-february-9-2026-1c,1°C,0.2,0.33878913353698126,0.13878913353698125,False,-1.0,point_price_cap,point,february,"{""max_price"":0.6}",-4.0
2026-02-10,highest-temperature-in-seoul-on-february-10-2026-3c,3°C,0.505,0.3708168423157989,-0.13418315768420108,True,0.9801980198019802,point_price_cap,point,february,"{""max_price"":0.6}",3.9207920792079207
2026-02-11,highest-temperature-in-seoul-on-february-11-2026-4c,4°C,0.49,0.3358664143172112,-0.1541335856827888,True,1.0408163265306123,point_price_cap,point,february,"{""max_price"":0.6}",4.163265306122449
2026-02-12,highest-temperature-in-seoul-on-february-12-2026-6c,6°C,0.45,0.3508923180070178,-0.0991076819929822,False,-1.0,point_price_cap,point,february,"{""max_price"":0.6}",-4.0
2026-02-13,highest-temperature-in-seoul-on-february-13-2026-9corhigher,9°C or higher,0.47000000000000003,0.8904206179434782,0.4204206179434781,True,1.127659574468085,point_price_cap,point,february,"{""max_price"":0.6}",4.51063829787234
2026-02-14,highest-temperature-in-seoul-on-february-14-2026-11corhigher,11°C or higher,0.072,0.6950768859089108,0.6230768859089109,True,12.88888888888889,point_price_cap,point,february,"{""max_price"":0.6}",51.55555555555556
2026-02-15,highest-temperature-in-seoul-on-february-15-2026-9corhigher,9°C or higher,0.5650000000000001,0.6102244744270748,0.04522447442707478,False,-1.0,point_price_cap,point,february,"{""max_price"":0.6}",-4.0
2026-02-16,highest-temperature-in-seoul-on-february-16-2026-4c,4°C,0.22,0.3962215916290958,0.17622159162909581,False,-1.0,point_price_cap,point,february,"{""max_price"":0.6}",-4.0
2026-02-17,highest-temperature-in-seoul-on-february-17-2026-5c,5°C,0.52,0.5078467981624923,-0.012153201837507677,False,-1.0,point_price_cap,point,february,"{""max_price"":0.6}",-4.0
2026-02-18,highest-temperature-in-seoul-on-february-18-2026-5c,5°C,0.46,0.5289705007533507,0.0689705007533507,False,-1.0,point_price_cap,point,february,"{""max_price"":0.6}",-4.0
2026-02-19,highest-temperature-in-seoul-on-february-19-2026-6c,6°C,0.315,0.5007260513413885,0.18572605134138848,False,-1.0,point_price_cap,point,february,"{""max_price"":0.6}",-4.0
2026-02-23,highest-temperature-in-seoul-on-february-23-2026-4c,4°C,0.51,0.5307576239374682,0.02075762393746816,True,0.9607843137254901,point_price_cap,point,february,"{""max_price"":0.6}",3.8431372549019605
2026-02-24,highest-temperature-in-seoul-on-february-24-2026-6c,6°C,0.095,0.3306909742388555,0.23569097423885552,False,-1.0,point_price_cap,point,february,"{""max_price"":0.6}",-4.0
2026-02-25,highest-temperature-in-seoul-on-february-25-2026-9c,9°C,0.0955,0.34215254663859374,0.24665254663859373,False,-1.0,point_price_cap,point,february,"{""max_price"":0.6}",-4.0
2026-02-26,highest-temperature-in-seoul-on-february-26-2026-11c,11°C,0.35000000000000003,0.4378463402734908,0.08784634027349075,True,1.8571428571428568,point_price_cap,point,february,"{""max_price"":0.6}",7.428571428571427
2026-02-27,highest-temperature-in-seoul-on-february-27-2026-13corhigher,13°C or higher,0.58,0.7482137727899805,0.1682137727899805,True,0.7241379310344829,point_price_cap,point,february,"{""max_price"":0.6}",2.8965517241379315
2026-02-28,highest-temperature-in-seoul-on-february-28-2026-12c,12°C,0.25,0.22000760435711278,-0.02999239564288722,True,3.0,point_price_cap,point,february,"{""max_price"":0.6}",12.0
2026-03-01,highest-temperature-in-seoul-on-march-1-2026-13c,13°C,0.24200000000000002,0.40726792419422897,0.16526792419422895,False,-1.0,point_price_cap,point,march,"{""max_price"":0.6}",-4.0
2026-03-02,highest-temperature-in-seoul-on-march-2-2026-7c,7°C,0.12,0.3482306645535439,0.2282306645535439,False,-1.0,point_price_cap,point,march,"{""max_price"":0.6}",-4.0
2026-03-03,highest-temperature-in-seoul-on-march-3-2026-9c,9°C,0.41500000000000004,0.35544445452893714,-0.0595555454710629,False,-1.0,point_price_cap,point,march,"{""max_price"":0.6}",-4.0
2026-03-04,highest-temperature-in-seoul-on-march-4-2026-8c,8°C,0.28500000000000003,0.45470350598019943,0.1697035059801994,False,-1.0,point_price_cap,point,march,"{""max_price"":0.6}",-4.0
2026-03-05,highest-temperature-in-seoul-on-march-5-2026-9c,9°C,0.45,0.47952640380033024,0.029526403800330225,False,-1.0,point_price_cap,point,march,"{""max_price"":0.6}",-4.0
2026-03-06,highest-temperature-in-seoul-on-march-6-2026-5c,5°C,0.47500000000000003,0.47848847818821705,0.0034884781882170146,False,-1.0,point_price_cap,point,march,"{""max_price"":0.6}",-4.0
2026-03-07,highest-temperature-in-seoul-on-march-7-2026-4c,4°C,0.455,0.4190490171610497,-0.03595098283895032,False,-1.0,point_price_cap,point,march,"{""max_price"":0.6}",-4.0
2026-03-08,highest-temperature-in-seoul-on-march-8-2026-5c,5°C,0.495,0.4172447144146939,-0.07775528558530609,False,-1.0,point_price_cap,point,march,"{""max_price"":0.6}",-4.0
2026-03-09,highest-temperature-in-seoul-on-march-9-2026-8c,8°C,0.27,0.4710566767821721,0.2010566767821721,False,-1.0,point_price_cap,point,march,"{""max_price"":0.6}",-4.0
2026-03-10,highest-temperature-in-seoul-on-march-10-2026-7c,7°C,0.455,0.5061399465540406,0.05113994655404058,True,1.1978021978021975,point_price_cap,point,march,"{""max_price"":0.6}",4.79120879120879
2026-03-11,highest-temperature-in-seoul-on-march-11-2026-8c,8°C,0.275,0.3742537963446443,0.09925379634464426,False,-1.0,point_price_cap,point,march,"{""max_price"":0.6}",-4.0
2026-03-12,highest-temperature-in-seoul-on-march-12-2026-11c,11°C,0.375,0.3593513292575709,-0.015648670742429094,True,1.6666666666666665,point_price_cap,point,march,"{""max_price"":0.6}",6.666666666666666
2026-03-13,highest-temperature-in-seoul-on-march-13-2026-12corhigher,12°C or higher,0.2,0.7440972926454228,0.5440972926454228,False,-1.0,point_price_cap,point,march,"{""max_price"":0.6}",-4.0
2026-03-14,highest-temperature-in-seoul-on-march-14-2026-10c,10°C,0.305,0.43429570932909634,0.12929570932909634,False,-1.0,point_price_cap,point,march,"{""max_price"":0.6}",-4.0
2026-03-15,highest-temperature-in-seoul-on-march-15-2026-10c,10°C,0.455,0.4479021671235447,-0.007097832876455323,True,1.1978021978021975,point_price_cap,point,march,"{""max_price"":0.6}",4.79120879120879
2026-03-16,highest-temperature-in-seoul-on-march-16-2026-11c,11°C,0.19,0.4944206840487698,0.3044206840487698,False,-1.0,point_price_cap,point,march,"{""max_price"":0.6}",-4.0
2026-03-17,highest-temperature-in-seoul-on-march-17-2026-12c,12°C,0.28,0.3953614597916905,0.11536145979169049,True,2.571428571428571,point_price_cap,point,march,"{""max_price"":0.6}",10.285714285714285
2026-03-18,highest-temperature-in-seoul-on-march-18-2026-8c,8°C,0.32,0.3522356916045914,0.03223569160459139,True,2.125,point_price_cap,point,march,"{""max_price"":0.6}",8.5
2026-03-19,highest-temperature-in-seoul-on-march-19-2026-9c,9°C,0.53,0.4712531272434585,-0.0587468727565415,True,0.8867924528301885,point_price_cap,point,march,"{""max_price"":0.6}",3.547169811320754
2026-03-20,highest-temperature-in-seoul-on-march-20-2026-11c,11°C,0.425,0.40088356062229147,-0.02411643937770852,True,1.3529411764705883,point_price_cap,point,march,"{""max_price"":0.6}",5.411764705882353
2026-03-21,highest-temperature-in-seoul-on-march-21-2026-11c,11°C,0.3,0.35702604369818547,0.05702604369818548,True,2.3333333333333335,point_price_cap,point,march,"{""max_price"":0.6}",9.333333333333334
2026-03-23,highest-temperature-in-seoul-on-march-23-2026-15c,15°C,0.295,0.31492324588306386,0.019923245883063878,True,2.3898305084745766,point_price_cap,point,march,"{""max_price"":0.6}",9.559322033898306
2026-03-24,highest-temperature-in-seoul-on-march-24-2026-15corhigher,15°C or higher,0.465,0.7311148307454206,0.2661148307454206,False,-1.0,point_price_cap,point,march,"{""max_price"":0.6}",-4.0
2026-03-25,highest-temperature-in-seoul-on-march-25-2026-14c,14°C,0.33,0.37043672807053757,0.04043672807053755,False,-1.0,point_price_cap,point,march,"{""max_price"":0.6}",-4.0
2026-03-26,highest-temperature-in-seoul-on-march-26-2026-12c,12°C,0.37,0.10234275278666456,-0.26765724721333545,False,-1.0,point_price_cap,point,march,"{""max_price"":0.6}",-4.0
2026-03-27,highest-temperature-in-seoul-on-march-27-2026-11c,11°C,0.302,0.2066352304163075,-0.0953647695836925,False,-1.0,point_price_cap,point,march,"{""max_price"":0.6}",-4.0
2026-03-28,highest-temperature-in-seoul-on-march-28-2026-14c,14°C,0.19,0.06279060792362857,-0.12720939207637144,False,-1.0,point_price_cap,point,march,"{""max_price"":0.6}",-4.0
2026-03-29,highest-temperature-in-seoul-on-march-29-2026-17corhigher,17°C or higher,0.222,0.6154834645495664,0.3934834645495664,False,-1.0,point_price_cap,point,march,"{""max_price"":0.6}",-4.0
2026-03-30,highest-temperature-in-seoul-on-march-30-2026-18c,18°C,0.15000000000000002,0.2199573406502896,0.06995734065028958,True,5.666666666666666,point_price_cap,point,march,"{""max_price"":0.6}",22.666666666666664
2026-04-01,highest-temperature-in-seoul-on-april-1-2026-16corhigher,16°C or higher,0.1894438,0.6426636014863933,0.45321980148639335,False,-1.0,point_price_cap,point,april,"{""max_price"":0.45}",-4.0
2026-04-02,highest-temperature-in-seoul-on-april-2-2026-15c,15°C,0.17705500000000002,0.4224796969401995,0.24542469694019947,False,-1.0,point_price_cap,point,april,"{""max_price"":0.45}",-4.0
2026-04-03,highest-temperature-in-seoul-on-april-3-2026-16c,16°C,0.43721875,0.23137366829106248,-0.2058450817089375,False,-1.0,point_price_cap,point,april,"{""max_price"":0.45}",-4.0
2026-04-05,highest-temperature-in-seoul-on-april-5-2026-13c,13°C,0.279855,0.3233281870803757,0.043473187080375675,False,-1.0,point_price_cap,point,april,"{""max_price"":0.45}",-4.0
2026-04-06,highest-temperature-in-seoul-on-april-6-2026-13c,13°C,0.33596875000000004,0.21222753772207983,-0.1237412122779202,False,-1.0,point_price_cap,point,april,"{""max_price"":0.45}",-4.0
2026-04-07,highest-temperature-in-seoul-on-april-7-2026-12c,12°C,0.40694875,0.28830261053990736,-0.11864613946009267,False,-1.0,point_price_cap,point,april,"{""max_price"":0.45}",-4.0
2026-04-08,highest-temperature-in-seoul-on-april-8-2026-13c,13°C,0.22858,0.402991540610727,0.174411540610727,True,3.374835943652113,point_price_cap,point,april,"{""max_price"":0.45}",13.499343774608452
2026-04-09,highest-temperature-in-seoul-on-april-9-2026-14c,14°C,0.16154875,0.28663762098533213,0.12508887098533214,False,-1.0,point_price_cap,point,april,"{""max_price"":0.45}",-4.0
2026-04-10,highest-temperature-in-seoul-on-april-10-2026-12c,12°C,0.37151999999999996,0.3837649903423349,0.01224499034233495,True,1.6916451335055989,point_price_cap,point,april,"{""max_price"":0.45}",6.7665805340223955
2026-04-11,highest-temperature-in-seoul-on-april-11-2026-14c,14°C,0.20800000000000002,0.2216994880967063,0.013699488096706292,False,-1.0,point_price_cap,point,april,"{""max_price"":0.45}",-4.0
2026-04-12,highest-temperature-in-seoul-on-april-12-2026-18c,18°C,0.22343875,0.18038564604414045,-0.04305310395585954,False,-1.0,point_price_cap,point,april,"{""max_price"":0.45}",-4.0
2026-04-13,highest-temperature-in-seoul-on-april-13-2026-22c,22°C,0.1915072,0.16096254381137065,-0.030544656188629338,False,-1.0,point_price_cap,point,april,"{""max_price"":0.45}",-4.0
2026-04-14,highest-temperature-in-seoul-on-april-14-2026-24corhigher,24°C or higher,0.341055,0.5562829724333258,0.2152279724333258,False,-1.0,point_price_cap,point,april,"{""max_price"":0.45}",-4.0
2026-04-16,highest-temperature-in-seoul-on-april-16-2026-23c,23°C,0.36137500000000006,0.33906354437492886,-0.022311455625071197,False,-1.0,point_price_cap,point,april,"{""max_price"":0.45}",-4.0
2026-04-17,highest-temperature-in-seoul-on-april-17-2026-17c,17°C,0.341055,0.23855950333721407,-0.10249549666278593,True,1.9320784037765169,point_price_cap,point,april,"{""max_price"":0.45}",7.728313615106067
2026-04-18,highest-temperature-in-seoul-on-april-18-2026-20c,20°C,0.12528,9.999999999990005e-13,-0.125279999999,False,-1.0,point_price_cap,point,april,"{""max_price"":0.45}",-4.0
2026-04-19,highest-temperature-in-seoul-on-april-19-2026-22c,22°C,0.41200000000000003,0.12335159315868369,-0.2886484068413163,False,-1.0,point_price_cap,point,april,"{""max_price"":0.45}",-4.0
2026-04-20,highest-temperature-in-seoul-on-april-20-2026-16c,16°C,0.09929875,0.4575683994240249,0.3582696494240249,False,-1.0,point_price_cap,point,april,"{""max_price"":0.45}",-4.0
2026-04-21,highest-temperature-in-seoul-on-april-21-2026-15c,15°C,0.3105,0.4173064453145329,0.10680644531453293,False,-1.0,point_price_cap,point,april,"{""max_price"":0.45}",-4.0
2026-04-22,highest-temperature-in-seoul-on-april-22-2026-16c,16°C,0.33596875000000004,0.36304441863883513,0.027075668638835093,False,-1.0,point_price_cap,point,april,"{""max_price"":0.45}",-4.0
2026-04-23,highest-temperature-in-seoul-on-april-23-2026-21c,21°C,0.28496875000000005,0.18249425622714188,-0.10247449377285817,False,-1.0,point_price_cap,point,april,"{""max_price"":0.45}",-4.0
2026-04-28,highest-temperature-in-seoul-on-april-28-2026-17c,17°C,0.18221875,0.3985937221158586,0.21637497211585857,False,-1.0,point_price_cap,point,april,"{""max_price"":0.45}",-4.0
2026-04-29,highest-temperature-in-seoul-on-april-29-2026-18c,18°C,0.33596875000000004,0.3271016497688973,-0.008867100231102765,True,1.9764673053669424,point_price_cap,point,april,"{""max_price"":0.45}",7.9058692214677695
2026-05-01,highest-temperature-in-seoul-on-may-1-2026-20corhigher,20°C or higher,0.29518875000000006,0.5380599977564045,0.2428712477564044,False,-1.0,point_price_cap,point,may,"{""max_price"":0.6}",-4.0
2026-05-02,highest-temperature-in-seoul-on-may-2-2026-19c,19°C,0.25424875,0.3787176141185294,0.12446886411852937,False,-1.0,point_price_cap,point,may,"{""max_price"":0.6}",-4.0
2026-05-03,highest-temperature-in-seoul-on-may-3-2026-14c,14°C,0.5125,0.424783015031598,-0.08771698496840197,False,-1.0,point_price_cap,point,may,"{""max_price"":0.6}",-4.0
2026-05-04,highest-temperature-in-seoul-on-may-4-2026-19c,19°C,0.18221875,0.29075623572697157,0.10853748572697156,False,-1.0,point_price_cap,point,may,"{""max_price"":0.6}",-4.0
2026-05-05,highest-temperature-in-seoul-on-may-5-2026-18c,18°C,0.36137500000000006,0.3194713037663394,-0.04190369623366064,True,1.7672085783465925,point_price_cap,point,may,"{""max_price"":0.6}",7.06883431338637
2026-05-07,highest-temperature-in-seoul-on-may-7-2026-18c,18°C,0.2434754875,0.40436481079735165,0.16088932329735164,False,-1.0,point_price_cap,point,may,"{""max_price"":0.6}",-4.0
2026-05-08,highest-temperature-in-seoul-on-may-8-2026-19c,19°C,0.51749875,0.4175996370166501,-0.09989911298334991,False,-1.0,point_price_cap,point,may,"{""max_price"":0.6}",-4.0
2026-05-09,highest-temperature-in-seoul-on-may-9-2026-20c,20°C,0.42713875,0.5404803382045689,0.11334158820456885,True,1.341159634896155,point_price_cap,point,may,"{""max_price"":0.6}",5.36463853958462
2026-05-10,highest-temperature-in-seoul-on-may-10-2026-21c,21°C,0.41704875,0.4239638487389382,0.006915098738938197,False,-1.0,point_price_cap,point,may,"{""max_price"":0.6}",-4.0
2026-05-12,highest-temperature-in-seoul-on-may-12-2026-20c,20°C,0.5623750000000001,0.37362142203303156,-0.1887535779669685,False,-1.0,point_price_cap,point,may,"{""max_price"":0.6}",-4.0
2026-05-13,highest-temperature-in-seoul-on-may-13-2026-21c,21°C,0.43721875,0.45728411930474894,0.020065369304748948,False,-1.0,point_price_cap,point,may,"{""max_price"":0.6}",-4.0
2026-05-14,highest-temperature-in-seoul-on-may-14-2026-27corhigher,27°C or higher,0.49598638749999996,0.2386039654168329,-0.2573824220831671,False,-1.0,point_price_cap,point,may,"{""max_price"":0.6}",-4.0
2026-05-21,highest-temperature-in-seoul-on-may-21-2026-18c,18°C,0.1817024875,0.3336724673390063,0.1519699798390063,False,-1.0,point_price_cap,point,may,"{""max_price"":0.6}",-4.0
2026-05-22,highest-temperature-in-seoul-on-may-22-2026-25c,25°C,0.31559875,0.25122578123417383,-0.06437296876582616,False,-1.0,point_price_cap,point,may,"{""max_price"":0.6}",-4.0
2026-05-23,highest-temperature-in-seoul-on-may-23-2026-23c,23°C,0.22343875,0.022457269958699684,-0.20098148004130031,False,-1.0,point_price_cap,point,may,"{""max_price"":0.6}",-4.0
2026-05-25,highest-temperature-in-seoul-on-may-25-2026-27c,27°C,0.43218,0.4414249714575831,0.009244971457583073,True,1.3138507103521682,point_price_cap,point,may,"{""max_price"":0.6}",5.255402841408673
2026-05-27,highest-temperature-in-seoul-on-may-27-2026-24c,24°C,0.43721875,0.32122259571450984,-0.11599615428549015,False,-1.0,point_price_cap,point,may,"{""max_price"":0.6}",-4.0
2026-05-28,highest-temperature-in-seoul-on-may-28-2026-23c,23°C,0.401895,0.18063623223278374,-0.22125876776721626,True,1.4882120951989948,point_price_cap,point,may,"{""max_price"":0.6}",5.952848380795979
2026-05-29,highest-temperature-in-seoul-on-may-29-2026-24c,24°C,0.26962,0.3178500203605921,0.048230020360592096,False,-1.0,point_price_cap,point,may,"{""max_price"":0.6}",-4.0
2026-05-30,highest-temperature-in-seoul-on-may-30-2026-25c,25°C,0.35629875000000005,0.3927397103432452,0.03644096034324512,False,-1.0,point_price_cap,point,may,"{""max_price"":0.6}",-4.0
2026-05-31,highest-temperature-in-seoul-on-may-31-2026-27c,27°C,0.48746875,0.39431963227340067,-0.09314911772659934,True,1.051413552150779,point_price_cap,point,may,"{""max_price"":0.6}",4.205654208603116
2026-06-01,highest-temperature-in-seoul-on-june-1-2026-26c,26°C,0.40694875,0.4313643387582135,0.02441558875821348,False,-1.0,point_price_cap,point,june,"{""max_price"":0.7}",-4.0
2026-06-02,highest-temperature-in-seoul-on-june-2-2026-28c,28°C,0.35122000000000003,0.30360803798787583,-0.0476119620121242,False,-1.0,point_price_cap,point,june,"{""max_price"":0.7}",-4.0
2026-06-03,highest-temperature-in-seoul-on-june-3-2026-27c,27°C,0.60704875,0.2929647691326397,-0.31408398086736034,True,0.6473141572237813,point_price_cap,point,june,"{""max_price"":0.7}",2.589256628895125
2026-06-04,highest-temperature-in-seoul-on-june-4-2026-26c,26°C,0.612,0.4883070065612948,-0.12369299343870521,True,0.6339869281045751,point_price_cap,point,june,"{""max_price"":0.7}",2.5359477124183005
2026-06-05,highest-temperature-in-seoul-on-june-5-2026-23c,23°C,0.25424875,0.3206066687236908,0.06635791872369079,True,2.933156013549722,point_price_cap,point,june,"{""max_price"":0.7}",11.732624054198888
2026-06-07,highest-temperature-in-seoul-on-june-7-2026-25c,25°C,0.238855,0.19328226296796752,-0.04557273703203249,False,-1.0,point_price_cap,point,june,"{""max_price"":0.7}",-4.0
2026-06-08,highest-temperature-in-seoul-on-june-8-2026-24c,24°C,0.32578875,0.33382077879040595,0.008032028790405932,True,2.0694737003656507,point_price_cap,point,june,"{""max_price"":0.7}",8.277894801462603
2026-06-09,highest-temperature-in-seoul-on-june-9-2026-25c,25°C,0.41200000000000003,0.41983310100025384,0.007833101000253806,True,1.4271844660194173,point_price_cap,point,june,"{""max_price"":0.7}",5.708737864077669
2026-06-10,highest-temperature-in-seoul-on-june-10-2026-24c,24°C,0.20284875,0.41099555057793674,0.20814680057793675,False,-1.0,point_price_cap,point,june,"{""max_price"":0.7}",-4.0
2026-06-11,highest-temperature-in-seoul-on-june-11-2026-24c,24°C,0.20284875,0.4161126061653726,0.2132638561653726,False,-1.0,point_price_cap,point,june,"{""max_price"":0.7}",-4.0
2026-06-12,highest-temperature-in-seoul-on-june-12-2026-25c,25°C,0.46739875000000003,0.4632857952887631,-0.004112954711236905,False,-1.0,point_price_cap,point,june,"{""max_price"":0.7}",-4.0
2026-06-13,highest-temperature-in-seoul-on-june-13-2026-27c,27°C,0.32578875,0.4262544817308555,0.10046573173085549,True,2.0694737003656507,point_price_cap,point,june,"{""max_price"":0.7}",8.277894801462603
2026-06-14,highest-temperature-in-seoul-on-june-14-2026-26c,26°C,0.57232,0.4052966149343433,-0.16702338506565673,True,0.74727425216662,point_price_cap,point,june,"{""max_price"":0.7}",2.98909700866648
2026-06-15,highest-temperature-in-seoul-on-june-15-2026-28c,28°C,0.482455,0.2972107684457347,-0.18524423155426534,True,1.0727321719124063,point_price_cap,point,june,"{""max_price"":0.7}",4.290928687649625
2026-06-16,highest-temperature-in-seoul-on-june-16-2026-28c,28°C,0.341055,0.3741455387214899,0.033090538721489926,False,-1.0,point_price_cap,point,june,"{""max_price"":0.7}",-4.0
2026-06-17,highest-temperature-in-seoul-on-june-17-2026-30c,30°C,0.5119999875,0.5234337861179803,0.011433798617980329,True,0.953125047683717,point_price_cap,point,june,"{""max_price"":0.7}",3.812500190734868
2026-06-18,highest-temperature-in-seoul-on-june-18-2026-28c,28°C,0.43721875,0.37771591363592,-0.05950283636407999,True,1.2871846186834395,point_price_cap,point,june,"{""max_price"":0.7}",5.148738474733758
2026-06-19,highest-temperature-in-seoul-on-june-19-2026-30c,30°C,0.65644875,0.4034011520636185,-0.25304759793638154,False,-1.0,point_price_cap,point,june,"{""max_price"":0.7}",-4.0
2026-06-21,highest-temperature-in-seoul-on-june-21-2026-27c,27°C,0.35629875000000005,0.4525695745075026,0.09627082450750257,True,1.8066334782257862,point_price_cap,point,june,"{""max_price"":0.7}",7.226533912903145
2026-06-22,highest-temperature-in-seoul-on-june-22-2026-27c,27°C,0.40694875,0.46011996919762627,0.05317121919762624,True,1.4573118850960962,point_price_cap,point,june,"{""max_price"":0.7}",5.829247540384385
2026-06-23,highest-temperature-in-seoul-on-june-23-2026-30c,30°C,0.44728875,0.3864228043861724,-0.06086594561382763,True,1.2356922681377522,point_price_cap,point,june,"{""max_price"":0.7}",4.942769072551009
2026-06-24,highest-temperature-in-seoul-on-june-24-2026-28c,28°C,0.45734875,0.3949478741177798,-0.06240087588222021,False,-1.0,point_price_cap,point,june,"{""max_price"":0.7}",-4.0
2026-06-25,highest-temperature-in-seoul-on-june-25-2026-27c,27°C,0.24398875,0.4070263336292211,0.16303758362922108,False,-1.0,point_price_cap,point,june,"{""max_price"":0.7}",-4.0
2026-06-26,highest-temperature-in-seoul-on-june-26-2026-26c,26°C,0.16672,0.4978568952449987,0.3311368952449987,False,-1.0,point_price_cap,point,june,"{""max_price"":0.7}",-4.0
2026-06-27,highest-temperature-in-seoul-on-june-27-2026-29c,29°C,0.40694875,0.4511014744949673,0.044152724494967266,False,-1.0,point_price_cap,point,june,"{""max_price"":0.7}",-4.0
2026-06-28,highest-temperature-in-seoul-on-june-28-2026-28c,28°C,0.49748875,0.4600297254062189,-0.03745902459378109,False,-1.0,point_price_cap,point,june,"{""max_price"":0.7}",-4.0
2026-06-29,highest-temperature-in-seoul-on-june-29-2026-27c,27°C,0.442255,0.35011018652322085,-0.09214481347677916,False,-1.0,point_price_cap,point,june,"{""max_price"":0.7}",-4.0
2026-06-30,highest-temperature-in-seoul-on-june-30-2026-28c,28°C,0.5822550000000001,0.40698547658075335,-0.17526952341924673,True,0.7174605628118262,point_price_cap,point,june,"{""max_price"":0.7}",2.869842251247305
2026-07-01,highest-temperature-in-seoul-on-july-1-2026-31c,31°C,0.24912,0.4025232920858616,0.15340329208586156,False,-1.0,point_price_cap,point,july,"{""max_price"":0.6}",-4.0
2026-07-02,highest-temperature-in-seoul-on-july-2-2026-27c,27°C,0.42713875,0.39972024096587877,-0.02741850903412124,False,-1.0,point_price_cap,point,july,"{""max_price"":0.6}",-4.0
2026-07-03,highest-temperature-in-seoul-on-july-3-2026-27c,27°C,0.39683875,0.48261294290743173,0.08577419290743171,False,-1.0,point_price_cap,point,july,"{""max_price"":0.6}",-4.0
2026-07-04,highest-temperature-in-seoul-on-july-4-2026-28c,28°C,0.53746875,0.5519565830779698,0.014487833077969747,True,0.8605732891447175,point_price_cap,point,july,"{""max_price"":0.6}",3.44229315657887
2026-07-05,highest-temperature-in-seoul-on-july-5-2026-28c,28°C,0.42209500000000005,0.3904412706214943,-0.031653729378505746,False,-1.0,point_price_cap,point,july,"{""max_price"":0.6}",-4.0
2026-07-06,highest-temperature-in-seoul-on-july-6-2026-27c,27°C,0.33088,0.39568616852733335,0.06480616852733334,False,-1.0,point_price_cap,point,july,"{""max_price"":0.6}",-4.0
2026-07-07,highest-temperature-in-seoul-on-july-7-2026-30corhigher,30°C or higher,0.53946355,0.7650574467372931,0.22559389673729313,True,0.8536933588932931,point_price_cap,point,july,"{""max_price"":0.6}",3.4147734355731725
2026-07-09,highest-temperature-in-seoul-on-july-9-2026-26c,26°C,0.37658874999999997,0.3969807018635354,0.02039195186353543,False,-1.0,point_price_cap,point,july,"{""max_price"":0.6}",-4.0
2026-07-10,highest-temperature-in-seoul-on-july-10-2026-29c,29°C,0.25424875,0.44352055438068466,0.18927180438068464,False,-1.0,point_price_cap,point,july,"{""max_price"":0.6}",-4.0
2026-07-11,highest-temperature-in-seoul-on-july-11-2026-33corhigher,33°C or higher,0.14705595000000002,0.6386804823085153,0.4916245323085152,False,-1.0,point_price_cap,point,july,"{""max_price"":0.6}",-4.0
2026-07-13,highest-temperature-in-seoul-on-july-13-2026-33c,33°C,0.49248,0.3906699038640739,-0.10181009613592606,False,-1.0,point_price_cap,point,july,"{""max_price"":0.6}",-4.0
2026-07-15,highest-temperature-in-seoul-on-july-15-2026-27c,27°C,0.259375,0.34492085405345263,0.08554585405345261,False,-1.0,point_price_cap,point,july,"{""max_price"":0.6}",-4.0
2026-07-16,highest-temperature-in-seoul-on-july-16-2026-29c,29°C,0.47242,0.4528227319325152,-0.019597268067484797,False,-1.0,point_price_cap,point,july,"{""max_price"":0.6}",-4.0
2026-07-17,highest-temperature-in-seoul-on-july-17-2026-30c,30°C,0.381655,0.34757369189382376,-0.03408130810617627,False,-1.0,point_price_cap,point,july,"{""max_price"":0.6}",-4.0
2026-07-18,highest-temperature-in-seoul-on-july-18-2026-26c,26°C,0.20284875,0.4087413116836831,0.2058925616836831,True,3.9297814258160333,point_price_cap,point,july,"{""max_price"":0.6}",15.719125703264133
2026-07-20,highest-temperature-in-seoul-on-july-20-2026-25c,25°C,0.31559875,0.43690057069490024,0.12130182069490025,False,-1.0,point_price_cap,point,july,"{""max_price"":0.6}",-4.0
2026-07-22,highest-temperature-in-seoul-on-july-22-2026-27c,27°C,0.30029500000000003,0.4361140635861968,0.13581906358619678,True,2.330058775537388,point_price_cap,point,july,"{""max_price"":0.6}",9.320235102149551
2026-07-23,highest-temperature-in-seoul-on-july-23-2026-29c,29°C,0.522495,0.4385378997507724,-0.08395710024922765,False,-1.0,point_price_cap,point,july,"{""max_price"":0.6}",-4.0
2026-07-24,highest-temperature-in-seoul-on-july-24-2026-30c,30°C,0.22343875,0.5308512849758401,0.3074125349758401,False,-1.0,point_price_cap,point,july,"{""max_price"":0.6}",-4.0
2026-02-01,highest-temperature-in-seoul-on-february-1-2c,2°C,0.035,0.5019521264926332,0.4669521264926332,False,-1.0,probability_price_cap,probability,february,"{""max_price"":0.8}",-4.0
2026-02-03,highest-temperature-in-seoul-on-february-3-2026-4corhigher,4°C or higher,0.0635,0.8278498255428757,0.7643498255428757,False,-1.0,probability_price_cap,probability,february,"{""max_price"":0.8}",-4.0
2026-02-04,highest-temperature-in-seoul-on-february-4-2026-7corhigher,7°C or higher,0.044000000000000004,0.6428831768566541,0.598883176856654,True,21.727272727272727,probability_price_cap,probability,february,"{""max_price"":0.8}",86.9090909090909
2026-02-05,highest-temperature-in-seoul-on-february-5-2026-8corhigher,8°C or higher,0.71,0.8825418587320526,0.17254185873205263,True,0.40845070422535223,probability_price_cap,probability,february,"{""max_price"":0.8}",1.633802816901409
2026-02-07,highest-temperature-in-seoul-on-february-7-2026-neg-6c,-6°C,0.135,0.5116834370461321,0.37668343704613205,False,-1.0,probability_price_cap,probability,february,"{""max_price"":0.8}",-4.0
2026-02-08,highest-temperature-in-seoul-on-february-8-2026-neg-4c,-4°C,0.425,0.32734607908847224,-0.09765392091152775,True,1.3529411764705883,probability_price_cap,probability,february,"{""max_price"":0.8}",5.411764705882353
2026-02-09,highest-temperature-in-seoul-on-february-9-2026-2c,2°C,0.425,0.37013177320226676,-0.05486822679773323,True,1.3529411764705883,probability_price_cap,probability,february,"{""max_price"":0.8}",5.411764705882353
2026-02-10,highest-temperature-in-seoul-on-february-10-2026-3c,3°C,0.505,0.3708168423157989,-0.13418315768420108,True,0.9801980198019802,probability_price_cap,probability,february,"{""max_price"":0.8}",3.9207920792079207
2026-02-11,highest-temperature-in-seoul-on-february-11-2026-4c,4°C,0.49,0.3358664143172112,-0.1541335856827888,True,1.0408163265306123,probability_price_cap,probability,february,"{""max_price"":0.8}",4.163265306122449
2026-02-12,highest-temperature-in-seoul-on-february-12-2026-6c,6°C,0.45,0.3508923180070178,-0.0991076819929822,False,-1.0,probability_price_cap,probability,february,"{""max_price"":0.8}",-4.0
2026-02-13,highest-temperature-in-seoul-on-february-13-2026-9corhigher,9°C or higher,0.47000000000000003,0.8904206179434782,0.4204206179434781,True,1.127659574468085,probability_price_cap,probability,february,"{""max_price"":0.8}",4.51063829787234
2026-02-14,highest-temperature-in-seoul-on-february-14-2026-11corhigher,11°C or higher,0.072,0.6950768859089108,0.6230768859089109,True,12.88888888888889,probability_price_cap,probability,february,"{""max_price"":0.8}",51.55555555555556
2026-02-15,highest-temperature-in-seoul-on-february-15-2026-9corhigher,9°C or higher,0.5650000000000001,0.6102244744270748,0.04522447442707478,False,-1.0,probability_price_cap,probability,february,"{""max_price"":0.8}",-4.0
2026-02-16,highest-temperature-in-seoul-on-february-16-2026-4c,4°C,0.22,0.3962215916290958,0.17622159162909581,False,-1.0,probability_price_cap,probability,february,"{""max_price"":0.8}",-4.0
2026-02-17,highest-temperature-in-seoul-on-february-17-2026-5c,5°C,0.52,0.5078467981624923,-0.012153201837507677,False,-1.0,probability_price_cap,probability,february,"{""max_price"":0.8}",-4.0
2026-02-18,highest-temperature-in-seoul-on-february-18-2026-5c,5°C,0.46,0.5289705007533507,0.0689705007533507,False,-1.0,probability_price_cap,probability,february,"{""max_price"":0.8}",-4.0
2026-02-19,highest-temperature-in-seoul-on-february-19-2026-6c,6°C,0.315,0.5007260513413885,0.18572605134138848,False,-1.0,probability_price_cap,probability,february,"{""max_price"":0.8}",-4.0
2026-02-20,highest-temperature-in-seoul-on-february-20-2026-10c,10°C,0.615,0.33533662465353786,-0.27966337534646213,False,-1.0,probability_price_cap,probability,february,"{""max_price"":0.8}",-4.0
2026-02-21,highest-temperature-in-seoul-on-february-21-2026-14corhigher,14°C or higher,0.75,0.9165827273067936,0.16658272730679358,True,0.33333333333333326,probability_price_cap,probability,february,"{""max_price"":0.8}",1.333333333333333
2026-02-23,highest-temperature-in-seoul-on-february-23-2026-4c,4°C,0.51,0.5307576239374682,0.02075762393746816,True,0.9607843137254901,probability_price_cap,probability,february,"{""max_price"":0.8}",3.8431372549019605
2026-02-24,highest-temperature-in-seoul-on-february-24-2026-6c,6°C,0.095,0.3306909742388555,0.23569097423885552,False,-1.0,probability_price_cap,probability,february,"{""max_price"":0.8}",-4.0
2026-02-25,highest-temperature-in-seoul-on-february-25-2026-9c,9°C,0.0955,0.34215254663859374,0.24665254663859373,False,-1.0,probability_price_cap,probability,february,"{""max_price"":0.8}",-4.0
2026-02-26,highest-temperature-in-seoul-on-february-26-2026-11c,11°C,0.35000000000000003,0.4378463402734908,0.08784634027349075,True,1.8571428571428568,probability_price_cap,probability,february,"{""max_price"":0.8}",7.428571428571427
2026-02-27,highest-temperature-in-seoul-on-february-27-2026-13corhigher,13°C or higher,0.58,0.7482137727899805,0.1682137727899805,True,0.7241379310344829,probability_price_cap,probability,february,"{""max_price"":0.8}",2.8965517241379315
2026-02-28,highest-temperature-in-seoul-on-february-28-2026-11c,11°C,0.165,0.34235547065006716,0.17735547065006715,False,-1.0,probability_price_cap,probability,february,"{""max_price"":0.8}",-4.0
2026-03-01,highest-temperature-in-seoul-on-march-1-2026-13c,13°C,0.24200000000000002,0.40726792419422897,0.16526792419422895,False,-1.0,probability_price_cap,probability,march,"{""max_price"":0.6}",-4.0
2026-03-03,highest-temperature-in-seoul-on-march-3-2026-10c,10°C,0.35000000000000003,0.4009305432006507,0.05093054320065066,True,1.8571428571428568,probability_price_cap,probability,march,"{""max_price"":0.6}",7.428571428571427
2026-03-04,highest-temperature-in-seoul-on-march-4-2026-8c,8°C,0.28500000000000003,0.45470350598019943,0.1697035059801994,False,-1.0,probability_price_cap,probability,march,"{""max_price"":0.6}",-4.0
2026-03-05,highest-temperature-in-seoul-on-march-5-2026-9c,9°C,0.45,0.47952640380033024,0.029526403800330225,False,-1.0,probability_price_cap,probability,march,"{""max_price"":0.6}",-4.0
2026-03-06,highest-temperature-in-seoul-on-march-6-2026-5c,5°C,0.47500000000000003,0.47848847818821705,0.0034884781882170146,False,-1.0,probability_price_cap,probability,march,"{""max_price"":0.6}",-4.0
2026-03-07,highest-temperature-in-seoul-on-march-7-2026-4c,4°C,0.455,0.4190490171610497,-0.03595098283895032,False,-1.0,probability_price_cap,probability,march,"{""max_price"":0.6}",-4.0
2026-03-08,highest-temperature-in-seoul-on-march-8-2026-5c,5°C,0.495,0.4172447144146939,-0.07775528558530609,False,-1.0,probability_price_cap,probability,march,"{""max_price"":0.6}",-4.0
2026-03-09,highest-temperature-in-seoul-on-march-9-2026-8c,8°C,0.27,0.4710566767821721,0.2010566767821721,False,-1.0,probability_price_cap,probability,march,"{""max_price"":0.6}",-4.0
2026-03-10,highest-temperature-in-seoul-on-march-10-2026-7c,7°C,0.455,0.5061399465540406,0.05113994655404058,True,1.1978021978021975,probability_price_cap,probability,march,"{""max_price"":0.6}",4.79120879120879
2026-03-11,highest-temperature-in-seoul-on-march-11-2026-8c,8°C,0.275,0.3742537963446443,0.09925379634464426,False,-1.0,probability_price_cap,probability,march,"{""max_price"":0.6}",-4.0
2026-03-12,highest-temperature-in-seoul-on-march-12-2026-11c,11°C,0.375,0.3593513292575709,-0.015648670742429094,True,1.6666666666666665,probability_price_cap,probability,march,"{""max_price"":0.6}",6.666666666666666
2026-03-13,highest-temperature-in-seoul-on-march-13-2026-12corhigher,12°C or higher,0.2,0.7440972926454228,0.5440972926454228,False,-1.0,probability_price_cap,probability,march,"{""max_price"":0.6}",-4.0
2026-03-14,highest-temperature-in-seoul-on-march-14-2026-10c,10°C,0.305,0.43429570932909634,0.12929570932909634,False,-1.0,probability_price_cap,probability,march,"{""max_price"":0.6}",-4.0
2026-03-15,highest-temperature-in-seoul-on-march-15-2026-10c,10°C,0.455,0.4479021671235447,-0.007097832876455323,True,1.1978021978021975,probability_price_cap,probability,march,"{""max_price"":0.6}",4.79120879120879
2026-03-16,highest-temperature-in-seoul-on-march-16-2026-11c,11°C,0.19,0.4944206840487698,0.3044206840487698,False,-1.0,probability_price_cap,probability,march,"{""max_price"":0.6}",-4.0
2026-03-17,highest-temperature-in-seoul-on-march-17-2026-12c,12°C,0.28,0.3953614597916905,0.11536145979169049,True,2.571428571428571,probability_price_cap,probability,march,"{""max_price"":0.6}",10.285714285714285
2026-03-18,highest-temperature-in-seoul-on-march-18-2026-8c,8°C,0.32,0.3522356916045914,0.03223569160459139,True,2.125,probability_price_cap,probability,march,"{""max_price"":0.6}",8.5
2026-03-19,highest-temperature-in-seoul-on-march-19-2026-9c,9°C,0.53,0.4712531272434585,-0.0587468727565415,True,0.8867924528301885,probability_price_cap,probability,march,"{""max_price"":0.6}",3.547169811320754
2026-03-20,highest-temperature-in-seoul-on-march-20-2026-11c,11°C,0.425,0.40088356062229147,-0.02411643937770852,True,1.3529411764705883,probability_price_cap,probability,march,"{""max_price"":0.6}",5.411764705882353
2026-03-21,highest-temperature-in-seoul-on-march-21-2026-11c,11°C,0.3,0.35702604369818547,0.05702604369818548,True,2.3333333333333335,probability_price_cap,probability,march,"{""max_price"":0.6}",9.333333333333334
2026-03-23,highest-temperature-in-seoul-on-march-23-2026-15c,15°C,0.295,0.31492324588306386,0.019923245883063878,True,2.3898305084745766,probability_price_cap,probability,march,"{""max_price"":0.6}",9.559322033898306
2026-03-24,highest-temperature-in-seoul-on-march-24-2026-15corhigher,15°C or higher,0.465,0.7311148307454206,0.2661148307454206,False,-1.0,probability_price_cap,probability,march,"{""max_price"":0.6}",-4.0
2026-03-25,highest-temperature-in-seoul-on-march-25-2026-14c,14°C,0.33,0.37043672807053757,0.04043672807053755,False,-1.0,probability_price_cap,probability,march,"{""max_price"":0.6}",-4.0
2026-03-26,highest-temperature-in-seoul-on-march-26-2026-11c,11°C,0.2285,0.472797084612206,0.24429708461220598,False,-1.0,probability_price_cap,probability,march,"{""max_price"":0.6}",-4.0
2026-03-27,highest-temperature-in-seoul-on-march-27-2026-10c,10°C,0.17,0.390287137186657,0.22028713718665696,False,-1.0,probability_price_cap,probability,march,"{""max_price"":0.6}",-4.0
2026-03-28,highest-temperature-in-seoul-on-march-28-2026-13c,13°C,0.27,0.4266836633721804,0.15668366337218037,False,-1.0,probability_price_cap,probability,march,"{""max_price"":0.6}",-4.0
2026-03-29,highest-temperature-in-seoul-on-march-29-2026-17corhigher,17°C or higher,0.222,0.6154834645495664,0.3934834645495664,False,-1.0,probability_price_cap,probability,march,"{""max_price"":0.6}",-4.0
2026-03-30,highest-temperature-in-seoul-on-march-30-2026-17c,17°C,0.27,0.3543961744783821,0.0843961744783821,False,-1.0,probability_price_cap,probability,march,"{""max_price"":0.6}",-4.0
2026-04-01,highest-temperature-in-seoul-on-april-1-2026-16corhigher,16°C or higher,0.1894438,0.6426636014863933,0.45321980148639335,False,-1.0,probability_price_cap,probability,april,"{""max_price"":0.45}",-4.0
2026-04-02,highest-temperature-in-seoul-on-april-2-2026-15c,15°C,0.17705500000000002,0.4224796969401995,0.24542469694019947,False,-1.0,probability_price_cap,probability,april,"{""max_price"":0.45}",-4.0
2026-04-03,highest-temperature-in-seoul-on-april-3-2026-17c,17°C,0.26449875,0.3684674178486221,0.10396866784862208,False,-1.0,probability_price_cap,probability,april,"{""max_price"":0.45}",-4.0
2026-04-05,highest-temperature-in-seoul-on-april-5-2026-14c,14°C,0.26449875,0.36669824026709497,0.10219949026709496,False,-1.0,probability_price_cap,probability,april,"{""max_price"":0.45}",-4.0
2026-04-06,highest-temperature-in-seoul-on-april-6-2026-14c,14°C,0.09929875,0.4117302435823584,0.3124314935823584,True,9.070620224323065,probability_price_cap,probability,april,"{""max_price"":0.45}",36.28248089729226
2026-04-07,highest-temperature-in-seoul-on-april-7-2026-13c,13°C,0.3105,0.31139109972058404,0.0008910997205840432,False,-1.0,probability_price_cap,probability,april,"{""max_price"":0.45}",-4.0
2026-04-08,highest-temperature-in-seoul-on-april-8-2026-13c,13°C,0.22858,0.402991540610727,0.174411540610727,True,3.374835943652113,probability_price_cap,probability,april,"{""max_price"":0.45}",13.499343774608452
2026-04-09,highest-temperature-in-seoul-on-april-9-2026-13c,13°C,0.381655,0.3174770570159817,-0.0641779429840183,False,-1.0,probability_price_cap,probability,april,"{""max_price"":0.45}",-4.0
2026-04-10,highest-temperature-in-seoul-on-april-10-2026-12c,12°C,0.37151999999999996,0.3837649903423349,0.01224499034233495,True,1.6916451335055989,probability_price_cap,probability,april,"{""max_price"":0.45}",6.7665805340223955
2026-04-11,highest-temperature-in-seoul-on-april-11-2026-15c,15°C,0.36644875,0.3659331648080212,-0.0005155851919788068,False,-1.0,probability_price_cap,probability,april,"{""max_price"":0.45}",-4.0
2026-04-12,highest-temperature-in-seoul-on-april-12-2026-17c,17°C,0.13046875,0.27322091170748425,0.14275216170748425,False,-1.0,probability_price_cap,probability,april,"{""max_price"":0.45}",-4.0
2026-04-13,highest-temperature-in-seoul-on-april-13-2026-21c,21°C,0.18738000000000002,0.4124309506392211,0.22505095063922106,False,-1.0,probability_price_cap,probability,april,"{""max_price"":0.45}",-4.0
2026-04-16,highest-temperature-in-seoul-on-april-16-2026-23c,23°C,0.36137500000000006,0.33906354437492886,-0.022311455625071197,False,-1.0,probability_price_cap,probability,april,"{""max_price"":0.45}",-4.0
2026-04-17,highest-temperature-in-seoul-on-april-17-2026-16c,16°C,0.17705500000000002,0.38445396945805904,0.20739896945805902,False,-1.0,probability_price_cap,probability,april,"{""max_price"":0.45}",-4.0
2026-04-18,highest-temperature-in-seoul-on-april-18-2026-19c,19°C,0.05498718750000001,0.5138943089557142,0.4589071214557142,False,-1.0,probability_price_cap,probability,april,"{""max_price"":0.45}",-4.0
2026-04-19,highest-temperature-in-seoul-on-april-19-2026-21c,21°C,0.1128168,0.55684866869027,0.44403186869027006,False,-1.0,probability_price_cap,probability,april,"{""max_price"":0.45}",-4.0
2026-04-20,highest-temperature-in-seoul-on-april-20-2026-16c,16°C,0.09929875,0.4575683994240249,0.3582696494240249,False,-1.0,probability_price_cap,probability,april,"{""max_price"":0.45}",-4.0
2026-04-21,highest-temperature-in-seoul-on-april-21-2026-15c,15°C,0.3105,0.4173064453145329,0.10680644531453293,False,-1.0,probability_price_cap,probability,april,"{""max_price"":0.45}",-4.0
2026-04-22,highest-temperature-in-seoul-on-april-22-2026-16c,16°C,0.33596875000000004,0.36304441863883513,0.027075668638835093,False,-1.0,probability_price_cap,probability,april,"{""max_price"":0.45}",-4.0
2026-04-23,highest-temperature-in-seoul-on-april-23-2026-22c,22°C,0.21829500000000002,0.3373782862858079,0.11908328628580789,True,3.580956961909343,probability_price_cap,probability,april,"{""max_price"":0.45}",14.323827847637371
2026-04-28,highest-temperature-in-seoul-on-april-28-2026-17c,17°C,0.18221875,0.3985937221158586,0.21637497211585857,False,-1.0,probability_price_cap,probability,april,"{""max_price"":0.45}",-4.0
2026-04-29,highest-temperature-in-seoul-on-april-29-2026-18c,18°C,0.33596875000000004,0.3271016497688973,-0.008867100231102765,True,1.9764673053669424,probability_price_cap,probability,april,"{""max_price"":0.45}",7.9058692214677695
2026-04-30,highest-temperature-in-seoul-on-april-30-2026-19c,19°C,0.279855,0.343428306009328,0.06357330600932798,True,2.5732790194922366,probability_price_cap,probability,april,"{""max_price"":0.45}",10.293116077968946
2026-05-01,highest-temperature-in-seoul-on-may-1-2026-19c,19°C,0.32578875,0.3741041313217126,0.04831538132171259,True,2.0694737003656507,probability_price_cap,probability,may,"{""max_price"":0.8}",8.277894801462603
2026-05-02,highest-temperature-in-seoul-on-may-2-2026-19c,19°C,0.25424875,0.3787176141185294,0.12446886411852937,False,-1.0,probability_price_cap,probability,may,"{""max_price"":0.8}",-4.0
2026-05-03,highest-temperature-in-seoul-on-may-3-2026-14c,14°C,0.5125,0.424783015031598,-0.08771698496840197,False,-1.0,probability_price_cap,probability,may,"{""max_price"":0.8}",-4.0
2026-05-04,highest-temperature-in-seoul-on-may-4-2026-20corhigher,20°C or higher,0.0309314875,0.3820656860612972,0.3511341985612972,False,-1.0,probability_price_cap,probability,may,"{""max_price"":0.8}",-4.0
2026-05-05,highest-temperature-in-seoul-on-may-5-2026-19c,19°C,0.37658874999999997,0.3346301530058596,-0.041958596994140396,False,-1.0,probability_price_cap,probability,may,"{""max_price"":0.8}",-4.0
2026-05-06,highest-temperature-in-seoul-on-may-6-2026-21corhigher,21°C or higher,0.641655,0.7094796773855279,0.06782467738552789,True,0.5584698942578177,probability_price_cap,probability,may,"{""max_price"":0.8}",2.2338795770312707
2026-05-07,highest-temperature-in-seoul-on-may-7-2026-18c,18°C,0.2434754875,0.40436481079735165,0.16088932329735164,False,-1.0,probability_price_cap,probability,may,"{""max_price"":0.8}",-4.0
2026-05-08,highest-temperature-in-seoul-on-may-8-2026-19c,19°C,0.51749875,0.4175996370166501,-0.09989911298334991,False,-1.0,probability_price_cap,probability,may,"{""max_price"":0.8}",-4.0
2026-05-09,highest-temperature-in-seoul-on-may-9-2026-20c,20°C,0.42713875,0.5404803382045689,0.11334158820456885,True,1.341159634896155,probability_price_cap,probability,may,"{""max_price"":0.8}",5.36463853958462
2026-05-10,highest-temperature-in-seoul-on-may-10-2026-21c,21°C,0.41704875,0.4239638487389382,0.006915098738938197,False,-1.0,probability_price_cap,probability,may,"{""max_price"":0.8}",-4.0
2026-05-12,highest-temperature-in-seoul-on-may-12-2026-20c,20°C,0.5623750000000001,0.37362142203303156,-0.1887535779669685,False,-1.0,probability_price_cap,probability,may,"{""max_price"":0.8}",-4.0
2026-05-13,highest-temperature-in-seoul-on-may-13-2026-21c,21°C,0.43721875,0.45728411930474894,0.020065369304748948,False,-1.0,probability_price_cap,probability,may,"{""max_price"":0.8}",-4.0
2026-05-14,highest-temperature-in-seoul-on-may-14-2026-26c,26°C,0.27473875000000003,0.46962418759852687,0.19488543759852683,True,2.639821466757055,probability_price_cap,probability,may,"{""max_price"":0.8}",10.55928586702822
2026-05-15,highest-temperature-in-seoul-on-may-15-2026-25c,25°C,0.15637500000000001,0.4861289685444746,0.3297539685444746,False,-1.0,probability_price_cap,probability,may,"{""max_price"":0.8}",-4.0
2026-05-16,highest-temperature-in-seoul-on-may-16-2026-25c,25°C,0.21829500000000002,0.551993322825144,0.333698322825144,False,-1.0,probability_price_cap,probability,may,"{""max_price"":0.8}",-4.0
2026-05-21,highest-temperature-in-seoul-on-may-21-2026-19c,19°C,0.40694875,0.3357833642411549,-0.07116538575884512,False,-1.0,probability_price_cap,probability,may,"{""max_price"":0.8}",-4.0
2026-05-22,highest-temperature-in-seoul-on-may-22-2026-24c,24°C,0.08888874999999999,0.37453425311256716,0.2856455031125672,False,-1.0,probability_price_cap,probability,may,"{""max_price"":0.8}",-4.0
2026-05-23,highest-temperature-in-seoul-on-may-23-2026-22c,22°C,0.5125,0.4005061905328624,-0.11199380946713755,True,0.9512195121951221,probability_price_cap,probability,may,"{""max_price"":0.8}",3.8048780487804885
2026-05-25,highest-temperature-in-seoul-on-may-25-2026-27c,27°C,0.43218,0.4414249714575831,0.009244971457583073,True,1.3138507103521682,probability_price_cap,probability,may,"{""max_price"":0.8}",5.255402841408673
2026-05-27,highest-temperature-in-seoul-on-may-27-2026-23c,23°C,0.49748875,0.3364026656149018,-0.1610860843850982,False,-1.0,probability_price_cap,probability,may,"{""max_price"":0.8}",-4.0
2026-05-28,highest-temperature-in-seoul-on-may-28-2026-24c,24°C,0.29518875000000006,0.340049767290692,0.04486101729069192,False,-1.0,probability_price_cap,probability,may,"{""max_price"":0.8}",-4.0
2026-05-29,highest-temperature-in-seoul-on-may-29-2026-25c,25°C,0.24398875,0.3296078137931053,0.08561906379310527,True,3.098549625751187,probability_price_cap,probability,may,"{""max_price"":0.8}",12.394198503004748
2026-05-30,highest-temperature-in-seoul-on-may-30-2026-25c,25°C,0.35629875000000005,0.3927397103432452,0.03644096034324512,False,-1.0,probability_price_cap,probability,may,"{""max_price"":0.8}",-4.0
2026-05-31,highest-temperature-in-seoul-on-may-31-2026-27c,27°C,0.48746875,0.39431963227340067,-0.09314911772659934,True,1.051413552150779,probability_price_cap,probability,may,"{""max_price"":0.8}",4.205654208603116
2026-06-01,highest-temperature-in-seoul-on-june-1-2026-26c,26°C,0.40694875,0.4313643387582135,0.02441558875821348,False,-1.0,probability_price_cap,probability,june,"{""max_price"":0.55}",-4.0
2026-06-02,highest-temperature-in-seoul-on-june-2-2026-27c,27°C,0.19253875,0.3611070122328363,0.1685682622328363,False,-1.0,probability_price_cap,probability,june,"{""max_price"":0.55}",-4.0
2026-06-03,highest-temperature-in-seoul-on-june-3-2026-26c,26°C,0.18738000000000002,0.4211713609267367,0.23379136092673666,False,-1.0,probability_price_cap,probability,june,"{""max_price"":0.55}",-4.0
2026-06-05,highest-temperature-in-seoul-on-june-5-2026-24c,24°C,0.43218,0.3553122752188654,-0.07686772478113463,False,-1.0,probability_price_cap,probability,june,"{""max_price"":0.55}",-4.0
2026-06-07,highest-temperature-in-seoul-on-june-7-2026-26c,26°C,0.135655,0.3705641749664551,0.2349091749664551,False,-1.0,probability_price_cap,probability,june,"{""max_price"":0.55}",-4.0
2026-06-08,highest-temperature-in-seoul-on-june-8-2026-24c,24°C,0.32578875,0.33382077879040595,0.008032028790405932,True,2.0694737003656507,probability_price_cap,probability,june,"{""max_price"":0.55}",8.277894801462603
2026-06-09,highest-temperature-in-seoul-on-june-9-2026-25c,25°C,0.41200000000000003,0.41983310100025384,0.007833101000253806,True,1.4271844660194173,probability_price_cap,probability,june,"{""max_price"":0.55}",5.708737864077669
2026-06-10,highest-temperature-in-seoul-on-june-10-2026-24c,24°C,0.20284875,0.41099555057793674,0.20814680057793675,False,-1.0,probability_price_cap,probability,june,"{""max_price"":0.55}",-4.0
2026-06-11,highest-temperature-in-seoul-on-june-11-2026-24c,24°C,0.20284875,0.4161126061653726,0.2132638561653726,False,-1.0,probability_price_cap,probability,june,"{""max_price"":0.55}",-4.0
2026-06-12,highest-temperature-in-seoul-on-june-12-2026-25c,25°C,0.46739875000000003,0.4632857952887631,-0.004112954711236905,False,-1.0,probability_price_cap,probability,june,"{""max_price"":0.55}",-4.0
2026-06-13,highest-temperature-in-seoul-on-june-13-2026-27c,27°C,0.32578875,0.4262544817308555,0.10046573173085549,True,2.0694737003656507,probability_price_cap,probability,june,"{""max_price"":0.55}",8.277894801462603
2026-06-15,highest-temperature-in-seoul-on-june-15-2026-27c,27°C,0.07846875,0.42264203273964795,0.344173282739648,False,-1.0,probability_price_cap,probability,june,"{""max_price"":0.55}",-4.0
2026-06-16,highest-temperature-in-seoul-on-june-16-2026-28c,28°C,0.341055,0.3741455387214899,0.033090538721489926,False,-1.0,probability_price_cap,probability,june,"{""max_price"":0.55}",-4.0
2026-06-17,highest-temperature-in-seoul-on-june-17-2026-30c,30°C,0.5119999875,0.5234337861179803,0.011433798617980329,True,0.953125047683717,probability_price_cap,probability,june,"{""max_price"":0.55}",3.812500190734868
2026-06-18,highest-temperature-in-seoul-on-june-18-2026-28c,28°C,0.43721875,0.37771591363592,-0.05950283636407999,True,1.2871846186834395,probability_price_cap,probability,june,"{""max_price"":0.55}",5.148738474733758
2026-06-21,highest-temperature-in-seoul-on-june-21-2026-27c,27°C,0.35629875000000005,0.4525695745075026,0.09627082450750257,True,1.8066334782257862,probability_price_cap,probability,june,"{""max_price"":0.55}",7.226533912903145
2026-06-22,highest-temperature-in-seoul-on-june-22-2026-27c,27°C,0.40694875,0.46011996919762627,0.05317121919762624,True,1.4573118850960962,probability_price_cap,probability,june,"{""max_price"":0.55}",5.829247540384385
2026-06-23,highest-temperature-in-seoul-on-june-23-2026-30c,30°C,0.44728875,0.3864228043861724,-0.06086594561382763,True,1.2356922681377522,probability_price_cap,probability,june,"{""max_price"":0.55}",4.942769072551009
2026-06-24,highest-temperature-in-seoul-on-june-24-2026-28c,28°C,0.45734875,0.3949478741177798,-0.06240087588222021,False,-1.0,probability_price_cap,probability,june,"{""max_price"":0.55}",-4.0
2026-06-25,highest-temperature-in-seoul-on-june-25-2026-27c,27°C,0.24398875,0.4070263336292211,0.16303758362922108,False,-1.0,probability_price_cap,probability,june,"{""max_price"":0.55}",-4.0
2026-06-26,highest-temperature-in-seoul-on-june-26-2026-26c,26°C,0.16672,0.4978568952449987,0.3311368952449987,False,-1.0,probability_price_cap,probability,june,"{""max_price"":0.55}",-4.0
2026-06-27,highest-temperature-in-seoul-on-june-27-2026-29c,29°C,0.40694875,0.4511014744949673,0.044152724494967266,False,-1.0,probability_price_cap,probability,june,"{""max_price"":0.55}",-4.0
2026-06-28,highest-temperature-in-seoul-on-june-28-2026-28c,28°C,0.49748875,0.4600297254062189,-0.03745902459378109,False,-1.0,probability_price_cap,probability,june,"{""max_price"":0.55}",-4.0
2026-06-29,highest-temperature-in-seoul-on-june-29-2026-27c,27°C,0.442255,0.35011018652322085,-0.09214481347677916,False,-1.0,probability_price_cap,probability,june,"{""max_price"":0.55}",-4.0
2026-07-01,highest-temperature-in-seoul-on-july-1-2026-31c,31°C,0.24912,0.4025232920858616,0.15340329208586156,False,-1.0,probability_price_cap,probability,july,"{""max_price"":0.45}",-4.0
2026-07-02,highest-temperature-in-seoul-on-july-2-2026-27c,27°C,0.42713875,0.39972024096587877,-0.02741850903412124,False,-1.0,probability_price_cap,probability,july,"{""max_price"":0.45}",-4.0
2026-07-03,highest-temperature-in-seoul-on-july-3-2026-27c,27°C,0.39683875,0.48261294290743173,0.08577419290743171,False,-1.0,probability_price_cap,probability,july,"{""max_price"":0.45}",-4.0
2026-07-05,highest-temperature-in-seoul-on-july-5-2026-28c,28°C,0.42209500000000005,0.3904412706214943,-0.031653729378505746,False,-1.0,probability_price_cap,probability,july,"{""max_price"":0.45}",-4.0
2026-07-06,highest-temperature-in-seoul-on-july-6-2026-27c,27°C,0.33088,0.39568616852733335,0.06480616852733334,False,-1.0,probability_price_cap,probability,july,"{""max_price"":0.45}",-4.0
2026-07-09,highest-temperature-in-seoul-on-july-9-2026-26c,26°C,0.37658874999999997,0.3969807018635354,0.02039195186353543,False,-1.0,probability_price_cap,probability,july,"{""max_price"":0.45}",-4.0
2026-07-10,highest-temperature-in-seoul-on-july-10-2026-29c,29°C,0.25424875,0.44352055438068466,0.18927180438068464,False,-1.0,probability_price_cap,probability,july,"{""max_price"":0.45}",-4.0
2026-07-11,highest-temperature-in-seoul-on-july-11-2026-33corhigher,33°C or higher,0.14705595000000002,0.6386804823085153,0.4916245323085152,False,-1.0,probability_price_cap,probability,july,"{""max_price"":0.45}",-4.0
2026-07-15,highest-temperature-in-seoul-on-july-15-2026-27c,27°C,0.259375,0.34492085405345263,0.08554585405345261,False,-1.0,probability_price_cap,probability,july,"{""max_price"":0.45}",-4.0
2026-07-17,highest-temperature-in-seoul-on-july-17-2026-30c,30°C,0.381655,0.34757369189382376,-0.03408130810617627,False,-1.0,probability_price_cap,probability,july,"{""max_price"":0.45}",-4.0
2026-07-18,highest-temperature-in-seoul-on-july-18-2026-26c,26°C,0.20284875,0.4087413116836831,0.2058925616836831,True,3.9297814258160333,probability_price_cap,probability,july,"{""max_price"":0.45}",15.719125703264133
2026-07-20,highest-temperature-in-seoul-on-july-20-2026-25c,25°C,0.31559875,0.43690057069490024,0.12130182069490025,False,-1.0,probability_price_cap,probability,july,"{""max_price"":0.45}",-4.0
2026-07-22,highest-temperature-in-seoul-on-july-22-2026-27c,27°C,0.30029500000000003,0.4361140635861968,0.13581906358619678,True,2.330058775537388,probability_price_cap,probability,july,"{""max_price"":0.45}",9.320235102149551
2026-07-24,highest-temperature-in-seoul-on-july-24-2026-30c,30°C,0.22343875,0.5308512849758401,0.3074125349758401,False,-1.0,probability_price_cap,probability,july,"{""max_price"":0.45}",-4.0
2026-02-01,highest-temperature-in-seoul-on-february-1-2c,2°C,0.035,0.5019521264926332,0.4669521264926332,False,-1.0,point_edge,point,february,"{""min_edge"":0.0}",-4.0
2026-02-03,highest-temperature-in-seoul-on-february-3-2026-4corhigher,4°C or higher,0.0635,0.8278498255428757,0.7643498255428757,False,-1.0,point_edge,point,february,"{""min_edge"":0.0}",-4.0
2026-02-04,highest-temperature-in-seoul-on-february-4-2026-7corhigher,7°C or higher,0.044000000000000004,0.6428831768566541,0.598883176856654,True,21.727272727272727,point_edge,point,february,"{""min_edge"":0.0}",86.9090909090909
2026-02-05,highest-temperature-in-seoul-on-february-5-2026-8corhigher,8°C or higher,0.71,0.8825418587320526,0.17254185873205263,True,0.40845070422535223,point_edge,point,february,"{""min_edge"":0.0}",1.633802816901409
2026-02-07,highest-temperature-in-seoul-on-february-7-2026-neg-6c,-6°C,0.135,0.5116834370461321,0.37668343704613205,False,-1.0,point_edge,point,february,"{""min_edge"":0.0}",-4.0
2026-02-08,highest-temperature-in-seoul-on-february-8-2026-neg-5c,-5°C,0.049,0.3169720113096047,0.2679720113096047,False,-1.0,point_edge,point,february,"{""min_edge"":0.0}",-4.0
2026-02-09,highest-temperature-in-seoul-on-february-9-2026-1c,1°C,0.2,0.33878913353698126,0.13878913353698125,False,-1.0,point_edge,point,february,"{""min_edge"":0.0}",-4.0
2026-02-13,highest-temperature-in-seoul-on-february-13-2026-9corhigher,9°C or higher,0.47000000000000003,0.8904206179434782,0.4204206179434781,True,1.127659574468085,point_edge,point,february,"{""min_edge"":0.0}",4.51063829787234
2026-02-14,highest-temperature-in-seoul-on-february-14-2026-11corhigher,11°C or higher,0.072,0.6950768859089108,0.6230768859089109,True,12.88888888888889,point_edge,point,february,"{""min_edge"":0.0}",51.55555555555556
2026-02-15,highest-temperature-in-seoul-on-february-15-2026-9corhigher,9°C or higher,0.5650000000000001,0.6102244744270748,0.04522447442707478,False,-1.0,point_edge,point,february,"{""min_edge"":0.0}",-4.0
2026-02-16,highest-temperature-in-seoul-on-february-16-2026-4c,4°C,0.22,0.3962215916290958,0.17622159162909581,False,-1.0,point_edge,point,february,"{""min_edge"":0.0}",-4.0
2026-02-18,highest-temperature-in-seoul-on-february-18-2026-5c,5°C,0.46,0.5289705007533507,0.0689705007533507,False,-1.0,point_edge,point,february,"{""min_edge"":0.0}",-4.0
2026-02-19,highest-temperature-in-seoul-on-february-19-2026-6c,6°C,0.315,0.5007260513413885,0.18572605134138848,False,-1.0,point_edge,point,february,"{""min_edge"":0.0}",-4.0
2026-02-21,highest-temperature-in-seoul-on-february-21-2026-14corhigher,14°C or higher,0.75,0.9165827273067936,0.16658272730679358,True,0.33333333333333326,point_edge,point,february,"{""min_edge"":0.0}",1.333333333333333
2026-02-23,highest-temperature-in-seoul-on-february-23-2026-4c,4°C,0.51,0.5307576239374682,0.02075762393746816,True,0.9607843137254901,point_edge,point,february,"{""min_edge"":0.0}",3.8431372549019605
2026-02-24,highest-temperature-in-seoul-on-february-24-2026-6c,6°C,0.095,0.3306909742388555,0.23569097423885552,False,-1.0,point_edge,point,february,"{""min_edge"":0.0}",-4.0
2026-02-25,highest-temperature-in-seoul-on-february-25-2026-9c,9°C,0.0955,0.34215254663859374,0.24665254663859373,False,-1.0,point_edge,point,february,"{""min_edge"":0.0}",-4.0
2026-02-26,highest-temperature-in-seoul-on-february-26-2026-11c,11°C,0.35000000000000003,0.4378463402734908,0.08784634027349075,True,1.8571428571428568,point_edge,point,february,"{""min_edge"":0.0}",7.428571428571427
2026-02-27,highest-temperature-in-seoul-on-february-27-2026-13corhigher,13°C or higher,0.58,0.7482137727899805,0.1682137727899805,True,0.7241379310344829,point_edge,point,february,"{""min_edge"":0.0}",2.8965517241379315
2026-03-01,highest-temperature-in-seoul-on-march-1-2026-13c,13°C,0.24200000000000002,0.40726792419422897,0.16526792419422895,False,-1.0,point_edge,point,march,"{""min_edge"":-0.05}",-4.0
2026-03-02,highest-temperature-in-seoul-on-march-2-2026-7c,7°C,0.12,0.3482306645535439,0.2282306645535439,False,-1.0,point_edge,point,march,"{""min_edge"":-0.05}",-4.0
2026-03-04,highest-temperature-in-seoul-on-march-4-2026-8c,8°C,0.28500000000000003,0.45470350598019943,0.1697035059801994,False,-1.0,point_edge,point,march,"{""min_edge"":-0.05}",-4.0
2026-03-05,highest-temperature-in-seoul-on-march-5-2026-9c,9°C,0.45,0.47952640380033024,0.029526403800330225,False,-1.0,point_edge,point,march,"{""min_edge"":-0.05}",-4.0
2026-03-06,highest-temperature-in-seoul-on-march-6-2026-5c,5°C,0.47500000000000003,0.47848847818821705,0.0034884781882170146,False,-1.0,point_edge,point,march,"{""min_edge"":-0.05}",-4.0
2026-03-07,highest-temperature-in-seoul-on-march-7-2026-4c,4°C,0.455,0.4190490171610497,-0.03595098283895032,False,-1.0,point_edge,point,march,"{""min_edge"":-0.05}",-4.0
2026-03-09,highest-temperature-in-seoul-on-march-9-2026-8c,8°C,0.27,0.4710566767821721,0.2010566767821721,False,-1.0,point_edge,point,march,"{""min_edge"":-0.05}",-4.0
2026-03-10,highest-temperature-in-seoul-on-march-10-2026-7c,7°C,0.455,0.5061399465540406,0.05113994655404058,True,1.1978021978021975,point_edge,point,march,"{""min_edge"":-0.05}",4.79120879120879
2026-03-11,highest-temperature-in-seoul-on-march-11-2026-8c,8°C,0.275,0.3742537963446443,0.09925379634464426,False,-1.0,point_edge,point,march,"{""min_edge"":-0.05}",-4.0
2026-03-12,highest-temperature-in-seoul-on-march-12-2026-11c,11°C,0.375,0.3593513292575709,-0.015648670742429094,True,1.6666666666666665,point_edge,point,march,"{""min_edge"":-0.05}",6.666666666666666
2026-03-13,highest-temperature-in-seoul-on-march-13-2026-12corhigher,12°C or higher,0.2,0.7440972926454228,0.5440972926454228,False,-1.0,point_edge,point,march,"{""min_edge"":-0.05}",-4.0
2026-03-14,highest-temperature-in-seoul-on-march-14-2026-10c,10°C,0.305,0.43429570932909634,0.12929570932909634,False,-1.0,point_edge,point,march,"{""min_edge"":-0.05}",-4.0
2026-03-15,highest-temperature-in-seoul-on-march-15-2026-10c,10°C,0.455,0.4479021671235447,-0.007097832876455323,True,1.1978021978021975,point_edge,point,march,"{""min_edge"":-0.05}",4.79120879120879
2026-03-16,highest-temperature-in-seoul-on-march-16-2026-11c,11°C,0.19,0.4944206840487698,0.3044206840487698,False,-1.0,point_edge,point,march,"{""min_edge"":-0.05}",-4.0
2026-03-17,highest-temperature-in-seoul-on-march-17-2026-12c,12°C,0.28,0.3953614597916905,0.11536145979169049,True,2.571428571428571,point_edge,point,march,"{""min_edge"":-0.05}",10.285714285714285
2026-03-18,highest-temperature-in-seoul-on-march-18-2026-8c,8°C,0.32,0.3522356916045914,0.03223569160459139,True,2.125,point_edge,point,march,"{""min_edge"":-0.05}",8.5
2026-03-20,highest-temperature-in-seoul-on-march-20-2026-11c,11°C,0.425,0.40088356062229147,-0.02411643937770852,True,1.3529411764705883,point_edge,point,march,"{""min_edge"":-0.05}",5.411764705882353
2026-03-21,highest-temperature-in-seoul-on-march-21-2026-11c,11°C,0.3,0.35702604369818547,0.05702604369818548,True,2.3333333333333335,point_edge,point,march,"{""min_edge"":-0.05}",9.333333333333334
2026-03-23,highest-temperature-in-seoul-on-march-23-2026-15c,15°C,0.295,0.31492324588306386,0.019923245883063878,True,2.3898305084745766,point_edge,point,march,"{""min_edge"":-0.05}",9.559322033898306
2026-03-24,highest-temperature-in-seoul-on-march-24-2026-15corhigher,15°C or higher,0.465,0.7311148307454206,0.2661148307454206,False,-1.0,point_edge,point,march,"{""min_edge"":-0.05}",-4.0
2026-03-25,highest-temperature-in-seoul-on-march-25-2026-14c,14°C,0.33,0.37043672807053757,0.04043672807053755,False,-1.0,point_edge,point,march,"{""min_edge"":-0.05}",-4.0
2026-03-29,highest-temperature-in-seoul-on-march-29-2026-17corhigher,17°C or higher,0.222,0.6154834645495664,0.3934834645495664,False,-1.0,point_edge,point,march,"{""min_edge"":-0.05}",-4.0
2026-03-30,highest-temperature-in-seoul-on-march-30-2026-18c,18°C,0.15000000000000002,0.2199573406502896,0.06995734065028958,True,5.666666666666666,point_edge,point,march,"{""min_edge"":-0.05}",22.666666666666664
2026-04-01,highest-temperature-in-seoul-on-april-1-2026-16corhigher,16°C or higher,0.1894438,0.6426636014863933,0.45321980148639335,False,-1.0,point_edge,point,april,"{""min_edge"":-0.05}",-4.0
2026-04-02,highest-temperature-in-seoul-on-april-2-2026-15c,15°C,0.17705500000000002,0.4224796969401995,0.24542469694019947,False,-1.0,point_edge,point,april,"{""min_edge"":-0.05}",-4.0
2026-04-05,highest-temperature-in-seoul-on-april-5-2026-13c,13°C,0.279855,0.3233281870803757,0.043473187080375675,False,-1.0,point_edge,point,april,"{""min_edge"":-0.05}",-4.0
2026-04-08,highest-temperature-in-seoul-on-april-8-2026-13c,13°C,0.22858,0.402991540610727,0.174411540610727,True,3.374835943652113,point_edge,point,april,"{""min_edge"":-0.05}",13.499343774608452
2026-04-09,highest-temperature-in-seoul-on-april-9-2026-14c,14°C,0.16154875,0.28663762098533213,0.12508887098533214,False,-1.0,point_edge,point,april,"{""min_edge"":-0.05}",-4.0
2026-04-10,highest-temperature-in-seoul-on-april-10-2026-12c,12°C,0.37151999999999996,0.3837649903423349,0.01224499034233495,True,1.6916451335055989,point_edge,point,april,"{""min_edge"":-0.05}",6.7665805340223955
2026-04-11,highest-temperature-in-seoul-on-april-11-2026-14c,14°C,0.20800000000000002,0.2216994880967063,0.013699488096706292,False,-1.0,point_edge,point,april,"{""min_edge"":-0.05}",-4.0
2026-04-12,highest-temperature-in-seoul-on-april-12-2026-18c,18°C,0.22343875,0.18038564604414045,-0.04305310395585954,False,-1.0,point_edge,point,april,"{""min_edge"":-0.05}",-4.0
2026-04-13,highest-temperature-in-seoul-on-april-13-2026-22c,22°C,0.1915072,0.16096254381137065,-0.030544656188629338,False,-1.0,point_edge,point,april,"{""min_edge"":-0.05}",-4.0
2026-04-14,highest-temperature-in-seoul-on-april-14-2026-24corhigher,24°C or higher,0.341055,0.5562829724333258,0.2152279724333258,False,-1.0,point_edge,point,april,"{""min_edge"":-0.05}",-4.0
2026-04-15,highest-temperature-in-seoul-on-april-15-2026-21corhigher,21°C or higher,0.9179302,0.8846536577509069,-0.033276542249093155,True,0.08940745167769837,point_edge,point,april,"{""min_edge"":-0.05}",0.3576298067107935
2026-04-16,highest-temperature-in-seoul-on-april-16-2026-23c,23°C,0.36137500000000006,0.33906354437492886,-0.022311455625071197,False,-1.0,point_edge,point,april,"{""min_edge"":-0.05}",-4.0
2026-04-20,highest-temperature-in-seoul-on-april-20-2026-16c,16°C,0.09929875,0.4575683994240249,0.3582696494240249,False,-1.0,point_edge,point,april,"{""min_edge"":-0.05}",-4.0
2026-04-21,highest-temperature-in-seoul-on-april-21-2026-15c,15°C,0.3105,0.4173064453145329,0.10680644531453293,False,-1.0,point_edge,point,april,"{""min_edge"":-0.05}",-4.0
2026-04-22,highest-temperature-in-seoul-on-april-22-2026-16c,16°C,0.33596875000000004,0.36304441863883513,0.027075668638835093,False,-1.0,point_edge,point,april,"{""min_edge"":-0.05}",-4.0
2026-04-24,highest-temperature-in-seoul-on-april-24-2026-21corhigher,21°C or higher,0.9719314875,0.936620598087039,-0.03531088941296101,True,0.02887910604912869,point_edge,point,april,"{""min_edge"":-0.05}",0.11551642419651476
2026-04-26,highest-temperature-in-seoul-on-april-26-2026-20corhigher,20°C or higher,0.9428200000000001,0.9362999245311652,-0.006520075468834929,True,0.060647843702933635,point_edge,point,april,"{""min_edge"":-0.05}",0.24259137481173454
2026-04-27,highest-temperature-in-seoul-on-april-27-2026-19c,19°C,0.45734875,0.40739325803407594,-0.04995549196592408,True,1.1865152140461737,point_edge,point,april,"{""min_edge"":-0.05}",4.746060856184695
2026-04-28,highest-temperature-in-seoul-on-april-28-2026-17c,17°C,0.18221875,0.3985937221158586,0.21637497211585857,False,-1.0,point_edge,point,april,"{""min_edge"":-0.05}",-4.0
2026-04-29,highest-temperature-in-seoul-on-april-29-2026-18c,18°C,0.33596875000000004,0.3271016497688973,-0.008867100231102765,True,1.9764673053669424,point_edge,point,april,"{""min_edge"":-0.05}",7.9058692214677695
2026-05-01,highest-temperature-in-seoul-on-may-1-2026-20corhigher,20°C or higher,0.29518875000000006,0.5380599977564045,0.2428712477564044,False,-1.0,point_edge,point,may,"{""min_edge"":-0.05}",-4.0
2026-05-02,highest-temperature-in-seoul-on-may-2-2026-19c,19°C,0.25424875,0.3787176141185294,0.12446886411852937,False,-1.0,point_edge,point,may,"{""min_edge"":-0.05}",-4.0
2026-05-04,highest-temperature-in-seoul-on-may-4-2026-19c,19°C,0.18221875,0.29075623572697157,0.10853748572697156,False,-1.0,point_edge,point,may,"{""min_edge"":-0.05}",-4.0
2026-05-05,highest-temperature-in-seoul-on-may-5-2026-18c,18°C,0.36137500000000006,0.3194713037663394,-0.04190369623366064,True,1.7672085783465925,point_edge,point,may,"{""min_edge"":-0.05}",7.06883431338637
2026-05-06,highest-temperature-in-seoul-on-may-6-2026-21corhigher,21°C or higher,0.641655,0.7094796773855279,0.06782467738552789,True,0.5584698942578177,point_edge,point,may,"{""min_edge"":-0.05}",2.2338795770312707
2026-05-07,highest-temperature-in-seoul-on-may-7-2026-18c,18°C,0.2434754875,0.40436481079735165,0.16088932329735164,False,-1.0,point_edge,point,may,"{""min_edge"":-0.05}",-4.0
2026-05-09,highest-temperature-in-seoul-on-may-9-2026-20c,20°C,0.42713875,0.5404803382045689,0.11334158820456885,True,1.341159634896155,point_edge,point,may,"{""min_edge"":-0.05}",5.36463853958462
2026-05-10,highest-temperature-in-seoul-on-may-10-2026-21c,21°C,0.41704875,0.4239638487389382,0.006915098738938197,False,-1.0,point_edge,point,may,"{""min_edge"":-0.05}",-4.0
2026-05-13,highest-temperature-in-seoul-on-may-13-2026-21c,21°C,0.43721875,0.45728411930474894,0.020065369304748948,False,-1.0,point_edge,point,may,"{""min_edge"":-0.05}",-4.0
2026-05-21,highest-temperature-in-seoul-on-may-21-2026-18c,18°C,0.1817024875,0.3336724673390063,0.1519699798390063,False,-1.0,point_edge,point,may,"{""min_edge"":-0.05}",-4.0
2026-05-24,highest-temperature-in-seoul-on-may-24-2026-25corhigher,25°C or higher,0.9847872,0.9547085009786423,-0.030078699021357624,False,-1.0,point_edge,point,may,"{""min_edge"":-0.05}",-4.0
2026-05-25,highest-temperature-in-seoul-on-may-25-2026-27c,27°C,0.43218,0.4414249714575831,0.009244971457583073,True,1.3138507103521682,point_edge,point,may,"{""min_edge"":-0.05}",5.255402841408673
2026-05-26,highest-temperature-in-seoul-on-may-26-2026-25corhigher,25°C or higher,0.990495,1.0,0.009504999999999986,True,0.009596211995012593,point_edge,point,may,"{""min_edge"":-0.05}",0.038384847980050374
2026-05-29,highest-temperature-in-seoul-on-may-29-2026-24c,24°C,0.26962,0.3178500203605921,0.048230020360592096,False,-1.0,point_edge,point,may,"{""min_edge"":-0.05}",-4.0
2026-05-30,highest-temperature-in-seoul-on-may-30-2026-25c,25°C,0.35629875000000005,0.3927397103432452,0.03644096034324512,False,-1.0,point_edge,point,may,"{""min_edge"":-0.05}",-4.0
2026-06-01,highest-temperature-in-seoul-on-june-1-2026-26c,26°C,0.40694875,0.4313643387582135,0.02441558875821348,False,-1.0,point_edge,point,june,"{""min_edge"":-0.05}",-4.0
2026-06-02,highest-temperature-in-seoul-on-june-2-2026-28c,28°C,0.35122000000000003,0.30360803798787583,-0.0476119620121242,False,-1.0,point_edge,point,june,"{""min_edge"":-0.05}",-4.0
2026-06-05,highest-temperature-in-seoul-on-june-5-2026-23c,23°C,0.25424875,0.3206066687236908,0.06635791872369079,True,2.933156013549722,point_edge,point,june,"{""min_edge"":-0.05}",11.732624054198888
2026-06-06,highest-temperature-in-seoul-on-june-6-2026-25corhigher,25°C or higher,0.8031487500000001,0.9415906511984297,0.13844190119842958,False,-1.0,point_edge,point,june,"{""min_edge"":-0.05}",-4.0
2026-06-07,highest-temperature-in-seoul-on-june-7-2026-25c,25°C,0.238855,0.19328226296796752,-0.04557273703203249,False,-1.0,point_edge,point,june,"{""min_edge"":-0.05}",-4.0
2026-06-08,highest-temperature-in-seoul-on-june-8-2026-24c,24°C,0.32578875,0.33382077879040595,0.008032028790405932,True,2.0694737003656507,point_edge,point,june,"{""min_edge"":-0.05}",8.277894801462603
2026-06-09,highest-temperature-in-seoul-on-june-9-2026-25c,25°C,0.41200000000000003,0.41983310100025384,0.007833101000253806,True,1.4271844660194173,point_edge,point,june,"{""min_edge"":-0.05}",5.708737864077669
2026-06-10,highest-temperature-in-seoul-on-june-10-2026-24c,24°C,0.20284875,0.41099555057793674,0.20814680057793675,False,-1.0,point_edge,point,june,"{""min_edge"":-0.05}",-4.0
2026-06-11,highest-temperature-in-seoul-on-june-11-2026-24c,24°C,0.20284875,0.4161126061653726,0.2132638561653726,False,-1.0,point_edge,point,june,"{""min_edge"":-0.05}",-4.0
2026-06-12,highest-temperature-in-seoul-on-june-12-2026-25c,25°C,0.46739875000000003,0.4632857952887631,-0.004112954711236905,False,-1.0,point_edge,point,june,"{""min_edge"":-0.05}",-4.0
2026-06-13,highest-temperature-in-seoul-on-june-13-2026-27c,27°C,0.32578875,0.4262544817308555,0.10046573173085549,True,2.0694737003656507,point_edge,point,june,"{""min_edge"":-0.05}",8.277894801462603
2026-06-16,highest-temperature-in-seoul-on-june-16-2026-28c,28°C,0.341055,0.3741455387214899,0.033090538721489926,False,-1.0,point_edge,point,june,"{""min_edge"":-0.05}",-4.0
2026-06-17,highest-temperature-in-seoul-on-june-17-2026-30c,30°C,0.5119999875,0.5234337861179803,0.011433798617980329,True,0.953125047683717,point_edge,point,june,"{""min_edge"":-0.05}",3.812500190734868
2026-06-21,highest-temperature-in-seoul-on-june-21-2026-27c,27°C,0.35629875000000005,0.4525695745075026,0.09627082450750257,True,1.8066334782257862,point_edge,point,june,"{""min_edge"":-0.05}",7.226533912903145
2026-06-22,highest-temperature-in-seoul-on-june-22-2026-27c,27°C,0.40694875,0.46011996919762627,0.05317121919762624,True,1.4573118850960962,point_edge,point,june,"{""min_edge"":-0.05}",5.829247540384385
2026-06-25,highest-temperature-in-seoul-on-june-25-2026-27c,27°C,0.24398875,0.4070263336292211,0.16303758362922108,False,-1.0,point_edge,point,june,"{""min_edge"":-0.05}",-4.0
2026-06-26,highest-temperature-in-seoul-on-june-26-2026-26c,26°C,0.16672,0.4978568952449987,0.3311368952449987,False,-1.0,point_edge,point,june,"{""min_edge"":-0.05}",-4.0
2026-06-27,highest-temperature-in-seoul-on-june-27-2026-29c,29°C,0.40694875,0.4511014744949673,0.044152724494967266,False,-1.0,point_edge,point,june,"{""min_edge"":-0.05}",-4.0
2026-06-28,highest-temperature-in-seoul-on-june-28-2026-28c,28°C,0.49748875,0.4600297254062189,-0.03745902459378109,False,-1.0,point_edge,point,june,"{""min_edge"":-0.05}",-4.0
2026-07-01,highest-temperature-in-seoul-on-july-1-2026-31c,31°C,0.24912,0.4025232920858616,0.15340329208586156,False,-1.0,point_edge,point,july,"{""min_edge"":0.0}",-4.0
2026-07-03,highest-temperature-in-seoul-on-july-3-2026-27c,27°C,0.39683875,0.48261294290743173,0.08577419290743171,False,-1.0,point_edge,point,july,"{""min_edge"":0.0}",-4.0
2026-07-04,highest-temperature-in-seoul-on-july-4-2026-28c,28°C,0.53746875,0.5519565830779698,0.014487833077969747,True,0.8605732891447175,point_edge,point,july,"{""min_edge"":0.0}",3.44229315657887
2026-07-06,highest-temperature-in-seoul-on-july-6-2026-27c,27°C,0.33088,0.39568616852733335,0.06480616852733334,False,-1.0,point_edge,point,july,"{""min_edge"":0.0}",-4.0
2026-07-07,highest-temperature-in-seoul-on-july-7-2026-30corhigher,30°C or higher,0.53946355,0.7650574467372931,0.22559389673729313,True,0.8536933588932931,point_edge,point,july,"{""min_edge"":0.0}",3.4147734355731725
2026-07-09,highest-temperature-in-seoul-on-july-9-2026-26c,26°C,0.37658874999999997,0.3969807018635354,0.02039195186353543,False,-1.0,point_edge,point,july,"{""min_edge"":0.0}",-4.0
2026-07-10,highest-temperature-in-seoul-on-july-10-2026-29c,29°C,0.25424875,0.44352055438068466,0.18927180438068464,False,-1.0,point_edge,point,july,"{""min_edge"":0.0}",-4.0
2026-07-11,highest-temperature-in-seoul-on-july-11-2026-33corhigher,33°C or higher,0.14705595000000002,0.6386804823085153,0.4916245323085152,False,-1.0,point_edge,point,july,"{""min_edge"":0.0}",-4.0
2026-07-15,highest-temperature-in-seoul-on-july-15-2026-27c,27°C,0.259375,0.34492085405345263,0.08554585405345261,False,-1.0,point_edge,point,july,"{""min_edge"":0.0}",-4.0
2026-07-18,highest-temperature-in-seoul-on-july-18-2026-26c,26°C,0.20284875,0.4087413116836831,0.2058925616836831,True,3.9297814258160333,point_edge,point,july,"{""min_edge"":0.0}",15.719125703264133
2026-07-20,highest-temperature-in-seoul-on-july-20-2026-25c,25°C,0.31559875,0.43690057069490024,0.12130182069490025,False,-1.0,point_edge,point,july,"{""min_edge"":0.0}",-4.0
2026-07-22,highest-temperature-in-seoul-on-july-22-2026-27c,27°C,0.30029500000000003,0.4361140635861968,0.13581906358619678,True,2.330058775537388,point_edge,point,july,"{""min_edge"":0.0}",9.320235102149551
2026-07-24,highest-temperature-in-seoul-on-july-24-2026-30c,30°C,0.22343875,0.5308512849758401,0.3074125349758401,False,-1.0,point_edge,point,july,"{""min_edge"":0.0}",-4.0
2026-02-01,highest-temperature-in-seoul-on-february-1-2c,2°C,0.035,0.5019521264926332,0.4669521264926332,False,-1.0,probability_edge,probability,february,"{""min_edge"":-0.05}",-4.0
2026-02-03,highest-temperature-in-seoul-on-february-3-2026-4corhigher,4°C or higher,0.0635,0.8278498255428757,0.7643498255428757,False,-1.0,probability_edge,probability,february,"{""min_edge"":-0.05}",-4.0
2026-02-04,highest-temperature-in-seoul-on-february-4-2026-7corhigher,7°C or higher,0.044000000000000004,0.6428831768566541,0.598883176856654,True,21.727272727272727,probability_edge,probability,february,"{""min_edge"":-0.05}",86.9090909090909
2026-02-05,highest-temperature-in-seoul-on-february-5-2026-8corhigher,8°C or higher,0.71,0.8825418587320526,0.17254185873205263,True,0.40845070422535223,probability_edge,probability,february,"{""min_edge"":-0.05}",1.633802816901409
2026-02-07,highest-temperature-in-seoul-on-february-7-2026-neg-6c,-6°C,0.135,0.5116834370461321,0.37668343704613205,False,-1.0,probability_edge,probability,february,"{""min_edge"":-0.05}",-4.0
2026-02-13,highest-temperature-in-seoul-on-february-13-2026-9corhigher,9°C or higher,0.47000000000000003,0.8904206179434782,0.4204206179434781,True,1.127659574468085,probability_edge,probability,february,"{""min_edge"":-0.05}",4.51063829787234
2026-02-14,highest-temperature-in-seoul-on-february-14-2026-11corhigher,11°C or higher,0.072,0.6950768859089108,0.6230768859089109,True,12.88888888888889,probability_edge,probability,february,"{""min_edge"":-0.05}",51.55555555555556
2026-02-15,highest-temperature-in-seoul-on-february-15-2026-9corhigher,9°C or higher,0.5650000000000001,0.6102244744270748,0.04522447442707478,False,-1.0,probability_edge,probability,february,"{""min_edge"":-0.05}",-4.0
2026-02-16,highest-temperature-in-seoul-on-february-16-2026-4c,4°C,0.22,0.3962215916290958,0.17622159162909581,False,-1.0,probability_edge,probability,february,"{""min_edge"":-0.05}",-4.0
2026-02-17,highest-temperature-in-seoul-on-february-17-2026-5c,5°C,0.52,0.5078467981624923,-0.012153201837507677,False,-1.0,probability_edge,probability,february,"{""min_edge"":-0.05}",-4.0
2026-02-18,highest-temperature-in-seoul-on-february-18-2026-5c,5°C,0.46,0.5289705007533507,0.0689705007533507,False,-1.0,probability_edge,probability,february,"{""min_edge"":-0.05}",-4.0
2026-02-19,highest-temperature-in-seoul-on-february-19-2026-6c,6°C,0.315,0.5007260513413885,0.18572605134138848,False,-1.0,probability_edge,probability,february,"{""min_edge"":-0.05}",-4.0
2026-02-21,highest-temperature-in-seoul-on-february-21-2026-14corhigher,14°C or higher,0.75,0.9165827273067936,0.16658272730679358,True,0.33333333333333326,probability_edge,probability,february,"{""min_edge"":-0.05}",1.333333333333333
2026-02-23,highest-temperature-in-seoul-on-february-23-2026-4c,4°C,0.51,0.5307576239374682,0.02075762393746816,True,0.9607843137254901,probability_edge,probability,february,"{""min_edge"":-0.05}",3.8431372549019605
2026-02-24,highest-temperature-in-seoul-on-february-24-2026-6c,6°C,0.095,0.3306909742388555,0.23569097423885552,False,-1.0,probability_edge,probability,february,"{""min_edge"":-0.05}",-4.0
2026-02-25,highest-temperature-in-seoul-on-february-25-2026-9c,9°C,0.0955,0.34215254663859374,0.24665254663859373,False,-1.0,probability_edge,probability,february,"{""min_edge"":-0.05}",-4.0
2026-02-26,highest-temperature-in-seoul-on-february-26-2026-11c,11°C,0.35000000000000003,0.4378463402734908,0.08784634027349075,True,1.8571428571428568,probability_edge,probability,february,"{""min_edge"":-0.05}",7.428571428571427
2026-02-27,highest-temperature-in-seoul-on-february-27-2026-13corhigher,13°C or higher,0.58,0.7482137727899805,0.1682137727899805,True,0.7241379310344829,probability_edge,probability,february,"{""min_edge"":-0.05}",2.8965517241379315
2026-02-28,highest-temperature-in-seoul-on-february-28-2026-11c,11°C,0.165,0.34235547065006716,0.17735547065006715,False,-1.0,probability_edge,probability,february,"{""min_edge"":-0.05}",-4.0
2026-03-01,highest-temperature-in-seoul-on-march-1-2026-13c,13°C,0.24200000000000002,0.40726792419422897,0.16526792419422895,False,-1.0,probability_edge,probability,march,"{""min_edge"":0.0}",-4.0
2026-03-03,highest-temperature-in-seoul-on-march-3-2026-10c,10°C,0.35000000000000003,0.4009305432006507,0.05093054320065066,True,1.8571428571428568,probability_edge,probability,march,"{""min_edge"":0.0}",7.428571428571427
2026-03-04,highest-temperature-in-seoul-on-march-4-2026-8c,8°C,0.28500000000000003,0.45470350598019943,0.1697035059801994,False,-1.0,probability_edge,probability,march,"{""min_edge"":0.0}",-4.0
2026-03-05,highest-temperature-in-seoul-on-march-5-2026-9c,9°C,0.45,0.47952640380033024,0.029526403800330225,False,-1.0,probability_edge,probability,march,"{""min_edge"":0.0}",-4.0
2026-03-06,highest-temperature-in-seoul-on-march-6-2026-5c,5°C,0.47500000000000003,0.47848847818821705,0.0034884781882170146,False,-1.0,probability_edge,probability,march,"{""min_edge"":0.0}",-4.0
2026-03-09,highest-temperature-in-seoul-on-march-9-2026-8c,8°C,0.27,0.4710566767821721,0.2010566767821721,False,-1.0,probability_edge,probability,march,"{""min_edge"":0.0}",-4.0
2026-03-10,highest-temperature-in-seoul-on-march-10-2026-7c,7°C,0.455,0.5061399465540406,0.05113994655404058,True,1.1978021978021975,probability_edge,probability,march,"{""min_edge"":0.0}",4.79120879120879
2026-03-11,highest-temperature-in-seoul-on-march-11-2026-8c,8°C,0.275,0.3742537963446443,0.09925379634464426,False,-1.0,probability_edge,probability,march,"{""min_edge"":0.0}",-4.0
2026-03-13,highest-temperature-in-seoul-on-march-13-2026-12corhigher,12°C or higher,0.2,0.7440972926454228,0.5440972926454228,False,-1.0,probability_edge,probability,march,"{""min_edge"":0.0}",-4.0
2026-03-14,highest-temperature-in-seoul-on-march-14-2026-10c,10°C,0.305,0.43429570932909634,0.12929570932909634,False,-1.0,probability_edge,probability,march,"{""min_edge"":0.0}",-4.0
2026-03-16,highest-temperature-in-seoul-on-march-16-2026-11c,11°C,0.19,0.4944206840487698,0.3044206840487698,False,-1.0,probability_edge,probability,march,"{""min_edge"":0.0}",-4.0
2026-03-17,highest-temperature-in-seoul-on-march-17-2026-12c,12°C,0.28,0.3953614597916905,0.11536145979169049,True,2.571428571428571,probability_edge,probability,march,"{""min_edge"":0.0}",10.285714285714285
2026-03-18,highest-temperature-in-seoul-on-march-18-2026-8c,8°C,0.32,0.3522356916045914,0.03223569160459139,True,2.125,probability_edge,probability,march,"{""min_edge"":0.0}",8.5
2026-03-21,highest-temperature-in-seoul-on-march-21-2026-11c,11°C,0.3,0.35702604369818547,0.05702604369818548,True,2.3333333333333335,probability_edge,probability,march,"{""min_edge"":0.0}",9.333333333333334
2026-03-23,highest-temperature-in-seoul-on-march-23-2026-15c,15°C,0.295,0.31492324588306386,0.019923245883063878,True,2.3898305084745766,probability_edge,probability,march,"{""min_edge"":0.0}",9.559322033898306
2026-03-24,highest-temperature-in-seoul-on-march-24-2026-15corhigher,15°C or higher,0.465,0.7311148307454206,0.2661148307454206,False,-1.0,probability_edge,probability,march,"{""min_edge"":0.0}",-4.0
2026-03-25,highest-temperature-in-seoul-on-march-25-2026-14c,14°C,0.33,0.37043672807053757,0.04043672807053755,False,-1.0,probability_edge,probability,march,"{""min_edge"":0.0}",-4.0
2026-03-26,highest-temperature-in-seoul-on-march-26-2026-11c,11°C,0.2285,0.472797084612206,0.24429708461220598,False,-1.0,probability_edge,probability,march,"{""min_edge"":0.0}",-4.0
2026-03-27,highest-temperature-in-seoul-on-march-27-2026-10c,10°C,0.17,0.390287137186657,0.22028713718665696,False,-1.0,probability_edge,probability,march,"{""min_edge"":0.0}",-4.0
2026-03-28,highest-temperature-in-seoul-on-march-28-2026-13c,13°C,0.27,0.4266836633721804,0.15668366337218037,False,-1.0,probability_edge,probability,march,"{""min_edge"":0.0}",-4.0
2026-03-29,highest-temperature-in-seoul-on-march-29-2026-17corhigher,17°C or higher,0.222,0.6154834645495664,0.3934834645495664,False,-1.0,probability_edge,probability,march,"{""min_edge"":0.0}",-4.0
2026-03-30,highest-temperature-in-seoul-on-march-30-2026-17c,17°C,0.27,0.3543961744783821,0.0843961744783821,False,-1.0,probability_edge,probability,march,"{""min_edge"":0.0}",-4.0
2026-04-01,highest-temperature-in-seoul-on-april-1-2026-16corhigher,16°C or higher,0.1894438,0.6426636014863933,0.45321980148639335,False,-1.0,probability_edge,probability,april,"{""min_edge"":0.0}",-4.0
2026-04-02,highest-temperature-in-seoul-on-april-2-2026-15c,15°C,0.17705500000000002,0.4224796969401995,0.24542469694019947,False,-1.0,probability_edge,probability,april,"{""min_edge"":0.0}",-4.0
2026-04-03,highest-temperature-in-seoul-on-april-3-2026-17c,17°C,0.26449875,0.3684674178486221,0.10396866784862208,False,-1.0,probability_edge,probability,april,"{""min_edge"":0.0}",-4.0
2026-04-05,highest-temperature-in-seoul-on-april-5-2026-14c,14°C,0.26449875,0.36669824026709497,0.10219949026709496,False,-1.0,probability_edge,probability,april,"{""min_edge"":0.0}",-4.0
2026-04-06,highest-temperature-in-seoul-on-april-6-2026-14c,14°C,0.09929875,0.4117302435823584,0.3124314935823584,True,9.070620224323065,probability_edge,probability,april,"{""min_edge"":0.0}",36.28248089729226
2026-04-07,highest-temperature-in-seoul-on-april-7-2026-13c,13°C,0.3105,0.31139109972058404,0.0008910997205840432,False,-1.0,probability_edge,probability,april,"{""min_edge"":0.0}",-4.0
2026-04-08,highest-temperature-in-seoul-on-april-8-2026-13c,13°C,0.22858,0.402991540610727,0.174411540610727,True,3.374835943652113,probability_edge,probability,april,"{""min_edge"":0.0}",13.499343774608452
2026-04-10,highest-temperature-in-seoul-on-april-10-2026-12c,12°C,0.37151999999999996,0.3837649903423349,0.01224499034233495,True,1.6916451335055989,probability_edge,probability,april,"{""min_edge"":0.0}",6.7665805340223955
2026-04-12,highest-temperature-in-seoul-on-april-12-2026-17c,17°C,0.13046875,0.27322091170748425,0.14275216170748425,False,-1.0,probability_edge,probability,april,"{""min_edge"":0.0}",-4.0
2026-04-13,highest-temperature-in-seoul-on-april-13-2026-21c,21°C,0.18738000000000002,0.4124309506392211,0.22505095063922106,False,-1.0,probability_edge,probability,april,"{""min_edge"":0.0}",-4.0
2026-04-17,highest-temperature-in-seoul-on-april-17-2026-16c,16°C,0.17705500000000002,0.38445396945805904,0.20739896945805902,False,-1.0,probability_edge,probability,april,"{""min_edge"":0.0}",-4.0
2026-04-18,highest-temperature-in-seoul-on-april-18-2026-19c,19°C,0.05498718750000001,0.5138943089557142,0.4589071214557142,False,-1.0,probability_edge,probability,april,"{""min_edge"":0.0}",-4.0
2026-04-19,highest-temperature-in-seoul-on-april-19-2026-21c,21°C,0.1128168,0.55684866869027,0.44403186869027006,False,-1.0,probability_edge,probability,april,"{""min_edge"":0.0}",-4.0
2026-04-20,highest-temperature-in-seoul-on-april-20-2026-16c,16°C,0.09929875,0.4575683994240249,0.3582696494240249,False,-1.0,probability_edge,probability,april,"{""min_edge"":0.0}",-4.0
2026-04-21,highest-temperature-in-seoul-on-april-21-2026-15c,15°C,0.3105,0.4173064453145329,0.10680644531453293,False,-1.0,probability_edge,probability,april,"{""min_edge"":0.0}",-4.0
2026-04-22,highest-temperature-in-seoul-on-april-22-2026-16c,16°C,0.33596875000000004,0.36304441863883513,0.027075668638835093,False,-1.0,probability_edge,probability,april,"{""min_edge"":0.0}",-4.0
2026-04-23,highest-temperature-in-seoul-on-april-23-2026-22c,22°C,0.21829500000000002,0.3373782862858079,0.11908328628580789,True,3.580956961909343,probability_edge,probability,april,"{""min_edge"":0.0}",14.323827847637371
2026-04-28,highest-temperature-in-seoul-on-april-28-2026-17c,17°C,0.18221875,0.3985937221158586,0.21637497211585857,False,-1.0,probability_edge,probability,april,"{""min_edge"":0.0}",-4.0
2026-04-30,highest-temperature-in-seoul-on-april-30-2026-19c,19°C,0.279855,0.343428306009328,0.06357330600932798,True,2.5732790194922366,probability_edge,probability,april,"{""min_edge"":0.0}",10.293116077968946
2026-05-01,highest-temperature-in-seoul-on-may-1-2026-19c,19°C,0.32578875,0.3741041313217126,0.04831538132171259,True,2.0694737003656507,probability_edge,probability,may,"{""min_edge"":0.0}",8.277894801462603
2026-05-02,highest-temperature-in-seoul-on-may-2-2026-19c,19°C,0.25424875,0.3787176141185294,0.12446886411852937,False,-1.0,probability_edge,probability,may,"{""min_edge"":0.0}",-4.0
2026-05-04,highest-temperature-in-seoul-on-may-4-2026-20corhigher,20°C or higher,0.0309314875,0.3820656860612972,0.3511341985612972,False,-1.0,probability_edge,probability,may,"{""min_edge"":0.0}",-4.0
2026-05-06,highest-temperature-in-seoul-on-may-6-2026-21corhigher,21°C or higher,0.641655,0.7094796773855279,0.06782467738552789,True,0.5584698942578177,probability_edge,probability,may,"{""min_edge"":0.0}",2.2338795770312707
2026-05-07,highest-temperature-in-seoul-on-may-7-2026-18c,18°C,0.2434754875,0.40436481079735165,0.16088932329735164,False,-1.0,probability_edge,probability,may,"{""min_edge"":0.0}",-4.0
2026-05-09,highest-temperature-in-seoul-on-may-9-2026-20c,20°C,0.42713875,0.5404803382045689,0.11334158820456885,True,1.341159634896155,probability_edge,probability,may,"{""min_edge"":0.0}",5.36463853958462
2026-05-10,highest-temperature-in-seoul-on-may-10-2026-21c,21°C,0.41704875,0.4239638487389382,0.006915098738938197,False,-1.0,probability_edge,probability,may,"{""min_edge"":0.0}",-4.0
2026-05-13,highest-temperature-in-seoul-on-may-13-2026-21c,21°C,0.43721875,0.45728411930474894,0.020065369304748948,False,-1.0,probability_edge,probability,may,"{""min_edge"":0.0}",-4.0
2026-05-14,highest-temperature-in-seoul-on-may-14-2026-26c,26°C,0.27473875000000003,0.46962418759852687,0.19488543759852683,True,2.639821466757055,probability_edge,probability,may,"{""min_edge"":0.0}",10.55928586702822
2026-05-15,highest-temperature-in-seoul-on-may-15-2026-25c,25°C,0.15637500000000001,0.4861289685444746,0.3297539685444746,False,-1.0,probability_edge,probability,may,"{""min_edge"":0.0}",-4.0
2026-05-16,highest-temperature-in-seoul-on-may-16-2026-25c,25°C,0.21829500000000002,0.551993322825144,0.333698322825144,False,-1.0,probability_edge,probability,may,"{""min_edge"":0.0}",-4.0
2026-05-22,highest-temperature-in-seoul-on-may-22-2026-24c,24°C,0.08888874999999999,0.37453425311256716,0.2856455031125672,False,-1.0,probability_edge,probability,may,"{""min_edge"":0.0}",-4.0
2026-05-25,highest-temperature-in-seoul-on-may-25-2026-27c,27°C,0.43218,0.4414249714575831,0.009244971457583073,True,1.3138507103521682,probability_edge,probability,may,"{""min_edge"":0.0}",5.255402841408673
2026-05-26,highest-temperature-in-seoul-on-may-26-2026-25corhigher,25°C or higher,0.990495,1.0,0.009504999999999986,True,0.009596211995012593,probability_edge,probability,may,"{""min_edge"":0.0}",0.038384847980050374
2026-05-28,highest-temperature-in-seoul-on-may-28-2026-24c,24°C,0.29518875000000006,0.340049767290692,0.04486101729069192,False,-1.0,probability_edge,probability,may,"{""min_edge"":0.0}",-4.0
2026-05-29,highest-temperature-in-seoul-on-may-29-2026-25c,25°C,0.24398875,0.3296078137931053,0.08561906379310527,True,3.098549625751187,probability_edge,probability,may,"{""min_edge"":0.0}",12.394198503004748
2026-05-30,highest-temperature-in-seoul-on-may-30-2026-25c,25°C,0.35629875000000005,0.3927397103432452,0.03644096034324512,False,-1.0,probability_edge,probability,may,"{""min_edge"":0.0}",-4.0
2026-06-01,highest-temperature-in-seoul-on-june-1-2026-26c,26°C,0.40694875,0.4313643387582135,0.02441558875821348,False,-1.0,probability_edge,probability,june,"{""min_edge"":0.0}",-4.0
2026-06-02,highest-temperature-in-seoul-on-june-2-2026-27c,27°C,0.19253875,0.3611070122328363,0.1685682622328363,False,-1.0,probability_edge,probability,june,"{""min_edge"":0.0}",-4.0
2026-06-03,highest-temperature-in-seoul-on-june-3-2026-26c,26°C,0.18738000000000002,0.4211713609267367,0.23379136092673666,False,-1.0,probability_edge,probability,june,"{""min_edge"":0.0}",-4.0
2026-06-06,highest-temperature-in-seoul-on-june-6-2026-25corhigher,25°C or higher,0.8031487500000001,0.9415906511984297,0.13844190119842958,False,-1.0,probability_edge,probability,june,"{""min_edge"":0.0}",-4.0
2026-06-07,highest-temperature-in-seoul-on-june-7-2026-26c,26°C,0.135655,0.3705641749664551,0.2349091749664551,False,-1.0,probability_edge,probability,june,"{""min_edge"":0.0}",-4.0
2026-06-08,highest-temperature-in-seoul-on-june-8-2026-24c,24°C,0.32578875,0.33382077879040595,0.008032028790405932,True,2.0694737003656507,probability_edge,probability,june,"{""min_edge"":0.0}",8.277894801462603
2026-06-09,highest-temperature-in-seoul-on-june-9-2026-25c,25°C,0.41200000000000003,0.41983310100025384,0.007833101000253806,True,1.4271844660194173,probability_edge,probability,june,"{""min_edge"":0.0}",5.708737864077669
2026-06-10,highest-temperature-in-seoul-on-june-10-2026-24c,24°C,0.20284875,0.41099555057793674,0.20814680057793675,False,-1.0,probability_edge,probability,june,"{""min_edge"":0.0}",-4.0
2026-06-11,highest-temperature-in-seoul-on-june-11-2026-24c,24°C,0.20284875,0.4161126061653726,0.2132638561653726,False,-1.0,probability_edge,probability,june,"{""min_edge"":0.0}",-4.0
2026-06-13,highest-temperature-in-seoul-on-june-13-2026-27c,27°C,0.32578875,0.4262544817308555,0.10046573173085549,True,2.0694737003656507,probability_edge,probability,june,"{""min_edge"":0.0}",8.277894801462603
2026-06-15,highest-temperature-in-seoul-on-june-15-2026-27c,27°C,0.07846875,0.42264203273964795,0.344173282739648,False,-1.0,probability_edge,probability,june,"{""min_edge"":0.0}",-4.0
2026-06-16,highest-temperature-in-seoul-on-june-16-2026-28c,28°C,0.341055,0.3741455387214899,0.033090538721489926,False,-1.0,probability_edge,probability,june,"{""min_edge"":0.0}",-4.0
2026-06-17,highest-temperature-in-seoul-on-june-17-2026-30c,30°C,0.5119999875,0.5234337861179803,0.011433798617980329,True,0.953125047683717,probability_edge,probability,june,"{""min_edge"":0.0}",3.812500190734868
2026-06-21,highest-temperature-in-seoul-on-june-21-2026-27c,27°C,0.35629875000000005,0.4525695745075026,0.09627082450750257,True,1.8066334782257862,probability_edge,probability,june,"{""min_edge"":0.0}",7.226533912903145
2026-06-22,highest-temperature-in-seoul-on-june-22-2026-27c,27°C,0.40694875,0.46011996919762627,0.05317121919762624,True,1.4573118850960962,probability_edge,probability,june,"{""min_edge"":0.0}",5.829247540384385
2026-06-25,highest-temperature-in-seoul-on-june-25-2026-27c,27°C,0.24398875,0.4070263336292211,0.16303758362922108,False,-1.0,probability_edge,probability,june,"{""min_edge"":0.0}",-4.0
2026-06-26,highest-temperature-in-seoul-on-june-26-2026-26c,26°C,0.16672,0.4978568952449987,0.3311368952449987,False,-1.0,probability_edge,probability,june,"{""min_edge"":0.0}",-4.0
2026-06-27,highest-temperature-in-seoul-on-june-27-2026-29c,29°C,0.40694875,0.4511014744949673,0.044152724494967266,False,-1.0,probability_edge,probability,june,"{""min_edge"":0.0}",-4.0
2026-07-01,highest-temperature-in-seoul-on-july-1-2026-31c,31°C,0.24912,0.4025232920858616,0.15340329208586156,False,-1.0,probability_edge,probability,july,"{""min_edge"":0.0}",-4.0
2026-07-03,highest-temperature-in-seoul-on-july-3-2026-27c,27°C,0.39683875,0.48261294290743173,0.08577419290743171,False,-1.0,probability_edge,probability,july,"{""min_edge"":0.0}",-4.0
2026-07-04,highest-temperature-in-seoul-on-july-4-2026-28c,28°C,0.53746875,0.5519565830779698,0.014487833077969747,True,0.8605732891447175,probability_edge,probability,july,"{""min_edge"":0.0}",3.44229315657887
2026-07-06,highest-temperature-in-seoul-on-july-6-2026-27c,27°C,0.33088,0.39568616852733335,0.06480616852733334,False,-1.0,probability_edge,probability,july,"{""min_edge"":0.0}",-4.0
2026-07-07,highest-temperature-in-seoul-on-july-7-2026-30corhigher,30°C or higher,0.53946355,0.7650574467372931,0.22559389673729313,True,0.8536933588932931,probability_edge,probability,july,"{""min_edge"":0.0}",3.4147734355731725
2026-07-09,highest-temperature-in-seoul-on-july-9-2026-26c,26°C,0.37658874999999997,0.3969807018635354,0.02039195186353543,False,-1.0,probability_edge,probability,july,"{""min_edge"":0.0}",-4.0
2026-07-10,highest-temperature-in-seoul-on-july-10-2026-29c,29°C,0.25424875,0.44352055438068466,0.18927180438068464,False,-1.0,probability_edge,probability,july,"{""min_edge"":0.0}",-4.0
2026-07-11,highest-temperature-in-seoul-on-july-11-2026-33corhigher,33°C or higher,0.14705595000000002,0.6386804823085153,0.4916245323085152,False,-1.0,probability_edge,probability,july,"{""min_edge"":0.0}",-4.0
2026-07-15,highest-temperature-in-seoul-on-july-15-2026-27c,27°C,0.259375,0.34492085405345263,0.08554585405345261,False,-1.0,probability_edge,probability,july,"{""min_edge"":0.0}",-4.0
2026-07-18,highest-temperature-in-seoul-on-july-18-2026-26c,26°C,0.20284875,0.4087413116836831,0.2058925616836831,True,3.9297814258160333,probability_edge,probability,july,"{""min_edge"":0.0}",15.719125703264133
2026-07-20,highest-temperature-in-seoul-on-july-20-2026-25c,25°C,0.31559875,0.43690057069490024,0.12130182069490025,False,-1.0,probability_edge,probability,july,"{""min_edge"":0.0}",-4.0
2026-07-22,highest-temperature-in-seoul-on-july-22-2026-27c,27°C,0.30029500000000003,0.4361140635861968,0.13581906358619678,True,2.330058775537388,probability_edge,probability,july,"{""min_edge"":0.0}",9.320235102149551
2026-07-24,highest-temperature-in-seoul-on-july-24-2026-30c,30°C,0.22343875,0.5308512849758401,0.3074125349758401,False,-1.0,probability_edge,probability,july,"{""min_edge"":0.0}",-4.0
2026-02-01,highest-temperature-in-seoul-on-february-1-2c,2°C,0.035,0.5019521264926332,0.4669521264926332,False,-1.0,point_price_edge,point,february,"{""max_price"":0.75,""min_edge"":0.0}",-4.0
2026-02-03,highest-temperature-in-seoul-on-february-3-2026-4corhigher,4°C or higher,0.0635,0.8278498255428757,0.7643498255428757,False,-1.0,point_price_edge,point,february,"{""max_price"":0.75,""min_edge"":0.0}",-4.0
2026-02-04,highest-temperature-in-seoul-on-february-4-2026-7corhigher,7°C or higher,0.044000000000000004,0.6428831768566541,0.598883176856654,True,21.727272727272727,point_price_edge,point,february,"{""max_price"":0.75,""min_edge"":0.0}",86.9090909090909
2026-02-05,highest-temperature-in-seoul-on-february-5-2026-8corhigher,8°C or higher,0.71,0.8825418587320526,0.17254185873205263,True,0.40845070422535223,point_price_edge,point,february,"{""max_price"":0.75,""min_edge"":0.0}",1.633802816901409
2026-02-07,highest-temperature-in-seoul-on-february-7-2026-neg-6c,-6°C,0.135,0.5116834370461321,0.37668343704613205,False,-1.0,point_price_edge,point,february,"{""max_price"":0.75,""min_edge"":0.0}",-4.0
2026-02-08,highest-temperature-in-seoul-on-february-8-2026-neg-5c,-5°C,0.049,0.3169720113096047,0.2679720113096047,False,-1.0,point_price_edge,point,february,"{""max_price"":0.75,""min_edge"":0.0}",-4.0
2026-02-09,highest-temperature-in-seoul-on-february-9-2026-1c,1°C,0.2,0.33878913353698126,0.13878913353698125,False,-1.0,point_price_edge,point,february,"{""max_price"":0.75,""min_edge"":0.0}",-4.0
2026-02-13,highest-temperature-in-seoul-on-february-13-2026-9corhigher,9°C or higher,0.47000000000000003,0.8904206179434782,0.4204206179434781,True,1.127659574468085,point_price_edge,point,february,"{""max_price"":0.75,""min_edge"":0.0}",4.51063829787234
2026-02-14,highest-temperature-in-seoul-on-february-14-2026-11corhigher,11°C or higher,0.072,0.6950768859089108,0.6230768859089109,True,12.88888888888889,point_price_edge,point,february,"{""max_price"":0.75,""min_edge"":0.0}",51.55555555555556
2026-02-15,highest-temperature-in-seoul-on-february-15-2026-9corhigher,9°C or higher,0.5650000000000001,0.6102244744270748,0.04522447442707478,False,-1.0,point_price_edge,point,february,"{""max_price"":0.75,""min_edge"":0.0}",-4.0
2026-02-16,highest-temperature-in-seoul-on-february-16-2026-4c,4°C,0.22,0.3962215916290958,0.17622159162909581,False,-1.0,point_price_edge,point,february,"{""max_price"":0.75,""min_edge"":0.0}",-4.0
2026-02-18,highest-temperature-in-seoul-on-february-18-2026-5c,5°C,0.46,0.5289705007533507,0.0689705007533507,False,-1.0,point_price_edge,point,february,"{""max_price"":0.75,""min_edge"":0.0}",-4.0
2026-02-19,highest-temperature-in-seoul-on-february-19-2026-6c,6°C,0.315,0.5007260513413885,0.18572605134138848,False,-1.0,point_price_edge,point,february,"{""max_price"":0.75,""min_edge"":0.0}",-4.0
2026-02-21,highest-temperature-in-seoul-on-february-21-2026-14corhigher,14°C or higher,0.75,0.9165827273067936,0.16658272730679358,True,0.33333333333333326,point_price_edge,point,february,"{""max_price"":0.75,""min_edge"":0.0}",1.333333333333333
2026-02-23,highest-temperature-in-seoul-on-february-23-2026-4c,4°C,0.51,0.5307576239374682,0.02075762393746816,True,0.9607843137254901,point_price_edge,point,february,"{""max_price"":0.75,""min_edge"":0.0}",3.8431372549019605
2026-02-24,highest-temperature-in-seoul-on-february-24-2026-6c,6°C,0.095,0.3306909742388555,0.23569097423885552,False,-1.0,point_price_edge,point,february,"{""max_price"":0.75,""min_edge"":0.0}",-4.0
2026-02-25,highest-temperature-in-seoul-on-february-25-2026-9c,9°C,0.0955,0.34215254663859374,0.24665254663859373,False,-1.0,point_price_edge,point,february,"{""max_price"":0.75,""min_edge"":0.0}",-4.0
2026-02-26,highest-temperature-in-seoul-on-february-26-2026-11c,11°C,0.35000000000000003,0.4378463402734908,0.08784634027349075,True,1.8571428571428568,point_price_edge,point,february,"{""max_price"":0.75,""min_edge"":0.0}",7.428571428571427
2026-02-27,highest-temperature-in-seoul-on-february-27-2026-13corhigher,13°C or higher,0.58,0.7482137727899805,0.1682137727899805,True,0.7241379310344829,point_price_edge,point,february,"{""max_price"":0.75,""min_edge"":0.0}",2.8965517241379315
2026-03-01,highest-temperature-in-seoul-on-march-1-2026-13c,13°C,0.24200000000000002,0.40726792419422897,0.16526792419422895,False,-1.0,point_price_edge,point,march,"{""max_price"":0.75,""min_edge"":0.0}",-4.0
2026-03-02,highest-temperature-in-seoul-on-march-2-2026-7c,7°C,0.12,0.3482306645535439,0.2282306645535439,False,-1.0,point_price_edge,point,march,"{""max_price"":0.75,""min_edge"":0.0}",-4.0
2026-03-04,highest-temperature-in-seoul-on-march-4-2026-8c,8°C,0.28500000000000003,0.45470350598019943,0.1697035059801994,False,-1.0,point_price_edge,point,march,"{""max_price"":0.75,""min_edge"":0.0}",-4.0
2026-03-05,highest-temperature-in-seoul-on-march-5-2026-9c,9°C,0.45,0.47952640380033024,0.029526403800330225,False,-1.0,point_price_edge,point,march,"{""max_price"":0.75,""min_edge"":0.0}",-4.0
2026-03-06,highest-temperature-in-seoul-on-march-6-2026-5c,5°C,0.47500000000000003,0.47848847818821705,0.0034884781882170146,False,-1.0,point_price_edge,point,march,"{""max_price"":0.75,""min_edge"":0.0}",-4.0
2026-03-09,highest-temperature-in-seoul-on-march-9-2026-8c,8°C,0.27,0.4710566767821721,0.2010566767821721,False,-1.0,point_price_edge,point,march,"{""max_price"":0.75,""min_edge"":0.0}",-4.0
2026-03-10,highest-temperature-in-seoul-on-march-10-2026-7c,7°C,0.455,0.5061399465540406,0.05113994655404058,True,1.1978021978021975,point_price_edge,point,march,"{""max_price"":0.75,""min_edge"":0.0}",4.79120879120879
2026-03-11,highest-temperature-in-seoul-on-march-11-2026-8c,8°C,0.275,0.3742537963446443,0.09925379634464426,False,-1.0,point_price_edge,point,march,"{""max_price"":0.75,""min_edge"":0.0}",-4.0
2026-03-13,highest-temperature-in-seoul-on-march-13-2026-12corhigher,12°C or higher,0.2,0.7440972926454228,0.5440972926454228,False,-1.0,point_price_edge,point,march,"{""max_price"":0.75,""min_edge"":0.0}",-4.0
2026-03-14,highest-temperature-in-seoul-on-march-14-2026-10c,10°C,0.305,0.43429570932909634,0.12929570932909634,False,-1.0,point_price_edge,point,march,"{""max_price"":0.75,""min_edge"":0.0}",-4.0
2026-03-16,highest-temperature-in-seoul-on-march-16-2026-11c,11°C,0.19,0.4944206840487698,0.3044206840487698,False,-1.0,point_price_edge,point,march,"{""max_price"":0.75,""min_edge"":0.0}",-4.0
2026-03-17,highest-temperature-in-seoul-on-march-17-2026-12c,12°C,0.28,0.3953614597916905,0.11536145979169049,True,2.571428571428571,point_price_edge,point,march,"{""max_price"":0.75,""min_edge"":0.0}",10.285714285714285
2026-03-18,highest-temperature-in-seoul-on-march-18-2026-8c,8°C,0.32,0.3522356916045914,0.03223569160459139,True,2.125,point_price_edge,point,march,"{""max_price"":0.75,""min_edge"":0.0}",8.5
2026-03-21,highest-temperature-in-seoul-on-march-21-2026-11c,11°C,0.3,0.35702604369818547,0.05702604369818548,True,2.3333333333333335,point_price_edge,point,march,"{""max_price"":0.75,""min_edge"":0.0}",9.333333333333334
2026-03-23,highest-temperature-in-seoul-on-march-23-2026-15c,15°C,0.295,0.31492324588306386,0.019923245883063878,True,2.3898305084745766,point_price_edge,point,march,"{""max_price"":0.75,""min_edge"":0.0}",9.559322033898306
2026-03-24,highest-temperature-in-seoul-on-march-24-2026-15corhigher,15°C or higher,0.465,0.7311148307454206,0.2661148307454206,False,-1.0,point_price_edge,point,march,"{""max_price"":0.75,""min_edge"":0.0}",-4.0
2026-03-25,highest-temperature-in-seoul-on-march-25-2026-14c,14°C,0.33,0.37043672807053757,0.04043672807053755,False,-1.0,point_price_edge,point,march,"{""max_price"":0.75,""min_edge"":0.0}",-4.0
2026-03-29,highest-temperature-in-seoul-on-march-29-2026-17corhigher,17°C or higher,0.222,0.6154834645495664,0.3934834645495664,False,-1.0,point_price_edge,point,march,"{""max_price"":0.75,""min_edge"":0.0}",-4.0
2026-03-30,highest-temperature-in-seoul-on-march-30-2026-18c,18°C,0.15000000000000002,0.2199573406502896,0.06995734065028958,True,5.666666666666666,point_price_edge,point,march,"{""max_price"":0.75,""min_edge"":0.0}",22.666666666666664
2026-04-01,highest-temperature-in-seoul-on-april-1-2026-16corhigher,16°C or higher,0.1894438,0.6426636014863933,0.45321980148639335,False,-1.0,point_price_edge,point,april,"{""max_price"":0.35,""min_edge"":0.0}",-4.0
2026-04-02,highest-temperature-in-seoul-on-april-2-2026-15c,15°C,0.17705500000000002,0.4224796969401995,0.24542469694019947,False,-1.0,point_price_edge,point,april,"{""max_price"":0.35,""min_edge"":0.0}",-4.0
2026-04-05,highest-temperature-in-seoul-on-april-5-2026-13c,13°C,0.279855,0.3233281870803757,0.043473187080375675,False,-1.0,point_price_edge,point,april,"{""max_price"":0.35,""min_edge"":0.0}",-4.0
2026-04-08,highest-temperature-in-seoul-on-april-8-2026-13c,13°C,0.22858,0.402991540610727,0.174411540610727,True,3.374835943652113,point_price_edge,point,april,"{""max_price"":0.35,""min_edge"":0.0}",13.499343774608452
2026-04-09,highest-temperature-in-seoul-on-april-9-2026-14c,14°C,0.16154875,0.28663762098533213,0.12508887098533214,False,-1.0,point_price_edge,point,april,"{""max_price"":0.35,""min_edge"":0.0}",-4.0
2026-04-11,highest-temperature-in-seoul-on-april-11-2026-14c,14°C,0.20800000000000002,0.2216994880967063,0.013699488096706292,False,-1.0,point_price_edge,point,april,"{""max_price"":0.35,""min_edge"":0.0}",-4.0
2026-04-14,highest-temperature-in-seoul-on-april-14-2026-24corhigher,24°C or higher,0.341055,0.5562829724333258,0.2152279724333258,False,-1.0,point_price_edge,point,april,"{""max_price"":0.35,""min_edge"":0.0}",-4.0
2026-04-20,highest-temperature-in-seoul-on-april-20-2026-16c,16°C,0.09929875,0.4575683994240249,0.3582696494240249,False,-1.0,point_price_edge,point,april,"{""max_price"":0.35,""min_edge"":0.0}",-4.0
2026-04-21,highest-temperature-in-seoul-on-april-21-2026-15c,15°C,0.3105,0.4173064453145329,0.10680644531453293,False,-1.0,point_price_edge,point,april,"{""max_price"":0.35,""min_edge"":0.0}",-4.0
2026-04-22,highest-temperature-in-seoul-on-april-22-2026-16c,16°C,0.33596875000000004,0.36304441863883513,0.027075668638835093,False,-1.0,point_price_edge,point,april,"{""max_price"":0.35,""min_edge"":0.0}",-4.0
2026-04-28,highest-temperature-in-seoul-on-april-28-2026-17c,17°C,0.18221875,0.3985937221158586,0.21637497211585857,False,-1.0,point_price_edge,point,april,"{""max_price"":0.35,""min_edge"":0.0}",-4.0
2026-05-01,highest-temperature-in-seoul-on-may-1-2026-20corhigher,20°C or higher,0.29518875000000006,0.5380599977564045,0.2428712477564044,False,-1.0,point_price_edge,point,may,"{""max_price"":0.75,""min_edge"":0.0}",-4.0
2026-05-02,highest-temperature-in-seoul-on-may-2-2026-19c,19°C,0.25424875,0.3787176141185294,0.12446886411852937,False,-1.0,point_price_edge,point,may,"{""max_price"":0.75,""min_edge"":0.0}",-4.0
2026-05-04,highest-temperature-in-seoul-on-may-4-2026-19c,19°C,0.18221875,0.29075623572697157,0.10853748572697156,False,-1.0,point_price_edge,point,may,"{""max_price"":0.75,""min_edge"":0.0}",-4.0
2026-05-06,highest-temperature-in-seoul-on-may-6-2026-21corhigher,21°C or higher,0.641655,0.7094796773855279,0.06782467738552789,True,0.5584698942578177,point_price_edge,point,may,"{""max_price"":0.75,""min_edge"":0.0}",2.2338795770312707
2026-05-07,highest-temperature-in-seoul-on-may-7-2026-18c,18°C,0.2434754875,0.40436481079735165,0.16088932329735164,False,-1.0,point_price_edge,point,may,"{""max_price"":0.75,""min_edge"":0.0}",-4.0
2026-05-09,highest-temperature-in-seoul-on-may-9-2026-20c,20°C,0.42713875,0.5404803382045689,0.11334158820456885,True,1.341159634896155,point_price_edge,point,may,"{""max_price"":0.75,""min_edge"":0.0}",5.36463853958462
2026-05-10,highest-temperature-in-seoul-on-may-10-2026-21c,21°C,0.41704875,0.4239638487389382,0.006915098738938197,False,-1.0,point_price_edge,point,may,"{""max_price"":0.75,""min_edge"":0.0}",-4.0
2026-05-13,highest-temperature-in-seoul-on-may-13-2026-21c,21°C,0.43721875,0.45728411930474894,0.020065369304748948,False,-1.0,point_price_edge,point,may,"{""max_price"":0.75,""min_edge"":0.0}",-4.0
2026-05-21,highest-temperature-in-seoul-on-may-21-2026-18c,18°C,0.1817024875,0.3336724673390063,0.1519699798390063,False,-1.0,point_price_edge,point,may,"{""max_price"":0.75,""min_edge"":0.0}",-4.0
2026-05-25,highest-temperature-in-seoul-on-may-25-2026-27c,27°C,0.43218,0.4414249714575831,0.009244971457583073,True,1.3138507103521682,point_price_edge,point,may,"{""max_price"":0.75,""min_edge"":0.0}",5.255402841408673
2026-05-29,highest-temperature-in-seoul-on-may-29-2026-24c,24°C,0.26962,0.3178500203605921,0.048230020360592096,False,-1.0,point_price_edge,point,may,"{""max_price"":0.75,""min_edge"":0.0}",-4.0
2026-05-30,highest-temperature-in-seoul-on-may-30-2026-25c,25°C,0.35629875000000005,0.3927397103432452,0.03644096034324512,False,-1.0,point_price_edge,point,may,"{""max_price"":0.75,""min_edge"":0.0}",-4.0
2026-06-01,highest-temperature-in-seoul-on-june-1-2026-26c,26°C,0.40694875,0.4313643387582135,0.02441558875821348,False,-1.0,point_price_edge,point,june,"{""max_price"":0.75,""min_edge"":0.0}",-4.0
2026-06-05,highest-temperature-in-seoul-on-june-5-2026-23c,23°C,0.25424875,0.3206066687236908,0.06635791872369079,True,2.933156013549722,point_price_edge,point,june,"{""max_price"":0.75,""min_edge"":0.0}",11.732624054198888
2026-06-08,highest-temperature-in-seoul-on-june-8-2026-24c,24°C,0.32578875,0.33382077879040595,0.008032028790405932,True,2.0694737003656507,point_price_edge,point,june,"{""max_price"":0.75,""min_edge"":0.0}",8.277894801462603
2026-06-09,highest-temperature-in-seoul-on-june-9-2026-25c,25°C,0.41200000000000003,0.41983310100025384,0.007833101000253806,True,1.4271844660194173,point_price_edge,point,june,"{""max_price"":0.75,""min_edge"":0.0}",5.708737864077669
2026-06-10,highest-temperature-in-seoul-on-june-10-2026-24c,24°C,0.20284875,0.41099555057793674,0.20814680057793675,False,-1.0,point_price_edge,point,june,"{""max_price"":0.75,""min_edge"":0.0}",-4.0
2026-06-11,highest-temperature-in-seoul-on-june-11-2026-24c,24°C,0.20284875,0.4161126061653726,0.2132638561653726,False,-1.0,point_price_edge,point,june,"{""max_price"":0.75,""min_edge"":0.0}",-4.0
2026-06-13,highest-temperature-in-seoul-on-june-13-2026-27c,27°C,0.32578875,0.4262544817308555,0.10046573173085549,True,2.0694737003656507,point_price_edge,point,june,"{""max_price"":0.75,""min_edge"":0.0}",8.277894801462603
2026-06-16,highest-temperature-in-seoul-on-june-16-2026-28c,28°C,0.341055,0.3741455387214899,0.033090538721489926,False,-1.0,point_price_edge,point,june,"{""max_price"":0.75,""min_edge"":0.0}",-4.0
2026-06-17,highest-temperature-in-seoul-on-june-17-2026-30c,30°C,0.5119999875,0.5234337861179803,0.011433798617980329,True,0.953125047683717,point_price_edge,point,june,"{""max_price"":0.75,""min_edge"":0.0}",3.812500190734868
2026-06-21,highest-temperature-in-seoul-on-june-21-2026-27c,27°C,0.35629875000000005,0.4525695745075026,0.09627082450750257,True,1.8066334782257862,point_price_edge,point,june,"{""max_price"":0.75,""min_edge"":0.0}",7.226533912903145
2026-06-22,highest-temperature-in-seoul-on-june-22-2026-27c,27°C,0.40694875,0.46011996919762627,0.05317121919762624,True,1.4573118850960962,point_price_edge,point,june,"{""max_price"":0.75,""min_edge"":0.0}",5.829247540384385
2026-06-25,highest-temperature-in-seoul-on-june-25-2026-27c,27°C,0.24398875,0.4070263336292211,0.16303758362922108,False,-1.0,point_price_edge,point,june,"{""max_price"":0.75,""min_edge"":0.0}",-4.0
2026-06-26,highest-temperature-in-seoul-on-june-26-2026-26c,26°C,0.16672,0.4978568952449987,0.3311368952449987,False,-1.0,point_price_edge,point,june,"{""max_price"":0.75,""min_edge"":0.0}",-4.0
2026-06-27,highest-temperature-in-seoul-on-june-27-2026-29c,29°C,0.40694875,0.4511014744949673,0.044152724494967266,False,-1.0,point_price_edge,point,june,"{""max_price"":0.75,""min_edge"":0.0}",-4.0
2026-07-01,highest-temperature-in-seoul-on-july-1-2026-31c,31°C,0.24912,0.4025232920858616,0.15340329208586156,False,-1.0,point_price_edge,point,july,"{""max_price"":0.75,""min_edge"":0.0}",-4.0
2026-07-03,highest-temperature-in-seoul-on-july-3-2026-27c,27°C,0.39683875,0.48261294290743173,0.08577419290743171,False,-1.0,point_price_edge,point,july,"{""max_price"":0.75,""min_edge"":0.0}",-4.0
2026-07-04,highest-temperature-in-seoul-on-july-4-2026-28c,28°C,0.53746875,0.5519565830779698,0.014487833077969747,True,0.8605732891447175,point_price_edge,point,july,"{""max_price"":0.75,""min_edge"":0.0}",3.44229315657887
2026-07-06,highest-temperature-in-seoul-on-july-6-2026-27c,27°C,0.33088,0.39568616852733335,0.06480616852733334,False,-1.0,point_price_edge,point,july,"{""max_price"":0.75,""min_edge"":0.0}",-4.0
2026-07-07,highest-temperature-in-seoul-on-july-7-2026-30corhigher,30°C or higher,0.53946355,0.7650574467372931,0.22559389673729313,True,0.8536933588932931,point_price_edge,point,july,"{""max_price"":0.75,""min_edge"":0.0}",3.4147734355731725
2026-07-09,highest-temperature-in-seoul-on-july-9-2026-26c,26°C,0.37658874999999997,0.3969807018635354,0.02039195186353543,False,-1.0,point_price_edge,point,july,"{""max_price"":0.75,""min_edge"":0.0}",-4.0
2026-07-10,highest-temperature-in-seoul-on-july-10-2026-29c,29°C,0.25424875,0.44352055438068466,0.18927180438068464,False,-1.0,point_price_edge,point,july,"{""max_price"":0.75,""min_edge"":0.0}",-4.0
2026-07-11,highest-temperature-in-seoul-on-july-11-2026-33corhigher,33°C or higher,0.14705595000000002,0.6386804823085153,0.4916245323085152,False,-1.0,point_price_edge,point,july,"{""max_price"":0.75,""min_edge"":0.0}",-4.0
2026-07-15,highest-temperature-in-seoul-on-july-15-2026-27c,27°C,0.259375,0.34492085405345263,0.08554585405345261,False,-1.0,point_price_edge,point,july,"{""max_price"":0.75,""min_edge"":0.0}",-4.0
2026-07-18,highest-temperature-in-seoul-on-july-18-2026-26c,26°C,0.20284875,0.4087413116836831,0.2058925616836831,True,3.9297814258160333,point_price_edge,point,july,"{""max_price"":0.75,""min_edge"":0.0}",15.719125703264133
2026-07-20,highest-temperature-in-seoul-on-july-20-2026-25c,25°C,0.31559875,0.43690057069490024,0.12130182069490025,False,-1.0,point_price_edge,point,july,"{""max_price"":0.75,""min_edge"":0.0}",-4.0
2026-07-22,highest-temperature-in-seoul-on-july-22-2026-27c,27°C,0.30029500000000003,0.4361140635861968,0.13581906358619678,True,2.330058775537388,point_price_edge,point,july,"{""max_price"":0.75,""min_edge"":0.0}",9.320235102149551
2026-07-24,highest-temperature-in-seoul-on-july-24-2026-30c,30°C,0.22343875,0.5308512849758401,0.3074125349758401,False,-1.0,point_price_edge,point,july,"{""max_price"":0.75,""min_edge"":0.0}",-4.0
2026-02-01,highest-temperature-in-seoul-on-february-1-2c,2°C,0.035,0.5019521264926332,0.4669521264926332,False,-1.0,probability_price_edge,probability,february,"{""max_price"":0.75,""min_edge"":0.0}",-4.0
2026-02-03,highest-temperature-in-seoul-on-february-3-2026-4corhigher,4°C or higher,0.0635,0.8278498255428757,0.7643498255428757,False,-1.0,probability_price_edge,probability,february,"{""max_price"":0.75,""min_edge"":0.0}",-4.0
2026-02-04,highest-temperature-in-seoul-on-february-4-2026-7corhigher,7°C or higher,0.044000000000000004,0.6428831768566541,0.598883176856654,True,21.727272727272727,probability_price_edge,probability,february,"{""max_price"":0.75,""min_edge"":0.0}",86.9090909090909
2026-02-05,highest-temperature-in-seoul-on-february-5-2026-8corhigher,8°C or higher,0.71,0.8825418587320526,0.17254185873205263,True,0.40845070422535223,probability_price_edge,probability,february,"{""max_price"":0.75,""min_edge"":0.0}",1.633802816901409
2026-02-07,highest-temperature-in-seoul-on-february-7-2026-neg-6c,-6°C,0.135,0.5116834370461321,0.37668343704613205,False,-1.0,probability_price_edge,probability,february,"{""max_price"":0.75,""min_edge"":0.0}",-4.0
2026-02-13,highest-temperature-in-seoul-on-february-13-2026-9corhigher,9°C or higher,0.47000000000000003,0.8904206179434782,0.4204206179434781,True,1.127659574468085,probability_price_edge,probability,february,"{""max_price"":0.75,""min_edge"":0.0}",4.51063829787234
2026-02-14,highest-temperature-in-seoul-on-february-14-2026-11corhigher,11°C or higher,0.072,0.6950768859089108,0.6230768859089109,True,12.88888888888889,probability_price_edge,probability,february,"{""max_price"":0.75,""min_edge"":0.0}",51.55555555555556
2026-02-15,highest-temperature-in-seoul-on-february-15-2026-9corhigher,9°C or higher,0.5650000000000001,0.6102244744270748,0.04522447442707478,False,-1.0,probability_price_edge,probability,february,"{""max_price"":0.75,""min_edge"":0.0}",-4.0
2026-02-16,highest-temperature-in-seoul-on-february-16-2026-4c,4°C,0.22,0.3962215916290958,0.17622159162909581,False,-1.0,probability_price_edge,probability,february,"{""max_price"":0.75,""min_edge"":0.0}",-4.0
2026-02-18,highest-temperature-in-seoul-on-february-18-2026-5c,5°C,0.46,0.5289705007533507,0.0689705007533507,False,-1.0,probability_price_edge,probability,february,"{""max_price"":0.75,""min_edge"":0.0}",-4.0
2026-02-19,highest-temperature-in-seoul-on-february-19-2026-6c,6°C,0.315,0.5007260513413885,0.18572605134138848,False,-1.0,probability_price_edge,probability,february,"{""max_price"":0.75,""min_edge"":0.0}",-4.0
2026-02-21,highest-temperature-in-seoul-on-february-21-2026-14corhigher,14°C or higher,0.75,0.9165827273067936,0.16658272730679358,True,0.33333333333333326,probability_price_edge,probability,february,"{""max_price"":0.75,""min_edge"":0.0}",1.333333333333333
2026-02-23,highest-temperature-in-seoul-on-february-23-2026-4c,4°C,0.51,0.5307576239374682,0.02075762393746816,True,0.9607843137254901,probability_price_edge,probability,february,"{""max_price"":0.75,""min_edge"":0.0}",3.8431372549019605
2026-02-24,highest-temperature-in-seoul-on-february-24-2026-6c,6°C,0.095,0.3306909742388555,0.23569097423885552,False,-1.0,probability_price_edge,probability,february,"{""max_price"":0.75,""min_edge"":0.0}",-4.0
2026-02-25,highest-temperature-in-seoul-on-february-25-2026-9c,9°C,0.0955,0.34215254663859374,0.24665254663859373,False,-1.0,probability_price_edge,probability,february,"{""max_price"":0.75,""min_edge"":0.0}",-4.0
2026-02-26,highest-temperature-in-seoul-on-february-26-2026-11c,11°C,0.35000000000000003,0.4378463402734908,0.08784634027349075,True,1.8571428571428568,probability_price_edge,probability,february,"{""max_price"":0.75,""min_edge"":0.0}",7.428571428571427
2026-02-27,highest-temperature-in-seoul-on-february-27-2026-13corhigher,13°C or higher,0.58,0.7482137727899805,0.1682137727899805,True,0.7241379310344829,probability_price_edge,probability,february,"{""max_price"":0.75,""min_edge"":0.0}",2.8965517241379315
2026-02-28,highest-temperature-in-seoul-on-february-28-2026-11c,11°C,0.165,0.34235547065006716,0.17735547065006715,False,-1.0,probability_price_edge,probability,february,"{""max_price"":0.75,""min_edge"":0.0}",-4.0
2026-03-01,highest-temperature-in-seoul-on-march-1-2026-13c,13°C,0.24200000000000002,0.40726792419422897,0.16526792419422895,False,-1.0,probability_price_edge,probability,march,"{""max_price"":0.75,""min_edge"":0.0}",-4.0
2026-03-03,highest-temperature-in-seoul-on-march-3-2026-10c,10°C,0.35000000000000003,0.4009305432006507,0.05093054320065066,True,1.8571428571428568,probability_price_edge,probability,march,"{""max_price"":0.75,""min_edge"":0.0}",7.428571428571427
2026-03-04,highest-temperature-in-seoul-on-march-4-2026-8c,8°C,0.28500000000000003,0.45470350598019943,0.1697035059801994,False,-1.0,probability_price_edge,probability,march,"{""max_price"":0.75,""min_edge"":0.0}",-4.0
2026-03-05,highest-temperature-in-seoul-on-march-5-2026-9c,9°C,0.45,0.47952640380033024,0.029526403800330225,False,-1.0,probability_price_edge,probability,march,"{""max_price"":0.75,""min_edge"":0.0}",-4.0
2026-03-06,highest-temperature-in-seoul-on-march-6-2026-5c,5°C,0.47500000000000003,0.47848847818821705,0.0034884781882170146,False,-1.0,probability_price_edge,probability,march,"{""max_price"":0.75,""min_edge"":0.0}",-4.0
2026-03-09,highest-temperature-in-seoul-on-march-9-2026-8c,8°C,0.27,0.4710566767821721,0.2010566767821721,False,-1.0,probability_price_edge,probability,march,"{""max_price"":0.75,""min_edge"":0.0}",-4.0
2026-03-10,highest-temperature-in-seoul-on-march-10-2026-7c,7°C,0.455,0.5061399465540406,0.05113994655404058,True,1.1978021978021975,probability_price_edge,probability,march,"{""max_price"":0.75,""min_edge"":0.0}",4.79120879120879
2026-03-11,highest-temperature-in-seoul-on-march-11-2026-8c,8°C,0.275,0.3742537963446443,0.09925379634464426,False,-1.0,probability_price_edge,probability,march,"{""max_price"":0.75,""min_edge"":0.0}",-4.0
2026-03-13,highest-temperature-in-seoul-on-march-13-2026-12corhigher,12°C or higher,0.2,0.7440972926454228,0.5440972926454228,False,-1.0,probability_price_edge,probability,march,"{""max_price"":0.75,""min_edge"":0.0}",-4.0
2026-03-14,highest-temperature-in-seoul-on-march-14-2026-10c,10°C,0.305,0.43429570932909634,0.12929570932909634,False,-1.0,probability_price_edge,probability,march,"{""max_price"":0.75,""min_edge"":0.0}",-4.0
2026-03-16,highest-temperature-in-seoul-on-march-16-2026-11c,11°C,0.19,0.4944206840487698,0.3044206840487698,False,-1.0,probability_price_edge,probability,march,"{""max_price"":0.75,""min_edge"":0.0}",-4.0
2026-03-17,highest-temperature-in-seoul-on-march-17-2026-12c,12°C,0.28,0.3953614597916905,0.11536145979169049,True,2.571428571428571,probability_price_edge,probability,march,"{""max_price"":0.75,""min_edge"":0.0}",10.285714285714285
2026-03-18,highest-temperature-in-seoul-on-march-18-2026-8c,8°C,0.32,0.3522356916045914,0.03223569160459139,True,2.125,probability_price_edge,probability,march,"{""max_price"":0.75,""min_edge"":0.0}",8.5
2026-03-21,highest-temperature-in-seoul-on-march-21-2026-11c,11°C,0.3,0.35702604369818547,0.05702604369818548,True,2.3333333333333335,probability_price_edge,probability,march,"{""max_price"":0.75,""min_edge"":0.0}",9.333333333333334
2026-03-23,highest-temperature-in-seoul-on-march-23-2026-15c,15°C,0.295,0.31492324588306386,0.019923245883063878,True,2.3898305084745766,probability_price_edge,probability,march,"{""max_price"":0.75,""min_edge"":0.0}",9.559322033898306
2026-03-24,highest-temperature-in-seoul-on-march-24-2026-15corhigher,15°C or higher,0.465,0.7311148307454206,0.2661148307454206,False,-1.0,probability_price_edge,probability,march,"{""max_price"":0.75,""min_edge"":0.0}",-4.0
2026-03-25,highest-temperature-in-seoul-on-march-25-2026-14c,14°C,0.33,0.37043672807053757,0.04043672807053755,False,-1.0,probability_price_edge,probability,march,"{""max_price"":0.75,""min_edge"":0.0}",-4.0
2026-03-26,highest-temperature-in-seoul-on-march-26-2026-11c,11°C,0.2285,0.472797084612206,0.24429708461220598,False,-1.0,probability_price_edge,probability,march,"{""max_price"":0.75,""min_edge"":0.0}",-4.0
2026-03-27,highest-temperature-in-seoul-on-march-27-2026-10c,10°C,0.17,0.390287137186657,0.22028713718665696,False,-1.0,probability_price_edge,probability,march,"{""max_price"":0.75,""min_edge"":0.0}",-4.0
2026-03-28,highest-temperature-in-seoul-on-march-28-2026-13c,13°C,0.27,0.4266836633721804,0.15668366337218037,False,-1.0,probability_price_edge,probability,march,"{""max_price"":0.75,""min_edge"":0.0}",-4.0
2026-03-29,highest-temperature-in-seoul-on-march-29-2026-17corhigher,17°C or higher,0.222,0.6154834645495664,0.3934834645495664,False,-1.0,probability_price_edge,probability,march,"{""max_price"":0.75,""min_edge"":0.0}",-4.0
2026-03-30,highest-temperature-in-seoul-on-march-30-2026-17c,17°C,0.27,0.3543961744783821,0.0843961744783821,False,-1.0,probability_price_edge,probability,march,"{""max_price"":0.75,""min_edge"":0.0}",-4.0
2026-04-01,highest-temperature-in-seoul-on-april-1-2026-16corhigher,16°C or higher,0.1894438,0.6426636014863933,0.45321980148639335,False,-1.0,probability_price_edge,probability,april,"{""max_price"":0.75,""min_edge"":0.0}",-4.0
2026-04-02,highest-temperature-in-seoul-on-april-2-2026-15c,15°C,0.17705500000000002,0.4224796969401995,0.24542469694019947,False,-1.0,probability_price_edge,probability,april,"{""max_price"":0.75,""min_edge"":0.0}",-4.0
2026-04-03,highest-temperature-in-seoul-on-april-3-2026-17c,17°C,0.26449875,0.3684674178486221,0.10396866784862208,False,-1.0,probability_price_edge,probability,april,"{""max_price"":0.75,""min_edge"":0.0}",-4.0
2026-04-05,highest-temperature-in-seoul-on-april-5-2026-14c,14°C,0.26449875,0.36669824026709497,0.10219949026709496,False,-1.0,probability_price_edge,probability,april,"{""max_price"":0.75,""min_edge"":0.0}",-4.0
2026-04-06,highest-temperature-in-seoul-on-april-6-2026-14c,14°C,0.09929875,0.4117302435823584,0.3124314935823584,True,9.070620224323065,probability_price_edge,probability,april,"{""max_price"":0.75,""min_edge"":0.0}",36.28248089729226
2026-04-07,highest-temperature-in-seoul-on-april-7-2026-13c,13°C,0.3105,0.31139109972058404,0.0008910997205840432,False,-1.0,probability_price_edge,probability,april,"{""max_price"":0.75,""min_edge"":0.0}",-4.0
2026-04-08,highest-temperature-in-seoul-on-april-8-2026-13c,13°C,0.22858,0.402991540610727,0.174411540610727,True,3.374835943652113,probability_price_edge,probability,april,"{""max_price"":0.75,""min_edge"":0.0}",13.499343774608452
2026-04-10,highest-temperature-in-seoul-on-april-10-2026-12c,12°C,0.37151999999999996,0.3837649903423349,0.01224499034233495,True,1.6916451335055989,probability_price_edge,probability,april,"{""max_price"":0.75,""min_edge"":0.0}",6.7665805340223955
2026-04-12,highest-temperature-in-seoul-on-april-12-2026-17c,17°C,0.13046875,0.27322091170748425,0.14275216170748425,False,-1.0,probability_price_edge,probability,april,"{""max_price"":0.75,""min_edge"":0.0}",-4.0
2026-04-13,highest-temperature-in-seoul-on-april-13-2026-21c,21°C,0.18738000000000002,0.4124309506392211,0.22505095063922106,False,-1.0,probability_price_edge,probability,april,"{""max_price"":0.75,""min_edge"":0.0}",-4.0
2026-04-17,highest-temperature-in-seoul-on-april-17-2026-16c,16°C,0.17705500000000002,0.38445396945805904,0.20739896945805902,False,-1.0,probability_price_edge,probability,april,"{""max_price"":0.75,""min_edge"":0.0}",-4.0
2026-04-18,highest-temperature-in-seoul-on-april-18-2026-19c,19°C,0.05498718750000001,0.5138943089557142,0.4589071214557142,False,-1.0,probability_price_edge,probability,april,"{""max_price"":0.75,""min_edge"":0.0}",-4.0
2026-04-19,highest-temperature-in-seoul-on-april-19-2026-21c,21°C,0.1128168,0.55684866869027,0.44403186869027006,False,-1.0,probability_price_edge,probability,april,"{""max_price"":0.75,""min_edge"":0.0}",-4.0
2026-04-20,highest-temperature-in-seoul-on-april-20-2026-16c,16°C,0.09929875,0.4575683994240249,0.3582696494240249,False,-1.0,probability_price_edge,probability,april,"{""max_price"":0.75,""min_edge"":0.0}",-4.0
2026-04-21,highest-temperature-in-seoul-on-april-21-2026-15c,15°C,0.3105,0.4173064453145329,0.10680644531453293,False,-1.0,probability_price_edge,probability,april,"{""max_price"":0.75,""min_edge"":0.0}",-4.0
2026-04-22,highest-temperature-in-seoul-on-april-22-2026-16c,16°C,0.33596875000000004,0.36304441863883513,0.027075668638835093,False,-1.0,probability_price_edge,probability,april,"{""max_price"":0.75,""min_edge"":0.0}",-4.0
2026-04-23,highest-temperature-in-seoul-on-april-23-2026-22c,22°C,0.21829500000000002,0.3373782862858079,0.11908328628580789,True,3.580956961909343,probability_price_edge,probability,april,"{""max_price"":0.75,""min_edge"":0.0}",14.323827847637371
2026-04-28,highest-temperature-in-seoul-on-april-28-2026-17c,17°C,0.18221875,0.3985937221158586,0.21637497211585857,False,-1.0,probability_price_edge,probability,april,"{""max_price"":0.75,""min_edge"":0.0}",-4.0
2026-04-30,highest-temperature-in-seoul-on-april-30-2026-19c,19°C,0.279855,0.343428306009328,0.06357330600932798,True,2.5732790194922366,probability_price_edge,probability,april,"{""max_price"":0.75,""min_edge"":0.0}",10.293116077968946
2026-05-01,highest-temperature-in-seoul-on-may-1-2026-19c,19°C,0.32578875,0.3741041313217126,0.04831538132171259,True,2.0694737003656507,probability_price_edge,probability,may,"{""max_price"":0.75,""min_edge"":0.0}",8.277894801462603
2026-05-02,highest-temperature-in-seoul-on-may-2-2026-19c,19°C,0.25424875,0.3787176141185294,0.12446886411852937,False,-1.0,probability_price_edge,probability,may,"{""max_price"":0.75,""min_edge"":0.0}",-4.0
2026-05-04,highest-temperature-in-seoul-on-may-4-2026-20corhigher,20°C or higher,0.0309314875,0.3820656860612972,0.3511341985612972,False,-1.0,probability_price_edge,probability,may,"{""max_price"":0.75,""min_edge"":0.0}",-4.0
2026-05-06,highest-temperature-in-seoul-on-may-6-2026-21corhigher,21°C or higher,0.641655,0.7094796773855279,0.06782467738552789,True,0.5584698942578177,probability_price_edge,probability,may,"{""max_price"":0.75,""min_edge"":0.0}",2.2338795770312707
2026-05-07,highest-temperature-in-seoul-on-may-7-2026-18c,18°C,0.2434754875,0.40436481079735165,0.16088932329735164,False,-1.0,probability_price_edge,probability,may,"{""max_price"":0.75,""min_edge"":0.0}",-4.0
2026-05-09,highest-temperature-in-seoul-on-may-9-2026-20c,20°C,0.42713875,0.5404803382045689,0.11334158820456885,True,1.341159634896155,probability_price_edge,probability,may,"{""max_price"":0.75,""min_edge"":0.0}",5.36463853958462
2026-05-10,highest-temperature-in-seoul-on-may-10-2026-21c,21°C,0.41704875,0.4239638487389382,0.006915098738938197,False,-1.0,probability_price_edge,probability,may,"{""max_price"":0.75,""min_edge"":0.0}",-4.0
2026-05-13,highest-temperature-in-seoul-on-may-13-2026-21c,21°C,0.43721875,0.45728411930474894,0.020065369304748948,False,-1.0,probability_price_edge,probability,may,"{""max_price"":0.75,""min_edge"":0.0}",-4.0
2026-05-14,highest-temperature-in-seoul-on-may-14-2026-26c,26°C,0.27473875000000003,0.46962418759852687,0.19488543759852683,True,2.639821466757055,probability_price_edge,probability,may,"{""max_price"":0.75,""min_edge"":0.0}",10.55928586702822
2026-05-15,highest-temperature-in-seoul-on-may-15-2026-25c,25°C,0.15637500000000001,0.4861289685444746,0.3297539685444746,False,-1.0,probability_price_edge,probability,may,"{""max_price"":0.75,""min_edge"":0.0}",-4.0
2026-05-16,highest-temperature-in-seoul-on-may-16-2026-25c,25°C,0.21829500000000002,0.551993322825144,0.333698322825144,False,-1.0,probability_price_edge,probability,may,"{""max_price"":0.75,""min_edge"":0.0}",-4.0
2026-05-22,highest-temperature-in-seoul-on-may-22-2026-24c,24°C,0.08888874999999999,0.37453425311256716,0.2856455031125672,False,-1.0,probability_price_edge,probability,may,"{""max_price"":0.75,""min_edge"":0.0}",-4.0
2026-05-25,highest-temperature-in-seoul-on-may-25-2026-27c,27°C,0.43218,0.4414249714575831,0.009244971457583073,True,1.3138507103521682,probability_price_edge,probability,may,"{""max_price"":0.75,""min_edge"":0.0}",5.255402841408673
2026-05-28,highest-temperature-in-seoul-on-may-28-2026-24c,24°C,0.29518875000000006,0.340049767290692,0.04486101729069192,False,-1.0,probability_price_edge,probability,may,"{""max_price"":0.75,""min_edge"":0.0}",-4.0
2026-05-29,highest-temperature-in-seoul-on-may-29-2026-25c,25°C,0.24398875,0.3296078137931053,0.08561906379310527,True,3.098549625751187,probability_price_edge,probability,may,"{""max_price"":0.75,""min_edge"":0.0}",12.394198503004748
2026-05-30,highest-temperature-in-seoul-on-may-30-2026-25c,25°C,0.35629875000000005,0.3927397103432452,0.03644096034324512,False,-1.0,probability_price_edge,probability,may,"{""max_price"":0.75,""min_edge"":0.0}",-4.0
2026-06-01,highest-temperature-in-seoul-on-june-1-2026-26c,26°C,0.40694875,0.4313643387582135,0.02441558875821348,False,-1.0,probability_price_edge,probability,june,"{""max_price"":0.75,""min_edge"":0.0}",-4.0
2026-06-02,highest-temperature-in-seoul-on-june-2-2026-27c,27°C,0.19253875,0.3611070122328363,0.1685682622328363,False,-1.0,probability_price_edge,probability,june,"{""max_price"":0.75,""min_edge"":0.0}",-4.0
2026-06-03,highest-temperature-in-seoul-on-june-3-2026-26c,26°C,0.18738000000000002,0.4211713609267367,0.23379136092673666,False,-1.0,probability_price_edge,probability,june,"{""max_price"":0.75,""min_edge"":0.0}",-4.0
2026-06-07,highest-temperature-in-seoul-on-june-7-2026-26c,26°C,0.135655,0.3705641749664551,0.2349091749664551,False,-1.0,probability_price_edge,probability,june,"{""max_price"":0.75,""min_edge"":0.0}",-4.0
2026-06-08,highest-temperature-in-seoul-on-june-8-2026-24c,24°C,0.32578875,0.33382077879040595,0.008032028790405932,True,2.0694737003656507,probability_price_edge,probability,june,"{""max_price"":0.75,""min_edge"":0.0}",8.277894801462603
2026-06-09,highest-temperature-in-seoul-on-june-9-2026-25c,25°C,0.41200000000000003,0.41983310100025384,0.007833101000253806,True,1.4271844660194173,probability_price_edge,probability,june,"{""max_price"":0.75,""min_edge"":0.0}",5.708737864077669
2026-06-10,highest-temperature-in-seoul-on-june-10-2026-24c,24°C,0.20284875,0.41099555057793674,0.20814680057793675,False,-1.0,probability_price_edge,probability,june,"{""max_price"":0.75,""min_edge"":0.0}",-4.0
2026-06-11,highest-temperature-in-seoul-on-june-11-2026-24c,24°C,0.20284875,0.4161126061653726,0.2132638561653726,False,-1.0,probability_price_edge,probability,june,"{""max_price"":0.75,""min_edge"":0.0}",-4.0
2026-06-13,highest-temperature-in-seoul-on-june-13-2026-27c,27°C,0.32578875,0.4262544817308555,0.10046573173085549,True,2.0694737003656507,probability_price_edge,probability,june,"{""max_price"":0.75,""min_edge"":0.0}",8.277894801462603
2026-06-15,highest-temperature-in-seoul-on-june-15-2026-27c,27°C,0.07846875,0.42264203273964795,0.344173282739648,False,-1.0,probability_price_edge,probability,june,"{""max_price"":0.75,""min_edge"":0.0}",-4.0
2026-06-16,highest-temperature-in-seoul-on-june-16-2026-28c,28°C,0.341055,0.3741455387214899,0.033090538721489926,False,-1.0,probability_price_edge,probability,june,"{""max_price"":0.75,""min_edge"":0.0}",-4.0
2026-06-17,highest-temperature-in-seoul-on-june-17-2026-30c,30°C,0.5119999875,0.5234337861179803,0.011433798617980329,True,0.953125047683717,probability_price_edge,probability,june,"{""max_price"":0.75,""min_edge"":0.0}",3.812500190734868
2026-06-21,highest-temperature-in-seoul-on-june-21-2026-27c,27°C,0.35629875000000005,0.4525695745075026,0.09627082450750257,True,1.8066334782257862,probability_price_edge,probability,june,"{""max_price"":0.75,""min_edge"":0.0}",7.226533912903145
2026-06-22,highest-temperature-in-seoul-on-june-22-2026-27c,27°C,0.40694875,0.46011996919762627,0.05317121919762624,True,1.4573118850960962,probability_price_edge,probability,june,"{""max_price"":0.75,""min_edge"":0.0}",5.829247540384385
2026-06-25,highest-temperature-in-seoul-on-june-25-2026-27c,27°C,0.24398875,0.4070263336292211,0.16303758362922108,False,-1.0,probability_price_edge,probability,june,"{""max_price"":0.75,""min_edge"":0.0}",-4.0
2026-06-26,highest-temperature-in-seoul-on-june-26-2026-26c,26°C,0.16672,0.4978568952449987,0.3311368952449987,False,-1.0,probability_price_edge,probability,june,"{""max_price"":0.75,""min_edge"":0.0}",-4.0
2026-06-27,highest-temperature-in-seoul-on-june-27-2026-29c,29°C,0.40694875,0.4511014744949673,0.044152724494967266,False,-1.0,probability_price_edge,probability,june,"{""max_price"":0.75,""min_edge"":0.0}",-4.0
2026-07-01,highest-temperature-in-seoul-on-july-1-2026-31c,31°C,0.24912,0.4025232920858616,0.15340329208586156,False,-1.0,probability_price_edge,probability,july,"{""max_price"":0.75,""min_edge"":0.0}",-4.0
2026-07-03,highest-temperature-in-seoul-on-july-3-2026-27c,27°C,0.39683875,0.48261294290743173,0.08577419290743171,False,-1.0,probability_price_edge,probability,july,"{""max_price"":0.75,""min_edge"":0.0}",-4.0
2026-07-04,highest-temperature-in-seoul-on-july-4-2026-28c,28°C,0.53746875,0.5519565830779698,0.014487833077969747,True,0.8605732891447175,probability_price_edge,probability,july,"{""max_price"":0.75,""min_edge"":0.0}",3.44229315657887
2026-07-06,highest-temperature-in-seoul-on-july-6-2026-27c,27°C,0.33088,0.39568616852733335,0.06480616852733334,False,-1.0,probability_price_edge,probability,july,"{""max_price"":0.75,""min_edge"":0.0}",-4.0
2026-07-07,highest-temperature-in-seoul-on-july-7-2026-30corhigher,30°C or higher,0.53946355,0.7650574467372931,0.22559389673729313,True,0.8536933588932931,probability_price_edge,probability,july,"{""max_price"":0.75,""min_edge"":0.0}",3.4147734355731725
2026-07-09,highest-temperature-in-seoul-on-july-9-2026-26c,26°C,0.37658874999999997,0.3969807018635354,0.02039195186353543,False,-1.0,probability_price_edge,probability,july,"{""max_price"":0.75,""min_edge"":0.0}",-4.0
2026-07-10,highest-temperature-in-seoul-on-july-10-2026-29c,29°C,0.25424875,0.44352055438068466,0.18927180438068464,False,-1.0,probability_price_edge,probability,july,"{""max_price"":0.75,""min_edge"":0.0}",-4.0
2026-07-11,highest-temperature-in-seoul-on-july-11-2026-33corhigher,33°C or higher,0.14705595000000002,0.6386804823085153,0.4916245323085152,False,-1.0,probability_price_edge,probability,july,"{""max_price"":0.75,""min_edge"":0.0}",-4.0
2026-07-15,highest-temperature-in-seoul-on-july-15-2026-27c,27°C,0.259375,0.34492085405345263,0.08554585405345261,False,-1.0,probability_price_edge,probability,july,"{""max_price"":0.75,""min_edge"":0.0}",-4.0
2026-07-18,highest-temperature-in-seoul-on-july-18-2026-26c,26°C,0.20284875,0.4087413116836831,0.2058925616836831,True,3.9297814258160333,probability_price_edge,probability,july,"{""max_price"":0.75,""min_edge"":0.0}",15.719125703264133
2026-07-20,highest-temperature-in-seoul-on-july-20-2026-25c,25°C,0.31559875,0.43690057069490024,0.12130182069490025,False,-1.0,probability_price_edge,probability,july,"{""max_price"":0.75,""min_edge"":0.0}",-4.0
2026-07-22,highest-temperature-in-seoul-on-july-22-2026-27c,27°C,0.30029500000000003,0.4361140635861968,0.13581906358619678,True,2.330058775537388,probability_price_edge,probability,july,"{""max_price"":0.75,""min_edge"":0.0}",9.320235102149551
2026-07-24,highest-temperature-in-seoul-on-july-24-2026-30c,30°C,0.22343875,0.5308512849758401,0.3074125349758401,False,-1.0,probability_price_edge,probability,july,"{""max_price"":0.75,""min_edge"":0.0}",-4.0
2026-02-01,highest-temperature-in-seoul-on-february-1-2c,2°C,0.035,0.5019521264926332,0.4669521264926332,False,-1.0,probability_confidence,probability,february,"{""min_confidence"":0.5}",-4.0
2026-02-02,highest-temperature-in-seoul-on-february-2-0c,0°C,0.85,0.564553988987968,-0.28544601101203193,True,0.17647058823529416,probability_confidence,probability,february,"{""min_confidence"":0.5}",0.7058823529411766
2026-02-03,highest-temperature-in-seoul-on-february-3-2026-4corhigher,4°C or higher,0.0635,0.8278498255428757,0.7643498255428757,False,-1.0,probability_confidence,probability,february,"{""min_confidence"":0.5}",-4.0
2026-02-06,highest-temperature-in-seoul-on-february-6-2026-neg-4c,-4°C,0.895,0.5406380039630087,-0.35436199603699137,True,0.11731843575418988,probability_confidence,probability,february,"{""min_confidence"":0.5}",0.4692737430167595
2026-02-07,highest-temperature-in-seoul-on-february-7-2026-neg-6c,-6°C,0.135,0.5116834370461321,0.37668343704613205,False,-1.0,probability_confidence,probability,february,"{""min_confidence"":0.5}",-4.0
2026-02-17,highest-temperature-in-seoul-on-february-17-2026-5c,5°C,0.52,0.5078467981624923,-0.012153201837507677,False,-1.0,probability_confidence,probability,february,"{""min_confidence"":0.5}",-4.0
2026-02-18,highest-temperature-in-seoul-on-february-18-2026-5c,5°C,0.46,0.5289705007533507,0.0689705007533507,False,-1.0,probability_confidence,probability,february,"{""min_confidence"":0.5}",-4.0
2026-02-19,highest-temperature-in-seoul-on-february-19-2026-6c,6°C,0.315,0.5007260513413885,0.18572605134138848,False,-1.0,probability_confidence,probability,february,"{""min_confidence"":0.5}",-4.0
2026-02-23,highest-temperature-in-seoul-on-february-23-2026-4c,4°C,0.51,0.5307576239374682,0.02075762393746816,True,0.9607843137254901,probability_confidence,probability,february,"{""min_confidence"":0.5}",3.8431372549019605
2026-03-01,highest-temperature-in-seoul-on-march-1-2026-13c,13°C,0.24200000000000002,0.40726792419422897,0.16526792419422895,False,-1.0,probability_confidence,probability,march,"{""min_confidence"":0.35}",-4.0
2026-03-02,highest-temperature-in-seoul-on-march-2-2026-6c,6°C,0.855,0.4093815273615588,-0.4456184726384412,True,0.16959064327485374,probability_confidence,probability,march,"{""min_confidence"":0.35}",0.678362573099415
2026-03-03,highest-temperature-in-seoul-on-march-3-2026-10c,10°C,0.35000000000000003,0.4009305432006507,0.05093054320065066,True,1.8571428571428568,probability_confidence,probability,march,"{""min_confidence"":0.35}",7.428571428571427
2026-03-04,highest-temperature-in-seoul-on-march-4-2026-8c,8°C,0.28500000000000003,0.45470350598019943,0.1697035059801994,False,-1.0,probability_confidence,probability,march,"{""min_confidence"":0.35}",-4.0
2026-03-05,highest-temperature-in-seoul-on-march-5-2026-9c,9°C,0.45,0.47952640380033024,0.029526403800330225,False,-1.0,probability_confidence,probability,march,"{""min_confidence"":0.35}",-4.0
2026-03-06,highest-temperature-in-seoul-on-march-6-2026-5c,5°C,0.47500000000000003,0.47848847818821705,0.0034884781882170146,False,-1.0,probability_confidence,probability,march,"{""min_confidence"":0.35}",-4.0
2026-03-07,highest-temperature-in-seoul-on-march-7-2026-4c,4°C,0.455,0.4190490171610497,-0.03595098283895032,False,-1.0,probability_confidence,probability,march,"{""min_confidence"":0.35}",-4.0
2026-03-08,highest-temperature-in-seoul-on-march-8-2026-5c,5°C,0.495,0.4172447144146939,-0.07775528558530609,False,-1.0,probability_confidence,probability,march,"{""min_confidence"":0.35}",-4.0
2026-03-09,highest-temperature-in-seoul-on-march-9-2026-8c,8°C,0.27,0.4710566767821721,0.2010566767821721,False,-1.0,probability_confidence,probability,march,"{""min_confidence"":0.35}",-4.0
2026-03-10,highest-temperature-in-seoul-on-march-10-2026-7c,7°C,0.455,0.5061399465540406,0.05113994655404058,True,1.1978021978021975,probability_confidence,probability,march,"{""min_confidence"":0.35}",4.79120879120879
2026-03-11,highest-temperature-in-seoul-on-march-11-2026-8c,8°C,0.275,0.3742537963446443,0.09925379634464426,False,-1.0,probability_confidence,probability,march,"{""min_confidence"":0.35}",-4.0
2026-03-12,highest-temperature-in-seoul-on-march-12-2026-11c,11°C,0.375,0.3593513292575709,-0.015648670742429094,True,1.6666666666666665,probability_confidence,probability,march,"{""min_confidence"":0.35}",6.666666666666666
2026-03-13,highest-temperature-in-seoul-on-march-13-2026-12corhigher,12°C or higher,0.2,0.7440972926454228,0.5440972926454228,False,-1.0,probability_confidence,probability,march,"{""min_confidence"":0.35}",-4.0
2026-03-14,highest-temperature-in-seoul-on-march-14-2026-10c,10°C,0.305,0.43429570932909634,0.12929570932909634,False,-1.0,probability_confidence,probability,march,"{""min_confidence"":0.35}",-4.0
2026-03-15,highest-temperature-in-seoul-on-march-15-2026-10c,10°C,0.455,0.4479021671235447,-0.007097832876455323,True,1.1978021978021975,probability_confidence,probability,march,"{""min_confidence"":0.35}",4.79120879120879
2026-03-16,highest-temperature-in-seoul-on-march-16-2026-11c,11°C,0.19,0.4944206840487698,0.3044206840487698,False,-1.0,probability_confidence,probability,march,"{""min_confidence"":0.35}",-4.0
2026-03-17,highest-temperature-in-seoul-on-march-17-2026-12c,12°C,0.28,0.3953614597916905,0.11536145979169049,True,2.571428571428571,probability_confidence,probability,march,"{""min_confidence"":0.35}",10.285714285714285
2026-03-18,highest-temperature-in-seoul-on-march-18-2026-8c,8°C,0.32,0.3522356916045914,0.03223569160459139,True,2.125,probability_confidence,probability,march,"{""min_confidence"":0.35}",8.5
2026-03-19,highest-temperature-in-seoul-on-march-19-2026-9c,9°C,0.53,0.4712531272434585,-0.0587468727565415,True,0.8867924528301885,probability_confidence,probability,march,"{""min_confidence"":0.35}",3.547169811320754
2026-03-20,highest-temperature-in-seoul-on-march-20-2026-11c,11°C,0.425,0.40088356062229147,-0.02411643937770852,True,1.3529411764705883,probability_confidence,probability,march,"{""min_confidence"":0.35}",5.411764705882353
2026-03-21,highest-temperature-in-seoul-on-march-21-2026-11c,11°C,0.3,0.35702604369818547,0.05702604369818548,True,2.3333333333333335,probability_confidence,probability,march,"{""min_confidence"":0.35}",9.333333333333334
2026-03-22,highest-temperature-in-seoul-on-march-22-2026-14corhigher,14°C or higher,0.785,0.7066824559663037,-0.07831754403369628,True,0.2738853503184713,probability_confidence,probability,march,"{""min_confidence"":0.35}",1.095541401273885
2026-03-24,highest-temperature-in-seoul-on-march-24-2026-15corhigher,15°C or higher,0.465,0.7311148307454206,0.2661148307454206,False,-1.0,probability_confidence,probability,march,"{""min_confidence"":0.35}",-4.0
2026-03-25,highest-temperature-in-seoul-on-march-25-2026-14c,14°C,0.33,0.37043672807053757,0.04043672807053755,False,-1.0,probability_confidence,probability,march,"{""min_confidence"":0.35}",-4.0
2026-03-26,highest-temperature-in-seoul-on-march-26-2026-11c,11°C,0.2285,0.472797084612206,0.24429708461220598,False,-1.0,probability_confidence,probability,march,"{""min_confidence"":0.35}",-4.0
2026-03-27,highest-temperature-in-seoul-on-march-27-2026-10c,10°C,0.17,0.390287137186657,0.22028713718665696,False,-1.0,probability_confidence,probability,march,"{""min_confidence"":0.35}",-4.0
2026-03-28,highest-temperature-in-seoul-on-march-28-2026-13c,13°C,0.27,0.4266836633721804,0.15668366337218037,False,-1.0,probability_confidence,probability,march,"{""min_confidence"":0.35}",-4.0
2026-03-30,highest-temperature-in-seoul-on-march-30-2026-17c,17°C,0.27,0.3543961744783821,0.0843961744783821,False,-1.0,probability_confidence,probability,march,"{""min_confidence"":0.35}",-4.0
2026-04-01,highest-temperature-in-seoul-on-april-1-2026-16corhigher,16°C or higher,0.1894438,0.6426636014863933,0.45321980148639335,False,-1.0,probability_confidence,probability,april,"{""min_confidence"":0.4}",-4.0
2026-04-02,highest-temperature-in-seoul-on-april-2-2026-15c,15°C,0.17705500000000002,0.4224796969401995,0.24542469694019947,False,-1.0,probability_confidence,probability,april,"{""min_confidence"":0.4}",-4.0
2026-04-04,highest-temperature-in-seoul-on-april-4-2026-17corhigher,17°C or higher,0.84188875,0.5827397858078243,-0.2591489641921757,True,0.1878053959029622,probability_confidence,probability,april,"{""min_confidence"":0.4}",0.7512215836118488
2026-04-06,highest-temperature-in-seoul-on-april-6-2026-14c,14°C,0.09929875,0.4117302435823584,0.3124314935823584,True,9.070620224323065,probability_confidence,probability,april,"{""min_confidence"":0.4}",36.28248089729226
2026-04-08,highest-temperature-in-seoul-on-april-8-2026-13c,13°C,0.22858,0.402991540610727,0.174411540610727,True,3.374835943652113,probability_confidence,probability,april,"{""min_confidence"":0.4}",13.499343774608452
2026-04-13,highest-temperature-in-seoul-on-april-13-2026-21c,21°C,0.18738000000000002,0.4124309506392211,0.22505095063922106,False,-1.0,probability_confidence,probability,april,"{""min_confidence"":0.4}",-4.0
2026-04-15,highest-temperature-in-seoul-on-april-15-2026-21corhigher,21°C or higher,0.9179302,0.8846536577509069,-0.033276542249093155,True,0.08940745167769837,probability_confidence,probability,april,"{""min_confidence"":0.4}",0.3576298067107935
2026-04-18,highest-temperature-in-seoul-on-april-18-2026-19c,19°C,0.05498718750000001,0.5138943089557142,0.4589071214557142,False,-1.0,probability_confidence,probability,april,"{""min_confidence"":0.4}",-4.0
2026-04-19,highest-temperature-in-seoul-on-april-19-2026-21c,21°C,0.1128168,0.55684866869027,0.44403186869027006,False,-1.0,probability_confidence,probability,april,"{""min_confidence"":0.4}",-4.0
2026-04-20,highest-temperature-in-seoul-on-april-20-2026-16c,16°C,0.09929875,0.4575683994240249,0.3582696494240249,False,-1.0,probability_confidence,probability,april,"{""min_confidence"":0.4}",-4.0
2026-04-21,highest-temperature-in-seoul-on-april-21-2026-15c,15°C,0.3105,0.4173064453145329,0.10680644531453293,False,-1.0,probability_confidence,probability,april,"{""min_confidence"":0.4}",-4.0
2026-04-25,highest-temperature-in-seoul-on-april-25-2026-21corhigher,21°C or higher,0.856375,0.6215446821372246,-0.23483031786277542,False,-1.0,probability_confidence,probability,april,"{""min_confidence"":0.4}",-4.0
2026-04-27,highest-temperature-in-seoul-on-april-27-2026-19c,19°C,0.45734875,0.40739325803407594,-0.04995549196592408,True,1.1865152140461737,probability_confidence,probability,april,"{""min_confidence"":0.4}",4.746060856184695
2026-05-01,highest-temperature-in-seoul-on-may-1-2026-19c,19°C,0.32578875,0.3741041313217126,0.04831538132171259,True,2.0694737003656507,probability_confidence,probability,may,"{""min_confidence"":0.35}",8.277894801462603
2026-05-02,highest-temperature-in-seoul-on-may-2-2026-19c,19°C,0.25424875,0.3787176141185294,0.12446886411852937,False,-1.0,probability_confidence,probability,may,"{""min_confidence"":0.35}",-4.0
2026-05-03,highest-temperature-in-seoul-on-may-3-2026-14c,14°C,0.5125,0.424783015031598,-0.08771698496840197,False,-1.0,probability_confidence,probability,may,"{""min_confidence"":0.35}",-4.0
2026-05-06,highest-temperature-in-seoul-on-may-6-2026-21corhigher,21°C or higher,0.641655,0.7094796773855279,0.06782467738552789,True,0.5584698942578177,probability_confidence,probability,may,"{""min_confidence"":0.35}",2.2338795770312707
2026-05-07,highest-temperature-in-seoul-on-may-7-2026-18c,18°C,0.2434754875,0.40436481079735165,0.16088932329735164,False,-1.0,probability_confidence,probability,may,"{""min_confidence"":0.35}",-4.0
2026-05-08,highest-temperature-in-seoul-on-may-8-2026-19c,19°C,0.51749875,0.4175996370166501,-0.09989911298334991,False,-1.0,probability_confidence,probability,may,"{""min_confidence"":0.35}",-4.0
2026-05-09,highest-temperature-in-seoul-on-may-9-2026-20c,20°C,0.42713875,0.5404803382045689,0.11334158820456885,True,1.341159634896155,probability_confidence,probability,may,"{""min_confidence"":0.35}",5.36463853958462
2026-05-10,highest-temperature-in-seoul-on-may-10-2026-21c,21°C,0.41704875,0.4239638487389382,0.006915098738938197,False,-1.0,probability_confidence,probability,may,"{""min_confidence"":0.35}",-4.0
2026-05-12,highest-temperature-in-seoul-on-may-12-2026-20c,20°C,0.5623750000000001,0.37362142203303156,-0.1887535779669685,False,-1.0,probability_confidence,probability,may,"{""min_confidence"":0.35}",-4.0
2026-05-13,highest-temperature-in-seoul-on-may-13-2026-21c,21°C,0.43721875,0.45728411930474894,0.020065369304748948,False,-1.0,probability_confidence,probability,may,"{""min_confidence"":0.35}",-4.0
2026-05-14,highest-temperature-in-seoul-on-may-14-2026-26c,26°C,0.27473875000000003,0.46962418759852687,0.19488543759852683,True,2.639821466757055,probability_confidence,probability,may,"{""min_confidence"":0.35}",10.55928586702822
2026-05-15,highest-temperature-in-seoul-on-may-15-2026-25c,25°C,0.15637500000000001,0.4861289685444746,0.3297539685444746,False,-1.0,probability_confidence,probability,may,"{""min_confidence"":0.35}",-4.0
2026-05-16,highest-temperature-in-seoul-on-may-16-2026-25c,25°C,0.21829500000000002,0.551993322825144,0.333698322825144,False,-1.0,probability_confidence,probability,may,"{""min_confidence"":0.35}",-4.0
2026-05-22,highest-temperature-in-seoul-on-may-22-2026-24c,24°C,0.08888874999999999,0.37453425311256716,0.2856455031125672,False,-1.0,probability_confidence,probability,may,"{""min_confidence"":0.35}",-4.0
2026-05-23,highest-temperature-in-seoul-on-may-23-2026-22c,22°C,0.5125,0.4005061905328624,-0.11199380946713755,True,0.9512195121951221,probability_confidence,probability,may,"{""min_confidence"":0.35}",3.8048780487804885
2026-05-24,highest-temperature-in-seoul-on-may-24-2026-25corhigher,25°C or higher,0.9847872,0.9547085009786423,-0.030078699021357624,False,-1.0,probability_confidence,probability,may,"{""min_confidence"":0.35}",-4.0
2026-05-25,highest-temperature-in-seoul-on-may-25-2026-27c,27°C,0.43218,0.4414249714575831,0.009244971457583073,True,1.3138507103521682,probability_confidence,probability,may,"{""min_confidence"":0.35}",5.255402841408673
2026-05-30,highest-temperature-in-seoul-on-may-30-2026-25c,25°C,0.35629875000000005,0.3927397103432452,0.03644096034324512,False,-1.0,probability_confidence,probability,may,"{""min_confidence"":0.35}",-4.0
2026-05-31,highest-temperature-in-seoul-on-may-31-2026-27c,27°C,0.48746875,0.39431963227340067,-0.09314911772659934,True,1.051413552150779,probability_confidence,probability,may,"{""min_confidence"":0.35}",4.205654208603116
2026-06-01,highest-temperature-in-seoul-on-june-1-2026-26c,26°C,0.40694875,0.4313643387582135,0.02441558875821348,False,-1.0,probability_confidence,probability,june,"{""min_confidence"":0.35}",-4.0
2026-06-02,highest-temperature-in-seoul-on-june-2-2026-27c,27°C,0.19253875,0.3611070122328363,0.1685682622328363,False,-1.0,probability_confidence,probability,june,"{""min_confidence"":0.35}",-4.0
2026-06-03,highest-temperature-in-seoul-on-june-3-2026-26c,26°C,0.18738000000000002,0.4211713609267367,0.23379136092673666,False,-1.0,probability_confidence,probability,june,"{""min_confidence"":0.35}",-4.0
2026-06-04,highest-temperature-in-seoul-on-june-4-2026-26c,26°C,0.612,0.4883070065612948,-0.12369299343870521,True,0.6339869281045751,probability_confidence,probability,june,"{""min_confidence"":0.35}",2.5359477124183005
2026-06-05,highest-temperature-in-seoul-on-june-5-2026-24c,24°C,0.43218,0.3553122752188654,-0.07686772478113463,False,-1.0,probability_confidence,probability,june,"{""min_confidence"":0.35}",-4.0
2026-06-06,highest-temperature-in-seoul-on-june-6-2026-25corhigher,25°C or higher,0.8031487500000001,0.9415906511984297,0.13844190119842958,False,-1.0,probability_confidence,probability,june,"{""min_confidence"":0.35}",-4.0
2026-06-07,highest-temperature-in-seoul-on-june-7-2026-26c,26°C,0.135655,0.3705641749664551,0.2349091749664551,False,-1.0,probability_confidence,probability,june,"{""min_confidence"":0.35}",-4.0
2026-06-09,highest-temperature-in-seoul-on-june-9-2026-25c,25°C,0.41200000000000003,0.41983310100025384,0.007833101000253806,True,1.4271844660194173,probability_confidence,probability,june,"{""min_confidence"":0.35}",5.708737864077669
2026-06-10,highest-temperature-in-seoul-on-june-10-2026-24c,24°C,0.20284875,0.41099555057793674,0.20814680057793675,False,-1.0,probability_confidence,probability,june,"{""min_confidence"":0.35}",-4.0
2026-06-11,highest-temperature-in-seoul-on-june-11-2026-24c,24°C,0.20284875,0.4161126061653726,0.2132638561653726,False,-1.0,probability_confidence,probability,june,"{""min_confidence"":0.35}",-4.0
2026-06-12,highest-temperature-in-seoul-on-june-12-2026-25c,25°C,0.46739875000000003,0.4632857952887631,-0.004112954711236905,False,-1.0,probability_confidence,probability,june,"{""min_confidence"":0.35}",-4.0
2026-06-13,highest-temperature-in-seoul-on-june-13-2026-27c,27°C,0.32578875,0.4262544817308555,0.10046573173085549,True,2.0694737003656507,probability_confidence,probability,june,"{""min_confidence"":0.35}",8.277894801462603
2026-06-14,highest-temperature-in-seoul-on-june-14-2026-26c,26°C,0.57232,0.4052966149343433,-0.16702338506565673,True,0.74727425216662,probability_confidence,probability,june,"{""min_confidence"":0.35}",2.98909700866648
2026-06-15,highest-temperature-in-seoul-on-june-15-2026-27c,27°C,0.07846875,0.42264203273964795,0.344173282739648,False,-1.0,probability_confidence,probability,june,"{""min_confidence"":0.35}",-4.0
2026-06-16,highest-temperature-in-seoul-on-june-16-2026-28c,28°C,0.341055,0.3741455387214899,0.033090538721489926,False,-1.0,probability_confidence,probability,june,"{""min_confidence"":0.35}",-4.0
2026-06-17,highest-temperature-in-seoul-on-june-17-2026-30c,30°C,0.5119999875,0.5234337861179803,0.011433798617980329,True,0.953125047683717,probability_confidence,probability,june,"{""min_confidence"":0.35}",3.812500190734868
2026-06-18,highest-temperature-in-seoul-on-june-18-2026-28c,28°C,0.43721875,0.37771591363592,-0.05950283636407999,True,1.2871846186834395,probability_confidence,probability,june,"{""min_confidence"":0.35}",5.148738474733758
2026-06-19,highest-temperature-in-seoul-on-june-19-2026-30c,30°C,0.65644875,0.4034011520636185,-0.25304759793638154,False,-1.0,probability_confidence,probability,june,"{""min_confidence"":0.35}",-4.0
2026-06-20,highest-temperature-in-seoul-on-june-20-2026-24c,24°C,0.83221875,0.3575665668966653,-0.4746521831033347,True,0.20160714956253978,probability_confidence,probability,june,"{""min_confidence"":0.35}",0.8064285982501591
2026-06-21,highest-temperature-in-seoul-on-june-21-2026-27c,27°C,0.35629875000000005,0.4525695745075026,0.09627082450750257,True,1.8066334782257862,probability_confidence,probability,june,"{""min_confidence"":0.35}",7.226533912903145
2026-06-22,highest-temperature-in-seoul-on-june-22-2026-27c,27°C,0.40694875,0.46011996919762627,0.05317121919762624,True,1.4573118850960962,probability_confidence,probability,june,"{""min_confidence"":0.35}",5.829247540384385
2026-06-23,highest-temperature-in-seoul-on-june-23-2026-30c,30°C,0.44728875,0.3864228043861724,-0.06086594561382763,True,1.2356922681377522,probability_confidence,probability,june,"{""min_confidence"":0.35}",4.942769072551009
2026-06-24,highest-temperature-in-seoul-on-june-24-2026-28c,28°C,0.45734875,0.3949478741177798,-0.06240087588222021,False,-1.0,probability_confidence,probability,june,"{""min_confidence"":0.35}",-4.0
2026-06-25,highest-temperature-in-seoul-on-june-25-2026-27c,27°C,0.24398875,0.4070263336292211,0.16303758362922108,False,-1.0,probability_confidence,probability,june,"{""min_confidence"":0.35}",-4.0
2026-06-26,highest-temperature-in-seoul-on-june-26-2026-26c,26°C,0.16672,0.4978568952449987,0.3311368952449987,False,-1.0,probability_confidence,probability,june,"{""min_confidence"":0.35}",-4.0
2026-06-27,highest-temperature-in-seoul-on-june-27-2026-29c,29°C,0.40694875,0.4511014744949673,0.044152724494967266,False,-1.0,probability_confidence,probability,june,"{""min_confidence"":0.35}",-4.0
2026-06-28,highest-temperature-in-seoul-on-june-28-2026-28c,28°C,0.49748875,0.4600297254062189,-0.03745902459378109,False,-1.0,probability_confidence,probability,june,"{""min_confidence"":0.35}",-4.0
2026-06-29,highest-temperature-in-seoul-on-june-29-2026-27c,27°C,0.442255,0.35011018652322085,-0.09214481347677916,False,-1.0,probability_confidence,probability,june,"{""min_confidence"":0.35}",-4.0
2026-06-30,highest-temperature-in-seoul-on-june-30-2026-28c,28°C,0.5822550000000001,0.40698547658075335,-0.17526952341924673,True,0.7174605628118262,probability_confidence,probability,june,"{""min_confidence"":0.35}",2.869842251247305
2026-07-01,highest-temperature-in-seoul-on-july-1-2026-31c,31°C,0.24912,0.4025232920858616,0.15340329208586156,False,-1.0,probability_confidence,probability,july,"{""min_confidence"":0.4}",-4.0
2026-07-03,highest-temperature-in-seoul-on-july-3-2026-27c,27°C,0.39683875,0.48261294290743173,0.08577419290743171,False,-1.0,probability_confidence,probability,july,"{""min_confidence"":0.4}",-4.0
2026-07-04,highest-temperature-in-seoul-on-july-4-2026-28c,28°C,0.53746875,0.5519565830779698,0.014487833077969747,True,0.8605732891447175,probability_confidence,probability,july,"{""min_confidence"":0.4}",3.44229315657887
2026-07-07,highest-temperature-in-seoul-on-july-7-2026-30corhigher,30°C or higher,0.53946355,0.7650574467372931,0.22559389673729313,True,0.8536933588932931,probability_confidence,probability,july,"{""min_confidence"":0.4}",3.4147734355731725
2026-07-08,highest-temperature-in-seoul-on-july-8-2026-28c,28°C,0.914095,0.5249825001725393,-0.38911249982746066,True,0.09397819701453347,probability_confidence,probability,july,"{""min_confidence"":0.4}",0.3759127880581339
2026-07-10,highest-temperature-in-seoul-on-july-10-2026-29c,29°C,0.25424875,0.44352055438068466,0.18927180438068464,False,-1.0,probability_confidence,probability,july,"{""min_confidence"":0.4}",-4.0
2026-07-11,highest-temperature-in-seoul-on-july-11-2026-33corhigher,33°C or higher,0.14705595000000002,0.6386804823085153,0.4916245323085152,False,-1.0,probability_confidence,probability,july,"{""min_confidence"":0.4}",-4.0
2026-07-12,highest-temperature-in-seoul-on-july-12-2026-34corhigher,34°C or higher,0.89008875,0.6513485004522747,-0.23874024954772533,True,0.12348347285593708,probability_confidence,probability,july,"{""min_confidence"":0.4}",0.49393389142374833
2026-07-14,highest-temperature-in-seoul-on-july-14-2026-32c,32°C,0.65644875,0.42411089404405344,-0.23233785595594658,True,0.5233481669361089,probability_confidence,probability,july,"{""min_confidence"":0.4}",2.0933926677444354
2026-07-16,highest-temperature-in-seoul-on-july-16-2026-29c,29°C,0.47242,0.4528227319325152,-0.019597268067484797,False,-1.0,probability_confidence,probability,july,"{""min_confidence"":0.4}",-4.0
2026-07-18,highest-temperature-in-seoul-on-july-18-2026-26c,26°C,0.20284875,0.4087413116836831,0.2058925616836831,True,3.9297814258160333,probability_confidence,probability,july,"{""min_confidence"":0.4}",15.719125703264133
2026-07-20,highest-temperature-in-seoul-on-july-20-2026-25c,25°C,0.31559875,0.43690057069490024,0.12130182069490025,False,-1.0,probability_confidence,probability,july,"{""min_confidence"":0.4}",-4.0
2026-07-21,highest-temperature-in-seoul-on-july-21-2026-27c,27°C,0.8031487500000001,0.5103080004635204,-0.29284074953647965,True,0.2450993667113346,probability_confidence,probability,july,"{""min_confidence"":0.4}",0.9803974668453384
2026-07-22,highest-temperature-in-seoul-on-july-22-2026-27c,27°C,0.30029500000000003,0.4361140635861968,0.13581906358619678,True,2.330058775537388,probability_confidence,probability,july,"{""min_confidence"":0.4}",9.320235102149551
2026-07-23,highest-temperature-in-seoul-on-july-23-2026-29c,29°C,0.522495,0.4385378997507724,-0.08395710024922765,False,-1.0,probability_confidence,probability,july,"{""min_confidence"":0.4}",-4.0
2026-07-24,highest-temperature-in-seoul-on-july-24-2026-30c,30°C,0.22343875,0.5308512849758401,0.3074125349758401,False,-1.0,probability_confidence,probability,july,"{""min_confidence"":0.4}",-4.0
2026-07-25,highest-temperature-in-seoul-on-july-25-2026-31c,31°C,0.6020949999999999,0.5201067161719495,-0.08198828382805046,True,0.6608674710801454,probability_confidence,probability,july,"{""min_confidence"":0.4}",2.6434698843205817
2026-02-01,highest-temperature-in-seoul-on-february-1-2c,2°C,0.035,0.5019521264926332,0.4669521264926332,False,-1.0,probability_confidence_edge,probability,february,"{""min_confidence"":0.35,""min_edge"":0.0}",-4.0
2026-02-03,highest-temperature-in-seoul-on-february-3-2026-4corhigher,4°C or higher,0.0635,0.8278498255428757,0.7643498255428757,False,-1.0,probability_confidence_edge,probability,february,"{""min_confidence"":0.35,""min_edge"":0.0}",-4.0
2026-02-05,highest-temperature-in-seoul-on-february-5-2026-8corhigher,8°C or higher,0.71,0.8825418587320526,0.17254185873205263,True,0.40845070422535223,probability_confidence_edge,probability,february,"{""min_confidence"":0.35,""min_edge"":0.0}",1.633802816901409
2026-02-07,highest-temperature-in-seoul-on-february-7-2026-neg-6c,-6°C,0.135,0.5116834370461321,0.37668343704613205,False,-1.0,probability_confidence_edge,probability,february,"{""min_confidence"":0.35,""min_edge"":0.0}",-4.0
2026-02-15,highest-temperature-in-seoul-on-february-15-2026-9corhigher,9°C or higher,0.5650000000000001,0.6102244744270748,0.04522447442707478,False,-1.0,probability_confidence_edge,probability,february,"{""min_confidence"":0.35,""min_edge"":0.0}",-4.0
2026-02-16,highest-temperature-in-seoul-on-february-16-2026-4c,4°C,0.22,0.3962215916290958,0.17622159162909581,False,-1.0,probability_confidence_edge,probability,february,"{""min_confidence"":0.35,""min_edge"":0.0}",-4.0
2026-02-18,highest-temperature-in-seoul-on-february-18-2026-5c,5°C,0.46,0.5289705007533507,0.0689705007533507,False,-1.0,probability_confidence_edge,probability,february,"{""min_confidence"":0.35,""min_edge"":0.0}",-4.0
2026-02-19,highest-temperature-in-seoul-on-february-19-2026-6c,6°C,0.315,0.5007260513413885,0.18572605134138848,False,-1.0,probability_confidence_edge,probability,february,"{""min_confidence"":0.35,""min_edge"":0.0}",-4.0
2026-02-21,highest-temperature-in-seoul-on-february-21-2026-14corhigher,14°C or higher,0.75,0.9165827273067936,0.16658272730679358,True,0.33333333333333326,probability_confidence_edge,probability,february,"{""min_confidence"":0.35,""min_edge"":0.0}",1.333333333333333
2026-02-23,highest-temperature-in-seoul-on-february-23-2026-4c,4°C,0.51,0.5307576239374682,0.02075762393746816,True,0.9607843137254901,probability_confidence_edge,probability,february,"{""min_confidence"":0.35,""min_edge"":0.0}",3.8431372549019605
2026-02-26,highest-temperature-in-seoul-on-february-26-2026-11c,11°C,0.35000000000000003,0.4378463402734908,0.08784634027349075,True,1.8571428571428568,probability_confidence_edge,probability,february,"{""min_confidence"":0.35,""min_edge"":0.0}",7.428571428571427
2026-02-27,highest-temperature-in-seoul-on-february-27-2026-13corhigher,13°C or higher,0.58,0.7482137727899805,0.1682137727899805,True,0.7241379310344829,probability_confidence_edge,probability,february,"{""min_confidence"":0.35,""min_edge"":0.0}",2.8965517241379315
2026-03-01,highest-temperature-in-seoul-on-march-1-2026-13c,13°C,0.24200000000000002,0.40726792419422897,0.16526792419422895,False,-1.0,probability_confidence_edge,probability,march,"{""min_confidence"":0.3,""min_edge"":0.0}",-4.0
2026-03-03,highest-temperature-in-seoul-on-march-3-2026-10c,10°C,0.35000000000000003,0.4009305432006507,0.05093054320065066,True,1.8571428571428568,probability_confidence_edge,probability,march,"{""min_confidence"":0.3,""min_edge"":0.0}",7.428571428571427
2026-03-04,highest-temperature-in-seoul-on-march-4-2026-8c,8°C,0.28500000000000003,0.45470350598019943,0.1697035059801994,False,-1.0,probability_confidence_edge,probability,march,"{""min_confidence"":0.3,""min_edge"":0.0}",-4.0
2026-03-05,highest-temperature-in-seoul-on-march-5-2026-9c,9°C,0.45,0.47952640380033024,0.029526403800330225,False,-1.0,probability_confidence_edge,probability,march,"{""min_confidence"":0.3,""min_edge"":0.0}",-4.0
2026-03-06,highest-temperature-in-seoul-on-march-6-2026-5c,5°C,0.47500000000000003,0.47848847818821705,0.0034884781882170146,False,-1.0,probability_confidence_edge,probability,march,"{""min_confidence"":0.3,""min_edge"":0.0}",-4.0
2026-03-09,highest-temperature-in-seoul-on-march-9-2026-8c,8°C,0.27,0.4710566767821721,0.2010566767821721,False,-1.0,probability_confidence_edge,probability,march,"{""min_confidence"":0.3,""min_edge"":0.0}",-4.0
2026-03-10,highest-temperature-in-seoul-on-march-10-2026-7c,7°C,0.455,0.5061399465540406,0.05113994655404058,True,1.1978021978021975,probability_confidence_edge,probability,march,"{""min_confidence"":0.3,""min_edge"":0.0}",4.79120879120879
2026-03-11,highest-temperature-in-seoul-on-march-11-2026-8c,8°C,0.275,0.3742537963446443,0.09925379634464426,False,-1.0,probability_confidence_edge,probability,march,"{""min_confidence"":0.3,""min_edge"":0.0}",-4.0
2026-03-13,highest-temperature-in-seoul-on-march-13-2026-12corhigher,12°C or higher,0.2,0.7440972926454228,0.5440972926454228,False,-1.0,probability_confidence_edge,probability,march,"{""min_confidence"":0.3,""min_edge"":0.0}",-4.0
2026-03-14,highest-temperature-in-seoul-on-march-14-2026-10c,10°C,0.305,0.43429570932909634,0.12929570932909634,False,-1.0,probability_confidence_edge,probability,march,"{""min_confidence"":0.3,""min_edge"":0.0}",-4.0
2026-03-16,highest-temperature-in-seoul-on-march-16-2026-11c,11°C,0.19,0.4944206840487698,0.3044206840487698,False,-1.0,probability_confidence_edge,probability,march,"{""min_confidence"":0.3,""min_edge"":0.0}",-4.0
2026-03-17,highest-temperature-in-seoul-on-march-17-2026-12c,12°C,0.28,0.3953614597916905,0.11536145979169049,True,2.571428571428571,probability_confidence_edge,probability,march,"{""min_confidence"":0.3,""min_edge"":0.0}",10.285714285714285
2026-03-18,highest-temperature-in-seoul-on-march-18-2026-8c,8°C,0.32,0.3522356916045914,0.03223569160459139,True,2.125,probability_confidence_edge,probability,march,"{""min_confidence"":0.3,""min_edge"":0.0}",8.5
2026-03-21,highest-temperature-in-seoul-on-march-21-2026-11c,11°C,0.3,0.35702604369818547,0.05702604369818548,True,2.3333333333333335,probability_confidence_edge,probability,march,"{""min_confidence"":0.3,""min_edge"":0.0}",9.333333333333334
2026-03-23,highest-temperature-in-seoul-on-march-23-2026-15c,15°C,0.295,0.31492324588306386,0.019923245883063878,True,2.3898305084745766,probability_confidence_edge,probability,march,"{""min_confidence"":0.3,""min_edge"":0.0}",9.559322033898306
2026-03-24,highest-temperature-in-seoul-on-march-24-2026-15corhigher,15°C or higher,0.465,0.7311148307454206,0.2661148307454206,False,-1.0,probability_confidence_edge,probability,march,"{""min_confidence"":0.3,""min_edge"":0.0}",-4.0
2026-03-25,highest-temperature-in-seoul-on-march-25-2026-14c,14°C,0.33,0.37043672807053757,0.04043672807053755,False,-1.0,probability_confidence_edge,probability,march,"{""min_confidence"":0.3,""min_edge"":0.0}",-4.0
2026-03-26,highest-temperature-in-seoul-on-march-26-2026-11c,11°C,0.2285,0.472797084612206,0.24429708461220598,False,-1.0,probability_confidence_edge,probability,march,"{""min_confidence"":0.3,""min_edge"":0.0}",-4.0
2026-03-27,highest-temperature-in-seoul-on-march-27-2026-10c,10°C,0.17,0.390287137186657,0.22028713718665696,False,-1.0,probability_confidence_edge,probability,march,"{""min_confidence"":0.3,""min_edge"":0.0}",-4.0
2026-03-28,highest-temperature-in-seoul-on-march-28-2026-13c,13°C,0.27,0.4266836633721804,0.15668366337218037,False,-1.0,probability_confidence_edge,probability,march,"{""min_confidence"":0.3,""min_edge"":0.0}",-4.0
2026-03-29,highest-temperature-in-seoul-on-march-29-2026-17corhigher,17°C or higher,0.222,0.6154834645495664,0.3934834645495664,False,-1.0,probability_confidence_edge,probability,march,"{""min_confidence"":0.3,""min_edge"":0.0}",-4.0
2026-03-30,highest-temperature-in-seoul-on-march-30-2026-17c,17°C,0.27,0.3543961744783821,0.0843961744783821,False,-1.0,probability_confidence_edge,probability,march,"{""min_confidence"":0.3,""min_edge"":0.0}",-4.0
2026-04-01,highest-temperature-in-seoul-on-april-1-2026-16corhigher,16°C or higher,0.1894438,0.6426636014863933,0.45321980148639335,False,-1.0,probability_confidence_edge,probability,april,"{""min_confidence"":0.3,""min_edge"":0.0}",-4.0
2026-04-02,highest-temperature-in-seoul-on-april-2-2026-15c,15°C,0.17705500000000002,0.4224796969401995,0.24542469694019947,False,-1.0,probability_confidence_edge,probability,april,"{""min_confidence"":0.3,""min_edge"":0.0}",-4.0
2026-04-03,highest-temperature-in-seoul-on-april-3-2026-17c,17°C,0.26449875,0.3684674178486221,0.10396866784862208,False,-1.0,probability_confidence_edge,probability,april,"{""min_confidence"":0.3,""min_edge"":0.0}",-4.0
2026-04-05,highest-temperature-in-seoul-on-april-5-2026-14c,14°C,0.26449875,0.36669824026709497,0.10219949026709496,False,-1.0,probability_confidence_edge,probability,april,"{""min_confidence"":0.3,""min_edge"":0.0}",-4.0
2026-04-06,highest-temperature-in-seoul-on-april-6-2026-14c,14°C,0.09929875,0.4117302435823584,0.3124314935823584,True,9.070620224323065,probability_confidence_edge,probability,april,"{""min_confidence"":0.3,""min_edge"":0.0}",36.28248089729226
2026-04-07,highest-temperature-in-seoul-on-april-7-2026-13c,13°C,0.3105,0.31139109972058404,0.0008910997205840432,False,-1.0,probability_confidence_edge,probability,april,"{""min_confidence"":0.3,""min_edge"":0.0}",-4.0
2026-04-08,highest-temperature-in-seoul-on-april-8-2026-13c,13°C,0.22858,0.402991540610727,0.174411540610727,True,3.374835943652113,probability_confidence_edge,probability,april,"{""min_confidence"":0.3,""min_edge"":0.0}",13.499343774608452
2026-04-10,highest-temperature-in-seoul-on-april-10-2026-12c,12°C,0.37151999999999996,0.3837649903423349,0.01224499034233495,True,1.6916451335055989,probability_confidence_edge,probability,april,"{""min_confidence"":0.3,""min_edge"":0.0}",6.7665805340223955
2026-04-13,highest-temperature-in-seoul-on-april-13-2026-21c,21°C,0.18738000000000002,0.4124309506392211,0.22505095063922106,False,-1.0,probability_confidence_edge,probability,april,"{""min_confidence"":0.3,""min_edge"":0.0}",-4.0
2026-04-17,highest-temperature-in-seoul-on-april-17-2026-16c,16°C,0.17705500000000002,0.38445396945805904,0.20739896945805902,False,-1.0,probability_confidence_edge,probability,april,"{""min_confidence"":0.3,""min_edge"":0.0}",-4.0
2026-04-18,highest-temperature-in-seoul-on-april-18-2026-19c,19°C,0.05498718750000001,0.5138943089557142,0.4589071214557142,False,-1.0,probability_confidence_edge,probability,april,"{""min_confidence"":0.3,""min_edge"":0.0}",-4.0
2026-04-19,highest-temperature-in-seoul-on-april-19-2026-21c,21°C,0.1128168,0.55684866869027,0.44403186869027006,False,-1.0,probability_confidence_edge,probability,april,"{""min_confidence"":0.3,""min_edge"":0.0}",-4.0
2026-04-20,highest-temperature-in-seoul-on-april-20-2026-16c,16°C,0.09929875,0.4575683994240249,0.3582696494240249,False,-1.0,probability_confidence_edge,probability,april,"{""min_confidence"":0.3,""min_edge"":0.0}",-4.0
2026-04-21,highest-temperature-in-seoul-on-april-21-2026-15c,15°C,0.3105,0.4173064453145329,0.10680644531453293,False,-1.0,probability_confidence_edge,probability,april,"{""min_confidence"":0.3,""min_edge"":0.0}",-4.0
2026-04-22,highest-temperature-in-seoul-on-april-22-2026-16c,16°C,0.33596875000000004,0.36304441863883513,0.027075668638835093,False,-1.0,probability_confidence_edge,probability,april,"{""min_confidence"":0.3,""min_edge"":0.0}",-4.0
2026-04-23,highest-temperature-in-seoul-on-april-23-2026-22c,22°C,0.21829500000000002,0.3373782862858079,0.11908328628580789,True,3.580956961909343,probability_confidence_edge,probability,april,"{""min_confidence"":0.3,""min_edge"":0.0}",14.323827847637371
2026-04-28,highest-temperature-in-seoul-on-april-28-2026-17c,17°C,0.18221875,0.3985937221158586,0.21637497211585857,False,-1.0,probability_confidence_edge,probability,april,"{""min_confidence"":0.3,""min_edge"":0.0}",-4.0
2026-04-30,highest-temperature-in-seoul-on-april-30-2026-19c,19°C,0.279855,0.343428306009328,0.06357330600932798,True,2.5732790194922366,probability_confidence_edge,probability,april,"{""min_confidence"":0.3,""min_edge"":0.0}",10.293116077968946
2026-05-01,highest-temperature-in-seoul-on-may-1-2026-19c,19°C,0.32578875,0.3741041313217126,0.04831538132171259,True,2.0694737003656507,probability_confidence_edge,probability,may,"{""min_confidence"":0.3,""min_edge"":0.0}",8.277894801462603
2026-05-02,highest-temperature-in-seoul-on-may-2-2026-19c,19°C,0.25424875,0.3787176141185294,0.12446886411852937,False,-1.0,probability_confidence_edge,probability,may,"{""min_confidence"":0.3,""min_edge"":0.0}",-4.0
2026-05-04,highest-temperature-in-seoul-on-may-4-2026-20corhigher,20°C or higher,0.0309314875,0.3820656860612972,0.3511341985612972,False,-1.0,probability_confidence_edge,probability,may,"{""min_confidence"":0.3,""min_edge"":0.0}",-4.0
2026-05-06,highest-temperature-in-seoul-on-may-6-2026-21corhigher,21°C or higher,0.641655,0.7094796773855279,0.06782467738552789,True,0.5584698942578177,probability_confidence_edge,probability,may,"{""min_confidence"":0.3,""min_edge"":0.0}",2.2338795770312707
2026-05-07,highest-temperature-in-seoul-on-may-7-2026-18c,18°C,0.2434754875,0.40436481079735165,0.16088932329735164,False,-1.0,probability_confidence_edge,probability,may,"{""min_confidence"":0.3,""min_edge"":0.0}",-4.0
2026-05-09,highest-temperature-in-seoul-on-may-9-2026-20c,20°C,0.42713875,0.5404803382045689,0.11334158820456885,True,1.341159634896155,probability_confidence_edge,probability,may,"{""min_confidence"":0.3,""min_edge"":0.0}",5.36463853958462
2026-05-10,highest-temperature-in-seoul-on-may-10-2026-21c,21°C,0.41704875,0.4239638487389382,0.006915098738938197,False,-1.0,probability_confidence_edge,probability,may,"{""min_confidence"":0.3,""min_edge"":0.0}",-4.0
2026-05-13,highest-temperature-in-seoul-on-may-13-2026-21c,21°C,0.43721875,0.45728411930474894,0.020065369304748948,False,-1.0,probability_confidence_edge,probability,may,"{""min_confidence"":0.3,""min_edge"":0.0}",-4.0
2026-05-14,highest-temperature-in-seoul-on-may-14-2026-26c,26°C,0.27473875000000003,0.46962418759852687,0.19488543759852683,True,2.639821466757055,probability_confidence_edge,probability,may,"{""min_confidence"":0.3,""min_edge"":0.0}",10.55928586702822
2026-05-15,highest-temperature-in-seoul-on-may-15-2026-25c,25°C,0.15637500000000001,0.4861289685444746,0.3297539685444746,False,-1.0,probability_confidence_edge,probability,may,"{""min_confidence"":0.3,""min_edge"":0.0}",-4.0
2026-05-16,highest-temperature-in-seoul-on-may-16-2026-25c,25°C,0.21829500000000002,0.551993322825144,0.333698322825144,False,-1.0,probability_confidence_edge,probability,may,"{""min_confidence"":0.3,""min_edge"":0.0}",-4.0
2026-05-22,highest-temperature-in-seoul-on-may-22-2026-24c,24°C,0.08888874999999999,0.37453425311256716,0.2856455031125672,False,-1.0,probability_confidence_edge,probability,may,"{""min_confidence"":0.3,""min_edge"":0.0}",-4.0
2026-05-25,highest-temperature-in-seoul-on-may-25-2026-27c,27°C,0.43218,0.4414249714575831,0.009244971457583073,True,1.3138507103521682,probability_confidence_edge,probability,may,"{""min_confidence"":0.3,""min_edge"":0.0}",5.255402841408673
2026-05-26,highest-temperature-in-seoul-on-may-26-2026-25corhigher,25°C or higher,0.990495,1.0,0.009504999999999986,True,0.009596211995012593,probability_confidence_edge,probability,may,"{""min_confidence"":0.3,""min_edge"":0.0}",0.038384847980050374
2026-05-28,highest-temperature-in-seoul-on-may-28-2026-24c,24°C,0.29518875000000006,0.340049767290692,0.04486101729069192,False,-1.0,probability_confidence_edge,probability,may,"{""min_confidence"":0.3,""min_edge"":0.0}",-4.0
2026-05-29,highest-temperature-in-seoul-on-may-29-2026-25c,25°C,0.24398875,0.3296078137931053,0.08561906379310527,True,3.098549625751187,probability_confidence_edge,probability,may,"{""min_confidence"":0.3,""min_edge"":0.0}",12.394198503004748
2026-05-30,highest-temperature-in-seoul-on-may-30-2026-25c,25°C,0.35629875000000005,0.3927397103432452,0.03644096034324512,False,-1.0,probability_confidence_edge,probability,may,"{""min_confidence"":0.3,""min_edge"":0.0}",-4.0
2026-06-01,highest-temperature-in-seoul-on-june-1-2026-26c,26°C,0.40694875,0.4313643387582135,0.02441558875821348,False,-1.0,probability_confidence_edge,probability,june,"{""min_confidence"":0.3,""min_edge"":0.0}",-4.0
2026-06-02,highest-temperature-in-seoul-on-june-2-2026-27c,27°C,0.19253875,0.3611070122328363,0.1685682622328363,False,-1.0,probability_confidence_edge,probability,june,"{""min_confidence"":0.3,""min_edge"":0.0}",-4.0
2026-06-03,highest-temperature-in-seoul-on-june-3-2026-26c,26°C,0.18738000000000002,0.4211713609267367,0.23379136092673666,False,-1.0,probability_confidence_edge,probability,june,"{""min_confidence"":0.3,""min_edge"":0.0}",-4.0
2026-06-06,highest-temperature-in-seoul-on-june-6-2026-25corhigher,25°C or higher,0.8031487500000001,0.9415906511984297,0.13844190119842958,False,-1.0,probability_confidence_edge,probability,june,"{""min_confidence"":0.3,""min_edge"":0.0}",-4.0
2026-06-07,highest-temperature-in-seoul-on-june-7-2026-26c,26°C,0.135655,0.3705641749664551,0.2349091749664551,False,-1.0,probability_confidence_edge,probability,june,"{""min_confidence"":0.3,""min_edge"":0.0}",-4.0
2026-06-08,highest-temperature-in-seoul-on-june-8-2026-24c,24°C,0.32578875,0.33382077879040595,0.008032028790405932,True,2.0694737003656507,probability_confidence_edge,probability,june,"{""min_confidence"":0.3,""min_edge"":0.0}",8.277894801462603
2026-06-09,highest-temperature-in-seoul-on-june-9-2026-25c,25°C,0.41200000000000003,0.41983310100025384,0.007833101000253806,True,1.4271844660194173,probability_confidence_edge,probability,june,"{""min_confidence"":0.3,""min_edge"":0.0}",5.708737864077669
2026-06-10,highest-temperature-in-seoul-on-june-10-2026-24c,24°C,0.20284875,0.41099555057793674,0.20814680057793675,False,-1.0,probability_confidence_edge,probability,june,"{""min_confidence"":0.3,""min_edge"":0.0}",-4.0
2026-06-11,highest-temperature-in-seoul-on-june-11-2026-24c,24°C,0.20284875,0.4161126061653726,0.2132638561653726,False,-1.0,probability_confidence_edge,probability,june,"{""min_confidence"":0.3,""min_edge"":0.0}",-4.0
2026-06-13,highest-temperature-in-seoul-on-june-13-2026-27c,27°C,0.32578875,0.4262544817308555,0.10046573173085549,True,2.0694737003656507,probability_confidence_edge,probability,june,"{""min_confidence"":0.3,""min_edge"":0.0}",8.277894801462603
2026-06-15,highest-temperature-in-seoul-on-june-15-2026-27c,27°C,0.07846875,0.42264203273964795,0.344173282739648,False,-1.0,probability_confidence_edge,probability,june,"{""min_confidence"":0.3,""min_edge"":0.0}",-4.0
2026-06-16,highest-temperature-in-seoul-on-june-16-2026-28c,28°C,0.341055,0.3741455387214899,0.033090538721489926,False,-1.0,probability_confidence_edge,probability,june,"{""min_confidence"":0.3,""min_edge"":0.0}",-4.0
2026-06-17,highest-temperature-in-seoul-on-june-17-2026-30c,30°C,0.5119999875,0.5234337861179803,0.011433798617980329,True,0.953125047683717,probability_confidence_edge,probability,june,"{""min_confidence"":0.3,""min_edge"":0.0}",3.812500190734868
2026-06-21,highest-temperature-in-seoul-on-june-21-2026-27c,27°C,0.35629875000000005,0.4525695745075026,0.09627082450750257,True,1.8066334782257862,probability_confidence_edge,probability,june,"{""min_confidence"":0.3,""min_edge"":0.0}",7.226533912903145
2026-06-22,highest-temperature-in-seoul-on-june-22-2026-27c,27°C,0.40694875,0.46011996919762627,0.05317121919762624,True,1.4573118850960962,probability_confidence_edge,probability,june,"{""min_confidence"":0.3,""min_edge"":0.0}",5.829247540384385
2026-06-25,highest-temperature-in-seoul-on-june-25-2026-27c,27°C,0.24398875,0.4070263336292211,0.16303758362922108,False,-1.0,probability_confidence_edge,probability,june,"{""min_confidence"":0.3,""min_edge"":0.0}",-4.0
2026-06-26,highest-temperature-in-seoul-on-june-26-2026-26c,26°C,0.16672,0.4978568952449987,0.3311368952449987,False,-1.0,probability_confidence_edge,probability,june,"{""min_confidence"":0.3,""min_edge"":0.0}",-4.0
2026-06-27,highest-temperature-in-seoul-on-june-27-2026-29c,29°C,0.40694875,0.4511014744949673,0.044152724494967266,False,-1.0,probability_confidence_edge,probability,june,"{""min_confidence"":0.3,""min_edge"":0.0}",-4.0
2026-07-01,highest-temperature-in-seoul-on-july-1-2026-31c,31°C,0.24912,0.4025232920858616,0.15340329208586156,False,-1.0,probability_confidence_edge,probability,july,"{""min_confidence"":0.4,""min_edge"":0.0}",-4.0
2026-07-03,highest-temperature-in-seoul-on-july-3-2026-27c,27°C,0.39683875,0.48261294290743173,0.08577419290743171,False,-1.0,probability_confidence_edge,probability,july,"{""min_confidence"":0.4,""min_edge"":0.0}",-4.0
2026-07-04,highest-temperature-in-seoul-on-july-4-2026-28c,28°C,0.53746875,0.5519565830779698,0.014487833077969747,True,0.8605732891447175,probability_confidence_edge,probability,july,"{""min_confidence"":0.4,""min_edge"":0.0}",3.44229315657887
2026-07-07,highest-temperature-in-seoul-on-july-7-2026-30corhigher,30°C or higher,0.53946355,0.7650574467372931,0.22559389673729313,True,0.8536933588932931,probability_confidence_edge,probability,july,"{""min_confidence"":0.4,""min_edge"":0.0}",3.4147734355731725
2026-07-10,highest-temperature-in-seoul-on-july-10-2026-29c,29°C,0.25424875,0.44352055438068466,0.18927180438068464,False,-1.0,probability_confidence_edge,probability,july,"{""min_confidence"":0.4,""min_edge"":0.0}",-4.0
2026-07-11,highest-temperature-in-seoul-on-july-11-2026-33corhigher,33°C or higher,0.14705595000000002,0.6386804823085153,0.4916245323085152,False,-1.0,probability_confidence_edge,probability,july,"{""min_confidence"":0.4,""min_edge"":0.0}",-4.0
2026-07-18,highest-temperature-in-seoul-on-july-18-2026-26c,26°C,0.20284875,0.4087413116836831,0.2058925616836831,True,3.9297814258160333,probability_confidence_edge,probability,july,"{""min_confidence"":0.4,""min_edge"":0.0}",15.719125703264133
2026-07-20,highest-temperature-in-seoul-on-july-20-2026-25c,25°C,0.31559875,0.43690057069490024,0.12130182069490025,False,-1.0,probability_confidence_edge,probability,july,"{""min_confidence"":0.4,""min_edge"":0.0}",-4.0
2026-07-22,highest-temperature-in-seoul-on-july-22-2026-27c,27°C,0.30029500000000003,0.4361140635861968,0.13581906358619678,True,2.330058775537388,probability_confidence_edge,probability,july,"{""min_confidence"":0.4,""min_edge"":0.0}",9.320235102149551
2026-07-24,highest-temperature-in-seoul-on-july-24-2026-30c,30°C,0.22343875,0.5308512849758401,0.3074125349758401,False,-1.0,probability_confidence_edge,probability,july,"{""min_confidence"":0.4,""min_edge"":0.0}",-4.0
2026-02-01,highest-temperature-in-seoul-on-february-1-2c,2°C,0.035,0.5019521264926332,0.4669521264926332,False,-1.0,point_provider_spread,point,february,"{""max_provider_spread"":2.0}",-4.0
2026-02-02,highest-temperature-in-seoul-on-february-2-0c,0°C,0.85,0.564553988987968,-0.28544601101203193,True,0.17647058823529416,point_provider_spread,point,february,"{""max_provider_spread"":2.0}",0.7058823529411766
2026-02-03,highest-temperature-in-seoul-on-february-3-2026-4corhigher,4°C or higher,0.0635,0.8278498255428757,0.7643498255428757,False,-1.0,point_provider_spread,point,february,"{""max_provider_spread"":2.0}",-4.0
2026-02-06,highest-temperature-in-seoul-on-february-6-2026-neg-4c,-4°C,0.895,0.5406380039630087,-0.35436199603699137,True,0.11731843575418988,point_provider_spread,point,february,"{""max_provider_spread"":2.0}",0.4692737430167595
2026-02-07,highest-temperature-in-seoul-on-february-7-2026-neg-6c,-6°C,0.135,0.5116834370461321,0.37668343704613205,False,-1.0,point_provider_spread,point,february,"{""max_provider_spread"":2.0}",-4.0
2026-02-08,highest-temperature-in-seoul-on-february-8-2026-neg-5c,-5°C,0.049,0.3169720113096047,0.2679720113096047,False,-1.0,point_provider_spread,point,february,"{""max_provider_spread"":2.0}",-4.0
2026-02-10,highest-temperature-in-seoul-on-february-10-2026-3c,3°C,0.505,0.3708168423157989,-0.13418315768420108,True,0.9801980198019802,point_provider_spread,point,february,"{""max_provider_spread"":2.0}",3.9207920792079207
2026-02-11,highest-temperature-in-seoul-on-february-11-2026-4c,4°C,0.49,0.3358664143172112,-0.1541335856827888,True,1.0408163265306123,point_provider_spread,point,february,"{""max_provider_spread"":2.0}",4.163265306122449
2026-02-12,highest-temperature-in-seoul-on-february-12-2026-6c,6°C,0.45,0.3508923180070178,-0.0991076819929822,False,-1.0,point_provider_spread,point,february,"{""max_provider_spread"":2.0}",-4.0
2026-02-16,highest-temperature-in-seoul-on-february-16-2026-4c,4°C,0.22,0.3962215916290958,0.17622159162909581,False,-1.0,point_provider_spread,point,february,"{""max_provider_spread"":2.0}",-4.0
2026-02-17,highest-temperature-in-seoul-on-february-17-2026-5c,5°C,0.52,0.5078467981624923,-0.012153201837507677,False,-1.0,point_provider_spread,point,february,"{""max_provider_spread"":2.0}",-4.0
2026-02-18,highest-temperature-in-seoul-on-february-18-2026-5c,5°C,0.46,0.5289705007533507,0.0689705007533507,False,-1.0,point_provider_spread,point,february,"{""max_provider_spread"":2.0}",-4.0
2026-02-19,highest-temperature-in-seoul-on-february-19-2026-6c,6°C,0.315,0.5007260513413885,0.18572605134138848,False,-1.0,point_provider_spread,point,february,"{""max_provider_spread"":2.0}",-4.0
2026-02-23,highest-temperature-in-seoul-on-february-23-2026-4c,4°C,0.51,0.5307576239374682,0.02075762393746816,True,0.9607843137254901,point_provider_spread,point,february,"{""max_provider_spread"":2.0}",3.8431372549019605
2026-02-24,highest-temperature-in-seoul-on-february-24-2026-6c,6°C,0.095,0.3306909742388555,0.23569097423885552,False,-1.0,point_provider_spread,point,february,"{""max_provider_spread"":2.0}",-4.0
2026-03-03,highest-temperature-in-seoul-on-march-3-2026-9c,9°C,0.41500000000000004,0.35544445452893714,-0.0595555454710629,False,-1.0,point_provider_spread,point,march,"{""max_provider_spread"":2.0}",-4.0
2026-03-06,highest-temperature-in-seoul-on-march-6-2026-5c,5°C,0.47500000000000003,0.47848847818821705,0.0034884781882170146,False,-1.0,point_provider_spread,point,march,"{""max_provider_spread"":2.0}",-4.0
2026-03-07,highest-temperature-in-seoul-on-march-7-2026-4c,4°C,0.455,0.4190490171610497,-0.03595098283895032,False,-1.0,point_provider_spread,point,march,"{""max_provider_spread"":2.0}",-4.0
2026-03-08,highest-temperature-in-seoul-on-march-8-2026-5c,5°C,0.495,0.4172447144146939,-0.07775528558530609,False,-1.0,point_provider_spread,point,march,"{""max_provider_spread"":2.0}",-4.0
2026-03-09,highest-temperature-in-seoul-on-march-9-2026-8c,8°C,0.27,0.4710566767821721,0.2010566767821721,False,-1.0,point_provider_spread,point,march,"{""max_provider_spread"":2.0}",-4.0
2026-03-10,highest-temperature-in-seoul-on-march-10-2026-7c,7°C,0.455,0.5061399465540406,0.05113994655404058,True,1.1978021978021975,point_provider_spread,point,march,"{""max_provider_spread"":2.0}",4.79120879120879
2026-03-19,highest-temperature-in-seoul-on-march-19-2026-9c,9°C,0.53,0.4712531272434585,-0.0587468727565415,True,0.8867924528301885,point_provider_spread,point,march,"{""max_provider_spread"":2.0}",3.547169811320754
2026-04-02,highest-temperature-in-seoul-on-april-2-2026-15c,15°C,0.17705500000000002,0.4224796969401995,0.24542469694019947,False,-1.0,point_provider_spread,point,april,"{""max_provider_spread"":4.0}",-4.0
2026-04-05,highest-temperature-in-seoul-on-april-5-2026-13c,13°C,0.279855,0.3233281870803757,0.043473187080375675,False,-1.0,point_provider_spread,point,april,"{""max_provider_spread"":4.0}",-4.0
2026-04-06,highest-temperature-in-seoul-on-april-6-2026-13c,13°C,0.33596875000000004,0.21222753772207983,-0.1237412122779202,False,-1.0,point_provider_spread,point,april,"{""max_provider_spread"":4.0}",-4.0
2026-04-07,highest-temperature-in-seoul-on-april-7-2026-12c,12°C,0.40694875,0.28830261053990736,-0.11864613946009267,False,-1.0,point_provider_spread,point,april,"{""max_provider_spread"":4.0}",-4.0
2026-04-08,highest-temperature-in-seoul-on-april-8-2026-13c,13°C,0.22858,0.402991540610727,0.174411540610727,True,3.374835943652113,point_provider_spread,point,april,"{""max_provider_spread"":4.0}",13.499343774608452
2026-04-09,highest-temperature-in-seoul-on-april-9-2026-14c,14°C,0.16154875,0.28663762098533213,0.12508887098533214,False,-1.0,point_provider_spread,point,april,"{""max_provider_spread"":4.0}",-4.0
2026-04-10,highest-temperature-in-seoul-on-april-10-2026-12c,12°C,0.37151999999999996,0.3837649903423349,0.01224499034233495,True,1.6916451335055989,point_provider_spread,point,april,"{""max_provider_spread"":4.0}",6.7665805340223955
2026-04-11,highest-temperature-in-seoul-on-april-11-2026-14c,14°C,0.20800000000000002,0.2216994880967063,0.013699488096706292,False,-1.0,point_provider_spread,point,april,"{""max_provider_spread"":4.0}",-4.0
2026-04-20,highest-temperature-in-seoul-on-april-20-2026-16c,16°C,0.09929875,0.4575683994240249,0.3582696494240249,False,-1.0,point_provider_spread,point,april,"{""max_provider_spread"":4.0}",-4.0
2026-04-21,highest-temperature-in-seoul-on-april-21-2026-15c,15°C,0.3105,0.4173064453145329,0.10680644531453293,False,-1.0,point_provider_spread,point,april,"{""max_provider_spread"":4.0}",-4.0
2026-04-22,highest-temperature-in-seoul-on-april-22-2026-16c,16°C,0.33596875000000004,0.36304441863883513,0.027075668638835093,False,-1.0,point_provider_spread,point,april,"{""max_provider_spread"":4.0}",-4.0
2026-04-28,highest-temperature-in-seoul-on-april-28-2026-17c,17°C,0.18221875,0.3985937221158586,0.21637497211585857,False,-1.0,point_provider_spread,point,april,"{""max_provider_spread"":4.0}",-4.0
2026-05-01,highest-temperature-in-seoul-on-may-1-2026-20corhigher,20°C or higher,0.29518875000000006,0.5380599977564045,0.2428712477564044,False,-1.0,point_provider_spread,point,may,"{""max_provider_spread"":6.0}",-4.0
2026-05-02,highest-temperature-in-seoul-on-may-2-2026-19c,19°C,0.25424875,0.3787176141185294,0.12446886411852937,False,-1.0,point_provider_spread,point,may,"{""max_provider_spread"":6.0}",-4.0
2026-05-03,highest-temperature-in-seoul-on-may-3-2026-14c,14°C,0.5125,0.424783015031598,-0.08771698496840197,False,-1.0,point_provider_spread,point,may,"{""max_provider_spread"":6.0}",-4.0
2026-05-04,highest-temperature-in-seoul-on-may-4-2026-19c,19°C,0.18221875,0.29075623572697157,0.10853748572697156,False,-1.0,point_provider_spread,point,may,"{""max_provider_spread"":6.0}",-4.0
2026-05-05,highest-temperature-in-seoul-on-may-5-2026-18c,18°C,0.36137500000000006,0.3194713037663394,-0.04190369623366064,True,1.7672085783465925,point_provider_spread,point,may,"{""max_provider_spread"":6.0}",7.06883431338637
2026-05-06,highest-temperature-in-seoul-on-may-6-2026-21corhigher,21°C or higher,0.641655,0.7094796773855279,0.06782467738552789,True,0.5584698942578177,point_provider_spread,point,may,"{""max_provider_spread"":6.0}",2.2338795770312707
2026-05-07,highest-temperature-in-seoul-on-may-7-2026-18c,18°C,0.2434754875,0.40436481079735165,0.16088932329735164,False,-1.0,point_provider_spread,point,may,"{""max_provider_spread"":6.0}",-4.0
2026-05-08,highest-temperature-in-seoul-on-may-8-2026-19c,19°C,0.51749875,0.4175996370166501,-0.09989911298334991,False,-1.0,point_provider_spread,point,may,"{""max_provider_spread"":6.0}",-4.0
2026-05-09,highest-temperature-in-seoul-on-may-9-2026-20c,20°C,0.42713875,0.5404803382045689,0.11334158820456885,True,1.341159634896155,point_provider_spread,point,may,"{""max_provider_spread"":6.0}",5.36463853958462
2026-05-10,highest-temperature-in-seoul-on-may-10-2026-21c,21°C,0.41704875,0.4239638487389382,0.006915098738938197,False,-1.0,point_provider_spread,point,may,"{""max_provider_spread"":6.0}",-4.0
2026-05-12,highest-temperature-in-seoul-on-may-12-2026-20c,20°C,0.5623750000000001,0.37362142203303156,-0.1887535779669685,False,-1.0,point_provider_spread,point,may,"{""max_provider_spread"":6.0}",-4.0
2026-05-21,highest-temperature-in-seoul-on-may-21-2026-18c,18°C,0.1817024875,0.3336724673390063,0.1519699798390063,False,-1.0,point_provider_spread,point,may,"{""max_provider_spread"":6.0}",-4.0
2026-05-22,highest-temperature-in-seoul-on-may-22-2026-25c,25°C,0.31559875,0.25122578123417383,-0.06437296876582616,False,-1.0,point_provider_spread,point,may,"{""max_provider_spread"":6.0}",-4.0
2026-05-23,highest-temperature-in-seoul-on-may-23-2026-23c,23°C,0.22343875,0.022457269958699684,-0.20098148004130031,False,-1.0,point_provider_spread,point,may,"{""max_provider_spread"":6.0}",-4.0
2026-05-25,highest-temperature-in-seoul-on-may-25-2026-27c,27°C,0.43218,0.4414249714575831,0.009244971457583073,True,1.3138507103521682,point_provider_spread,point,may,"{""max_provider_spread"":6.0}",5.255402841408673
2026-05-26,highest-temperature-in-seoul-on-may-26-2026-25corhigher,25°C or higher,0.990495,1.0,0.009504999999999986,True,0.009596211995012593,point_provider_spread,point,may,"{""max_provider_spread"":6.0}",0.038384847980050374
2026-05-27,highest-temperature-in-seoul-on-may-27-2026-24c,24°C,0.43721875,0.32122259571450984,-0.11599615428549015,False,-1.0,point_provider_spread,point,may,"{""max_provider_spread"":6.0}",-4.0
2026-05-28,highest-temperature-in-seoul-on-may-28-2026-23c,23°C,0.401895,0.18063623223278374,-0.22125876776721626,True,1.4882120951989948,point_provider_spread,point,may,"{""max_provider_spread"":6.0}",5.952848380795979
2026-05-29,highest-temperature-in-seoul-on-may-29-2026-24c,24°C,0.26962,0.3178500203605921,0.048230020360592096,False,-1.0,point_provider_spread,point,may,"{""max_provider_spread"":6.0}",-4.0
2026-05-30,highest-temperature-in-seoul-on-may-30-2026-25c,25°C,0.35629875000000005,0.3927397103432452,0.03644096034324512,False,-1.0,point_provider_spread,point,may,"{""max_provider_spread"":6.0}",-4.0
2026-05-31,highest-temperature-in-seoul-on-may-31-2026-27c,27°C,0.48746875,0.39431963227340067,-0.09314911772659934,True,1.051413552150779,point_provider_spread,point,may,"{""max_provider_spread"":6.0}",4.205654208603116
2026-06-01,highest-temperature-in-seoul-on-june-1-2026-26c,26°C,0.40694875,0.4313643387582135,0.02441558875821348,False,-1.0,point_provider_spread,point,june,"{""max_provider_spread"":6.0}",-4.0
2026-06-04,highest-temperature-in-seoul-on-june-4-2026-26c,26°C,0.612,0.4883070065612948,-0.12369299343870521,True,0.6339869281045751,point_provider_spread,point,june,"{""max_provider_spread"":6.0}",2.5359477124183005
2026-06-05,highest-temperature-in-seoul-on-june-5-2026-23c,23°C,0.25424875,0.3206066687236908,0.06635791872369079,True,2.933156013549722,point_provider_spread,point,june,"{""max_provider_spread"":6.0}",11.732624054198888
2026-06-06,highest-temperature-in-seoul-on-june-6-2026-25corhigher,25°C or higher,0.8031487500000001,0.9415906511984297,0.13844190119842958,False,-1.0,point_provider_spread,point,june,"{""max_provider_spread"":6.0}",-4.0
2026-06-07,highest-temperature-in-seoul-on-june-7-2026-25c,25°C,0.238855,0.19328226296796752,-0.04557273703203249,False,-1.0,point_provider_spread,point,june,"{""max_provider_spread"":6.0}",-4.0
2026-06-08,highest-temperature-in-seoul-on-june-8-2026-24c,24°C,0.32578875,0.33382077879040595,0.008032028790405932,True,2.0694737003656507,point_provider_spread,point,june,"{""max_provider_spread"":6.0}",8.277894801462603
2026-06-09,highest-temperature-in-seoul-on-june-9-2026-25c,25°C,0.41200000000000003,0.41983310100025384,0.007833101000253806,True,1.4271844660194173,point_provider_spread,point,june,"{""max_provider_spread"":6.0}",5.708737864077669
2026-06-10,highest-temperature-in-seoul-on-june-10-2026-24c,24°C,0.20284875,0.41099555057793674,0.20814680057793675,False,-1.0,point_provider_spread,point,june,"{""max_provider_spread"":6.0}",-4.0
2026-06-11,highest-temperature-in-seoul-on-june-11-2026-24c,24°C,0.20284875,0.4161126061653726,0.2132638561653726,False,-1.0,point_provider_spread,point,june,"{""max_provider_spread"":6.0}",-4.0
2026-06-12,highest-temperature-in-seoul-on-june-12-2026-25c,25°C,0.46739875000000003,0.4632857952887631,-0.004112954711236905,False,-1.0,point_provider_spread,point,june,"{""max_provider_spread"":6.0}",-4.0
2026-06-13,highest-temperature-in-seoul-on-june-13-2026-27c,27°C,0.32578875,0.4262544817308555,0.10046573173085549,True,2.0694737003656507,point_provider_spread,point,june,"{""max_provider_spread"":6.0}",8.277894801462603
2026-06-14,highest-temperature-in-seoul-on-june-14-2026-26c,26°C,0.57232,0.4052966149343433,-0.16702338506565673,True,0.74727425216662,point_provider_spread,point,june,"{""max_provider_spread"":6.0}",2.98909700866648
2026-06-17,highest-temperature-in-seoul-on-june-17-2026-30c,30°C,0.5119999875,0.5234337861179803,0.011433798617980329,True,0.953125047683717,point_provider_spread,point,june,"{""max_provider_spread"":6.0}",3.812500190734868
2026-06-18,highest-temperature-in-seoul-on-june-18-2026-28c,28°C,0.43721875,0.37771591363592,-0.05950283636407999,True,1.2871846186834395,point_provider_spread,point,june,"{""max_provider_spread"":6.0}",5.148738474733758
2026-06-20,highest-temperature-in-seoul-on-june-20-2026-24c,24°C,0.83221875,0.3575665668966653,-0.4746521831033347,True,0.20160714956253978,point_provider_spread,point,june,"{""max_provider_spread"":6.0}",0.8064285982501591
2026-06-21,highest-temperature-in-seoul-on-june-21-2026-27c,27°C,0.35629875000000005,0.4525695745075026,0.09627082450750257,True,1.8066334782257862,point_provider_spread,point,june,"{""max_provider_spread"":6.0}",7.226533912903145
2026-06-22,highest-temperature-in-seoul-on-june-22-2026-27c,27°C,0.40694875,0.46011996919762627,0.05317121919762624,True,1.4573118850960962,point_provider_spread,point,june,"{""max_provider_spread"":6.0}",5.829247540384385
2026-06-23,highest-temperature-in-seoul-on-june-23-2026-30c,30°C,0.44728875,0.3864228043861724,-0.06086594561382763,True,1.2356922681377522,point_provider_spread,point,june,"{""max_provider_spread"":6.0}",4.942769072551009
2026-06-24,highest-temperature-in-seoul-on-june-24-2026-28c,28°C,0.45734875,0.3949478741177798,-0.06240087588222021,False,-1.0,point_provider_spread,point,june,"{""max_provider_spread"":6.0}",-4.0
2026-06-25,highest-temperature-in-seoul-on-june-25-2026-27c,27°C,0.24398875,0.4070263336292211,0.16303758362922108,False,-1.0,point_provider_spread,point,june,"{""max_provider_spread"":6.0}",-4.0
2026-06-26,highest-temperature-in-seoul-on-june-26-2026-26c,26°C,0.16672,0.4978568952449987,0.3311368952449987,False,-1.0,point_provider_spread,point,june,"{""max_provider_spread"":6.0}",-4.0
2026-06-27,highest-temperature-in-seoul-on-june-27-2026-29c,29°C,0.40694875,0.4511014744949673,0.044152724494967266,False,-1.0,point_provider_spread,point,june,"{""max_provider_spread"":6.0}",-4.0
2026-06-28,highest-temperature-in-seoul-on-june-28-2026-28c,28°C,0.49748875,0.4600297254062189,-0.03745902459378109,False,-1.0,point_provider_spread,point,june,"{""max_provider_spread"":6.0}",-4.0
2026-06-29,highest-temperature-in-seoul-on-june-29-2026-27c,27°C,0.442255,0.35011018652322085,-0.09214481347677916,False,-1.0,point_provider_spread,point,june,"{""max_provider_spread"":6.0}",-4.0
2026-06-30,highest-temperature-in-seoul-on-june-30-2026-28c,28°C,0.5822550000000001,0.40698547658075335,-0.17526952341924673,True,0.7174605628118262,point_provider_spread,point,june,"{""max_provider_spread"":6.0}",2.869842251247305
2026-07-01,highest-temperature-in-seoul-on-july-1-2026-31c,31°C,0.24912,0.4025232920858616,0.15340329208586156,False,-1.0,point_provider_spread,point,july,"{""max_provider_spread"":6.0}",-4.0
2026-07-02,highest-temperature-in-seoul-on-july-2-2026-27c,27°C,0.42713875,0.39972024096587877,-0.02741850903412124,False,-1.0,point_provider_spread,point,july,"{""max_provider_spread"":6.0}",-4.0
2026-07-03,highest-temperature-in-seoul-on-july-3-2026-27c,27°C,0.39683875,0.48261294290743173,0.08577419290743171,False,-1.0,point_provider_spread,point,july,"{""max_provider_spread"":6.0}",-4.0
2026-07-04,highest-temperature-in-seoul-on-july-4-2026-28c,28°C,0.53746875,0.5519565830779698,0.014487833077969747,True,0.8605732891447175,point_provider_spread,point,july,"{""max_provider_spread"":6.0}",3.44229315657887
2026-07-05,highest-temperature-in-seoul-on-july-5-2026-28c,28°C,0.42209500000000005,0.3904412706214943,-0.031653729378505746,False,-1.0,point_provider_spread,point,july,"{""max_provider_spread"":6.0}",-4.0
2026-07-06,highest-temperature-in-seoul-on-july-6-2026-27c,27°C,0.33088,0.39568616852733335,0.06480616852733334,False,-1.0,point_provider_spread,point,july,"{""max_provider_spread"":6.0}",-4.0
2026-07-07,highest-temperature-in-seoul-on-july-7-2026-30corhigher,30°C or higher,0.53946355,0.7650574467372931,0.22559389673729313,True,0.8536933588932931,point_provider_spread,point,july,"{""max_provider_spread"":6.0}",3.4147734355731725
2026-07-08,highest-temperature-in-seoul-on-july-8-2026-28c,28°C,0.914095,0.5249825001725393,-0.38911249982746066,True,0.09397819701453347,point_provider_spread,point,july,"{""max_provider_spread"":6.0}",0.3759127880581339
2026-07-09,highest-temperature-in-seoul-on-july-9-2026-26c,26°C,0.37658874999999997,0.3969807018635354,0.02039195186353543,False,-1.0,point_provider_spread,point,july,"{""max_provider_spread"":6.0}",-4.0
2026-07-10,highest-temperature-in-seoul-on-july-10-2026-29c,29°C,0.25424875,0.44352055438068466,0.18927180438068464,False,-1.0,point_provider_spread,point,july,"{""max_provider_spread"":6.0}",-4.0
2026-07-11,highest-temperature-in-seoul-on-july-11-2026-33corhigher,33°C or higher,0.14705595000000002,0.6386804823085153,0.4916245323085152,False,-1.0,point_provider_spread,point,july,"{""max_provider_spread"":6.0}",-4.0
2026-07-12,highest-temperature-in-seoul-on-july-12-2026-34corhigher,34°C or higher,0.89008875,0.6513485004522747,-0.23874024954772533,True,0.12348347285593708,point_provider_spread,point,july,"{""max_provider_spread"":6.0}",0.49393389142374833
2026-07-13,highest-temperature-in-seoul-on-july-13-2026-33c,33°C,0.49248,0.3906699038640739,-0.10181009613592606,False,-1.0,point_provider_spread,point,july,"{""max_provider_spread"":6.0}",-4.0
2026-07-14,highest-temperature-in-seoul-on-july-14-2026-32c,32°C,0.65644875,0.42411089404405344,-0.23233785595594658,True,0.5233481669361089,point_provider_spread,point,july,"{""max_provider_spread"":6.0}",2.0933926677444354
2026-07-15,highest-temperature-in-seoul-on-july-15-2026-27c,27°C,0.259375,0.34492085405345263,0.08554585405345261,False,-1.0,point_provider_spread,point,july,"{""max_provider_spread"":6.0}",-4.0
2026-07-16,highest-temperature-in-seoul-on-july-16-2026-29c,29°C,0.47242,0.4528227319325152,-0.019597268067484797,False,-1.0,point_provider_spread,point,july,"{""max_provider_spread"":6.0}",-4.0
2026-07-17,highest-temperature-in-seoul-on-july-17-2026-30c,30°C,0.381655,0.34757369189382376,-0.03408130810617627,False,-1.0,point_provider_spread,point,july,"{""max_provider_spread"":6.0}",-4.0
2026-07-18,highest-temperature-in-seoul-on-july-18-2026-26c,26°C,0.20284875,0.4087413116836831,0.2058925616836831,True,3.9297814258160333,point_provider_spread,point,july,"{""max_provider_spread"":6.0}",15.719125703264133
2026-07-20,highest-temperature-in-seoul-on-july-20-2026-25c,25°C,0.31559875,0.43690057069490024,0.12130182069490025,False,-1.0,point_provider_spread,point,july,"{""max_provider_spread"":6.0}",-4.0
2026-07-21,highest-temperature-in-seoul-on-july-21-2026-27c,27°C,0.8031487500000001,0.5103080004635204,-0.29284074953647965,True,0.2450993667113346,point_provider_spread,point,july,"{""max_provider_spread"":6.0}",0.9803974668453384
2026-07-22,highest-temperature-in-seoul-on-july-22-2026-27c,27°C,0.30029500000000003,0.4361140635861968,0.13581906358619678,True,2.330058775537388,point_provider_spread,point,july,"{""max_provider_spread"":6.0}",9.320235102149551
2026-07-23,highest-temperature-in-seoul-on-july-23-2026-29c,29°C,0.522495,0.4385378997507724,-0.08395710024922765,False,-1.0,point_provider_spread,point,july,"{""max_provider_spread"":6.0}",-4.0
2026-07-24,highest-temperature-in-seoul-on-july-24-2026-30c,30°C,0.22343875,0.5308512849758401,0.3074125349758401,False,-1.0,point_provider_spread,point,july,"{""max_provider_spread"":6.0}",-4.0
2026-07-25,highest-temperature-in-seoul-on-july-25-2026-31c,31°C,0.6020949999999999,0.5201067161719495,-0.08198828382805046,True,0.6608674710801454,point_provider_spread,point,july,"{""max_provider_spread"":6.0}",2.6434698843205817
2026-02-01,highest-temperature-in-seoul-on-february-1-2c,2°C,0.035,0.5019521264926332,0.4669521264926332,False,-1.0,probability_provider_spread,probability,february,"{""max_provider_spread"":2.0}",-4.0
2026-02-02,highest-temperature-in-seoul-on-february-2-0c,0°C,0.85,0.564553988987968,-0.28544601101203193,True,0.17647058823529416,probability_provider_spread,probability,february,"{""max_provider_spread"":2.0}",0.7058823529411766
2026-02-03,highest-temperature-in-seoul-on-february-3-2026-4corhigher,4°C or higher,0.0635,0.8278498255428757,0.7643498255428757,False,-1.0,probability_provider_spread,probability,february,"{""max_provider_spread"":2.0}",-4.0
2026-02-06,highest-temperature-in-seoul-on-february-6-2026-neg-4c,-4°C,0.895,0.5406380039630087,-0.35436199603699137,True,0.11731843575418988,probability_provider_spread,probability,february,"{""max_provider_spread"":2.0}",0.4692737430167595
2026-02-07,highest-temperature-in-seoul-on-february-7-2026-neg-6c,-6°C,0.135,0.5116834370461321,0.37668343704613205,False,-1.0,probability_provider_spread,probability,february,"{""max_provider_spread"":2.0}",-4.0
2026-02-08,highest-temperature-in-seoul-on-february-8-2026-neg-4c,-4°C,0.425,0.32734607908847224,-0.09765392091152775,True,1.3529411764705883,probability_provider_spread,probability,february,"{""max_provider_spread"":2.0}",5.411764705882353
2026-02-10,highest-temperature-in-seoul-on-february-10-2026-3c,3°C,0.505,0.3708168423157989,-0.13418315768420108,True,0.9801980198019802,probability_provider_spread,probability,february,"{""max_provider_spread"":2.0}",3.9207920792079207
2026-02-11,highest-temperature-in-seoul-on-february-11-2026-4c,4°C,0.49,0.3358664143172112,-0.1541335856827888,True,1.0408163265306123,probability_provider_spread,probability,february,"{""max_provider_spread"":2.0}",4.163265306122449
2026-02-12,highest-temperature-in-seoul-on-february-12-2026-6c,6°C,0.45,0.3508923180070178,-0.0991076819929822,False,-1.0,probability_provider_spread,probability,february,"{""max_provider_spread"":2.0}",-4.0
2026-02-16,highest-temperature-in-seoul-on-february-16-2026-4c,4°C,0.22,0.3962215916290958,0.17622159162909581,False,-1.0,probability_provider_spread,probability,february,"{""max_provider_spread"":2.0}",-4.0
2026-02-17,highest-temperature-in-seoul-on-february-17-2026-5c,5°C,0.52,0.5078467981624923,-0.012153201837507677,False,-1.0,probability_provider_spread,probability,february,"{""max_provider_spread"":2.0}",-4.0
2026-02-18,highest-temperature-in-seoul-on-february-18-2026-5c,5°C,0.46,0.5289705007533507,0.0689705007533507,False,-1.0,probability_provider_spread,probability,february,"{""max_provider_spread"":2.0}",-4.0
2026-02-19,highest-temperature-in-seoul-on-february-19-2026-6c,6°C,0.315,0.5007260513413885,0.18572605134138848,False,-1.0,probability_provider_spread,probability,february,"{""max_provider_spread"":2.0}",-4.0
2026-02-23,highest-temperature-in-seoul-on-february-23-2026-4c,4°C,0.51,0.5307576239374682,0.02075762393746816,True,0.9607843137254901,probability_provider_spread,probability,february,"{""max_provider_spread"":2.0}",3.8431372549019605
2026-02-24,highest-temperature-in-seoul-on-february-24-2026-6c,6°C,0.095,0.3306909742388555,0.23569097423885552,False,-1.0,probability_provider_spread,probability,february,"{""max_provider_spread"":2.0}",-4.0
2026-03-03,highest-temperature-in-seoul-on-march-3-2026-10c,10°C,0.35000000000000003,0.4009305432006507,0.05093054320065066,True,1.8571428571428568,probability_provider_spread,probability,march,"{""max_provider_spread"":2.0}",7.428571428571427
2026-03-06,highest-temperature-in-seoul-on-march-6-2026-5c,5°C,0.47500000000000003,0.47848847818821705,0.0034884781882170146,False,-1.0,probability_provider_spread,probability,march,"{""max_provider_spread"":2.0}",-4.0
2026-03-07,highest-temperature-in-seoul-on-march-7-2026-4c,4°C,0.455,0.4190490171610497,-0.03595098283895032,False,-1.0,probability_provider_spread,probability,march,"{""max_provider_spread"":2.0}",-4.0
2026-03-08,highest-temperature-in-seoul-on-march-8-2026-5c,5°C,0.495,0.4172447144146939,-0.07775528558530609,False,-1.0,probability_provider_spread,probability,march,"{""max_provider_spread"":2.0}",-4.0
2026-03-09,highest-temperature-in-seoul-on-march-9-2026-8c,8°C,0.27,0.4710566767821721,0.2010566767821721,False,-1.0,probability_provider_spread,probability,march,"{""max_provider_spread"":2.0}",-4.0
2026-03-10,highest-temperature-in-seoul-on-march-10-2026-7c,7°C,0.455,0.5061399465540406,0.05113994655404058,True,1.1978021978021975,probability_provider_spread,probability,march,"{""max_provider_spread"":2.0}",4.79120879120879
2026-03-19,highest-temperature-in-seoul-on-march-19-2026-9c,9°C,0.53,0.4712531272434585,-0.0587468727565415,True,0.8867924528301885,probability_provider_spread,probability,march,"{""max_provider_spread"":2.0}",3.547169811320754
2026-04-01,highest-temperature-in-seoul-on-april-1-2026-16corhigher,16°C or higher,0.1894438,0.6426636014863933,0.45321980148639335,False,-1.0,probability_provider_spread,probability,april,"{""max_provider_spread"":6.0}",-4.0
2026-04-02,highest-temperature-in-seoul-on-april-2-2026-15c,15°C,0.17705500000000002,0.4224796969401995,0.24542469694019947,False,-1.0,probability_provider_spread,probability,april,"{""max_provider_spread"":6.0}",-4.0
2026-04-03,highest-temperature-in-seoul-on-april-3-2026-17c,17°C,0.26449875,0.3684674178486221,0.10396866784862208,False,-1.0,probability_provider_spread,probability,april,"{""max_provider_spread"":6.0}",-4.0
2026-04-04,highest-temperature-in-seoul-on-april-4-2026-17corhigher,17°C or higher,0.84188875,0.5827397858078243,-0.2591489641921757,True,0.1878053959029622,probability_provider_spread,probability,april,"{""max_provider_spread"":6.0}",0.7512215836118488
2026-04-05,highest-temperature-in-seoul-on-april-5-2026-14c,14°C,0.26449875,0.36669824026709497,0.10219949026709496,False,-1.0,probability_provider_spread,probability,april,"{""max_provider_spread"":6.0}",-4.0
2026-04-06,highest-temperature-in-seoul-on-april-6-2026-14c,14°C,0.09929875,0.4117302435823584,0.3124314935823584,True,9.070620224323065,probability_provider_spread,probability,april,"{""max_provider_spread"":6.0}",36.28248089729226
2026-04-07,highest-temperature-in-seoul-on-april-7-2026-13c,13°C,0.3105,0.31139109972058404,0.0008910997205840432,False,-1.0,probability_provider_spread,probability,april,"{""max_provider_spread"":6.0}",-4.0
2026-04-08,highest-temperature-in-seoul-on-april-8-2026-13c,13°C,0.22858,0.402991540610727,0.174411540610727,True,3.374835943652113,probability_provider_spread,probability,april,"{""max_provider_spread"":6.0}",13.499343774608452
2026-04-09,highest-temperature-in-seoul-on-april-9-2026-13c,13°C,0.381655,0.3174770570159817,-0.0641779429840183,False,-1.0,probability_provider_spread,probability,april,"{""max_provider_spread"":6.0}",-4.0
2026-04-10,highest-temperature-in-seoul-on-april-10-2026-12c,12°C,0.37151999999999996,0.3837649903423349,0.01224499034233495,True,1.6916451335055989,probability_provider_spread,probability,april,"{""max_provider_spread"":6.0}",6.7665805340223955
2026-04-11,highest-temperature-in-seoul-on-april-11-2026-15c,15°C,0.36644875,0.3659331648080212,-0.0005155851919788068,False,-1.0,probability_provider_spread,probability,april,"{""max_provider_spread"":6.0}",-4.0
2026-04-16,highest-temperature-in-seoul-on-april-16-2026-23c,23°C,0.36137500000000006,0.33906354437492886,-0.022311455625071197,False,-1.0,probability_provider_spread,probability,april,"{""max_provider_spread"":6.0}",-4.0
2026-04-20,highest-temperature-in-seoul-on-april-20-2026-16c,16°C,0.09929875,0.4575683994240249,0.3582696494240249,False,-1.0,probability_provider_spread,probability,april,"{""max_provider_spread"":6.0}",-4.0
2026-04-21,highest-temperature-in-seoul-on-april-21-2026-15c,15°C,0.3105,0.4173064453145329,0.10680644531453293,False,-1.0,probability_provider_spread,probability,april,"{""max_provider_spread"":6.0}",-4.0
2026-04-22,highest-temperature-in-seoul-on-april-22-2026-16c,16°C,0.33596875000000004,0.36304441863883513,0.027075668638835093,False,-1.0,probability_provider_spread,probability,april,"{""max_provider_spread"":6.0}",-4.0
2026-04-23,highest-temperature-in-seoul-on-april-23-2026-22c,22°C,0.21829500000000002,0.3373782862858079,0.11908328628580789,True,3.580956961909343,probability_provider_spread,probability,april,"{""max_provider_spread"":6.0}",14.323827847637371
2026-04-25,highest-temperature-in-seoul-on-april-25-2026-21corhigher,21°C or higher,0.856375,0.6215446821372246,-0.23483031786277542,False,-1.0,probability_provider_spread,probability,april,"{""max_provider_spread"":6.0}",-4.0
2026-04-27,highest-temperature-in-seoul-on-april-27-2026-19c,19°C,0.45734875,0.40739325803407594,-0.04995549196592408,True,1.1865152140461737,probability_provider_spread,probability,april,"{""max_provider_spread"":6.0}",4.746060856184695
2026-04-28,highest-temperature-in-seoul-on-april-28-2026-17c,17°C,0.18221875,0.3985937221158586,0.21637497211585857,False,-1.0,probability_provider_spread,probability,april,"{""max_provider_spread"":6.0}",-4.0
2026-04-29,highest-temperature-in-seoul-on-april-29-2026-18c,18°C,0.33596875000000004,0.3271016497688973,-0.008867100231102765,True,1.9764673053669424,probability_provider_spread,probability,april,"{""max_provider_spread"":6.0}",7.9058692214677695
2026-04-30,highest-temperature-in-seoul-on-april-30-2026-19c,19°C,0.279855,0.343428306009328,0.06357330600932798,True,2.5732790194922366,probability_provider_spread,probability,april,"{""max_provider_spread"":6.0}",10.293116077968946
2026-05-01,highest-temperature-in-seoul-on-may-1-2026-19c,19°C,0.32578875,0.3741041313217126,0.04831538132171259,True,2.0694737003656507,probability_provider_spread,probability,may,"{""max_provider_spread"":6.0}",8.277894801462603
2026-05-02,highest-temperature-in-seoul-on-may-2-2026-19c,19°C,0.25424875,0.3787176141185294,0.12446886411852937,False,-1.0,probability_provider_spread,probability,may,"{""max_provider_spread"":6.0}",-4.0
2026-05-03,highest-temperature-in-seoul-on-may-3-2026-14c,14°C,0.5125,0.424783015031598,-0.08771698496840197,False,-1.0,probability_provider_spread,probability,may,"{""max_provider_spread"":6.0}",-4.0
2026-05-04,highest-temperature-in-seoul-on-may-4-2026-20corhigher,20°C or higher,0.0309314875,0.3820656860612972,0.3511341985612972,False,-1.0,probability_provider_spread,probability,may,"{""max_provider_spread"":6.0}",-4.0
2026-05-05,highest-temperature-in-seoul-on-may-5-2026-19c,19°C,0.37658874999999997,0.3346301530058596,-0.041958596994140396,False,-1.0,probability_provider_spread,probability,may,"{""max_provider_spread"":6.0}",-4.0
2026-05-06,highest-temperature-in-seoul-on-may-6-2026-21corhigher,21°C or higher,0.641655,0.7094796773855279,0.06782467738552789,True,0.5584698942578177,probability_provider_spread,probability,may,"{""max_provider_spread"":6.0}",2.2338795770312707
2026-05-07,highest-temperature-in-seoul-on-may-7-2026-18c,18°C,0.2434754875,0.40436481079735165,0.16088932329735164,False,-1.0,probability_provider_spread,probability,may,"{""max_provider_spread"":6.0}",-4.0
2026-05-08,highest-temperature-in-seoul-on-may-8-2026-19c,19°C,0.51749875,0.4175996370166501,-0.09989911298334991,False,-1.0,probability_provider_spread,probability,may,"{""max_provider_spread"":6.0}",-4.0
2026-05-09,highest-temperature-in-seoul-on-may-9-2026-20c,20°C,0.42713875,0.5404803382045689,0.11334158820456885,True,1.341159634896155,probability_provider_spread,probability,may,"{""max_provider_spread"":6.0}",5.36463853958462
2026-05-10,highest-temperature-in-seoul-on-may-10-2026-21c,21°C,0.41704875,0.4239638487389382,0.006915098738938197,False,-1.0,probability_provider_spread,probability,may,"{""max_provider_spread"":6.0}",-4.0
2026-05-12,highest-temperature-in-seoul-on-may-12-2026-20c,20°C,0.5623750000000001,0.37362142203303156,-0.1887535779669685,False,-1.0,probability_provider_spread,probability,may,"{""max_provider_spread"":6.0}",-4.0
2026-05-21,highest-temperature-in-seoul-on-may-21-2026-19c,19°C,0.40694875,0.3357833642411549,-0.07116538575884512,False,-1.0,probability_provider_spread,probability,may,"{""max_provider_spread"":6.0}",-4.0
2026-05-22,highest-temperature-in-seoul-on-may-22-2026-24c,24°C,0.08888874999999999,0.37453425311256716,0.2856455031125672,False,-1.0,probability_provider_spread,probability,may,"{""max_provider_spread"":6.0}",-4.0
2026-05-23,highest-temperature-in-seoul-on-may-23-2026-22c,22°C,0.5125,0.4005061905328624,-0.11199380946713755,True,0.9512195121951221,probability_provider_spread,probability,may,"{""max_provider_spread"":6.0}",3.8048780487804885
2026-05-25,highest-temperature-in-seoul-on-may-25-2026-27c,27°C,0.43218,0.4414249714575831,0.009244971457583073,True,1.3138507103521682,probability_provider_spread,probability,may,"{""max_provider_spread"":6.0}",5.255402841408673
2026-05-26,highest-temperature-in-seoul-on-may-26-2026-25corhigher,25°C or higher,0.990495,1.0,0.009504999999999986,True,0.009596211995012593,probability_provider_spread,probability,may,"{""max_provider_spread"":6.0}",0.038384847980050374
2026-05-27,highest-temperature-in-seoul-on-may-27-2026-23c,23°C,0.49748875,0.3364026656149018,-0.1610860843850982,False,-1.0,probability_provider_spread,probability,may,"{""max_provider_spread"":6.0}",-4.0
2026-05-28,highest-temperature-in-seoul-on-may-28-2026-24c,24°C,0.29518875000000006,0.340049767290692,0.04486101729069192,False,-1.0,probability_provider_spread,probability,may,"{""max_provider_spread"":6.0}",-4.0
2026-05-29,highest-temperature-in-seoul-on-may-29-2026-25c,25°C,0.24398875,0.3296078137931053,0.08561906379310527,True,3.098549625751187,probability_provider_spread,probability,may,"{""max_provider_spread"":6.0}",12.394198503004748
2026-05-30,highest-temperature-in-seoul-on-may-30-2026-25c,25°C,0.35629875000000005,0.3927397103432452,0.03644096034324512,False,-1.0,probability_provider_spread,probability,may,"{""max_provider_spread"":6.0}",-4.0
2026-05-31,highest-temperature-in-seoul-on-may-31-2026-27c,27°C,0.48746875,0.39431963227340067,-0.09314911772659934,True,1.051413552150779,probability_provider_spread,probability,may,"{""max_provider_spread"":6.0}",4.205654208603116
2026-06-01,highest-temperature-in-seoul-on-june-1-2026-26c,26°C,0.40694875,0.4313643387582135,0.02441558875821348,False,-1.0,probability_provider_spread,probability,june,"{""max_provider_spread"":6.0}",-4.0
2026-06-04,highest-temperature-in-seoul-on-june-4-2026-26c,26°C,0.612,0.4883070065612948,-0.12369299343870521,True,0.6339869281045751,probability_provider_spread,probability,june,"{""max_provider_spread"":6.0}",2.5359477124183005
2026-06-05,highest-temperature-in-seoul-on-june-5-2026-24c,24°C,0.43218,0.3553122752188654,-0.07686772478113463,False,-1.0,probability_provider_spread,probability,june,"{""max_provider_spread"":6.0}",-4.0
2026-06-06,highest-temperature-in-seoul-on-june-6-2026-25corhigher,25°C or higher,0.8031487500000001,0.9415906511984297,0.13844190119842958,False,-1.0,probability_provider_spread,probability,june,"{""max_provider_spread"":6.0}",-4.0
2026-06-07,highest-temperature-in-seoul-on-june-7-2026-26c,26°C,0.135655,0.3705641749664551,0.2349091749664551,False,-1.0,probability_provider_spread,probability,june,"{""max_provider_spread"":6.0}",-4.0
2026-06-08,highest-temperature-in-seoul-on-june-8-2026-24c,24°C,0.32578875,0.33382077879040595,0.008032028790405932,True,2.0694737003656507,probability_provider_spread,probability,june,"{""max_provider_spread"":6.0}",8.277894801462603
2026-06-09,highest-temperature-in-seoul-on-june-9-2026-25c,25°C,0.41200000000000003,0.41983310100025384,0.007833101000253806,True,1.4271844660194173,probability_provider_spread,probability,june,"{""max_provider_spread"":6.0}",5.708737864077669
2026-06-10,highest-temperature-in-seoul-on-june-10-2026-24c,24°C,0.20284875,0.41099555057793674,0.20814680057793675,False,-1.0,probability_provider_spread,probability,june,"{""max_provider_spread"":6.0}",-4.0
2026-06-11,highest-temperature-in-seoul-on-june-11-2026-24c,24°C,0.20284875,0.4161126061653726,0.2132638561653726,False,-1.0,probability_provider_spread,probability,june,"{""max_provider_spread"":6.0}",-4.0
2026-06-12,highest-temperature-in-seoul-on-june-12-2026-25c,25°C,0.46739875000000003,0.4632857952887631,-0.004112954711236905,False,-1.0,probability_provider_spread,probability,june,"{""max_provider_spread"":6.0}",-4.0
2026-06-13,highest-temperature-in-seoul-on-june-13-2026-27c,27°C,0.32578875,0.4262544817308555,0.10046573173085549,True,2.0694737003656507,probability_provider_spread,probability,june,"{""max_provider_spread"":6.0}",8.277894801462603
2026-06-14,highest-temperature-in-seoul-on-june-14-2026-26c,26°C,0.57232,0.4052966149343433,-0.16702338506565673,True,0.74727425216662,probability_provider_spread,probability,june,"{""max_provider_spread"":6.0}",2.98909700866648
2026-06-17,highest-temperature-in-seoul-on-june-17-2026-30c,30°C,0.5119999875,0.5234337861179803,0.011433798617980329,True,0.953125047683717,probability_provider_spread,probability,june,"{""max_provider_spread"":6.0}",3.812500190734868
2026-06-18,highest-temperature-in-seoul-on-june-18-2026-28c,28°C,0.43721875,0.37771591363592,-0.05950283636407999,True,1.2871846186834395,probability_provider_spread,probability,june,"{""max_provider_spread"":6.0}",5.148738474733758
2026-06-20,highest-temperature-in-seoul-on-june-20-2026-24c,24°C,0.83221875,0.3575665668966653,-0.4746521831033347,True,0.20160714956253978,probability_provider_spread,probability,june,"{""max_provider_spread"":6.0}",0.8064285982501591
2026-06-21,highest-temperature-in-seoul-on-june-21-2026-27c,27°C,0.35629875000000005,0.4525695745075026,0.09627082450750257,True,1.8066334782257862,probability_provider_spread,probability,june,"{""max_provider_spread"":6.0}",7.226533912903145
2026-06-22,highest-temperature-in-seoul-on-june-22-2026-27c,27°C,0.40694875,0.46011996919762627,0.05317121919762624,True,1.4573118850960962,probability_provider_spread,probability,june,"{""max_provider_spread"":6.0}",5.829247540384385
2026-06-23,highest-temperature-in-seoul-on-june-23-2026-30c,30°C,0.44728875,0.3864228043861724,-0.06086594561382763,True,1.2356922681377522,probability_provider_spread,probability,june,"{""max_provider_spread"":6.0}",4.942769072551009
2026-06-24,highest-temperature-in-seoul-on-june-24-2026-28c,28°C,0.45734875,0.3949478741177798,-0.06240087588222021,False,-1.0,probability_provider_spread,probability,june,"{""max_provider_spread"":6.0}",-4.0
2026-06-25,highest-temperature-in-seoul-on-june-25-2026-27c,27°C,0.24398875,0.4070263336292211,0.16303758362922108,False,-1.0,probability_provider_spread,probability,june,"{""max_provider_spread"":6.0}",-4.0
2026-06-26,highest-temperature-in-seoul-on-june-26-2026-26c,26°C,0.16672,0.4978568952449987,0.3311368952449987,False,-1.0,probability_provider_spread,probability,june,"{""max_provider_spread"":6.0}",-4.0
2026-06-27,highest-temperature-in-seoul-on-june-27-2026-29c,29°C,0.40694875,0.4511014744949673,0.044152724494967266,False,-1.0,probability_provider_spread,probability,june,"{""max_provider_spread"":6.0}",-4.0
2026-06-28,highest-temperature-in-seoul-on-june-28-2026-28c,28°C,0.49748875,0.4600297254062189,-0.03745902459378109,False,-1.0,probability_provider_spread,probability,june,"{""max_provider_spread"":6.0}",-4.0
2026-06-29,highest-temperature-in-seoul-on-june-29-2026-27c,27°C,0.442255,0.35011018652322085,-0.09214481347677916,False,-1.0,probability_provider_spread,probability,june,"{""max_provider_spread"":6.0}",-4.0
2026-06-30,highest-temperature-in-seoul-on-june-30-2026-28c,28°C,0.5822550000000001,0.40698547658075335,-0.17526952341924673,True,0.7174605628118262,probability_provider_spread,probability,june,"{""max_provider_spread"":6.0}",2.869842251247305
2026-07-01,highest-temperature-in-seoul-on-july-1-2026-31c,31°C,0.24912,0.4025232920858616,0.15340329208586156,False,-1.0,probability_provider_spread,probability,july,"{""max_provider_spread"":6.0}",-4.0
2026-07-02,highest-temperature-in-seoul-on-july-2-2026-27c,27°C,0.42713875,0.39972024096587877,-0.02741850903412124,False,-1.0,probability_provider_spread,probability,july,"{""max_provider_spread"":6.0}",-4.0
2026-07-03,highest-temperature-in-seoul-on-july-3-2026-27c,27°C,0.39683875,0.48261294290743173,0.08577419290743171,False,-1.0,probability_provider_spread,probability,july,"{""max_provider_spread"":6.0}",-4.0
2026-07-04,highest-temperature-in-seoul-on-july-4-2026-28c,28°C,0.53746875,0.5519565830779698,0.014487833077969747,True,0.8605732891447175,probability_provider_spread,probability,july,"{""max_provider_spread"":6.0}",3.44229315657887
2026-07-05,highest-temperature-in-seoul-on-july-5-2026-28c,28°C,0.42209500000000005,0.3904412706214943,-0.031653729378505746,False,-1.0,probability_provider_spread,probability,july,"{""max_provider_spread"":6.0}",-4.0
2026-07-06,highest-temperature-in-seoul-on-july-6-2026-27c,27°C,0.33088,0.39568616852733335,0.06480616852733334,False,-1.0,probability_provider_spread,probability,july,"{""max_provider_spread"":6.0}",-4.0
2026-07-07,highest-temperature-in-seoul-on-july-7-2026-30corhigher,30°C or higher,0.53946355,0.7650574467372931,0.22559389673729313,True,0.8536933588932931,probability_provider_spread,probability,july,"{""max_provider_spread"":6.0}",3.4147734355731725
2026-07-08,highest-temperature-in-seoul-on-july-8-2026-28c,28°C,0.914095,0.5249825001725393,-0.38911249982746066,True,0.09397819701453347,probability_provider_spread,probability,july,"{""max_provider_spread"":6.0}",0.3759127880581339
2026-07-09,highest-temperature-in-seoul-on-july-9-2026-26c,26°C,0.37658874999999997,0.3969807018635354,0.02039195186353543,False,-1.0,probability_provider_spread,probability,july,"{""max_provider_spread"":6.0}",-4.0
2026-07-10,highest-temperature-in-seoul-on-july-10-2026-29c,29°C,0.25424875,0.44352055438068466,0.18927180438068464,False,-1.0,probability_provider_spread,probability,july,"{""max_provider_spread"":6.0}",-4.0
2026-07-11,highest-temperature-in-seoul-on-july-11-2026-33corhigher,33°C or higher,0.14705595000000002,0.6386804823085153,0.4916245323085152,False,-1.0,probability_provider_spread,probability,july,"{""max_provider_spread"":6.0}",-4.0
2026-07-12,highest-temperature-in-seoul-on-july-12-2026-34corhigher,34°C or higher,0.89008875,0.6513485004522747,-0.23874024954772533,True,0.12348347285593708,probability_provider_spread,probability,july,"{""max_provider_spread"":6.0}",0.49393389142374833
2026-07-13,highest-temperature-in-seoul-on-july-13-2026-33c,33°C,0.49248,0.3906699038640739,-0.10181009613592606,False,-1.0,probability_provider_spread,probability,july,"{""max_provider_spread"":6.0}",-4.0
2026-07-14,highest-temperature-in-seoul-on-july-14-2026-32c,32°C,0.65644875,0.42411089404405344,-0.23233785595594658,True,0.5233481669361089,probability_provider_spread,probability,july,"{""max_provider_spread"":6.0}",2.0933926677444354
2026-07-15,highest-temperature-in-seoul-on-july-15-2026-27c,27°C,0.259375,0.34492085405345263,0.08554585405345261,False,-1.0,probability_provider_spread,probability,july,"{""max_provider_spread"":6.0}",-4.0
2026-07-16,highest-temperature-in-seoul-on-july-16-2026-29c,29°C,0.47242,0.4528227319325152,-0.019597268067484797,False,-1.0,probability_provider_spread,probability,july,"{""max_provider_spread"":6.0}",-4.0
2026-07-17,highest-temperature-in-seoul-on-july-17-2026-30c,30°C,0.381655,0.34757369189382376,-0.03408130810617627,False,-1.0,probability_provider_spread,probability,july,"{""max_provider_spread"":6.0}",-4.0
2026-07-18,highest-temperature-in-seoul-on-july-18-2026-26c,26°C,0.20284875,0.4087413116836831,0.2058925616836831,True,3.9297814258160333,probability_provider_spread,probability,july,"{""max_provider_spread"":6.0}",15.719125703264133
2026-07-20,highest-temperature-in-seoul-on-july-20-2026-25c,25°C,0.31559875,0.43690057069490024,0.12130182069490025,False,-1.0,probability_provider_spread,probability,july,"{""max_provider_spread"":6.0}",-4.0
2026-07-21,highest-temperature-in-seoul-on-july-21-2026-27c,27°C,0.8031487500000001,0.5103080004635204,-0.29284074953647965,True,0.2450993667113346,probability_provider_spread,probability,july,"{""max_provider_spread"":6.0}",0.9803974668453384
2026-07-22,highest-temperature-in-seoul-on-july-22-2026-27c,27°C,0.30029500000000003,0.4361140635861968,0.13581906358619678,True,2.330058775537388,probability_provider_spread,probability,july,"{""max_provider_spread"":6.0}",9.320235102149551
2026-07-23,highest-temperature-in-seoul-on-july-23-2026-29c,29°C,0.522495,0.4385378997507724,-0.08395710024922765,False,-1.0,probability_provider_spread,probability,july,"{""max_provider_spread"":6.0}",-4.0
2026-07-24,highest-temperature-in-seoul-on-july-24-2026-30c,30°C,0.22343875,0.5308512849758401,0.3074125349758401,False,-1.0,probability_provider_spread,probability,july,"{""max_provider_spread"":6.0}",-4.0
2026-07-25,highest-temperature-in-seoul-on-july-25-2026-31c,31°C,0.6020949999999999,0.5201067161719495,-0.08198828382805046,True,0.6608674710801454,probability_provider_spread,probability,july,"{""max_provider_spread"":6.0}",2.6434698843205817
2026-02-01,highest-temperature-in-seoul-on-february-1-2c,2°C,0.035,0.5019521264926332,0.4669521264926332,False,-1.0,point_provider_spread_edge,point,february,"{""max_provider_spread"":8.0,""min_edge"":0.0}",-4.0
2026-02-03,highest-temperature-in-seoul-on-february-3-2026-4corhigher,4°C or higher,0.0635,0.8278498255428757,0.7643498255428757,False,-1.0,point_provider_spread_edge,point,february,"{""max_provider_spread"":8.0,""min_edge"":0.0}",-4.0
2026-02-04,highest-temperature-in-seoul-on-february-4-2026-7corhigher,7°C or higher,0.044000000000000004,0.6428831768566541,0.598883176856654,True,21.727272727272727,point_provider_spread_edge,point,february,"{""max_provider_spread"":8.0,""min_edge"":0.0}",86.9090909090909
2026-02-05,highest-temperature-in-seoul-on-february-5-2026-8corhigher,8°C or higher,0.71,0.8825418587320526,0.17254185873205263,True,0.40845070422535223,point_provider_spread_edge,point,february,"{""max_provider_spread"":8.0,""min_edge"":0.0}",1.633802816901409
2026-02-07,highest-temperature-in-seoul-on-february-7-2026-neg-6c,-6°C,0.135,0.5116834370461321,0.37668343704613205,False,-1.0,point_provider_spread_edge,point,february,"{""max_provider_spread"":8.0,""min_edge"":0.0}",-4.0
2026-02-08,highest-temperature-in-seoul-on-february-8-2026-neg-5c,-5°C,0.049,0.3169720113096047,0.2679720113096047,False,-1.0,point_provider_spread_edge,point,february,"{""max_provider_spread"":8.0,""min_edge"":0.0}",-4.0
2026-02-09,highest-temperature-in-seoul-on-february-9-2026-1c,1°C,0.2,0.33878913353698126,0.13878913353698125,False,-1.0,point_provider_spread_edge,point,february,"{""max_provider_spread"":8.0,""min_edge"":0.0}",-4.0
2026-02-13,highest-temperature-in-seoul-on-february-13-2026-9corhigher,9°C or higher,0.47000000000000003,0.8904206179434782,0.4204206179434781,True,1.127659574468085,point_provider_spread_edge,point,february,"{""max_provider_spread"":8.0,""min_edge"":0.0}",4.51063829787234
2026-02-14,highest-temperature-in-seoul-on-february-14-2026-11corhigher,11°C or higher,0.072,0.6950768859089108,0.6230768859089109,True,12.88888888888889,point_provider_spread_edge,point,february,"{""max_provider_spread"":8.0,""min_edge"":0.0}",51.55555555555556
2026-02-15,highest-temperature-in-seoul-on-february-15-2026-9corhigher,9°C or higher,0.5650000000000001,0.6102244744270748,0.04522447442707478,False,-1.0,point_provider_spread_edge,point,february,"{""max_provider_spread"":8.0,""min_edge"":0.0}",-4.0
2026-02-16,highest-temperature-in-seoul-on-february-16-2026-4c,4°C,0.22,0.3962215916290958,0.17622159162909581,False,-1.0,point_provider_spread_edge,point,february,"{""max_provider_spread"":8.0,""min_edge"":0.0}",-4.0
2026-02-18,highest-temperature-in-seoul-on-february-18-2026-5c,5°C,0.46,0.5289705007533507,0.0689705007533507,False,-1.0,point_provider_spread_edge,point,february,"{""max_provider_spread"":8.0,""min_edge"":0.0}",-4.0
2026-02-19,highest-temperature-in-seoul-on-february-19-2026-6c,6°C,0.315,0.5007260513413885,0.18572605134138848,False,-1.0,point_provider_spread_edge,point,february,"{""max_provider_spread"":8.0,""min_edge"":0.0}",-4.0
2026-02-21,highest-temperature-in-seoul-on-february-21-2026-14corhigher,14°C or higher,0.75,0.9165827273067936,0.16658272730679358,True,0.33333333333333326,point_provider_spread_edge,point,february,"{""max_provider_spread"":8.0,""min_edge"":0.0}",1.333333333333333
2026-02-23,highest-temperature-in-seoul-on-february-23-2026-4c,4°C,0.51,0.5307576239374682,0.02075762393746816,True,0.9607843137254901,point_provider_spread_edge,point,february,"{""max_provider_spread"":8.0,""min_edge"":0.0}",3.8431372549019605
2026-02-24,highest-temperature-in-seoul-on-february-24-2026-6c,6°C,0.095,0.3306909742388555,0.23569097423885552,False,-1.0,point_provider_spread_edge,point,february,"{""max_provider_spread"":8.0,""min_edge"":0.0}",-4.0
2026-02-25,highest-temperature-in-seoul-on-february-25-2026-9c,9°C,0.0955,0.34215254663859374,0.24665254663859373,False,-1.0,point_provider_spread_edge,point,february,"{""max_provider_spread"":8.0,""min_edge"":0.0}",-4.0
2026-02-26,highest-temperature-in-seoul-on-february-26-2026-11c,11°C,0.35000000000000003,0.4378463402734908,0.08784634027349075,True,1.8571428571428568,point_provider_spread_edge,point,february,"{""max_provider_spread"":8.0,""min_edge"":0.0}",7.428571428571427
2026-02-27,highest-temperature-in-seoul-on-february-27-2026-13corhigher,13°C or higher,0.58,0.7482137727899805,0.1682137727899805,True,0.7241379310344829,point_provider_spread_edge,point,february,"{""max_provider_spread"":8.0,""min_edge"":0.0}",2.8965517241379315
2026-03-04,highest-temperature-in-seoul-on-march-4-2026-8c,8°C,0.28500000000000003,0.45470350598019943,0.1697035059801994,False,-1.0,point_provider_spread_edge,point,march,"{""max_provider_spread"":3.0,""min_edge"":0.0}",-4.0
2026-03-06,highest-temperature-in-seoul-on-march-6-2026-5c,5°C,0.47500000000000003,0.47848847818821705,0.0034884781882170146,False,-1.0,point_provider_spread_edge,point,march,"{""max_provider_spread"":3.0,""min_edge"":0.0}",-4.0
2026-03-09,highest-temperature-in-seoul-on-march-9-2026-8c,8°C,0.27,0.4710566767821721,0.2010566767821721,False,-1.0,point_provider_spread_edge,point,march,"{""max_provider_spread"":3.0,""min_edge"":0.0}",-4.0
2026-03-10,highest-temperature-in-seoul-on-march-10-2026-7c,7°C,0.455,0.5061399465540406,0.05113994655404058,True,1.1978021978021975,point_provider_spread_edge,point,march,"{""max_provider_spread"":3.0,""min_edge"":0.0}",4.79120879120879
2026-03-11,highest-temperature-in-seoul-on-march-11-2026-8c,8°C,0.275,0.3742537963446443,0.09925379634464426,False,-1.0,point_provider_spread_edge,point,march,"{""max_provider_spread"":3.0,""min_edge"":0.0}",-4.0
2026-03-13,highest-temperature-in-seoul-on-march-13-2026-12corhigher,12°C or higher,0.2,0.7440972926454228,0.5440972926454228,False,-1.0,point_provider_spread_edge,point,march,"{""max_provider_spread"":3.0,""min_edge"":0.0}",-4.0
2026-03-14,highest-temperature-in-seoul-on-march-14-2026-10c,10°C,0.305,0.43429570932909634,0.12929570932909634,False,-1.0,point_provider_spread_edge,point,march,"{""max_provider_spread"":3.0,""min_edge"":0.0}",-4.0
2026-03-18,highest-temperature-in-seoul-on-march-18-2026-8c,8°C,0.32,0.3522356916045914,0.03223569160459139,True,2.125,point_provider_spread_edge,point,march,"{""max_provider_spread"":3.0,""min_edge"":0.0}",8.5
2026-03-21,highest-temperature-in-seoul-on-march-21-2026-11c,11°C,0.3,0.35702604369818547,0.05702604369818548,True,2.3333333333333335,point_provider_spread_edge,point,march,"{""max_provider_spread"":3.0,""min_edge"":0.0}",9.333333333333334
2026-04-01,highest-temperature-in-seoul-on-april-1-2026-16corhigher,16°C or higher,0.1894438,0.6426636014863933,0.45321980148639335,False,-1.0,point_provider_spread_edge,point,april,"{""max_provider_spread"":8.0,""min_edge"":0.0}",-4.0
2026-04-02,highest-temperature-in-seoul-on-april-2-2026-15c,15°C,0.17705500000000002,0.4224796969401995,0.24542469694019947,False,-1.0,point_provider_spread_edge,point,april,"{""max_provider_spread"":8.0,""min_edge"":0.0}",-4.0
2026-04-05,highest-temperature-in-seoul-on-april-5-2026-13c,13°C,0.279855,0.3233281870803757,0.043473187080375675,False,-1.0,point_provider_spread_edge,point,april,"{""max_provider_spread"":8.0,""min_edge"":0.0}",-4.0
2026-04-08,highest-temperature-in-seoul-on-april-8-2026-13c,13°C,0.22858,0.402991540610727,0.174411540610727,True,3.374835943652113,point_provider_spread_edge,point,april,"{""max_provider_spread"":8.0,""min_edge"":0.0}",13.499343774608452
2026-04-09,highest-temperature-in-seoul-on-april-9-2026-14c,14°C,0.16154875,0.28663762098533213,0.12508887098533214,False,-1.0,point_provider_spread_edge,point,april,"{""max_provider_spread"":8.0,""min_edge"":0.0}",-4.0
2026-04-10,highest-temperature-in-seoul-on-april-10-2026-12c,12°C,0.37151999999999996,0.3837649903423349,0.01224499034233495,True,1.6916451335055989,point_provider_spread_edge,point,april,"{""max_provider_spread"":8.0,""min_edge"":0.0}",6.7665805340223955
2026-04-11,highest-temperature-in-seoul-on-april-11-2026-14c,14°C,0.20800000000000002,0.2216994880967063,0.013699488096706292,False,-1.0,point_provider_spread_edge,point,april,"{""max_provider_spread"":8.0,""min_edge"":0.0}",-4.0
2026-04-14,highest-temperature-in-seoul-on-april-14-2026-24corhigher,24°C or higher,0.341055,0.5562829724333258,0.2152279724333258,False,-1.0,point_provider_spread_edge,point,april,"{""max_provider_spread"":8.0,""min_edge"":0.0}",-4.0
2026-04-20,highest-temperature-in-seoul-on-april-20-2026-16c,16°C,0.09929875,0.4575683994240249,0.3582696494240249,False,-1.0,point_provider_spread_edge,point,april,"{""max_provider_spread"":8.0,""min_edge"":0.0}",-4.0
2026-04-21,highest-temperature-in-seoul-on-april-21-2026-15c,15°C,0.3105,0.4173064453145329,0.10680644531453293,False,-1.0,point_provider_spread_edge,point,april,"{""max_provider_spread"":8.0,""min_edge"":0.0}",-4.0
2026-04-22,highest-temperature-in-seoul-on-april-22-2026-16c,16°C,0.33596875000000004,0.36304441863883513,0.027075668638835093,False,-1.0,point_provider_spread_edge,point,april,"{""max_provider_spread"":8.0,""min_edge"":0.0}",-4.0
2026-04-28,highest-temperature-in-seoul-on-april-28-2026-17c,17°C,0.18221875,0.3985937221158586,0.21637497211585857,False,-1.0,point_provider_spread_edge,point,april,"{""max_provider_spread"":8.0,""min_edge"":0.0}",-4.0
2026-05-01,highest-temperature-in-seoul-on-may-1-2026-20corhigher,20°C or higher,0.29518875000000006,0.5380599977564045,0.2428712477564044,False,-1.0,point_provider_spread_edge,point,may,"{""max_provider_spread"":8.0,""min_edge"":0.0}",-4.0
2026-05-02,highest-temperature-in-seoul-on-may-2-2026-19c,19°C,0.25424875,0.3787176141185294,0.12446886411852937,False,-1.0,point_provider_spread_edge,point,may,"{""max_provider_spread"":8.0,""min_edge"":0.0}",-4.0
2026-05-04,highest-temperature-in-seoul-on-may-4-2026-19c,19°C,0.18221875,0.29075623572697157,0.10853748572697156,False,-1.0,point_provider_spread_edge,point,may,"{""max_provider_spread"":8.0,""min_edge"":0.0}",-4.0
2026-05-06,highest-temperature-in-seoul-on-may-6-2026-21corhigher,21°C or higher,0.641655,0.7094796773855279,0.06782467738552789,True,0.5584698942578177,point_provider_spread_edge,point,may,"{""max_provider_spread"":8.0,""min_edge"":0.0}",2.2338795770312707
2026-05-07,highest-temperature-in-seoul-on-may-7-2026-18c,18°C,0.2434754875,0.40436481079735165,0.16088932329735164,False,-1.0,point_provider_spread_edge,point,may,"{""max_provider_spread"":8.0,""min_edge"":0.0}",-4.0
2026-05-09,highest-temperature-in-seoul-on-may-9-2026-20c,20°C,0.42713875,0.5404803382045689,0.11334158820456885,True,1.341159634896155,point_provider_spread_edge,point,may,"{""max_provider_spread"":8.0,""min_edge"":0.0}",5.36463853958462
2026-05-10,highest-temperature-in-seoul-on-may-10-2026-21c,21°C,0.41704875,0.4239638487389382,0.006915098738938197,False,-1.0,point_provider_spread_edge,point,may,"{""max_provider_spread"":8.0,""min_edge"":0.0}",-4.0
2026-05-13,highest-temperature-in-seoul-on-may-13-2026-21c,21°C,0.43721875,0.45728411930474894,0.020065369304748948,False,-1.0,point_provider_spread_edge,point,may,"{""max_provider_spread"":8.0,""min_edge"":0.0}",-4.0
2026-05-21,highest-temperature-in-seoul-on-may-21-2026-18c,18°C,0.1817024875,0.3336724673390063,0.1519699798390063,False,-1.0,point_provider_spread_edge,point,may,"{""max_provider_spread"":8.0,""min_edge"":0.0}",-4.0
2026-05-25,highest-temperature-in-seoul-on-may-25-2026-27c,27°C,0.43218,0.4414249714575831,0.009244971457583073,True,1.3138507103521682,point_provider_spread_edge,point,may,"{""max_provider_spread"":8.0,""min_edge"":0.0}",5.255402841408673
2026-05-26,highest-temperature-in-seoul-on-may-26-2026-25corhigher,25°C or higher,0.990495,1.0,0.009504999999999986,True,0.009596211995012593,point_provider_spread_edge,point,may,"{""max_provider_spread"":8.0,""min_edge"":0.0}",0.038384847980050374
2026-05-29,highest-temperature-in-seoul-on-may-29-2026-24c,24°C,0.26962,0.3178500203605921,0.048230020360592096,False,-1.0,point_provider_spread_edge,point,may,"{""max_provider_spread"":8.0,""min_edge"":0.0}",-4.0
2026-05-30,highest-temperature-in-seoul-on-may-30-2026-25c,25°C,0.35629875000000005,0.3927397103432452,0.03644096034324512,False,-1.0,point_provider_spread_edge,point,may,"{""max_provider_spread"":8.0,""min_edge"":0.0}",-4.0
2026-06-01,highest-temperature-in-seoul-on-june-1-2026-26c,26°C,0.40694875,0.4313643387582135,0.02441558875821348,False,-1.0,point_provider_spread_edge,point,june,"{""max_provider_spread"":6.0,""min_edge"":0.0}",-4.0
2026-06-05,highest-temperature-in-seoul-on-june-5-2026-23c,23°C,0.25424875,0.3206066687236908,0.06635791872369079,True,2.933156013549722,point_provider_spread_edge,point,june,"{""max_provider_spread"":6.0,""min_edge"":0.0}",11.732624054198888
2026-06-06,highest-temperature-in-seoul-on-june-6-2026-25corhigher,25°C or higher,0.8031487500000001,0.9415906511984297,0.13844190119842958,False,-1.0,point_provider_spread_edge,point,june,"{""max_provider_spread"":6.0,""min_edge"":0.0}",-4.0
2026-06-08,highest-temperature-in-seoul-on-june-8-2026-24c,24°C,0.32578875,0.33382077879040595,0.008032028790405932,True,2.0694737003656507,point_provider_spread_edge,point,june,"{""max_provider_spread"":6.0,""min_edge"":0.0}",8.277894801462603
2026-06-09,highest-temperature-in-seoul-on-june-9-2026-25c,25°C,0.41200000000000003,0.41983310100025384,0.007833101000253806,True,1.4271844660194173,point_provider_spread_edge,point,june,"{""max_provider_spread"":6.0,""min_edge"":0.0}",5.708737864077669
2026-06-10,highest-temperature-in-seoul-on-june-10-2026-24c,24°C,0.20284875,0.41099555057793674,0.20814680057793675,False,-1.0,point_provider_spread_edge,point,june,"{""max_provider_spread"":6.0,""min_edge"":0.0}",-4.0
2026-06-11,highest-temperature-in-seoul-on-june-11-2026-24c,24°C,0.20284875,0.4161126061653726,0.2132638561653726,False,-1.0,point_provider_spread_edge,point,june,"{""max_provider_spread"":6.0,""min_edge"":0.0}",-4.0
2026-06-13,highest-temperature-in-seoul-on-june-13-2026-27c,27°C,0.32578875,0.4262544817308555,0.10046573173085549,True,2.0694737003656507,point_provider_spread_edge,point,june,"{""max_provider_spread"":6.0,""min_edge"":0.0}",8.277894801462603
2026-06-17,highest-temperature-in-seoul-on-june-17-2026-30c,30°C,0.5119999875,0.5234337861179803,0.011433798617980329,True,0.953125047683717,point_provider_spread_edge,point,june,"{""max_provider_spread"":6.0,""min_edge"":0.0}",3.812500190734868
2026-06-21,highest-temperature-in-seoul-on-june-21-2026-27c,27°C,0.35629875000000005,0.4525695745075026,0.09627082450750257,True,1.8066334782257862,point_provider_spread_edge,point,june,"{""max_provider_spread"":6.0,""min_edge"":0.0}",7.226533912903145
2026-06-22,highest-temperature-in-seoul-on-june-22-2026-27c,27°C,0.40694875,0.46011996919762627,0.05317121919762624,True,1.4573118850960962,point_provider_spread_edge,point,june,"{""max_provider_spread"":6.0,""min_edge"":0.0}",5.829247540384385
2026-06-25,highest-temperature-in-seoul-on-june-25-2026-27c,27°C,0.24398875,0.4070263336292211,0.16303758362922108,False,-1.0,point_provider_spread_edge,point,june,"{""max_provider_spread"":6.0,""min_edge"":0.0}",-4.0
2026-06-26,highest-temperature-in-seoul-on-june-26-2026-26c,26°C,0.16672,0.4978568952449987,0.3311368952449987,False,-1.0,point_provider_spread_edge,point,june,"{""max_provider_spread"":6.0,""min_edge"":0.0}",-4.0
2026-06-27,highest-temperature-in-seoul-on-june-27-2026-29c,29°C,0.40694875,0.4511014744949673,0.044152724494967266,False,-1.0,point_provider_spread_edge,point,june,"{""max_provider_spread"":6.0,""min_edge"":0.0}",-4.0
2026-07-01,highest-temperature-in-seoul-on-july-1-2026-31c,31°C,0.24912,0.4025232920858616,0.15340329208586156,False,-1.0,point_provider_spread_edge,point,july,"{""max_provider_spread"":6.0,""min_edge"":0.0}",-4.0
2026-07-03,highest-temperature-in-seoul-on-july-3-2026-27c,27°C,0.39683875,0.48261294290743173,0.08577419290743171,False,-1.0,point_provider_spread_edge,point,july,"{""max_provider_spread"":6.0,""min_edge"":0.0}",-4.0
2026-07-04,highest-temperature-in-seoul-on-july-4-2026-28c,28°C,0.53746875,0.5519565830779698,0.014487833077969747,True,0.8605732891447175,point_provider_spread_edge,point,july,"{""max_provider_spread"":6.0,""min_edge"":0.0}",3.44229315657887
2026-07-06,highest-temperature-in-seoul-on-july-6-2026-27c,27°C,0.33088,0.39568616852733335,0.06480616852733334,False,-1.0,point_provider_spread_edge,point,july,"{""max_provider_spread"":6.0,""min_edge"":0.0}",-4.0
2026-07-07,highest-temperature-in-seoul-on-july-7-2026-30corhigher,30°C or higher,0.53946355,0.7650574467372931,0.22559389673729313,True,0.8536933588932931,point_provider_spread_edge,point,july,"{""max_provider_spread"":6.0,""min_edge"":0.0}",3.4147734355731725
2026-07-09,highest-temperature-in-seoul-on-july-9-2026-26c,26°C,0.37658874999999997,0.3969807018635354,0.02039195186353543,False,-1.0,point_provider_spread_edge,point,july,"{""max_provider_spread"":6.0,""min_edge"":0.0}",-4.0
2026-07-10,highest-temperature-in-seoul-on-july-10-2026-29c,29°C,0.25424875,0.44352055438068466,0.18927180438068464,False,-1.0,point_provider_spread_edge,point,july,"{""max_provider_spread"":6.0,""min_edge"":0.0}",-4.0
2026-07-11,highest-temperature-in-seoul-on-july-11-2026-33corhigher,33°C or higher,0.14705595000000002,0.6386804823085153,0.4916245323085152,False,-1.0,point_provider_spread_edge,point,july,"{""max_provider_spread"":6.0,""min_edge"":0.0}",-4.0
2026-07-15,highest-temperature-in-seoul-on-july-15-2026-27c,27°C,0.259375,0.34492085405345263,0.08554585405345261,False,-1.0,point_provider_spread_edge,point,july,"{""max_provider_spread"":6.0,""min_edge"":0.0}",-4.0
2026-07-18,highest-temperature-in-seoul-on-july-18-2026-26c,26°C,0.20284875,0.4087413116836831,0.2058925616836831,True,3.9297814258160333,point_provider_spread_edge,point,july,"{""max_provider_spread"":6.0,""min_edge"":0.0}",15.719125703264133
2026-07-20,highest-temperature-in-seoul-on-july-20-2026-25c,25°C,0.31559875,0.43690057069490024,0.12130182069490025,False,-1.0,point_provider_spread_edge,point,july,"{""max_provider_spread"":6.0,""min_edge"":0.0}",-4.0
2026-07-22,highest-temperature-in-seoul-on-july-22-2026-27c,27°C,0.30029500000000003,0.4361140635861968,0.13581906358619678,True,2.330058775537388,point_provider_spread_edge,point,july,"{""max_provider_spread"":6.0,""min_edge"":0.0}",9.320235102149551
2026-07-24,highest-temperature-in-seoul-on-july-24-2026-30c,30°C,0.22343875,0.5308512849758401,0.3074125349758401,False,-1.0,point_provider_spread_edge,point,july,"{""max_provider_spread"":6.0,""min_edge"":0.0}",-4.0
2026-02-01,highest-temperature-in-seoul-on-february-1-2c,2°C,0.035,0.5019521264926332,0.4669521264926332,False,-1.0,probability_provider_spread_edge,probability,february,"{""max_provider_spread"":5.0,""min_edge"":0.0}",-4.0
2026-02-03,highest-temperature-in-seoul-on-february-3-2026-4corhigher,4°C or higher,0.0635,0.8278498255428757,0.7643498255428757,False,-1.0,probability_provider_spread_edge,probability,february,"{""max_provider_spread"":5.0,""min_edge"":0.0}",-4.0
2026-02-04,highest-temperature-in-seoul-on-february-4-2026-7corhigher,7°C or higher,0.044000000000000004,0.6428831768566541,0.598883176856654,True,21.727272727272727,probability_provider_spread_edge,probability,february,"{""max_provider_spread"":5.0,""min_edge"":0.0}",86.9090909090909
2026-02-05,highest-temperature-in-seoul-on-february-5-2026-8corhigher,8°C or higher,0.71,0.8825418587320526,0.17254185873205263,True,0.40845070422535223,probability_provider_spread_edge,probability,february,"{""max_provider_spread"":5.0,""min_edge"":0.0}",1.633802816901409
2026-02-07,highest-temperature-in-seoul-on-february-7-2026-neg-6c,-6°C,0.135,0.5116834370461321,0.37668343704613205,False,-1.0,probability_provider_spread_edge,probability,february,"{""max_provider_spread"":5.0,""min_edge"":0.0}",-4.0
2026-02-13,highest-temperature-in-seoul-on-february-13-2026-9corhigher,9°C or higher,0.47000000000000003,0.8904206179434782,0.4204206179434781,True,1.127659574468085,probability_provider_spread_edge,probability,february,"{""max_provider_spread"":5.0,""min_edge"":0.0}",4.51063829787234
2026-02-14,highest-temperature-in-seoul-on-february-14-2026-11corhigher,11°C or higher,0.072,0.6950768859089108,0.6230768859089109,True,12.88888888888889,probability_provider_spread_edge,probability,february,"{""max_provider_spread"":5.0,""min_edge"":0.0}",51.55555555555556
2026-02-16,highest-temperature-in-seoul-on-february-16-2026-4c,4°C,0.22,0.3962215916290958,0.17622159162909581,False,-1.0,probability_provider_spread_edge,probability,february,"{""max_provider_spread"":5.0,""min_edge"":0.0}",-4.0
2026-02-18,highest-temperature-in-seoul-on-february-18-2026-5c,5°C,0.46,0.5289705007533507,0.0689705007533507,False,-1.0,probability_provider_spread_edge,probability,february,"{""max_provider_spread"":5.0,""min_edge"":0.0}",-4.0
2026-02-19,highest-temperature-in-seoul-on-february-19-2026-6c,6°C,0.315,0.5007260513413885,0.18572605134138848,False,-1.0,probability_provider_spread_edge,probability,february,"{""max_provider_spread"":5.0,""min_edge"":0.0}",-4.0
2026-02-21,highest-temperature-in-seoul-on-february-21-2026-14corhigher,14°C or higher,0.75,0.9165827273067936,0.16658272730679358,True,0.33333333333333326,probability_provider_spread_edge,probability,february,"{""max_provider_spread"":5.0,""min_edge"":0.0}",1.333333333333333
2026-02-23,highest-temperature-in-seoul-on-february-23-2026-4c,4°C,0.51,0.5307576239374682,0.02075762393746816,True,0.9607843137254901,probability_provider_spread_edge,probability,february,"{""max_provider_spread"":5.0,""min_edge"":0.0}",3.8431372549019605
2026-02-24,highest-temperature-in-seoul-on-february-24-2026-6c,6°C,0.095,0.3306909742388555,0.23569097423885552,False,-1.0,probability_provider_spread_edge,probability,february,"{""max_provider_spread"":5.0,""min_edge"":0.0}",-4.0
2026-02-25,highest-temperature-in-seoul-on-february-25-2026-9c,9°C,0.0955,0.34215254663859374,0.24665254663859373,False,-1.0,probability_provider_spread_edge,probability,february,"{""max_provider_spread"":5.0,""min_edge"":0.0}",-4.0
2026-02-26,highest-temperature-in-seoul-on-february-26-2026-11c,11°C,0.35000000000000003,0.4378463402734908,0.08784634027349075,True,1.8571428571428568,probability_provider_spread_edge,probability,february,"{""max_provider_spread"":5.0,""min_edge"":0.0}",7.428571428571427
2026-02-27,highest-temperature-in-seoul-on-february-27-2026-13corhigher,13°C or higher,0.58,0.7482137727899805,0.1682137727899805,True,0.7241379310344829,probability_provider_spread_edge,probability,february,"{""max_provider_spread"":5.0,""min_edge"":0.0}",2.8965517241379315
2026-03-03,highest-temperature-in-seoul-on-march-3-2026-10c,10°C,0.35000000000000003,0.4009305432006507,0.05093054320065066,True,1.8571428571428568,probability_provider_spread_edge,probability,march,"{""max_provider_spread"":3.0,""min_edge"":0.0}",7.428571428571427
2026-03-04,highest-temperature-in-seoul-on-march-4-2026-8c,8°C,0.28500000000000003,0.45470350598019943,0.1697035059801994,False,-1.0,probability_provider_spread_edge,probability,march,"{""max_provider_spread"":3.0,""min_edge"":0.0}",-4.0
2026-03-06,highest-temperature-in-seoul-on-march-6-2026-5c,5°C,0.47500000000000003,0.47848847818821705,0.0034884781882170146,False,-1.0,probability_provider_spread_edge,probability,march,"{""max_provider_spread"":3.0,""min_edge"":0.0}",-4.0
2026-03-09,highest-temperature-in-seoul-on-march-9-2026-8c,8°C,0.27,0.4710566767821721,0.2010566767821721,False,-1.0,probability_provider_spread_edge,probability,march,"{""max_provider_spread"":3.0,""min_edge"":0.0}",-4.0
2026-03-10,highest-temperature-in-seoul-on-march-10-2026-7c,7°C,0.455,0.5061399465540406,0.05113994655404058,True,1.1978021978021975,probability_provider_spread_edge,probability,march,"{""max_provider_spread"":3.0,""min_edge"":0.0}",4.79120879120879
2026-03-11,highest-temperature-in-seoul-on-march-11-2026-8c,8°C,0.275,0.3742537963446443,0.09925379634464426,False,-1.0,probability_provider_spread_edge,probability,march,"{""max_provider_spread"":3.0,""min_edge"":0.0}",-4.0
2026-03-13,highest-temperature-in-seoul-on-march-13-2026-12corhigher,12°C or higher,0.2,0.7440972926454228,0.5440972926454228,False,-1.0,probability_provider_spread_edge,probability,march,"{""max_provider_spread"":3.0,""min_edge"":0.0}",-4.0
2026-03-14,highest-temperature-in-seoul-on-march-14-2026-10c,10°C,0.305,0.43429570932909634,0.12929570932909634,False,-1.0,probability_provider_spread_edge,probability,march,"{""max_provider_spread"":3.0,""min_edge"":0.0}",-4.0
2026-03-18,highest-temperature-in-seoul-on-march-18-2026-8c,8°C,0.32,0.3522356916045914,0.03223569160459139,True,2.125,probability_provider_spread_edge,probability,march,"{""max_provider_spread"":3.0,""min_edge"":0.0}",8.5
2026-03-21,highest-temperature-in-seoul-on-march-21-2026-11c,11°C,0.3,0.35702604369818547,0.05702604369818548,True,2.3333333333333335,probability_provider_spread_edge,probability,march,"{""max_provider_spread"":3.0,""min_edge"":0.0}",9.333333333333334
2026-04-01,highest-temperature-in-seoul-on-april-1-2026-16corhigher,16°C or higher,0.1894438,0.6426636014863933,0.45321980148639335,False,-1.0,probability_provider_spread_edge,probability,april,"{""max_provider_spread"":8.0,""min_edge"":0.0}",-4.0
2026-04-02,highest-temperature-in-seoul-on-april-2-2026-15c,15°C,0.17705500000000002,0.4224796969401995,0.24542469694019947,False,-1.0,probability_provider_spread_edge,probability,april,"{""max_provider_spread"":8.0,""min_edge"":0.0}",-4.0
2026-04-03,highest-temperature-in-seoul-on-april-3-2026-17c,17°C,0.26449875,0.3684674178486221,0.10396866784862208,False,-1.0,probability_provider_spread_edge,probability,april,"{""max_provider_spread"":8.0,""min_edge"":0.0}",-4.0
2026-04-05,highest-temperature-in-seoul-on-april-5-2026-14c,14°C,0.26449875,0.36669824026709497,0.10219949026709496,False,-1.0,probability_provider_spread_edge,probability,april,"{""max_provider_spread"":8.0,""min_edge"":0.0}",-4.0
2026-04-06,highest-temperature-in-seoul-on-april-6-2026-14c,14°C,0.09929875,0.4117302435823584,0.3124314935823584,True,9.070620224323065,probability_provider_spread_edge,probability,april,"{""max_provider_spread"":8.0,""min_edge"":0.0}",36.28248089729226
2026-04-07,highest-temperature-in-seoul-on-april-7-2026-13c,13°C,0.3105,0.31139109972058404,0.0008910997205840432,False,-1.0,probability_provider_spread_edge,probability,april,"{""max_provider_spread"":8.0,""min_edge"":0.0}",-4.0
2026-04-08,highest-temperature-in-seoul-on-april-8-2026-13c,13°C,0.22858,0.402991540610727,0.174411540610727,True,3.374835943652113,probability_provider_spread_edge,probability,april,"{""max_provider_spread"":8.0,""min_edge"":0.0}",13.499343774608452
2026-04-10,highest-temperature-in-seoul-on-april-10-2026-12c,12°C,0.37151999999999996,0.3837649903423349,0.01224499034233495,True,1.6916451335055989,probability_provider_spread_edge,probability,april,"{""max_provider_spread"":8.0,""min_edge"":0.0}",6.7665805340223955
2026-04-12,highest-temperature-in-seoul-on-april-12-2026-17c,17°C,0.13046875,0.27322091170748425,0.14275216170748425,False,-1.0,probability_provider_spread_edge,probability,april,"{""max_provider_spread"":8.0,""min_edge"":0.0}",-4.0
2026-04-17,highest-temperature-in-seoul-on-april-17-2026-16c,16°C,0.17705500000000002,0.38445396945805904,0.20739896945805902,False,-1.0,probability_provider_spread_edge,probability,april,"{""max_provider_spread"":8.0,""min_edge"":0.0}",-4.0
2026-04-20,highest-temperature-in-seoul-on-april-20-2026-16c,16°C,0.09929875,0.4575683994240249,0.3582696494240249,False,-1.0,probability_provider_spread_edge,probability,april,"{""max_provider_spread"":8.0,""min_edge"":0.0}",-4.0
2026-04-21,highest-temperature-in-seoul-on-april-21-2026-15c,15°C,0.3105,0.4173064453145329,0.10680644531453293,False,-1.0,probability_provider_spread_edge,probability,april,"{""max_provider_spread"":8.0,""min_edge"":0.0}",-4.0
2026-04-22,highest-temperature-in-seoul-on-april-22-2026-16c,16°C,0.33596875000000004,0.36304441863883513,0.027075668638835093,False,-1.0,probability_provider_spread_edge,probability,april,"{""max_provider_spread"":8.0,""min_edge"":0.0}",-4.0
2026-04-23,highest-temperature-in-seoul-on-april-23-2026-22c,22°C,0.21829500000000002,0.3373782862858079,0.11908328628580789,True,3.580956961909343,probability_provider_spread_edge,probability,april,"{""max_provider_spread"":8.0,""min_edge"":0.0}",14.323827847637371
2026-04-28,highest-temperature-in-seoul-on-april-28-2026-17c,17°C,0.18221875,0.3985937221158586,0.21637497211585857,False,-1.0,probability_provider_spread_edge,probability,april,"{""max_provider_spread"":8.0,""min_edge"":0.0}",-4.0
2026-04-30,highest-temperature-in-seoul-on-april-30-2026-19c,19°C,0.279855,0.343428306009328,0.06357330600932798,True,2.5732790194922366,probability_provider_spread_edge,probability,april,"{""max_provider_spread"":8.0,""min_edge"":0.0}",10.293116077968946
2026-05-01,highest-temperature-in-seoul-on-may-1-2026-19c,19°C,0.32578875,0.3741041313217126,0.04831538132171259,True,2.0694737003656507,probability_provider_spread_edge,probability,may,"{""max_provider_spread"":6.0,""min_edge"":0.0}",8.277894801462603
2026-05-02,highest-temperature-in-seoul-on-may-2-2026-19c,19°C,0.25424875,0.3787176141185294,0.12446886411852937,False,-1.0,probability_provider_spread_edge,probability,may,"{""max_provider_spread"":6.0,""min_edge"":0.0}",-4.0
2026-05-04,highest-temperature-in-seoul-on-may-4-2026-20corhigher,20°C or higher,0.0309314875,0.3820656860612972,0.3511341985612972,False,-1.0,probability_provider_spread_edge,probability,may,"{""max_provider_spread"":6.0,""min_edge"":0.0}",-4.0
2026-05-06,highest-temperature-in-seoul-on-may-6-2026-21corhigher,21°C or higher,0.641655,0.7094796773855279,0.06782467738552789,True,0.5584698942578177,probability_provider_spread_edge,probability,may,"{""max_provider_spread"":6.0,""min_edge"":0.0}",2.2338795770312707
2026-05-07,highest-temperature-in-seoul-on-may-7-2026-18c,18°C,0.2434754875,0.40436481079735165,0.16088932329735164,False,-1.0,probability_provider_spread_edge,probability,may,"{""max_provider_spread"":6.0,""min_edge"":0.0}",-4.0
2026-05-09,highest-temperature-in-seoul-on-may-9-2026-20c,20°C,0.42713875,0.5404803382045689,0.11334158820456885,True,1.341159634896155,probability_provider_spread_edge,probability,may,"{""max_provider_spread"":6.0,""min_edge"":0.0}",5.36463853958462
2026-05-10,highest-temperature-in-seoul-on-may-10-2026-21c,21°C,0.41704875,0.4239638487389382,0.006915098738938197,False,-1.0,probability_provider_spread_edge,probability,may,"{""max_provider_spread"":6.0,""min_edge"":0.0}",-4.0
2026-05-22,highest-temperature-in-seoul-on-may-22-2026-24c,24°C,0.08888874999999999,0.37453425311256716,0.2856455031125672,False,-1.0,probability_provider_spread_edge,probability,may,"{""max_provider_spread"":6.0,""min_edge"":0.0}",-4.0
2026-05-25,highest-temperature-in-seoul-on-may-25-2026-27c,27°C,0.43218,0.4414249714575831,0.009244971457583073,True,1.3138507103521682,probability_provider_spread_edge,probability,may,"{""max_provider_spread"":6.0,""min_edge"":0.0}",5.255402841408673
2026-05-26,highest-temperature-in-seoul-on-may-26-2026-25corhigher,25°C or higher,0.990495,1.0,0.009504999999999986,True,0.009596211995012593,probability_provider_spread_edge,probability,may,"{""max_provider_spread"":6.0,""min_edge"":0.0}",0.038384847980050374
2026-05-28,highest-temperature-in-seoul-on-may-28-2026-24c,24°C,0.29518875000000006,0.340049767290692,0.04486101729069192,False,-1.0,probability_provider_spread_edge,probability,may,"{""max_provider_spread"":6.0,""min_edge"":0.0}",-4.0
2026-05-29,highest-temperature-in-seoul-on-may-29-2026-25c,25°C,0.24398875,0.3296078137931053,0.08561906379310527,True,3.098549625751187,probability_provider_spread_edge,probability,may,"{""max_provider_spread"":6.0,""min_edge"":0.0}",12.394198503004748
2026-05-30,highest-temperature-in-seoul-on-may-30-2026-25c,25°C,0.35629875000000005,0.3927397103432452,0.03644096034324512,False,-1.0,probability_provider_spread_edge,probability,may,"{""max_provider_spread"":6.0,""min_edge"":0.0}",-4.0
2026-06-01,highest-temperature-in-seoul-on-june-1-2026-26c,26°C,0.40694875,0.4313643387582135,0.02441558875821348,False,-1.0,probability_provider_spread_edge,probability,june,"{""max_provider_spread"":6.0,""min_edge"":0.0}",-4.0
2026-06-06,highest-temperature-in-seoul-on-june-6-2026-25corhigher,25°C or higher,0.8031487500000001,0.9415906511984297,0.13844190119842958,False,-1.0,probability_provider_spread_edge,probability,june,"{""max_provider_spread"":6.0,""min_edge"":0.0}",-4.0
2026-06-07,highest-temperature-in-seoul-on-june-7-2026-26c,26°C,0.135655,0.3705641749664551,0.2349091749664551,False,-1.0,probability_provider_spread_edge,probability,june,"{""max_provider_spread"":6.0,""min_edge"":0.0}",-4.0
2026-06-08,highest-temperature-in-seoul-on-june-8-2026-24c,24°C,0.32578875,0.33382077879040595,0.008032028790405932,True,2.0694737003656507,probability_provider_spread_edge,probability,june,"{""max_provider_spread"":6.0,""min_edge"":0.0}",8.277894801462603
2026-06-09,highest-temperature-in-seoul-on-june-9-2026-25c,25°C,0.41200000000000003,0.41983310100025384,0.007833101000253806,True,1.4271844660194173,probability_provider_spread_edge,probability,june,"{""max_provider_spread"":6.0,""min_edge"":0.0}",5.708737864077669
2026-06-10,highest-temperature-in-seoul-on-june-10-2026-24c,24°C,0.20284875,0.41099555057793674,0.20814680057793675,False,-1.0,probability_provider_spread_edge,probability,june,"{""max_provider_spread"":6.0,""min_edge"":0.0}",-4.0
2026-06-11,highest-temperature-in-seoul-on-june-11-2026-24c,24°C,0.20284875,0.4161126061653726,0.2132638561653726,False,-1.0,probability_provider_spread_edge,probability,june,"{""max_provider_spread"":6.0,""min_edge"":0.0}",-4.0
2026-06-13,highest-temperature-in-seoul-on-june-13-2026-27c,27°C,0.32578875,0.4262544817308555,0.10046573173085549,True,2.0694737003656507,probability_provider_spread_edge,probability,june,"{""max_provider_spread"":6.0,""min_edge"":0.0}",8.277894801462603
2026-06-17,highest-temperature-in-seoul-on-june-17-2026-30c,30°C,0.5119999875,0.5234337861179803,0.011433798617980329,True,0.953125047683717,probability_provider_spread_edge,probability,june,"{""max_provider_spread"":6.0,""min_edge"":0.0}",3.812500190734868
2026-06-21,highest-temperature-in-seoul-on-june-21-2026-27c,27°C,0.35629875000000005,0.4525695745075026,0.09627082450750257,True,1.8066334782257862,probability_provider_spread_edge,probability,june,"{""max_provider_spread"":6.0,""min_edge"":0.0}",7.226533912903145
2026-06-22,highest-temperature-in-seoul-on-june-22-2026-27c,27°C,0.40694875,0.46011996919762627,0.05317121919762624,True,1.4573118850960962,probability_provider_spread_edge,probability,june,"{""max_provider_spread"":6.0,""min_edge"":0.0}",5.829247540384385
2026-06-25,highest-temperature-in-seoul-on-june-25-2026-27c,27°C,0.24398875,0.4070263336292211,0.16303758362922108,False,-1.0,probability_provider_spread_edge,probability,june,"{""max_provider_spread"":6.0,""min_edge"":0.0}",-4.0
2026-06-26,highest-temperature-in-seoul-on-june-26-2026-26c,26°C,0.16672,0.4978568952449987,0.3311368952449987,False,-1.0,probability_provider_spread_edge,probability,june,"{""max_provider_spread"":6.0,""min_edge"":0.0}",-4.0
2026-06-27,highest-temperature-in-seoul-on-june-27-2026-29c,29°C,0.40694875,0.4511014744949673,0.044152724494967266,False,-1.0,probability_provider_spread_edge,probability,june,"{""max_provider_spread"":6.0,""min_edge"":0.0}",-4.0
2026-07-01,highest-temperature-in-seoul-on-july-1-2026-31c,31°C,0.24912,0.4025232920858616,0.15340329208586156,False,-1.0,probability_provider_spread_edge,probability,july,"{""max_provider_spread"":6.0,""min_edge"":0.0}",-4.0
2026-07-03,highest-temperature-in-seoul-on-july-3-2026-27c,27°C,0.39683875,0.48261294290743173,0.08577419290743171,False,-1.0,probability_provider_spread_edge,probability,july,"{""max_provider_spread"":6.0,""min_edge"":0.0}",-4.0
2026-07-04,highest-temperature-in-seoul-on-july-4-2026-28c,28°C,0.53746875,0.5519565830779698,0.014487833077969747,True,0.8605732891447175,probability_provider_spread_edge,probability,july,"{""max_provider_spread"":6.0,""min_edge"":0.0}",3.44229315657887
2026-07-06,highest-temperature-in-seoul-on-july-6-2026-27c,27°C,0.33088,0.39568616852733335,0.06480616852733334,False,-1.0,probability_provider_spread_edge,probability,july,"{""max_provider_spread"":6.0,""min_edge"":0.0}",-4.0
2026-07-07,highest-temperature-in-seoul-on-july-7-2026-30corhigher,30°C or higher,0.53946355,0.7650574467372931,0.22559389673729313,True,0.8536933588932931,probability_provider_spread_edge,probability,july,"{""max_provider_spread"":6.0,""min_edge"":0.0}",3.4147734355731725
2026-07-09,highest-temperature-in-seoul-on-july-9-2026-26c,26°C,0.37658874999999997,0.3969807018635354,0.02039195186353543,False,-1.0,probability_provider_spread_edge,probability,july,"{""max_provider_spread"":6.0,""min_edge"":0.0}",-4.0
2026-07-10,highest-temperature-in-seoul-on-july-10-2026-29c,29°C,0.25424875,0.44352055438068466,0.18927180438068464,False,-1.0,probability_provider_spread_edge,probability,july,"{""max_provider_spread"":6.0,""min_edge"":0.0}",-4.0
2026-07-11,highest-temperature-in-seoul-on-july-11-2026-33corhigher,33°C or higher,0.14705595000000002,0.6386804823085153,0.4916245323085152,False,-1.0,probability_provider_spread_edge,probability,july,"{""max_provider_spread"":6.0,""min_edge"":0.0}",-4.0
2026-07-15,highest-temperature-in-seoul-on-july-15-2026-27c,27°C,0.259375,0.34492085405345263,0.08554585405345261,False,-1.0,probability_provider_spread_edge,probability,july,"{""max_provider_spread"":6.0,""min_edge"":0.0}",-4.0
2026-07-18,highest-temperature-in-seoul-on-july-18-2026-26c,26°C,0.20284875,0.4087413116836831,0.2058925616836831,True,3.9297814258160333,probability_provider_spread_edge,probability,july,"{""max_provider_spread"":6.0,""min_edge"":0.0}",15.719125703264133
2026-07-20,highest-temperature-in-seoul-on-july-20-2026-25c,25°C,0.31559875,0.43690057069490024,0.12130182069490025,False,-1.0,probability_provider_spread_edge,probability,july,"{""max_provider_spread"":6.0,""min_edge"":0.0}",-4.0
2026-07-22,highest-temperature-in-seoul-on-july-22-2026-27c,27°C,0.30029500000000003,0.4361140635861968,0.13581906358619678,True,2.330058775537388,probability_provider_spread_edge,probability,july,"{""max_provider_spread"":6.0,""min_edge"":0.0}",9.320235102149551
2026-07-24,highest-temperature-in-seoul-on-july-24-2026-30c,30°C,0.22343875,0.5308512849758401,0.3074125349758401,False,-1.0,probability_provider_spread_edge,probability,july,"{""max_provider_spread"":6.0,""min_edge"":0.0}",-4.0
2026-02-01,highest-temperature-in-seoul-on-february-1-2c,2°C,0.035,0.5019521264926332,0.4669521264926332,False,-1.0,probability_confidence_spread_edge,probability,february,"{""max_provider_spread"":6.0,""min_confidence"":0.35,""min_edge"":0.0}",-4.0
2026-02-03,highest-temperature-in-seoul-on-february-3-2026-4corhigher,4°C or higher,0.0635,0.8278498255428757,0.7643498255428757,False,-1.0,probability_confidence_spread_edge,probability,february,"{""max_provider_spread"":6.0,""min_confidence"":0.35,""min_edge"":0.0}",-4.0
2026-02-05,highest-temperature-in-seoul-on-february-5-2026-8corhigher,8°C or higher,0.71,0.8825418587320526,0.17254185873205263,True,0.40845070422535223,probability_confidence_spread_edge,probability,february,"{""max_provider_spread"":6.0,""min_confidence"":0.35,""min_edge"":0.0}",1.633802816901409
2026-02-07,highest-temperature-in-seoul-on-february-7-2026-neg-6c,-6°C,0.135,0.5116834370461321,0.37668343704613205,False,-1.0,probability_confidence_spread_edge,probability,february,"{""max_provider_spread"":6.0,""min_confidence"":0.35,""min_edge"":0.0}",-4.0
2026-02-15,highest-temperature-in-seoul-on-february-15-2026-9corhigher,9°C or higher,0.5650000000000001,0.6102244744270748,0.04522447442707478,False,-1.0,probability_confidence_spread_edge,probability,february,"{""max_provider_spread"":6.0,""min_confidence"":0.35,""min_edge"":0.0}",-4.0
2026-02-16,highest-temperature-in-seoul-on-february-16-2026-4c,4°C,0.22,0.3962215916290958,0.17622159162909581,False,-1.0,probability_confidence_spread_edge,probability,february,"{""max_provider_spread"":6.0,""min_confidence"":0.35,""min_edge"":0.0}",-4.0
2026-02-18,highest-temperature-in-seoul-on-february-18-2026-5c,5°C,0.46,0.5289705007533507,0.0689705007533507,False,-1.0,probability_confidence_spread_edge,probability,february,"{""max_provider_spread"":6.0,""min_confidence"":0.35,""min_edge"":0.0}",-4.0
2026-02-19,highest-temperature-in-seoul-on-february-19-2026-6c,6°C,0.315,0.5007260513413885,0.18572605134138848,False,-1.0,probability_confidence_spread_edge,probability,february,"{""max_provider_spread"":6.0,""min_confidence"":0.35,""min_edge"":0.0}",-4.0
2026-02-21,highest-temperature-in-seoul-on-february-21-2026-14corhigher,14°C or higher,0.75,0.9165827273067936,0.16658272730679358,True,0.33333333333333326,probability_confidence_spread_edge,probability,february,"{""max_provider_spread"":6.0,""min_confidence"":0.35,""min_edge"":0.0}",1.333333333333333
2026-02-23,highest-temperature-in-seoul-on-february-23-2026-4c,4°C,0.51,0.5307576239374682,0.02075762393746816,True,0.9607843137254901,probability_confidence_spread_edge,probability,february,"{""max_provider_spread"":6.0,""min_confidence"":0.35,""min_edge"":0.0}",3.8431372549019605
2026-02-26,highest-temperature-in-seoul-on-february-26-2026-11c,11°C,0.35000000000000003,0.4378463402734908,0.08784634027349075,True,1.8571428571428568,probability_confidence_spread_edge,probability,february,"{""max_provider_spread"":6.0,""min_confidence"":0.35,""min_edge"":0.0}",7.428571428571427
2026-02-27,highest-temperature-in-seoul-on-february-27-2026-13corhigher,13°C or higher,0.58,0.7482137727899805,0.1682137727899805,True,0.7241379310344829,probability_confidence_spread_edge,probability,february,"{""max_provider_spread"":6.0,""min_confidence"":0.35,""min_edge"":0.0}",2.8965517241379315
2026-03-03,highest-temperature-in-seoul-on-march-3-2026-10c,10°C,0.35000000000000003,0.4009305432006507,0.05093054320065066,True,1.8571428571428568,probability_confidence_spread_edge,probability,march,"{""max_provider_spread"":3.0,""min_confidence"":0.3,""min_edge"":0.0}",7.428571428571427
2026-03-04,highest-temperature-in-seoul-on-march-4-2026-8c,8°C,0.28500000000000003,0.45470350598019943,0.1697035059801994,False,-1.0,probability_confidence_spread_edge,probability,march,"{""max_provider_spread"":3.0,""min_confidence"":0.3,""min_edge"":0.0}",-4.0
2026-03-06,highest-temperature-in-seoul-on-march-6-2026-5c,5°C,0.47500000000000003,0.47848847818821705,0.0034884781882170146,False,-1.0,probability_confidence_spread_edge,probability,march,"{""max_provider_spread"":3.0,""min_confidence"":0.3,""min_edge"":0.0}",-4.0
2026-03-09,highest-temperature-in-seoul-on-march-9-2026-8c,8°C,0.27,0.4710566767821721,0.2010566767821721,False,-1.0,probability_confidence_spread_edge,probability,march,"{""max_provider_spread"":3.0,""min_confidence"":0.3,""min_edge"":0.0}",-4.0
2026-03-10,highest-temperature-in-seoul-on-march-10-2026-7c,7°C,0.455,0.5061399465540406,0.05113994655404058,True,1.1978021978021975,probability_confidence_spread_edge,probability,march,"{""max_provider_spread"":3.0,""min_confidence"":0.3,""min_edge"":0.0}",4.79120879120879
2026-03-11,highest-temperature-in-seoul-on-march-11-2026-8c,8°C,0.275,0.3742537963446443,0.09925379634464426,False,-1.0,probability_confidence_spread_edge,probability,march,"{""max_provider_spread"":3.0,""min_confidence"":0.3,""min_edge"":0.0}",-4.0
2026-03-13,highest-temperature-in-seoul-on-march-13-2026-12corhigher,12°C or higher,0.2,0.7440972926454228,0.5440972926454228,False,-1.0,probability_confidence_spread_edge,probability,march,"{""max_provider_spread"":3.0,""min_confidence"":0.3,""min_edge"":0.0}",-4.0
2026-03-14,highest-temperature-in-seoul-on-march-14-2026-10c,10°C,0.305,0.43429570932909634,0.12929570932909634,False,-1.0,probability_confidence_spread_edge,probability,march,"{""max_provider_spread"":3.0,""min_confidence"":0.3,""min_edge"":0.0}",-4.0
2026-03-18,highest-temperature-in-seoul-on-march-18-2026-8c,8°C,0.32,0.3522356916045914,0.03223569160459139,True,2.125,probability_confidence_spread_edge,probability,march,"{""max_provider_spread"":3.0,""min_confidence"":0.3,""min_edge"":0.0}",8.5
2026-03-21,highest-temperature-in-seoul-on-march-21-2026-11c,11°C,0.3,0.35702604369818547,0.05702604369818548,True,2.3333333333333335,probability_confidence_spread_edge,probability,march,"{""max_provider_spread"":3.0,""min_confidence"":0.3,""min_edge"":0.0}",9.333333333333334
2026-04-01,highest-temperature-in-seoul-on-april-1-2026-16corhigher,16°C or higher,0.1894438,0.6426636014863933,0.45321980148639335,False,-1.0,probability_confidence_spread_edge,probability,april,"{""max_provider_spread"":6.0,""min_confidence"":0.35,""min_edge"":0.0}",-4.0
2026-04-02,highest-temperature-in-seoul-on-april-2-2026-15c,15°C,0.17705500000000002,0.4224796969401995,0.24542469694019947,False,-1.0,probability_confidence_spread_edge,probability,april,"{""max_provider_spread"":6.0,""min_confidence"":0.35,""min_edge"":0.0}",-4.0
2026-04-03,highest-temperature-in-seoul-on-april-3-2026-17c,17°C,0.26449875,0.3684674178486221,0.10396866784862208,False,-1.0,probability_confidence_spread_edge,probability,april,"{""max_provider_spread"":6.0,""min_confidence"":0.35,""min_edge"":0.0}",-4.0
2026-04-05,highest-temperature-in-seoul-on-april-5-2026-14c,14°C,0.26449875,0.36669824026709497,0.10219949026709496,False,-1.0,probability_confidence_spread_edge,probability,april,"{""max_provider_spread"":6.0,""min_confidence"":0.35,""min_edge"":0.0}",-4.0
2026-04-06,highest-temperature-in-seoul-on-april-6-2026-14c,14°C,0.09929875,0.4117302435823584,0.3124314935823584,True,9.070620224323065,probability_confidence_spread_edge,probability,april,"{""max_provider_spread"":6.0,""min_confidence"":0.35,""min_edge"":0.0}",36.28248089729226
2026-04-08,highest-temperature-in-seoul-on-april-8-2026-13c,13°C,0.22858,0.402991540610727,0.174411540610727,True,3.374835943652113,probability_confidence_spread_edge,probability,april,"{""max_provider_spread"":6.0,""min_confidence"":0.35,""min_edge"":0.0}",13.499343774608452
2026-04-10,highest-temperature-in-seoul-on-april-10-2026-12c,12°C,0.37151999999999996,0.3837649903423349,0.01224499034233495,True,1.6916451335055989,probability_confidence_spread_edge,probability,april,"{""max_provider_spread"":6.0,""min_confidence"":0.35,""min_edge"":0.0}",6.7665805340223955
2026-04-20,highest-temperature-in-seoul-on-april-20-2026-16c,16°C,0.09929875,0.4575683994240249,0.3582696494240249,False,-1.0,probability_confidence_spread_edge,probability,april,"{""max_provider_spread"":6.0,""min_confidence"":0.35,""min_edge"":0.0}",-4.0
2026-04-21,highest-temperature-in-seoul-on-april-21-2026-15c,15°C,0.3105,0.4173064453145329,0.10680644531453293,False,-1.0,probability_confidence_spread_edge,probability,april,"{""max_provider_spread"":6.0,""min_confidence"":0.35,""min_edge"":0.0}",-4.0
2026-04-22,highest-temperature-in-seoul-on-april-22-2026-16c,16°C,0.33596875000000004,0.36304441863883513,0.027075668638835093,False,-1.0,probability_confidence_spread_edge,probability,april,"{""max_provider_spread"":6.0,""min_confidence"":0.35,""min_edge"":0.0}",-4.0
2026-04-28,highest-temperature-in-seoul-on-april-28-2026-17c,17°C,0.18221875,0.3985937221158586,0.21637497211585857,False,-1.0,probability_confidence_spread_edge,probability,april,"{""max_provider_spread"":6.0,""min_confidence"":0.35,""min_edge"":0.0}",-4.0
2026-05-01,highest-temperature-in-seoul-on-may-1-2026-19c,19°C,0.32578875,0.3741041313217126,0.04831538132171259,True,2.0694737003656507,probability_confidence_spread_edge,probability,may,"{""max_provider_spread"":6.0,""min_confidence"":0.3,""min_edge"":0.0}",8.277894801462603
2026-05-02,highest-temperature-in-seoul-on-may-2-2026-19c,19°C,0.25424875,0.3787176141185294,0.12446886411852937,False,-1.0,probability_confidence_spread_edge,probability,may,"{""max_provider_spread"":6.0,""min_confidence"":0.3,""min_edge"":0.0}",-4.0
2026-05-04,highest-temperature-in-seoul-on-may-4-2026-20corhigher,20°C or higher,0.0309314875,0.3820656860612972,0.3511341985612972,False,-1.0,probability_confidence_spread_edge,probability,may,"{""max_provider_spread"":6.0,""min_confidence"":0.3,""min_edge"":0.0}",-4.0
2026-05-06,highest-temperature-in-seoul-on-may-6-2026-21corhigher,21°C or higher,0.641655,0.7094796773855279,0.06782467738552789,True,0.5584698942578177,probability_confidence_spread_edge,probability,may,"{""max_provider_spread"":6.0,""min_confidence"":0.3,""min_edge"":0.0}",2.2338795770312707
2026-05-07,highest-temperature-in-seoul-on-may-7-2026-18c,18°C,0.2434754875,0.40436481079735165,0.16088932329735164,False,-1.0,probability_confidence_spread_edge,probability,may,"{""max_provider_spread"":6.0,""min_confidence"":0.3,""min_edge"":0.0}",-4.0
2026-05-09,highest-temperature-in-seoul-on-may-9-2026-20c,20°C,0.42713875,0.5404803382045689,0.11334158820456885,True,1.341159634896155,probability_confidence_spread_edge,probability,may,"{""max_provider_spread"":6.0,""min_confidence"":0.3,""min_edge"":0.0}",5.36463853958462
2026-05-10,highest-temperature-in-seoul-on-may-10-2026-21c,21°C,0.41704875,0.4239638487389382,0.006915098738938197,False,-1.0,probability_confidence_spread_edge,probability,may,"{""max_provider_spread"":6.0,""min_confidence"":0.3,""min_edge"":0.0}",-4.0
2026-05-22,highest-temperature-in-seoul-on-may-22-2026-24c,24°C,0.08888874999999999,0.37453425311256716,0.2856455031125672,False,-1.0,probability_confidence_spread_edge,probability,may,"{""max_provider_spread"":6.0,""min_confidence"":0.3,""min_edge"":0.0}",-4.0
2026-05-25,highest-temperature-in-seoul-on-may-25-2026-27c,27°C,0.43218,0.4414249714575831,0.009244971457583073,True,1.3138507103521682,probability_confidence_spread_edge,probability,may,"{""max_provider_spread"":6.0,""min_confidence"":0.3,""min_edge"":0.0}",5.255402841408673
2026-05-26,highest-temperature-in-seoul-on-may-26-2026-25corhigher,25°C or higher,0.990495,1.0,0.009504999999999986,True,0.009596211995012593,probability_confidence_spread_edge,probability,may,"{""max_provider_spread"":6.0,""min_confidence"":0.3,""min_edge"":0.0}",0.038384847980050374
2026-05-28,highest-temperature-in-seoul-on-may-28-2026-24c,24°C,0.29518875000000006,0.340049767290692,0.04486101729069192,False,-1.0,probability_confidence_spread_edge,probability,may,"{""max_provider_spread"":6.0,""min_confidence"":0.3,""min_edge"":0.0}",-4.0
2026-05-29,highest-temperature-in-seoul-on-may-29-2026-25c,25°C,0.24398875,0.3296078137931053,0.08561906379310527,True,3.098549625751187,probability_confidence_spread_edge,probability,may,"{""max_provider_spread"":6.0,""min_confidence"":0.3,""min_edge"":0.0}",12.394198503004748
2026-05-30,highest-temperature-in-seoul-on-may-30-2026-25c,25°C,0.35629875000000005,0.3927397103432452,0.03644096034324512,False,-1.0,probability_confidence_spread_edge,probability,may,"{""max_provider_spread"":6.0,""min_confidence"":0.3,""min_edge"":0.0}",-4.0
2026-06-01,highest-temperature-in-seoul-on-june-1-2026-26c,26°C,0.40694875,0.4313643387582135,0.02441558875821348,False,-1.0,probability_confidence_spread_edge,probability,june,"{""max_provider_spread"":6.0,""min_confidence"":0.3,""min_edge"":0.0}",-4.0
2026-06-06,highest-temperature-in-seoul-on-june-6-2026-25corhigher,25°C or higher,0.8031487500000001,0.9415906511984297,0.13844190119842958,False,-1.0,probability_confidence_spread_edge,probability,june,"{""max_provider_spread"":6.0,""min_confidence"":0.3,""min_edge"":0.0}",-4.0
2026-06-07,highest-temperature-in-seoul-on-june-7-2026-26c,26°C,0.135655,0.3705641749664551,0.2349091749664551,False,-1.0,probability_confidence_spread_edge,probability,june,"{""max_provider_spread"":6.0,""min_confidence"":0.3,""min_edge"":0.0}",-4.0
2026-06-08,highest-temperature-in-seoul-on-june-8-2026-24c,24°C,0.32578875,0.33382077879040595,0.008032028790405932,True,2.0694737003656507,probability_confidence_spread_edge,probability,june,"{""max_provider_spread"":6.0,""min_confidence"":0.3,""min_edge"":0.0}",8.277894801462603
2026-06-09,highest-temperature-in-seoul-on-june-9-2026-25c,25°C,0.41200000000000003,0.41983310100025384,0.007833101000253806,True,1.4271844660194173,probability_confidence_spread_edge,probability,june,"{""max_provider_spread"":6.0,""min_confidence"":0.3,""min_edge"":0.0}",5.708737864077669
2026-06-10,highest-temperature-in-seoul-on-june-10-2026-24c,24°C,0.20284875,0.41099555057793674,0.20814680057793675,False,-1.0,probability_confidence_spread_edge,probability,june,"{""max_provider_spread"":6.0,""min_confidence"":0.3,""min_edge"":0.0}",-4.0
2026-06-11,highest-temperature-in-seoul-on-june-11-2026-24c,24°C,0.20284875,0.4161126061653726,0.2132638561653726,False,-1.0,probability_confidence_spread_edge,probability,june,"{""max_provider_spread"":6.0,""min_confidence"":0.3,""min_edge"":0.0}",-4.0
2026-06-13,highest-temperature-in-seoul-on-june-13-2026-27c,27°C,0.32578875,0.4262544817308555,0.10046573173085549,True,2.0694737003656507,probability_confidence_spread_edge,probability,june,"{""max_provider_spread"":6.0,""min_confidence"":0.3,""min_edge"":0.0}",8.277894801462603
2026-06-17,highest-temperature-in-seoul-on-june-17-2026-30c,30°C,0.5119999875,0.5234337861179803,0.011433798617980329,True,0.953125047683717,probability_confidence_spread_edge,probability,june,"{""max_provider_spread"":6.0,""min_confidence"":0.3,""min_edge"":0.0}",3.812500190734868
2026-06-21,highest-temperature-in-seoul-on-june-21-2026-27c,27°C,0.35629875000000005,0.4525695745075026,0.09627082450750257,True,1.8066334782257862,probability_confidence_spread_edge,probability,june,"{""max_provider_spread"":6.0,""min_confidence"":0.3,""min_edge"":0.0}",7.226533912903145
2026-06-22,highest-temperature-in-seoul-on-june-22-2026-27c,27°C,0.40694875,0.46011996919762627,0.05317121919762624,True,1.4573118850960962,probability_confidence_spread_edge,probability,june,"{""max_provider_spread"":6.0,""min_confidence"":0.3,""min_edge"":0.0}",5.829247540384385
2026-06-25,highest-temperature-in-seoul-on-june-25-2026-27c,27°C,0.24398875,0.4070263336292211,0.16303758362922108,False,-1.0,probability_confidence_spread_edge,probability,june,"{""max_provider_spread"":6.0,""min_confidence"":0.3,""min_edge"":0.0}",-4.0
2026-06-26,highest-temperature-in-seoul-on-june-26-2026-26c,26°C,0.16672,0.4978568952449987,0.3311368952449987,False,-1.0,probability_confidence_spread_edge,probability,june,"{""max_provider_spread"":6.0,""min_confidence"":0.3,""min_edge"":0.0}",-4.0
2026-06-27,highest-temperature-in-seoul-on-june-27-2026-29c,29°C,0.40694875,0.4511014744949673,0.044152724494967266,False,-1.0,probability_confidence_spread_edge,probability,june,"{""max_provider_spread"":6.0,""min_confidence"":0.3,""min_edge"":0.0}",-4.0
2026-07-01,highest-temperature-in-seoul-on-july-1-2026-31c,31°C,0.24912,0.4025232920858616,0.15340329208586156,False,-1.0,probability_confidence_spread_edge,probability,july,"{""max_provider_spread"":6.0,""min_confidence"":0.3,""min_edge"":0.0}",-4.0
2026-07-03,highest-temperature-in-seoul-on-july-3-2026-27c,27°C,0.39683875,0.48261294290743173,0.08577419290743171,False,-1.0,probability_confidence_spread_edge,probability,july,"{""max_provider_spread"":6.0,""min_confidence"":0.3,""min_edge"":0.0}",-4.0
2026-07-04,highest-temperature-in-seoul-on-july-4-2026-28c,28°C,0.53746875,0.5519565830779698,0.014487833077969747,True,0.8605732891447175,probability_confidence_spread_edge,probability,july,"{""max_provider_spread"":6.0,""min_confidence"":0.3,""min_edge"":0.0}",3.44229315657887
2026-07-06,highest-temperature-in-seoul-on-july-6-2026-27c,27°C,0.33088,0.39568616852733335,0.06480616852733334,False,-1.0,probability_confidence_spread_edge,probability,july,"{""max_provider_spread"":6.0,""min_confidence"":0.3,""min_edge"":0.0}",-4.0
2026-07-07,highest-temperature-in-seoul-on-july-7-2026-30corhigher,30°C or higher,0.53946355,0.7650574467372931,0.22559389673729313,True,0.8536933588932931,probability_confidence_spread_edge,probability,july,"{""max_provider_spread"":6.0,""min_confidence"":0.3,""min_edge"":0.0}",3.4147734355731725
2026-07-09,highest-temperature-in-seoul-on-july-9-2026-26c,26°C,0.37658874999999997,0.3969807018635354,0.02039195186353543,False,-1.0,probability_confidence_spread_edge,probability,july,"{""max_provider_spread"":6.0,""min_confidence"":0.3,""min_edge"":0.0}",-4.0
2026-07-10,highest-temperature-in-seoul-on-july-10-2026-29c,29°C,0.25424875,0.44352055438068466,0.18927180438068464,False,-1.0,probability_confidence_spread_edge,probability,july,"{""max_provider_spread"":6.0,""min_confidence"":0.3,""min_edge"":0.0}",-4.0
2026-07-11,highest-temperature-in-seoul-on-july-11-2026-33corhigher,33°C or higher,0.14705595000000002,0.6386804823085153,0.4916245323085152,False,-1.0,probability_confidence_spread_edge,probability,july,"{""max_provider_spread"":6.0,""min_confidence"":0.3,""min_edge"":0.0}",-4.0
2026-07-15,highest-temperature-in-seoul-on-july-15-2026-27c,27°C,0.259375,0.34492085405345263,0.08554585405345261,False,-1.0,probability_confidence_spread_edge,probability,july,"{""max_provider_spread"":6.0,""min_confidence"":0.3,""min_edge"":0.0}",-4.0
2026-07-18,highest-temperature-in-seoul-on-july-18-2026-26c,26°C,0.20284875,0.4087413116836831,0.2058925616836831,True,3.9297814258160333,probability_confidence_spread_edge,probability,july,"{""max_provider_spread"":6.0,""min_confidence"":0.3,""min_edge"":0.0}",15.719125703264133
2026-07-20,highest-temperature-in-seoul-on-july-20-2026-25c,25°C,0.31559875,0.43690057069490024,0.12130182069490025,False,-1.0,probability_confidence_spread_edge,probability,july,"{""max_provider_spread"":6.0,""min_confidence"":0.3,""min_edge"":0.0}",-4.0
2026-07-22,highest-temperature-in-seoul-on-july-22-2026-27c,27°C,0.30029500000000003,0.4361140635861968,0.13581906358619678,True,2.330058775537388,probability_confidence_spread_edge,probability,july,"{""max_provider_spread"":6.0,""min_confidence"":0.3,""min_edge"":0.0}",9.320235102149551
2026-07-24,highest-temperature-in-seoul-on-july-24-2026-30c,30°C,0.22343875,0.5308512849758401,0.3074125349758401,False,-1.0,probability_confidence_spread_edge,probability,july,"{""max_provider_spread"":6.0,""min_confidence"":0.3,""min_edge"":0.0}",-4.0
2026-02-01,highest-temperature-in-seoul-on-february-1-2c,2°C,0.035,0.5019521264926332,0.4669521264926332,False,-1.0,notebook_policy_reference,probability,february,"{""notebook_policy"":1.0}",-4.0
2026-02-02,highest-temperature-in-seoul-on-february-2-0c,0°C,0.85,0.564553988987968,-0.28544601101203193,True,0.17647058823529416,notebook_policy_reference,probability,february,"{""notebook_policy"":1.0}",0.7058823529411766
2026-02-03,highest-temperature-in-seoul-on-february-3-2026-4corhigher,4°C or higher,0.0635,0.8278498255428757,0.7643498255428757,False,-1.0,notebook_policy_reference,probability,february,"{""notebook_policy"":1.0}",-4.0
2026-02-06,highest-temperature-in-seoul-on-february-6-2026-neg-4c,-4°C,0.895,0.5406380039630087,-0.35436199603699137,True,0.11731843575418988,notebook_policy_reference,probability,february,"{""notebook_policy"":1.0}",0.4692737430167595
2026-02-07,highest-temperature-in-seoul-on-february-7-2026-neg-6c,-6°C,0.135,0.5116834370461321,0.37668343704613205,False,-1.0,notebook_policy_reference,probability,february,"{""notebook_policy"":1.0}",-4.0
2026-02-15,highest-temperature-in-seoul-on-february-15-2026-9corhigher,9°C or higher,0.5650000000000001,0.6102244744270748,0.04522447442707478,False,-1.0,notebook_policy_reference,probability,february,"{""notebook_policy"":1.0}",-4.0
2026-02-17,highest-temperature-in-seoul-on-february-17-2026-5c,5°C,0.52,0.5078467981624923,-0.012153201837507677,False,-1.0,notebook_policy_reference,probability,february,"{""notebook_policy"":1.0}",-4.0
2026-02-18,highest-temperature-in-seoul-on-february-18-2026-5c,5°C,0.46,0.5289705007533507,0.0689705007533507,False,-1.0,notebook_policy_reference,probability,february,"{""notebook_policy"":1.0}",-4.0
2026-02-19,highest-temperature-in-seoul-on-february-19-2026-6c,6°C,0.315,0.5007260513413885,0.18572605134138848,False,-1.0,notebook_policy_reference,probability,february,"{""notebook_policy"":1.0}",-4.0
2026-02-23,highest-temperature-in-seoul-on-february-23-2026-4c,4°C,0.51,0.5307576239374682,0.02075762393746816,True,0.9607843137254901,notebook_policy_reference,probability,february,"{""notebook_policy"":1.0}",3.8431372549019605
2026-02-26,highest-temperature-in-seoul-on-february-26-2026-11c,11°C,0.35000000000000003,0.4378463402734908,0.08784634027349075,True,1.8571428571428568,notebook_policy_reference,probability,february,"{""notebook_policy"":1.0}",7.428571428571427
2026-03-01,highest-temperature-in-seoul-on-march-1-2026-13c,13°C,0.24200000000000002,0.40726792419422897,0.16526792419422895,False,-1.0,notebook_policy_reference,probability,march,"{""notebook_policy"":1.0}",-4.0
2026-03-04,highest-temperature-in-seoul-on-march-4-2026-8c,8°C,0.28500000000000003,0.45470350598019943,0.1697035059801994,False,-1.0,notebook_policy_reference,probability,march,"{""notebook_policy"":1.0}",-4.0
2026-03-05,highest-temperature-in-seoul-on-march-5-2026-9c,9°C,0.45,0.47952640380033024,0.029526403800330225,False,-1.0,notebook_policy_reference,probability,march,"{""notebook_policy"":1.0}",-4.0
2026-03-06,highest-temperature-in-seoul-on-march-6-2026-5c,5°C,0.47500000000000003,0.47848847818821705,0.0034884781882170146,False,-1.0,notebook_policy_reference,probability,march,"{""notebook_policy"":1.0}",-4.0
2026-03-07,highest-temperature-in-seoul-on-march-7-2026-4c,4°C,0.455,0.4190490171610497,-0.03595098283895032,False,-1.0,notebook_policy_reference,probability,march,"{""notebook_policy"":1.0}",-4.0
2026-03-08,highest-temperature-in-seoul-on-march-8-2026-5c,5°C,0.495,0.4172447144146939,-0.07775528558530609,False,-1.0,notebook_policy_reference,probability,march,"{""notebook_policy"":1.0}",-4.0
2026-03-09,highest-temperature-in-seoul-on-march-9-2026-8c,8°C,0.27,0.4710566767821721,0.2010566767821721,False,-1.0,notebook_policy_reference,probability,march,"{""notebook_policy"":1.0}",-4.0
2026-03-10,highest-temperature-in-seoul-on-march-10-2026-7c,7°C,0.455,0.5061399465540406,0.05113994655404058,True,1.1978021978021975,notebook_policy_reference,probability,march,"{""notebook_policy"":1.0}",4.79120879120879
2026-03-14,highest-temperature-in-seoul-on-march-14-2026-10c,10°C,0.305,0.43429570932909634,0.12929570932909634,False,-1.0,notebook_policy_reference,probability,march,"{""notebook_policy"":1.0}",-4.0
2026-03-15,highest-temperature-in-seoul-on-march-15-2026-10c,10°C,0.455,0.4479021671235447,-0.007097832876455323,True,1.1978021978021975,notebook_policy_reference,probability,march,"{""notebook_policy"":1.0}",4.79120879120879
2026-03-16,highest-temperature-in-seoul-on-march-16-2026-11c,11°C,0.19,0.4944206840487698,0.3044206840487698,False,-1.0,notebook_policy_reference,probability,march,"{""notebook_policy"":1.0}",-4.0
2026-03-19,highest-temperature-in-seoul-on-march-19-2026-9c,9°C,0.53,0.4712531272434585,-0.0587468727565415,True,0.8867924528301885,notebook_policy_reference,probability,march,"{""notebook_policy"":1.0}",3.547169811320754
2026-03-20,highest-temperature-in-seoul-on-march-20-2026-11c,11°C,0.425,0.40088356062229147,-0.02411643937770852,True,1.3529411764705883,notebook_policy_reference,probability,march,"{""notebook_policy"":1.0}",5.411764705882353
2026-03-22,highest-temperature-in-seoul-on-march-22-2026-14corhigher,14°C or higher,0.785,0.7066824559663037,-0.07831754403369628,True,0.2738853503184713,notebook_policy_reference,probability,march,"{""notebook_policy"":1.0}",1.095541401273885
2026-03-24,highest-temperature-in-seoul-on-march-24-2026-15corhigher,15°C or higher,0.465,0.7311148307454206,0.2661148307454206,False,-1.0,notebook_policy_reference,probability,march,"{""notebook_policy"":1.0}",-4.0
2026-03-26,highest-temperature-in-seoul-on-march-26-2026-11c,11°C,0.2285,0.472797084612206,0.24429708461220598,False,-1.0,notebook_policy_reference,probability,march,"{""notebook_policy"":1.0}",-4.0
2026-03-28,highest-temperature-in-seoul-on-march-28-2026-13c,13°C,0.27,0.4266836633721804,0.15668366337218037,False,-1.0,notebook_policy_reference,probability,march,"{""notebook_policy"":1.0}",-4.0
2026-04-01,highest-temperature-in-seoul-on-april-1-2026-16corhigher,16°C or higher,0.1894438,0.6426636014863933,0.45321980148639335,False,-1.0,notebook_policy_reference,probability,april,"{""notebook_policy"":1.0}",-4.0
2026-04-02,highest-temperature-in-seoul-on-april-2-2026-15c,15°C,0.17705500000000002,0.4224796969401995,0.24542469694019947,False,-1.0,notebook_policy_reference,probability,april,"{""notebook_policy"":1.0}",-4.0
2026-04-04,highest-temperature-in-seoul-on-april-4-2026-17corhigher,17°C or higher,0.84188875,0.5827397858078243,-0.2591489641921757,True,0.1878053959029622,notebook_policy_reference,probability,april,"{""notebook_policy"":1.0}",0.7512215836118488
2026-04-06,highest-temperature-in-seoul-on-april-6-2026-14c,14°C,0.09929875,0.4117302435823584,0.3124314935823584,True,9.070620224323065,notebook_policy_reference,probability,april,"{""notebook_policy"":1.0}",36.28248089729226
2026-04-08,highest-temperature-in-seoul-on-april-8-2026-13c,13°C,0.22858,0.402991540610727,0.174411540610727,True,3.374835943652113,notebook_policy_reference,probability,april,"{""notebook_policy"":1.0}",13.499343774608452
2026-04-13,highest-temperature-in-seoul-on-april-13-2026-21c,21°C,0.18738000000000002,0.4124309506392211,0.22505095063922106,False,-1.0,notebook_policy_reference,probability,april,"{""notebook_policy"":1.0}",-4.0
2026-04-15,highest-temperature-in-seoul-on-april-15-2026-21corhigher,21°C or higher,0.9179302,0.8846536577509069,-0.033276542249093155,True,0.08940745167769837,notebook_policy_reference,probability,april,"{""notebook_policy"":1.0}",0.3576298067107935
2026-04-18,highest-temperature-in-seoul-on-april-18-2026-19c,19°C,0.05498718750000001,0.5138943089557142,0.4589071214557142,False,-1.0,notebook_policy_reference,probability,april,"{""notebook_policy"":1.0}",-4.0
2026-04-19,highest-temperature-in-seoul-on-april-19-2026-21c,21°C,0.1128168,0.55684866869027,0.44403186869027006,False,-1.0,notebook_policy_reference,probability,april,"{""notebook_policy"":1.0}",-4.0
2026-04-20,highest-temperature-in-seoul-on-april-20-2026-16c,16°C,0.09929875,0.4575683994240249,0.3582696494240249,False,-1.0,notebook_policy_reference,probability,april,"{""notebook_policy"":1.0}",-4.0
2026-04-21,highest-temperature-in-seoul-on-april-21-2026-15c,15°C,0.3105,0.4173064453145329,0.10680644531453293,False,-1.0,notebook_policy_reference,probability,april,"{""notebook_policy"":1.0}",-4.0
2026-04-25,highest-temperature-in-seoul-on-april-25-2026-21corhigher,21°C or higher,0.856375,0.6215446821372246,-0.23483031786277542,False,-1.0,notebook_policy_reference,probability,april,"{""notebook_policy"":1.0}",-4.0
2026-04-27,highest-temperature-in-seoul-on-april-27-2026-19c,19°C,0.45734875,0.40739325803407594,-0.04995549196592408,True,1.1865152140461737,notebook_policy_reference,probability,april,"{""notebook_policy"":1.0}",4.746060856184695
2026-05-03,highest-temperature-in-seoul-on-may-3-2026-14c,14°C,0.5125,0.424783015031598,-0.08771698496840197,False,-1.0,notebook_policy_reference,probability,may,"{""notebook_policy"":1.0}",-4.0
2026-05-07,highest-temperature-in-seoul-on-may-7-2026-18c,18°C,0.2434754875,0.40436481079735165,0.16088932329735164,False,-1.0,notebook_policy_reference,probability,may,"{""notebook_policy"":1.0}",-4.0
2026-05-08,highest-temperature-in-seoul-on-may-8-2026-19c,19°C,0.51749875,0.4175996370166501,-0.09989911298334991,False,-1.0,notebook_policy_reference,probability,may,"{""notebook_policy"":1.0}",-4.0
2026-05-09,highest-temperature-in-seoul-on-may-9-2026-20c,20°C,0.42713875,0.5404803382045689,0.11334158820456885,True,1.341159634896155,notebook_policy_reference,probability,may,"{""notebook_policy"":1.0}",5.36463853958462
2026-05-10,highest-temperature-in-seoul-on-may-10-2026-21c,21°C,0.41704875,0.4239638487389382,0.006915098738938197,False,-1.0,notebook_policy_reference,probability,may,"{""notebook_policy"":1.0}",-4.0
2026-05-13,highest-temperature-in-seoul-on-may-13-2026-21c,21°C,0.43721875,0.45728411930474894,0.020065369304748948,False,-1.0,notebook_policy_reference,probability,may,"{""notebook_policy"":1.0}",-4.0
2026-05-14,highest-temperature-in-seoul-on-may-14-2026-26c,26°C,0.27473875000000003,0.46962418759852687,0.19488543759852683,True,2.639821466757055,notebook_policy_reference,probability,may,"{""notebook_policy"":1.0}",10.55928586702822
2026-05-16,highest-temperature-in-seoul-on-may-16-2026-25c,25°C,0.21829500000000002,0.551993322825144,0.333698322825144,False,-1.0,notebook_policy_reference,probability,may,"{""notebook_policy"":1.0}",-4.0
2026-05-24,highest-temperature-in-seoul-on-may-24-2026-25corhigher,25°C or higher,0.9847872,0.9547085009786423,-0.030078699021357624,False,-1.0,notebook_policy_reference,probability,may,"{""notebook_policy"":1.0}",-4.0
2026-05-25,highest-temperature-in-seoul-on-may-25-2026-27c,27°C,0.43218,0.4414249714575831,0.009244971457583073,True,1.3138507103521682,notebook_policy_reference,probability,may,"{""notebook_policy"":1.0}",5.255402841408673
2026-06-01,highest-temperature-in-seoul-on-june-1-2026-26c,26°C,0.40694875,0.4313643387582135,0.02441558875821348,False,-1.0,notebook_policy_reference,probability,june,"{""notebook_policy"":1.0}",-4.0
2026-06-04,highest-temperature-in-seoul-on-june-4-2026-26c,26°C,0.612,0.4883070065612948,-0.12369299343870521,True,0.6339869281045751,notebook_policy_reference,probability,june,"{""notebook_policy"":1.0}",2.5359477124183005
2026-06-09,highest-temperature-in-seoul-on-june-9-2026-25c,25°C,0.41200000000000003,0.41983310100025384,0.007833101000253806,True,1.4271844660194173,notebook_policy_reference,probability,june,"{""notebook_policy"":1.0}",5.708737864077669
2026-06-10,highest-temperature-in-seoul-on-june-10-2026-24c,24°C,0.20284875,0.41099555057793674,0.20814680057793675,False,-1.0,notebook_policy_reference,probability,june,"{""notebook_policy"":1.0}",-4.0
2026-06-11,highest-temperature-in-seoul-on-june-11-2026-24c,24°C,0.20284875,0.4161126061653726,0.2132638561653726,False,-1.0,notebook_policy_reference,probability,june,"{""notebook_policy"":1.0}",-4.0
2026-06-12,highest-temperature-in-seoul-on-june-12-2026-25c,25°C,0.46739875000000003,0.4632857952887631,-0.004112954711236905,False,-1.0,notebook_policy_reference,probability,june,"{""notebook_policy"":1.0}",-4.0
2026-06-13,highest-temperature-in-seoul-on-june-13-2026-27c,27°C,0.32578875,0.4262544817308555,0.10046573173085549,True,2.0694737003656507,notebook_policy_reference,probability,june,"{""notebook_policy"":1.0}",8.277894801462603
2026-06-14,highest-temperature-in-seoul-on-june-14-2026-26c,26°C,0.57232,0.4052966149343433,-0.16702338506565673,True,0.74727425216662,notebook_policy_reference,probability,june,"{""notebook_policy"":1.0}",2.98909700866648
2026-06-17,highest-temperature-in-seoul-on-june-17-2026-30c,30°C,0.5119999875,0.5234337861179803,0.011433798617980329,True,0.953125047683717,notebook_policy_reference,probability,june,"{""notebook_policy"":1.0}",3.812500190734868
2026-06-19,highest-temperature-in-seoul-on-june-19-2026-30c,30°C,0.65644875,0.4034011520636185,-0.25304759793638154,False,-1.0,notebook_policy_reference,probability,june,"{""notebook_policy"":1.0}",-4.0
2026-06-21,highest-temperature-in-seoul-on-june-21-2026-27c,27°C,0.35629875000000005,0.4525695745075026,0.09627082450750257,True,1.8066334782257862,notebook_policy_reference,probability,june,"{""notebook_policy"":1.0}",7.226533912903145
2026-06-22,highest-temperature-in-seoul-on-june-22-2026-27c,27°C,0.40694875,0.46011996919762627,0.05317121919762624,True,1.4573118850960962,notebook_policy_reference,probability,june,"{""notebook_policy"":1.0}",5.829247540384385
2026-06-25,highest-temperature-in-seoul-on-june-25-2026-27c,27°C,0.24398875,0.4070263336292211,0.16303758362922108,False,-1.0,notebook_policy_reference,probability,june,"{""notebook_policy"":1.0}",-4.0
2026-06-26,highest-temperature-in-seoul-on-june-26-2026-26c,26°C,0.16672,0.4978568952449987,0.3311368952449987,False,-1.0,notebook_policy_reference,probability,june,"{""notebook_policy"":1.0}",-4.0
2026-06-27,highest-temperature-in-seoul-on-june-27-2026-29c,29°C,0.40694875,0.4511014744949673,0.044152724494967266,False,-1.0,notebook_policy_reference,probability,june,"{""notebook_policy"":1.0}",-4.0
2026-06-28,highest-temperature-in-seoul-on-june-28-2026-28c,28°C,0.49748875,0.4600297254062189,-0.03745902459378109,False,-1.0,notebook_policy_reference,probability,june,"{""notebook_policy"":1.0}",-4.0
2026-06-30,highest-temperature-in-seoul-on-june-30-2026-28c,28°C,0.5822550000000001,0.40698547658075335,-0.17526952341924673,True,0.7174605628118262,notebook_policy_reference,probability,june,"{""notebook_policy"":1.0}",2.869842251247305
2026-07-01,highest-temperature-in-seoul-on-july-1-2026-31c,31°C,0.24912,0.4025232920858616,0.15340329208586156,False,-1.0,notebook_policy_reference,probability,july,"{""notebook_policy"":1.0}",-4.0
2026-07-03,highest-temperature-in-seoul-on-july-3-2026-27c,27°C,0.39683875,0.48261294290743173,0.08577419290743171,False,-1.0,notebook_policy_reference,probability,july,"{""notebook_policy"":1.0}",-4.0
2026-07-04,highest-temperature-in-seoul-on-july-4-2026-28c,28°C,0.53746875,0.5519565830779698,0.014487833077969747,True,0.8605732891447175,notebook_policy_reference,probability,july,"{""notebook_policy"":1.0}",3.44229315657887
2026-07-07,highest-temperature-in-seoul-on-july-7-2026-30corhigher,30°C or higher,0.53946355,0.7650574467372931,0.22559389673729313,True,0.8536933588932931,notebook_policy_reference,probability,july,"{""notebook_policy"":1.0}",3.4147734355731725
2026-07-08,highest-temperature-in-seoul-on-july-8-2026-28c,28°C,0.914095,0.5249825001725393,-0.38911249982746066,True,0.09397819701453347,notebook_policy_reference,probability,july,"{""notebook_policy"":1.0}",0.3759127880581339
2026-07-10,highest-temperature-in-seoul-on-july-10-2026-29c,29°C,0.25424875,0.44352055438068466,0.18927180438068464,False,-1.0,notebook_policy_reference,probability,july,"{""notebook_policy"":1.0}",-4.0
2026-07-11,highest-temperature-in-seoul-on-july-11-2026-33corhigher,33°C or higher,0.14705595000000002,0.6386804823085153,0.4916245323085152,False,-1.0,notebook_policy_reference,probability,july,"{""notebook_policy"":1.0}",-4.0
2026-07-12,highest-temperature-in-seoul-on-july-12-2026-34corhigher,34°C or higher,0.89008875,0.6513485004522747,-0.23874024954772533,True,0.12348347285593708,notebook_policy_reference,probability,july,"{""notebook_policy"":1.0}",0.49393389142374833
2026-07-14,highest-temperature-in-seoul-on-july-14-2026-32c,32°C,0.65644875,0.42411089404405344,-0.23233785595594658,True,0.5233481669361089,notebook_policy_reference,probability,july,"{""notebook_policy"":1.0}",2.0933926677444354
2026-07-16,highest-temperature-in-seoul-on-july-16-2026-29c,29°C,0.47242,0.4528227319325152,-0.019597268067484797,False,-1.0,notebook_policy_reference,probability,july,"{""notebook_policy"":1.0}",-4.0
2026-07-18,highest-temperature-in-seoul-on-july-18-2026-26c,26°C,0.20284875,0.4087413116836831,0.2058925616836831,True,3.9297814258160333,notebook_policy_reference,probability,july,"{""notebook_policy"":1.0}",15.719125703264133
2026-07-20,highest-temperature-in-seoul-on-july-20-2026-25c,25°C,0.31559875,0.43690057069490024,0.12130182069490025,False,-1.0,notebook_policy_reference,probability,july,"{""notebook_policy"":1.0}",-4.0
2026-07-21,highest-temperature-in-seoul-on-july-21-2026-27c,27°C,0.8031487500000001,0.5103080004635204,-0.29284074953647965,True,0.2450993667113346,notebook_policy_reference,probability,july,"{""notebook_policy"":1.0}",0.9803974668453384
2026-07-22,highest-temperature-in-seoul-on-july-22-2026-27c,27°C,0.30029500000000003,0.4361140635861968,0.13581906358619678,True,2.330058775537388,notebook_policy_reference,probability,july,"{""notebook_policy"":1.0}",9.320235102149551
2026-07-23,highest-temperature-in-seoul-on-july-23-2026-29c,29°C,0.522495,0.4385378997507724,-0.08395710024922765,False,-1.0,notebook_policy_reference,probability,july,"{""notebook_policy"":1.0}",-4.0
2026-07-24,highest-temperature-in-seoul-on-july-24-2026-30c,30°C,0.22343875,0.5308512849758401,0.3074125349758401,False,-1.0,notebook_policy_reference,probability,july,"{""notebook_policy"":1.0}",-4.0
2026-07-25,highest-temperature-in-seoul-on-july-25-2026-31c,31°C,0.6020949999999999,0.5201067161719495,-0.08198828382805046,True,0.6608674710801454,notebook_policy_reference,probability,july,"{""notebook_policy"":1.0}",2.6434698843205817
2026-02-01,highest-temperature-in-seoul-on-february-1-2c,2°C,0.035,0.5019521264926332,0.4669521264926332,False,-1.0,point_edge_price_cap,point,february,"{""max_price"":0.8,""min_edge"":0.0}",-4.0
2026-02-03,highest-temperature-in-seoul-on-february-3-2026-4corhigher,4°C or higher,0.0635,0.8278498255428757,0.7643498255428757,False,-1.0,point_edge_price_cap,point,february,"{""max_price"":0.8,""min_edge"":0.0}",-4.0
2026-02-04,highest-temperature-in-seoul-on-february-4-2026-7corhigher,7°C or higher,0.044000000000000004,0.6428831768566541,0.598883176856654,True,21.727272727272727,point_edge_price_cap,point,february,"{""max_price"":0.8,""min_edge"":0.0}",86.9090909090909
2026-02-05,highest-temperature-in-seoul-on-february-5-2026-8corhigher,8°C or higher,0.71,0.8825418587320526,0.17254185873205263,True,0.40845070422535223,point_edge_price_cap,point,february,"{""max_price"":0.8,""min_edge"":0.0}",1.633802816901409
2026-02-07,highest-temperature-in-seoul-on-february-7-2026-neg-6c,-6°C,0.135,0.5116834370461321,0.37668343704613205,False,-1.0,point_edge_price_cap,point,february,"{""max_price"":0.8,""min_edge"":0.0}",-4.0
2026-02-08,highest-temperature-in-seoul-on-february-8-2026-neg-5c,-5°C,0.049,0.3169720113096047,0.2679720113096047,False,-1.0,point_edge_price_cap,point,february,"{""max_price"":0.8,""min_edge"":0.0}",-4.0
2026-02-09,highest-temperature-in-seoul-on-february-9-2026-1c,1°C,0.2,0.33878913353698126,0.13878913353698125,False,-1.0,point_edge_price_cap,point,february,"{""max_price"":0.8,""min_edge"":0.0}",-4.0
2026-02-13,highest-temperature-in-seoul-on-february-13-2026-9corhigher,9°C or higher,0.47000000000000003,0.8904206179434782,0.4204206179434781,True,1.127659574468085,point_edge_price_cap,point,february,"{""max_price"":0.8,""min_edge"":0.0}",4.51063829787234
2026-02-14,highest-temperature-in-seoul-on-february-14-2026-11corhigher,11°C or higher,0.072,0.6950768859089108,0.6230768859089109,True,12.88888888888889,point_edge_price_cap,point,february,"{""max_price"":0.8,""min_edge"":0.0}",51.55555555555556
2026-02-15,highest-temperature-in-seoul-on-february-15-2026-9corhigher,9°C or higher,0.5650000000000001,0.6102244744270748,0.04522447442707478,False,-1.0,point_edge_price_cap,point,february,"{""max_price"":0.8,""min_edge"":0.0}",-4.0
2026-02-16,highest-temperature-in-seoul-on-february-16-2026-4c,4°C,0.22,0.3962215916290958,0.17622159162909581,False,-1.0,point_edge_price_cap,point,february,"{""max_price"":0.8,""min_edge"":0.0}",-4.0
2026-02-18,highest-temperature-in-seoul-on-february-18-2026-5c,5°C,0.46,0.5289705007533507,0.0689705007533507,False,-1.0,point_edge_price_cap,point,february,"{""max_price"":0.8,""min_edge"":0.0}",-4.0
2026-02-19,highest-temperature-in-seoul-on-february-19-2026-6c,6°C,0.315,0.5007260513413885,0.18572605134138848,False,-1.0,point_edge_price_cap,point,february,"{""max_price"":0.8,""min_edge"":0.0}",-4.0
2026-02-21,highest-temperature-in-seoul-on-february-21-2026-14corhigher,14°C or higher,0.75,0.9165827273067936,0.16658272730679358,True,0.33333333333333326,point_edge_price_cap,point,february,"{""max_price"":0.8,""min_edge"":0.0}",1.333333333333333
2026-02-23,highest-temperature-in-seoul-on-february-23-2026-4c,4°C,0.51,0.5307576239374682,0.02075762393746816,True,0.9607843137254901,point_edge_price_cap,point,february,"{""max_price"":0.8,""min_edge"":0.0}",3.8431372549019605
2026-02-24,highest-temperature-in-seoul-on-february-24-2026-6c,6°C,0.095,0.3306909742388555,0.23569097423885552,False,-1.0,point_edge_price_cap,point,february,"{""max_price"":0.8,""min_edge"":0.0}",-4.0
2026-02-25,highest-temperature-in-seoul-on-february-25-2026-9c,9°C,0.0955,0.34215254663859374,0.24665254663859373,False,-1.0,point_edge_price_cap,point,february,"{""max_price"":0.8,""min_edge"":0.0}",-4.0
2026-02-26,highest-temperature-in-seoul-on-february-26-2026-11c,11°C,0.35000000000000003,0.4378463402734908,0.08784634027349075,True,1.8571428571428568,point_edge_price_cap,point,february,"{""max_price"":0.8,""min_edge"":0.0}",7.428571428571427
2026-02-27,highest-temperature-in-seoul-on-february-27-2026-13corhigher,13°C or higher,0.58,0.7482137727899805,0.1682137727899805,True,0.7241379310344829,point_edge_price_cap,point,february,"{""max_price"":0.8,""min_edge"":0.0}",2.8965517241379315
2026-03-01,highest-temperature-in-seoul-on-march-1-2026-13c,13°C,0.24200000000000002,0.40726792419422897,0.16526792419422895,False,-1.0,point_edge_price_cap,point,march,"{""max_price"":0.8,""min_edge"":-0.05}",-4.0
2026-03-02,highest-temperature-in-seoul-on-march-2-2026-7c,7°C,0.12,0.3482306645535439,0.2282306645535439,False,-1.0,point_edge_price_cap,point,march,"{""max_price"":0.8,""min_edge"":-0.05}",-4.0
2026-03-04,highest-temperature-in-seoul-on-march-4-2026-8c,8°C,0.28500000000000003,0.45470350598019943,0.1697035059801994,False,-1.0,point_edge_price_cap,point,march,"{""max_price"":0.8,""min_edge"":-0.05}",-4.0
2026-03-05,highest-temperature-in-seoul-on-march-5-2026-9c,9°C,0.45,0.47952640380033024,0.029526403800330225,False,-1.0,point_edge_price_cap,point,march,"{""max_price"":0.8,""min_edge"":-0.05}",-4.0
2026-03-06,highest-temperature-in-seoul-on-march-6-2026-5c,5°C,0.47500000000000003,0.47848847818821705,0.0034884781882170146,False,-1.0,point_edge_price_cap,point,march,"{""max_price"":0.8,""min_edge"":-0.05}",-4.0
2026-03-07,highest-temperature-in-seoul-on-march-7-2026-4c,4°C,0.455,0.4190490171610497,-0.03595098283895032,False,-1.0,point_edge_price_cap,point,march,"{""max_price"":0.8,""min_edge"":-0.05}",-4.0
2026-03-09,highest-temperature-in-seoul-on-march-9-2026-8c,8°C,0.27,0.4710566767821721,0.2010566767821721,False,-1.0,point_edge_price_cap,point,march,"{""max_price"":0.8,""min_edge"":-0.05}",-4.0
2026-03-10,highest-temperature-in-seoul-on-march-10-2026-7c,7°C,0.455,0.5061399465540406,0.05113994655404058,True,1.1978021978021975,point_edge_price_cap,point,march,"{""max_price"":0.8,""min_edge"":-0.05}",4.79120879120879
2026-03-11,highest-temperature-in-seoul-on-march-11-2026-8c,8°C,0.275,0.3742537963446443,0.09925379634464426,False,-1.0,point_edge_price_cap,point,march,"{""max_price"":0.8,""min_edge"":-0.05}",-4.0
2026-03-12,highest-temperature-in-seoul-on-march-12-2026-11c,11°C,0.375,0.3593513292575709,-0.015648670742429094,True,1.6666666666666665,point_edge_price_cap,point,march,"{""max_price"":0.8,""min_edge"":-0.05}",6.666666666666666
2026-03-13,highest-temperature-in-seoul-on-march-13-2026-12corhigher,12°C or higher,0.2,0.7440972926454228,0.5440972926454228,False,-1.0,point_edge_price_cap,point,march,"{""max_price"":0.8,""min_edge"":-0.05}",-4.0
2026-03-14,highest-temperature-in-seoul-on-march-14-2026-10c,10°C,0.305,0.43429570932909634,0.12929570932909634,False,-1.0,point_edge_price_cap,point,march,"{""max_price"":0.8,""min_edge"":-0.05}",-4.0
2026-03-15,highest-temperature-in-seoul-on-march-15-2026-10c,10°C,0.455,0.4479021671235447,-0.007097832876455323,True,1.1978021978021975,point_edge_price_cap,point,march,"{""max_price"":0.8,""min_edge"":-0.05}",4.79120879120879
2026-03-16,highest-temperature-in-seoul-on-march-16-2026-11c,11°C,0.19,0.4944206840487698,0.3044206840487698,False,-1.0,point_edge_price_cap,point,march,"{""max_price"":0.8,""min_edge"":-0.05}",-4.0
2026-03-17,highest-temperature-in-seoul-on-march-17-2026-12c,12°C,0.28,0.3953614597916905,0.11536145979169049,True,2.571428571428571,point_edge_price_cap,point,march,"{""max_price"":0.8,""min_edge"":-0.05}",10.285714285714285
2026-03-18,highest-temperature-in-seoul-on-march-18-2026-8c,8°C,0.32,0.3522356916045914,0.03223569160459139,True,2.125,point_edge_price_cap,point,march,"{""max_price"":0.8,""min_edge"":-0.05}",8.5
2026-03-20,highest-temperature-in-seoul-on-march-20-2026-11c,11°C,0.425,0.40088356062229147,-0.02411643937770852,True,1.3529411764705883,point_edge_price_cap,point,march,"{""max_price"":0.8,""min_edge"":-0.05}",5.411764705882353
2026-03-21,highest-temperature-in-seoul-on-march-21-2026-11c,11°C,0.3,0.35702604369818547,0.05702604369818548,True,2.3333333333333335,point_edge_price_cap,point,march,"{""max_price"":0.8,""min_edge"":-0.05}",9.333333333333334
2026-03-23,highest-temperature-in-seoul-on-march-23-2026-15c,15°C,0.295,0.31492324588306386,0.019923245883063878,True,2.3898305084745766,point_edge_price_cap,point,march,"{""max_price"":0.8,""min_edge"":-0.05}",9.559322033898306
2026-03-24,highest-temperature-in-seoul-on-march-24-2026-15corhigher,15°C or higher,0.465,0.7311148307454206,0.2661148307454206,False,-1.0,point_edge_price_cap,point,march,"{""max_price"":0.8,""min_edge"":-0.05}",-4.0
2026-03-25,highest-temperature-in-seoul-on-march-25-2026-14c,14°C,0.33,0.37043672807053757,0.04043672807053755,False,-1.0,point_edge_price_cap,point,march,"{""max_price"":0.8,""min_edge"":-0.05}",-4.0
2026-03-29,highest-temperature-in-seoul-on-march-29-2026-17corhigher,17°C or higher,0.222,0.6154834645495664,0.3934834645495664,False,-1.0,point_edge_price_cap,point,march,"{""max_price"":0.8,""min_edge"":-0.05}",-4.0
2026-03-30,highest-temperature-in-seoul-on-march-30-2026-18c,18°C,0.15000000000000002,0.2199573406502896,0.06995734065028958,True,5.666666666666666,point_edge_price_cap,point,march,"{""max_price"":0.8,""min_edge"":-0.05}",22.666666666666664
2026-04-01,highest-temperature-in-seoul-on-april-1-2026-16corhigher,16°C or higher,0.1894438,0.6426636014863933,0.45321980148639335,False,-1.0,point_edge_price_cap,point,april,"{""max_price"":0.8,""min_edge"":-0.05}",-4.0
2026-04-02,highest-temperature-in-seoul-on-april-2-2026-15c,15°C,0.17705500000000002,0.4224796969401995,0.24542469694019947,False,-1.0,point_edge_price_cap,point,april,"{""max_price"":0.8,""min_edge"":-0.05}",-4.0
2026-04-05,highest-temperature-in-seoul-on-april-5-2026-13c,13°C,0.279855,0.3233281870803757,0.043473187080375675,False,-1.0,point_edge_price_cap,point,april,"{""max_price"":0.8,""min_edge"":-0.05}",-4.0
2026-04-08,highest-temperature-in-seoul-on-april-8-2026-13c,13°C,0.22858,0.402991540610727,0.174411540610727,True,3.374835943652113,point_edge_price_cap,point,april,"{""max_price"":0.8,""min_edge"":-0.05}",13.499343774608452
2026-04-09,highest-temperature-in-seoul-on-april-9-2026-14c,14°C,0.16154875,0.28663762098533213,0.12508887098533214,False,-1.0,point_edge_price_cap,point,april,"{""max_price"":0.8,""min_edge"":-0.05}",-4.0
2026-04-10,highest-temperature-in-seoul-on-april-10-2026-12c,12°C,0.37151999999999996,0.3837649903423349,0.01224499034233495,True,1.6916451335055989,point_edge_price_cap,point,april,"{""max_price"":0.8,""min_edge"":-0.05}",6.7665805340223955
2026-04-11,highest-temperature-in-seoul-on-april-11-2026-14c,14°C,0.20800000000000002,0.2216994880967063,0.013699488096706292,False,-1.0,point_edge_price_cap,point,april,"{""max_price"":0.8,""min_edge"":-0.05}",-4.0
2026-04-12,highest-temperature-in-seoul-on-april-12-2026-18c,18°C,0.22343875,0.18038564604414045,-0.04305310395585954,False,-1.0,point_edge_price_cap,point,april,"{""max_price"":0.8,""min_edge"":-0.05}",-4.0
2026-04-13,highest-temperature-in-seoul-on-april-13-2026-22c,22°C,0.1915072,0.16096254381137065,-0.030544656188629338,False,-1.0,point_edge_price_cap,point,april,"{""max_price"":0.8,""min_edge"":-0.05}",-4.0
2026-04-14,highest-temperature-in-seoul-on-april-14-2026-24corhigher,24°C or higher,0.341055,0.5562829724333258,0.2152279724333258,False,-1.0,point_edge_price_cap,point,april,"{""max_price"":0.8,""min_edge"":-0.05}",-4.0
2026-04-16,highest-temperature-in-seoul-on-april-16-2026-23c,23°C,0.36137500000000006,0.33906354437492886,-0.022311455625071197,False,-1.0,point_edge_price_cap,point,april,"{""max_price"":0.8,""min_edge"":-0.05}",-4.0
2026-04-20,highest-temperature-in-seoul-on-april-20-2026-16c,16°C,0.09929875,0.4575683994240249,0.3582696494240249,False,-1.0,point_edge_price_cap,point,april,"{""max_price"":0.8,""min_edge"":-0.05}",-4.0
2026-04-21,highest-temperature-in-seoul-on-april-21-2026-15c,15°C,0.3105,0.4173064453145329,0.10680644531453293,False,-1.0,point_edge_price_cap,point,april,"{""max_price"":0.8,""min_edge"":-0.05}",-4.0
2026-04-22,highest-temperature-in-seoul-on-april-22-2026-16c,16°C,0.33596875000000004,0.36304441863883513,0.027075668638835093,False,-1.0,point_edge_price_cap,point,april,"{""max_price"":0.8,""min_edge"":-0.05}",-4.0
2026-04-27,highest-temperature-in-seoul-on-april-27-2026-19c,19°C,0.45734875,0.40739325803407594,-0.04995549196592408,True,1.1865152140461737,point_edge_price_cap,point,april,"{""max_price"":0.8,""min_edge"":-0.05}",4.746060856184695
2026-04-28,highest-temperature-in-seoul-on-april-28-2026-17c,17°C,0.18221875,0.3985937221158586,0.21637497211585857,False,-1.0,point_edge_price_cap,point,april,"{""max_price"":0.8,""min_edge"":-0.05}",-4.0
2026-04-29,highest-temperature-in-seoul-on-april-29-2026-18c,18°C,0.33596875000000004,0.3271016497688973,-0.008867100231102765,True,1.9764673053669424,point_edge_price_cap,point,april,"{""max_price"":0.8,""min_edge"":-0.05}",7.9058692214677695
2026-05-01,highest-temperature-in-seoul-on-may-1-2026-20corhigher,20°C or higher,0.29518875000000006,0.5380599977564045,0.2428712477564044,False,-1.0,point_edge_price_cap,point,may,"{""max_price"":0.8,""min_edge"":-0.05}",-4.0
2026-05-02,highest-temperature-in-seoul-on-may-2-2026-19c,19°C,0.25424875,0.3787176141185294,0.12446886411852937,False,-1.0,point_edge_price_cap,point,may,"{""max_price"":0.8,""min_edge"":-0.05}",-4.0
2026-05-04,highest-temperature-in-seoul-on-may-4-2026-19c,19°C,0.18221875,0.29075623572697157,0.10853748572697156,False,-1.0,point_edge_price_cap,point,may,"{""max_price"":0.8,""min_edge"":-0.05}",-4.0
2026-05-05,highest-temperature-in-seoul-on-may-5-2026-18c,18°C,0.36137500000000006,0.3194713037663394,-0.04190369623366064,True,1.7672085783465925,point_edge_price_cap,point,may,"{""max_price"":0.8,""min_edge"":-0.05}",7.06883431338637
2026-05-06,highest-temperature-in-seoul-on-may-6-2026-21corhigher,21°C or higher,0.641655,0.7094796773855279,0.06782467738552789,True,0.5584698942578177,point_edge_price_cap,point,may,"{""max_price"":0.8,""min_edge"":-0.05}",2.2338795770312707
2026-05-07,highest-temperature-in-seoul-on-may-7-2026-18c,18°C,0.2434754875,0.40436481079735165,0.16088932329735164,False,-1.0,point_edge_price_cap,point,may,"{""max_price"":0.8,""min_edge"":-0.05}",-4.0
2026-05-09,highest-temperature-in-seoul-on-may-9-2026-20c,20°C,0.42713875,0.5404803382045689,0.11334158820456885,True,1.341159634896155,point_edge_price_cap,point,may,"{""max_price"":0.8,""min_edge"":-0.05}",5.36463853958462
2026-05-10,highest-temperature-in-seoul-on-may-10-2026-21c,21°C,0.41704875,0.4239638487389382,0.006915098738938197,False,-1.0,point_edge_price_cap,point,may,"{""max_price"":0.8,""min_edge"":-0.05}",-4.0
2026-05-13,highest-temperature-in-seoul-on-may-13-2026-21c,21°C,0.43721875,0.45728411930474894,0.020065369304748948,False,-1.0,point_edge_price_cap,point,may,"{""max_price"":0.8,""min_edge"":-0.05}",-4.0
2026-05-21,highest-temperature-in-seoul-on-may-21-2026-18c,18°C,0.1817024875,0.3336724673390063,0.1519699798390063,False,-1.0,point_edge_price_cap,point,may,"{""max_price"":0.8,""min_edge"":-0.05}",-4.0
2026-05-25,highest-temperature-in-seoul-on-may-25-2026-27c,27°C,0.43218,0.4414249714575831,0.009244971457583073,True,1.3138507103521682,point_edge_price_cap,point,may,"{""max_price"":0.8,""min_edge"":-0.05}",5.255402841408673
2026-05-29,highest-temperature-in-seoul-on-may-29-2026-24c,24°C,0.26962,0.3178500203605921,0.048230020360592096,False,-1.0,point_edge_price_cap,point,may,"{""max_price"":0.8,""min_edge"":-0.05}",-4.0
2026-05-30,highest-temperature-in-seoul-on-may-30-2026-25c,25°C,0.35629875000000005,0.3927397103432452,0.03644096034324512,False,-1.0,point_edge_price_cap,point,may,"{""max_price"":0.8,""min_edge"":-0.05}",-4.0
2026-06-01,highest-temperature-in-seoul-on-june-1-2026-26c,26°C,0.40694875,0.4313643387582135,0.02441558875821348,False,-1.0,point_edge_price_cap,point,june,"{""max_price"":0.8,""min_edge"":-0.05}",-4.0
2026-06-02,highest-temperature-in-seoul-on-june-2-2026-28c,28°C,0.35122000000000003,0.30360803798787583,-0.0476119620121242,False,-1.0,point_edge_price_cap,point,june,"{""max_price"":0.8,""min_edge"":-0.05}",-4.0
2026-06-05,highest-temperature-in-seoul-on-june-5-2026-23c,23°C,0.25424875,0.3206066687236908,0.06635791872369079,True,2.933156013549722,point_edge_price_cap,point,june,"{""max_price"":0.8,""min_edge"":-0.05}",11.732624054198888
2026-06-07,highest-temperature-in-seoul-on-june-7-2026-25c,25°C,0.238855,0.19328226296796752,-0.04557273703203249,False,-1.0,point_edge_price_cap,point,june,"{""max_price"":0.8,""min_edge"":-0.05}",-4.0
2026-06-08,highest-temperature-in-seoul-on-june-8-2026-24c,24°C,0.32578875,0.33382077879040595,0.008032028790405932,True,2.0694737003656507,point_edge_price_cap,point,june,"{""max_price"":0.8,""min_edge"":-0.05}",8.277894801462603
2026-06-09,highest-temperature-in-seoul-on-june-9-2026-25c,25°C,0.41200000000000003,0.41983310100025384,0.007833101000253806,True,1.4271844660194173,point_edge_price_cap,point,june,"{""max_price"":0.8,""min_edge"":-0.05}",5.708737864077669
2026-06-10,highest-temperature-in-seoul-on-june-10-2026-24c,24°C,0.20284875,0.41099555057793674,0.20814680057793675,False,-1.0,point_edge_price_cap,point,june,"{""max_price"":0.8,""min_edge"":-0.05}",-4.0
2026-06-11,highest-temperature-in-seoul-on-june-11-2026-24c,24°C,0.20284875,0.4161126061653726,0.2132638561653726,False,-1.0,point_edge_price_cap,point,june,"{""max_price"":0.8,""min_edge"":-0.05}",-4.0
2026-06-12,highest-temperature-in-seoul-on-june-12-2026-25c,25°C,0.46739875000000003,0.4632857952887631,-0.004112954711236905,False,-1.0,point_edge_price_cap,point,june,"{""max_price"":0.8,""min_edge"":-0.05}",-4.0
2026-06-13,highest-temperature-in-seoul-on-june-13-2026-27c,27°C,0.32578875,0.4262544817308555,0.10046573173085549,True,2.0694737003656507,point_edge_price_cap,point,june,"{""max_price"":0.8,""min_edge"":-0.05}",8.277894801462603
2026-06-16,highest-temperature-in-seoul-on-june-16-2026-28c,28°C,0.341055,0.3741455387214899,0.033090538721489926,False,-1.0,point_edge_price_cap,point,june,"{""max_price"":0.8,""min_edge"":-0.05}",-4.0
2026-06-17,highest-temperature-in-seoul-on-june-17-2026-30c,30°C,0.5119999875,0.5234337861179803,0.011433798617980329,True,0.953125047683717,point_edge_price_cap,point,june,"{""max_price"":0.8,""min_edge"":-0.05}",3.812500190734868
2026-06-21,highest-temperature-in-seoul-on-june-21-2026-27c,27°C,0.35629875000000005,0.4525695745075026,0.09627082450750257,True,1.8066334782257862,point_edge_price_cap,point,june,"{""max_price"":0.8,""min_edge"":-0.05}",7.226533912903145
2026-06-22,highest-temperature-in-seoul-on-june-22-2026-27c,27°C,0.40694875,0.46011996919762627,0.05317121919762624,True,1.4573118850960962,point_edge_price_cap,point,june,"{""max_price"":0.8,""min_edge"":-0.05}",5.829247540384385
2026-06-25,highest-temperature-in-seoul-on-june-25-2026-27c,27°C,0.24398875,0.4070263336292211,0.16303758362922108,False,-1.0,point_edge_price_cap,point,june,"{""max_price"":0.8,""min_edge"":-0.05}",-4.0
2026-06-26,highest-temperature-in-seoul-on-june-26-2026-26c,26°C,0.16672,0.4978568952449987,0.3311368952449987,False,-1.0,point_edge_price_cap,point,june,"{""max_price"":0.8,""min_edge"":-0.05}",-4.0
2026-06-27,highest-temperature-in-seoul-on-june-27-2026-29c,29°C,0.40694875,0.4511014744949673,0.044152724494967266,False,-1.0,point_edge_price_cap,point,june,"{""max_price"":0.8,""min_edge"":-0.05}",-4.0
2026-06-28,highest-temperature-in-seoul-on-june-28-2026-28c,28°C,0.49748875,0.4600297254062189,-0.03745902459378109,False,-1.0,point_edge_price_cap,point,june,"{""max_price"":0.8,""min_edge"":-0.05}",-4.0
2026-07-01,highest-temperature-in-seoul-on-july-1-2026-31c,31°C,0.24912,0.4025232920858616,0.15340329208586156,False,-1.0,point_edge_price_cap,point,july,"{""max_price"":0.8,""min_edge"":0.0}",-4.0
2026-07-03,highest-temperature-in-seoul-on-july-3-2026-27c,27°C,0.39683875,0.48261294290743173,0.08577419290743171,False,-1.0,point_edge_price_cap,point,july,"{""max_price"":0.8,""min_edge"":0.0}",-4.0
2026-07-04,highest-temperature-in-seoul-on-july-4-2026-28c,28°C,0.53746875,0.5519565830779698,0.014487833077969747,True,0.8605732891447175,point_edge_price_cap,point,july,"{""max_price"":0.8,""min_edge"":0.0}",3.44229315657887
2026-07-06,highest-temperature-in-seoul-on-july-6-2026-27c,27°C,0.33088,0.39568616852733335,0.06480616852733334,False,-1.0,point_edge_price_cap,point,july,"{""max_price"":0.8,""min_edge"":0.0}",-4.0
2026-07-07,highest-temperature-in-seoul-on-july-7-2026-30corhigher,30°C or higher,0.53946355,0.7650574467372931,0.22559389673729313,True,0.8536933588932931,point_edge_price_cap,point,july,"{""max_price"":0.8,""min_edge"":0.0}",3.4147734355731725
2026-07-09,highest-temperature-in-seoul-on-july-9-2026-26c,26°C,0.37658874999999997,0.3969807018635354,0.02039195186353543,False,-1.0,point_edge_price_cap,point,july,"{""max_price"":0.8,""min_edge"":0.0}",-4.0
2026-07-10,highest-temperature-in-seoul-on-july-10-2026-29c,29°C,0.25424875,0.44352055438068466,0.18927180438068464,False,-1.0,point_edge_price_cap,point,july,"{""max_price"":0.8,""min_edge"":0.0}",-4.0
2026-07-11,highest-temperature-in-seoul-on-july-11-2026-33corhigher,33°C or higher,0.14705595000000002,0.6386804823085153,0.4916245323085152,False,-1.0,point_edge_price_cap,point,july,"{""max_price"":0.8,""min_edge"":0.0}",-4.0
2026-07-15,highest-temperature-in-seoul-on-july-15-2026-27c,27°C,0.259375,0.34492085405345263,0.08554585405345261,False,-1.0,point_edge_price_cap,point,july,"{""max_price"":0.8,""min_edge"":0.0}",-4.0
2026-07-18,highest-temperature-in-seoul-on-july-18-2026-26c,26°C,0.20284875,0.4087413116836831,0.2058925616836831,True,3.9297814258160333,point_edge_price_cap,point,july,"{""max_price"":0.8,""min_edge"":0.0}",15.719125703264133
2026-07-20,highest-temperature-in-seoul-on-july-20-2026-25c,25°C,0.31559875,0.43690057069490024,0.12130182069490025,False,-1.0,point_edge_price_cap,point,july,"{""max_price"":0.8,""min_edge"":0.0}",-4.0
2026-07-22,highest-temperature-in-seoul-on-july-22-2026-27c,27°C,0.30029500000000003,0.4361140635861968,0.13581906358619678,True,2.330058775537388,point_edge_price_cap,point,july,"{""max_price"":0.8,""min_edge"":0.0}",9.320235102149551
2026-07-24,highest-temperature-in-seoul-on-july-24-2026-30c,30°C,0.22343875,0.5308512849758401,0.3074125349758401,False,-1.0,point_edge_price_cap,point,july,"{""max_price"":0.8,""min_edge"":0.0}",-4.0
2026-02-01,highest-temperature-in-seoul-on-february-1-2c,2°C,0.035,0.5019521264926332,0.4669521264926332,False,-1.0,probability_edge_price_cap,probability,february,"{""max_price"":0.8,""min_edge"":-0.05}",-4.0
2026-02-03,highest-temperature-in-seoul-on-february-3-2026-4corhigher,4°C or higher,0.0635,0.8278498255428757,0.7643498255428757,False,-1.0,probability_edge_price_cap,probability,february,"{""max_price"":0.8,""min_edge"":-0.05}",-4.0
2026-02-04,highest-temperature-in-seoul-on-february-4-2026-7corhigher,7°C or higher,0.044000000000000004,0.6428831768566541,0.598883176856654,True,21.727272727272727,probability_edge_price_cap,probability,february,"{""max_price"":0.8,""min_edge"":-0.05}",86.9090909090909
2026-02-05,highest-temperature-in-seoul-on-february-5-2026-8corhigher,8°C or higher,0.71,0.8825418587320526,0.17254185873205263,True,0.40845070422535223,probability_edge_price_cap,probability,february,"{""max_price"":0.8,""min_edge"":-0.05}",1.633802816901409
2026-02-07,highest-temperature-in-seoul-on-february-7-2026-neg-6c,-6°C,0.135,0.5116834370461321,0.37668343704613205,False,-1.0,probability_edge_price_cap,probability,february,"{""max_price"":0.8,""min_edge"":-0.05}",-4.0
2026-02-13,highest-temperature-in-seoul-on-february-13-2026-9corhigher,9°C or higher,0.47000000000000003,0.8904206179434782,0.4204206179434781,True,1.127659574468085,probability_edge_price_cap,probability,february,"{""max_price"":0.8,""min_edge"":-0.05}",4.51063829787234
2026-02-14,highest-temperature-in-seoul-on-february-14-2026-11corhigher,11°C or higher,0.072,0.6950768859089108,0.6230768859089109,True,12.88888888888889,probability_edge_price_cap,probability,february,"{""max_price"":0.8,""min_edge"":-0.05}",51.55555555555556
2026-02-15,highest-temperature-in-seoul-on-february-15-2026-9corhigher,9°C or higher,0.5650000000000001,0.6102244744270748,0.04522447442707478,False,-1.0,probability_edge_price_cap,probability,february,"{""max_price"":0.8,""min_edge"":-0.05}",-4.0
2026-02-16,highest-temperature-in-seoul-on-february-16-2026-4c,4°C,0.22,0.3962215916290958,0.17622159162909581,False,-1.0,probability_edge_price_cap,probability,february,"{""max_price"":0.8,""min_edge"":-0.05}",-4.0
2026-02-17,highest-temperature-in-seoul-on-february-17-2026-5c,5°C,0.52,0.5078467981624923,-0.012153201837507677,False,-1.0,probability_edge_price_cap,probability,february,"{""max_price"":0.8,""min_edge"":-0.05}",-4.0
2026-02-18,highest-temperature-in-seoul-on-february-18-2026-5c,5°C,0.46,0.5289705007533507,0.0689705007533507,False,-1.0,probability_edge_price_cap,probability,february,"{""max_price"":0.8,""min_edge"":-0.05}",-4.0
2026-02-19,highest-temperature-in-seoul-on-february-19-2026-6c,6°C,0.315,0.5007260513413885,0.18572605134138848,False,-1.0,probability_edge_price_cap,probability,february,"{""max_price"":0.8,""min_edge"":-0.05}",-4.0
2026-02-21,highest-temperature-in-seoul-on-february-21-2026-14corhigher,14°C or higher,0.75,0.9165827273067936,0.16658272730679358,True,0.33333333333333326,probability_edge_price_cap,probability,february,"{""max_price"":0.8,""min_edge"":-0.05}",1.333333333333333
2026-02-23,highest-temperature-in-seoul-on-february-23-2026-4c,4°C,0.51,0.5307576239374682,0.02075762393746816,True,0.9607843137254901,probability_edge_price_cap,probability,february,"{""max_price"":0.8,""min_edge"":-0.05}",3.8431372549019605
2026-02-24,highest-temperature-in-seoul-on-february-24-2026-6c,6°C,0.095,0.3306909742388555,0.23569097423885552,False,-1.0,probability_edge_price_cap,probability,february,"{""max_price"":0.8,""min_edge"":-0.05}",-4.0
2026-02-25,highest-temperature-in-seoul-on-february-25-2026-9c,9°C,0.0955,0.34215254663859374,0.24665254663859373,False,-1.0,probability_edge_price_cap,probability,february,"{""max_price"":0.8,""min_edge"":-0.05}",-4.0
2026-02-26,highest-temperature-in-seoul-on-february-26-2026-11c,11°C,0.35000000000000003,0.4378463402734908,0.08784634027349075,True,1.8571428571428568,probability_edge_price_cap,probability,february,"{""max_price"":0.8,""min_edge"":-0.05}",7.428571428571427
2026-02-27,highest-temperature-in-seoul-on-february-27-2026-13corhigher,13°C or higher,0.58,0.7482137727899805,0.1682137727899805,True,0.7241379310344829,probability_edge_price_cap,probability,february,"{""max_price"":0.8,""min_edge"":-0.05}",2.8965517241379315
2026-02-28,highest-temperature-in-seoul-on-february-28-2026-11c,11°C,0.165,0.34235547065006716,0.17735547065006715,False,-1.0,probability_edge_price_cap,probability,february,"{""max_price"":0.8,""min_edge"":-0.05}",-4.0
2026-03-01,highest-temperature-in-seoul-on-march-1-2026-13c,13°C,0.24200000000000002,0.40726792419422897,0.16526792419422895,False,-1.0,probability_edge_price_cap,probability,march,"{""max_price"":0.8,""min_edge"":0.0}",-4.0
2026-03-03,highest-temperature-in-seoul-on-march-3-2026-10c,10°C,0.35000000000000003,0.4009305432006507,0.05093054320065066,True,1.8571428571428568,probability_edge_price_cap,probability,march,"{""max_price"":0.8,""min_edge"":0.0}",7.428571428571427
2026-03-04,highest-temperature-in-seoul-on-march-4-2026-8c,8°C,0.28500000000000003,0.45470350598019943,0.1697035059801994,False,-1.0,probability_edge_price_cap,probability,march,"{""max_price"":0.8,""min_edge"":0.0}",-4.0
2026-03-05,highest-temperature-in-seoul-on-march-5-2026-9c,9°C,0.45,0.47952640380033024,0.029526403800330225,False,-1.0,probability_edge_price_cap,probability,march,"{""max_price"":0.8,""min_edge"":0.0}",-4.0
2026-03-06,highest-temperature-in-seoul-on-march-6-2026-5c,5°C,0.47500000000000003,0.47848847818821705,0.0034884781882170146,False,-1.0,probability_edge_price_cap,probability,march,"{""max_price"":0.8,""min_edge"":0.0}",-4.0
2026-03-09,highest-temperature-in-seoul-on-march-9-2026-8c,8°C,0.27,0.4710566767821721,0.2010566767821721,False,-1.0,probability_edge_price_cap,probability,march,"{""max_price"":0.8,""min_edge"":0.0}",-4.0
2026-03-10,highest-temperature-in-seoul-on-march-10-2026-7c,7°C,0.455,0.5061399465540406,0.05113994655404058,True,1.1978021978021975,probability_edge_price_cap,probability,march,"{""max_price"":0.8,""min_edge"":0.0}",4.79120879120879
2026-03-11,highest-temperature-in-seoul-on-march-11-2026-8c,8°C,0.275,0.3742537963446443,0.09925379634464426,False,-1.0,probability_edge_price_cap,probability,march,"{""max_price"":0.8,""min_edge"":0.0}",-4.0
2026-03-13,highest-temperature-in-seoul-on-march-13-2026-12corhigher,12°C or higher,0.2,0.7440972926454228,0.5440972926454228,False,-1.0,probability_edge_price_cap,probability,march,"{""max_price"":0.8,""min_edge"":0.0}",-4.0
2026-03-14,highest-temperature-in-seoul-on-march-14-2026-10c,10°C,0.305,0.43429570932909634,0.12929570932909634,False,-1.0,probability_edge_price_cap,probability,march,"{""max_price"":0.8,""min_edge"":0.0}",-4.0
2026-03-16,highest-temperature-in-seoul-on-march-16-2026-11c,11°C,0.19,0.4944206840487698,0.3044206840487698,False,-1.0,probability_edge_price_cap,probability,march,"{""max_price"":0.8,""min_edge"":0.0}",-4.0
2026-03-17,highest-temperature-in-seoul-on-march-17-2026-12c,12°C,0.28,0.3953614597916905,0.11536145979169049,True,2.571428571428571,probability_edge_price_cap,probability,march,"{""max_price"":0.8,""min_edge"":0.0}",10.285714285714285
2026-03-18,highest-temperature-in-seoul-on-march-18-2026-8c,8°C,0.32,0.3522356916045914,0.03223569160459139,True,2.125,probability_edge_price_cap,probability,march,"{""max_price"":0.8,""min_edge"":0.0}",8.5
2026-03-21,highest-temperature-in-seoul-on-march-21-2026-11c,11°C,0.3,0.35702604369818547,0.05702604369818548,True,2.3333333333333335,probability_edge_price_cap,probability,march,"{""max_price"":0.8,""min_edge"":0.0}",9.333333333333334
2026-03-23,highest-temperature-in-seoul-on-march-23-2026-15c,15°C,0.295,0.31492324588306386,0.019923245883063878,True,2.3898305084745766,probability_edge_price_cap,probability,march,"{""max_price"":0.8,""min_edge"":0.0}",9.559322033898306
2026-03-24,highest-temperature-in-seoul-on-march-24-2026-15corhigher,15°C or higher,0.465,0.7311148307454206,0.2661148307454206,False,-1.0,probability_edge_price_cap,probability,march,"{""max_price"":0.8,""min_edge"":0.0}",-4.0
2026-03-25,highest-temperature-in-seoul-on-march-25-2026-14c,14°C,0.33,0.37043672807053757,0.04043672807053755,False,-1.0,probability_edge_price_cap,probability,march,"{""max_price"":0.8,""min_edge"":0.0}",-4.0
2026-03-26,highest-temperature-in-seoul-on-march-26-2026-11c,11°C,0.2285,0.472797084612206,0.24429708461220598,False,-1.0,probability_edge_price_cap,probability,march,"{""max_price"":0.8,""min_edge"":0.0}",-4.0
2026-03-27,highest-temperature-in-seoul-on-march-27-2026-10c,10°C,0.17,0.390287137186657,0.22028713718665696,False,-1.0,probability_edge_price_cap,probability,march,"{""max_price"":0.8,""min_edge"":0.0}",-4.0
2026-03-28,highest-temperature-in-seoul-on-march-28-2026-13c,13°C,0.27,0.4266836633721804,0.15668366337218037,False,-1.0,probability_edge_price_cap,probability,march,"{""max_price"":0.8,""min_edge"":0.0}",-4.0
2026-03-29,highest-temperature-in-seoul-on-march-29-2026-17corhigher,17°C or higher,0.222,0.6154834645495664,0.3934834645495664,False,-1.0,probability_edge_price_cap,probability,march,"{""max_price"":0.8,""min_edge"":0.0}",-4.0
2026-03-30,highest-temperature-in-seoul-on-march-30-2026-17c,17°C,0.27,0.3543961744783821,0.0843961744783821,False,-1.0,probability_edge_price_cap,probability,march,"{""max_price"":0.8,""min_edge"":0.0}",-4.0
2026-04-01,highest-temperature-in-seoul-on-april-1-2026-16corhigher,16°C or higher,0.1894438,0.6426636014863933,0.45321980148639335,False,-1.0,probability_edge_price_cap,probability,april,"{""max_price"":0.45,""min_edge"":-0.05}",-4.0
2026-04-02,highest-temperature-in-seoul-on-april-2-2026-15c,15°C,0.17705500000000002,0.4224796969401995,0.24542469694019947,False,-1.0,probability_edge_price_cap,probability,april,"{""max_price"":0.45,""min_edge"":-0.05}",-4.0
2026-04-03,highest-temperature-in-seoul-on-april-3-2026-17c,17°C,0.26449875,0.3684674178486221,0.10396866784862208,False,-1.0,probability_edge_price_cap,probability,april,"{""max_price"":0.45,""min_edge"":-0.05}",-4.0
2026-04-05,highest-temperature-in-seoul-on-april-5-2026-14c,14°C,0.26449875,0.36669824026709497,0.10219949026709496,False,-1.0,probability_edge_price_cap,probability,april,"{""max_price"":0.45,""min_edge"":-0.05}",-4.0
2026-04-06,highest-temperature-in-seoul-on-april-6-2026-14c,14°C,0.09929875,0.4117302435823584,0.3124314935823584,True,9.070620224323065,probability_edge_price_cap,probability,april,"{""max_price"":0.45,""min_edge"":-0.05}",36.28248089729226
2026-04-07,highest-temperature-in-seoul-on-april-7-2026-13c,13°C,0.3105,0.31139109972058404,0.0008910997205840432,False,-1.0,probability_edge_price_cap,probability,april,"{""max_price"":0.45,""min_edge"":-0.05}",-4.0
2026-04-08,highest-temperature-in-seoul-on-april-8-2026-13c,13°C,0.22858,0.402991540610727,0.174411540610727,True,3.374835943652113,probability_edge_price_cap,probability,april,"{""max_price"":0.45,""min_edge"":-0.05}",13.499343774608452
2026-04-10,highest-temperature-in-seoul-on-april-10-2026-12c,12°C,0.37151999999999996,0.3837649903423349,0.01224499034233495,True,1.6916451335055989,probability_edge_price_cap,probability,april,"{""max_price"":0.45,""min_edge"":-0.05}",6.7665805340223955
2026-04-11,highest-temperature-in-seoul-on-april-11-2026-15c,15°C,0.36644875,0.3659331648080212,-0.0005155851919788068,False,-1.0,probability_edge_price_cap,probability,april,"{""max_price"":0.45,""min_edge"":-0.05}",-4.0
2026-04-12,highest-temperature-in-seoul-on-april-12-2026-17c,17°C,0.13046875,0.27322091170748425,0.14275216170748425,False,-1.0,probability_edge_price_cap,probability,april,"{""max_price"":0.45,""min_edge"":-0.05}",-4.0
2026-04-13,highest-temperature-in-seoul-on-april-13-2026-21c,21°C,0.18738000000000002,0.4124309506392211,0.22505095063922106,False,-1.0,probability_edge_price_cap,probability,april,"{""max_price"":0.45,""min_edge"":-0.05}",-4.0
2026-04-16,highest-temperature-in-seoul-on-april-16-2026-23c,23°C,0.36137500000000006,0.33906354437492886,-0.022311455625071197,False,-1.0,probability_edge_price_cap,probability,april,"{""max_price"":0.45,""min_edge"":-0.05}",-4.0
2026-04-17,highest-temperature-in-seoul-on-april-17-2026-16c,16°C,0.17705500000000002,0.38445396945805904,0.20739896945805902,False,-1.0,probability_edge_price_cap,probability,april,"{""max_price"":0.45,""min_edge"":-0.05}",-4.0
2026-04-18,highest-temperature-in-seoul-on-april-18-2026-19c,19°C,0.05498718750000001,0.5138943089557142,0.4589071214557142,False,-1.0,probability_edge_price_cap,probability,april,"{""max_price"":0.45,""min_edge"":-0.05}",-4.0
2026-04-19,highest-temperature-in-seoul-on-april-19-2026-21c,21°C,0.1128168,0.55684866869027,0.44403186869027006,False,-1.0,probability_edge_price_cap,probability,april,"{""max_price"":0.45,""min_edge"":-0.05}",-4.0
2026-04-20,highest-temperature-in-seoul-on-april-20-2026-16c,16°C,0.09929875,0.4575683994240249,0.3582696494240249,False,-1.0,probability_edge_price_cap,probability,april,"{""max_price"":0.45,""min_edge"":-0.05}",-4.0
2026-04-21,highest-temperature-in-seoul-on-april-21-2026-15c,15°C,0.3105,0.4173064453145329,0.10680644531453293,False,-1.0,probability_edge_price_cap,probability,april,"{""max_price"":0.45,""min_edge"":-0.05}",-4.0
2026-04-22,highest-temperature-in-seoul-on-april-22-2026-16c,16°C,0.33596875000000004,0.36304441863883513,0.027075668638835093,False,-1.0,probability_edge_price_cap,probability,april,"{""max_price"":0.45,""min_edge"":-0.05}",-4.0
2026-04-23,highest-temperature-in-seoul-on-april-23-2026-22c,22°C,0.21829500000000002,0.3373782862858079,0.11908328628580789,True,3.580956961909343,probability_edge_price_cap,probability,april,"{""max_price"":0.45,""min_edge"":-0.05}",14.323827847637371
2026-04-28,highest-temperature-in-seoul-on-april-28-2026-17c,17°C,0.18221875,0.3985937221158586,0.21637497211585857,False,-1.0,probability_edge_price_cap,probability,april,"{""max_price"":0.45,""min_edge"":-0.05}",-4.0
2026-04-29,highest-temperature-in-seoul-on-april-29-2026-18c,18°C,0.33596875000000004,0.3271016497688973,-0.008867100231102765,True,1.9764673053669424,probability_edge_price_cap,probability,april,"{""max_price"":0.45,""min_edge"":-0.05}",7.9058692214677695
2026-04-30,highest-temperature-in-seoul-on-april-30-2026-19c,19°C,0.279855,0.343428306009328,0.06357330600932798,True,2.5732790194922366,probability_edge_price_cap,probability,april,"{""max_price"":0.45,""min_edge"":-0.05}",10.293116077968946
2026-05-01,highest-temperature-in-seoul-on-may-1-2026-19c,19°C,0.32578875,0.3741041313217126,0.04831538132171259,True,2.0694737003656507,probability_edge_price_cap,probability,may,"{""max_price"":0.8,""min_edge"":-0.05}",8.277894801462603
2026-05-02,highest-temperature-in-seoul-on-may-2-2026-19c,19°C,0.25424875,0.3787176141185294,0.12446886411852937,False,-1.0,probability_edge_price_cap,probability,may,"{""max_price"":0.8,""min_edge"":-0.05}",-4.0
2026-05-04,highest-temperature-in-seoul-on-may-4-2026-20corhigher,20°C or higher,0.0309314875,0.3820656860612972,0.3511341985612972,False,-1.0,probability_edge_price_cap,probability,may,"{""max_price"":0.8,""min_edge"":-0.05}",-4.0
2026-05-05,highest-temperature-in-seoul-on-may-5-2026-19c,19°C,0.37658874999999997,0.3346301530058596,-0.041958596994140396,False,-1.0,probability_edge_price_cap,probability,may,"{""max_price"":0.8,""min_edge"":-0.05}",-4.0
2026-05-06,highest-temperature-in-seoul-on-may-6-2026-21corhigher,21°C or higher,0.641655,0.7094796773855279,0.06782467738552789,True,0.5584698942578177,probability_edge_price_cap,probability,may,"{""max_price"":0.8,""min_edge"":-0.05}",2.2338795770312707
2026-05-07,highest-temperature-in-seoul-on-may-7-2026-18c,18°C,0.2434754875,0.40436481079735165,0.16088932329735164,False,-1.0,probability_edge_price_cap,probability,may,"{""max_price"":0.8,""min_edge"":-0.05}",-4.0
2026-05-09,highest-temperature-in-seoul-on-may-9-2026-20c,20°C,0.42713875,0.5404803382045689,0.11334158820456885,True,1.341159634896155,probability_edge_price_cap,probability,may,"{""max_price"":0.8,""min_edge"":-0.05}",5.36463853958462
2026-05-10,highest-temperature-in-seoul-on-may-10-2026-21c,21°C,0.41704875,0.4239638487389382,0.006915098738938197,False,-1.0,probability_edge_price_cap,probability,may,"{""max_price"":0.8,""min_edge"":-0.05}",-4.0
2026-05-13,highest-temperature-in-seoul-on-may-13-2026-21c,21°C,0.43721875,0.45728411930474894,0.020065369304748948,False,-1.0,probability_edge_price_cap,probability,may,"{""max_price"":0.8,""min_edge"":-0.05}",-4.0
2026-05-14,highest-temperature-in-seoul-on-may-14-2026-26c,26°C,0.27473875000000003,0.46962418759852687,0.19488543759852683,True,2.639821466757055,probability_edge_price_cap,probability,may,"{""max_price"":0.8,""min_edge"":-0.05}",10.55928586702822
2026-05-15,highest-temperature-in-seoul-on-may-15-2026-25c,25°C,0.15637500000000001,0.4861289685444746,0.3297539685444746,False,-1.0,probability_edge_price_cap,probability,may,"{""max_price"":0.8,""min_edge"":-0.05}",-4.0
2026-05-16,highest-temperature-in-seoul-on-may-16-2026-25c,25°C,0.21829500000000002,0.551993322825144,0.333698322825144,False,-1.0,probability_edge_price_cap,probability,may,"{""max_price"":0.8,""min_edge"":-0.05}",-4.0
2026-05-22,highest-temperature-in-seoul-on-may-22-2026-24c,24°C,0.08888874999999999,0.37453425311256716,0.2856455031125672,False,-1.0,probability_edge_price_cap,probability,may,"{""max_price"":0.8,""min_edge"":-0.05}",-4.0
2026-05-25,highest-temperature-in-seoul-on-may-25-2026-27c,27°C,0.43218,0.4414249714575831,0.009244971457583073,True,1.3138507103521682,probability_edge_price_cap,probability,may,"{""max_price"":0.8,""min_edge"":-0.05}",5.255402841408673
2026-05-28,highest-temperature-in-seoul-on-may-28-2026-24c,24°C,0.29518875000000006,0.340049767290692,0.04486101729069192,False,-1.0,probability_edge_price_cap,probability,may,"{""max_price"":0.8,""min_edge"":-0.05}",-4.0
2026-05-29,highest-temperature-in-seoul-on-may-29-2026-25c,25°C,0.24398875,0.3296078137931053,0.08561906379310527,True,3.098549625751187,probability_edge_price_cap,probability,may,"{""max_price"":0.8,""min_edge"":-0.05}",12.394198503004748
2026-05-30,highest-temperature-in-seoul-on-may-30-2026-25c,25°C,0.35629875000000005,0.3927397103432452,0.03644096034324512,False,-1.0,probability_edge_price_cap,probability,may,"{""max_price"":0.8,""min_edge"":-0.05}",-4.0
2026-06-01,highest-temperature-in-seoul-on-june-1-2026-26c,26°C,0.40694875,0.4313643387582135,0.02441558875821348,False,-1.0,probability_edge_price_cap,probability,june,"{""max_price"":0.8,""min_edge"":0.0}",-4.0
2026-06-02,highest-temperature-in-seoul-on-june-2-2026-27c,27°C,0.19253875,0.3611070122328363,0.1685682622328363,False,-1.0,probability_edge_price_cap,probability,june,"{""max_price"":0.8,""min_edge"":0.0}",-4.0
2026-06-03,highest-temperature-in-seoul-on-june-3-2026-26c,26°C,0.18738000000000002,0.4211713609267367,0.23379136092673666,False,-1.0,probability_edge_price_cap,probability,june,"{""max_price"":0.8,""min_edge"":0.0}",-4.0
2026-06-07,highest-temperature-in-seoul-on-june-7-2026-26c,26°C,0.135655,0.3705641749664551,0.2349091749664551,False,-1.0,probability_edge_price_cap,probability,june,"{""max_price"":0.8,""min_edge"":0.0}",-4.0
2026-06-08,highest-temperature-in-seoul-on-june-8-2026-24c,24°C,0.32578875,0.33382077879040595,0.008032028790405932,True,2.0694737003656507,probability_edge_price_cap,probability,june,"{""max_price"":0.8,""min_edge"":0.0}",8.277894801462603
2026-06-09,highest-temperature-in-seoul-on-june-9-2026-25c,25°C,0.41200000000000003,0.41983310100025384,0.007833101000253806,True,1.4271844660194173,probability_edge_price_cap,probability,june,"{""max_price"":0.8,""min_edge"":0.0}",5.708737864077669
2026-06-10,highest-temperature-in-seoul-on-june-10-2026-24c,24°C,0.20284875,0.41099555057793674,0.20814680057793675,False,-1.0,probability_edge_price_cap,probability,june,"{""max_price"":0.8,""min_edge"":0.0}",-4.0
2026-06-11,highest-temperature-in-seoul-on-june-11-2026-24c,24°C,0.20284875,0.4161126061653726,0.2132638561653726,False,-1.0,probability_edge_price_cap,probability,june,"{""max_price"":0.8,""min_edge"":0.0}",-4.0
2026-06-13,highest-temperature-in-seoul-on-june-13-2026-27c,27°C,0.32578875,0.4262544817308555,0.10046573173085549,True,2.0694737003656507,probability_edge_price_cap,probability,june,"{""max_price"":0.8,""min_edge"":0.0}",8.277894801462603
2026-06-15,highest-temperature-in-seoul-on-june-15-2026-27c,27°C,0.07846875,0.42264203273964795,0.344173282739648,False,-1.0,probability_edge_price_cap,probability,june,"{""max_price"":0.8,""min_edge"":0.0}",-4.0
2026-06-16,highest-temperature-in-seoul-on-june-16-2026-28c,28°C,0.341055,0.3741455387214899,0.033090538721489926,False,-1.0,probability_edge_price_cap,probability,june,"{""max_price"":0.8,""min_edge"":0.0}",-4.0
2026-06-17,highest-temperature-in-seoul-on-june-17-2026-30c,30°C,0.5119999875,0.5234337861179803,0.011433798617980329,True,0.953125047683717,probability_edge_price_cap,probability,june,"{""max_price"":0.8,""min_edge"":0.0}",3.812500190734868
2026-06-21,highest-temperature-in-seoul-on-june-21-2026-27c,27°C,0.35629875000000005,0.4525695745075026,0.09627082450750257,True,1.8066334782257862,probability_edge_price_cap,probability,june,"{""max_price"":0.8,""min_edge"":0.0}",7.226533912903145
2026-06-22,highest-temperature-in-seoul-on-june-22-2026-27c,27°C,0.40694875,0.46011996919762627,0.05317121919762624,True,1.4573118850960962,probability_edge_price_cap,probability,june,"{""max_price"":0.8,""min_edge"":0.0}",5.829247540384385
2026-06-25,highest-temperature-in-seoul-on-june-25-2026-27c,27°C,0.24398875,0.4070263336292211,0.16303758362922108,False,-1.0,probability_edge_price_cap,probability,june,"{""max_price"":0.8,""min_edge"":0.0}",-4.0
2026-06-26,highest-temperature-in-seoul-on-june-26-2026-26c,26°C,0.16672,0.4978568952449987,0.3311368952449987,False,-1.0,probability_edge_price_cap,probability,june,"{""max_price"":0.8,""min_edge"":0.0}",-4.0
2026-06-27,highest-temperature-in-seoul-on-june-27-2026-29c,29°C,0.40694875,0.4511014744949673,0.044152724494967266,False,-1.0,probability_edge_price_cap,probability,june,"{""max_price"":0.8,""min_edge"":0.0}",-4.0
2026-07-01,highest-temperature-in-seoul-on-july-1-2026-31c,31°C,0.24912,0.4025232920858616,0.15340329208586156,False,-1.0,probability_edge_price_cap,probability,july,"{""max_price"":0.8,""min_edge"":0.0}",-4.0
2026-07-03,highest-temperature-in-seoul-on-july-3-2026-27c,27°C,0.39683875,0.48261294290743173,0.08577419290743171,False,-1.0,probability_edge_price_cap,probability,july,"{""max_price"":0.8,""min_edge"":0.0}",-4.0
2026-07-04,highest-temperature-in-seoul-on-july-4-2026-28c,28°C,0.53746875,0.5519565830779698,0.014487833077969747,True,0.8605732891447175,probability_edge_price_cap,probability,july,"{""max_price"":0.8,""min_edge"":0.0}",3.44229315657887
2026-07-06,highest-temperature-in-seoul-on-july-6-2026-27c,27°C,0.33088,0.39568616852733335,0.06480616852733334,False,-1.0,probability_edge_price_cap,probability,july,"{""max_price"":0.8,""min_edge"":0.0}",-4.0
2026-07-07,highest-temperature-in-seoul-on-july-7-2026-30corhigher,30°C or higher,0.53946355,0.7650574467372931,0.22559389673729313,True,0.8536933588932931,probability_edge_price_cap,probability,july,"{""max_price"":0.8,""min_edge"":0.0}",3.4147734355731725
2026-07-09,highest-temperature-in-seoul-on-july-9-2026-26c,26°C,0.37658874999999997,0.3969807018635354,0.02039195186353543,False,-1.0,probability_edge_price_cap,probability,july,"{""max_price"":0.8,""min_edge"":0.0}",-4.0
2026-07-10,highest-temperature-in-seoul-on-july-10-2026-29c,29°C,0.25424875,0.44352055438068466,0.18927180438068464,False,-1.0,probability_edge_price_cap,probability,july,"{""max_price"":0.8,""min_edge"":0.0}",-4.0
2026-07-11,highest-temperature-in-seoul-on-july-11-2026-33corhigher,33°C or higher,0.14705595000000002,0.6386804823085153,0.4916245323085152,False,-1.0,probability_edge_price_cap,probability,july,"{""max_price"":0.8,""min_edge"":0.0}",-4.0
2026-07-15,highest-temperature-in-seoul-on-july-15-2026-27c,27°C,0.259375,0.34492085405345263,0.08554585405345261,False,-1.0,probability_edge_price_cap,probability,july,"{""max_price"":0.8,""min_edge"":0.0}",-4.0
2026-07-18,highest-temperature-in-seoul-on-july-18-2026-26c,26°C,0.20284875,0.4087413116836831,0.2058925616836831,True,3.9297814258160333,probability_edge_price_cap,probability,july,"{""max_price"":0.8,""min_edge"":0.0}",15.719125703264133
2026-07-20,highest-temperature-in-seoul-on-july-20-2026-25c,25°C,0.31559875,0.43690057069490024,0.12130182069490025,False,-1.0,probability_edge_price_cap,probability,july,"{""max_price"":0.8,""min_edge"":0.0}",-4.0
2026-07-22,highest-temperature-in-seoul-on-july-22-2026-27c,27°C,0.30029500000000003,0.4361140635861968,0.13581906358619678,True,2.330058775537388,probability_edge_price_cap,probability,july,"{""max_price"":0.8,""min_edge"":0.0}",9.320235102149551
2026-07-24,highest-temperature-in-seoul-on-july-24-2026-30c,30°C,0.22343875,0.5308512849758401,0.3074125349758401,False,-1.0,probability_edge_price_cap,probability,july,"{""max_price"":0.8,""min_edge"":0.0}",-4.0
2026-02-01,highest-temperature-in-seoul-on-february-1-2c,2°C,0.035,0.5019521264926332,0.4669521264926332,False,-1.0,probability_confidence_price_cap,probability,february,"{""max_price"":0.8,""min_confidence"":0.4}",-4.0
2026-02-03,highest-temperature-in-seoul-on-february-3-2026-4corhigher,4°C or higher,0.0635,0.8278498255428757,0.7643498255428757,False,-1.0,probability_confidence_price_cap,probability,february,"{""max_price"":0.8,""min_confidence"":0.4}",-4.0
2026-02-07,highest-temperature-in-seoul-on-february-7-2026-neg-6c,-6°C,0.135,0.5116834370461321,0.37668343704613205,False,-1.0,probability_confidence_price_cap,probability,february,"{""max_price"":0.8,""min_confidence"":0.4}",-4.0
2026-02-15,highest-temperature-in-seoul-on-february-15-2026-9corhigher,9°C or higher,0.5650000000000001,0.6102244744270748,0.04522447442707478,False,-1.0,probability_confidence_price_cap,probability,february,"{""max_price"":0.8,""min_confidence"":0.4}",-4.0
2026-02-17,highest-temperature-in-seoul-on-february-17-2026-5c,5°C,0.52,0.5078467981624923,-0.012153201837507677,False,-1.0,probability_confidence_price_cap,probability,february,"{""max_price"":0.8,""min_confidence"":0.4}",-4.0
2026-02-18,highest-temperature-in-seoul-on-february-18-2026-5c,5°C,0.46,0.5289705007533507,0.0689705007533507,False,-1.0,probability_confidence_price_cap,probability,february,"{""max_price"":0.8,""min_confidence"":0.4}",-4.0
2026-02-19,highest-temperature-in-seoul-on-february-19-2026-6c,6°C,0.315,0.5007260513413885,0.18572605134138848,False,-1.0,probability_confidence_price_cap,probability,february,"{""max_price"":0.8,""min_confidence"":0.4}",-4.0
2026-02-23,highest-temperature-in-seoul-on-february-23-2026-4c,4°C,0.51,0.5307576239374682,0.02075762393746816,True,0.9607843137254901,probability_confidence_price_cap,probability,february,"{""max_price"":0.8,""min_confidence"":0.4}",3.8431372549019605
2026-02-26,highest-temperature-in-seoul-on-february-26-2026-11c,11°C,0.35000000000000003,0.4378463402734908,0.08784634027349075,True,1.8571428571428568,probability_confidence_price_cap,probability,february,"{""max_price"":0.8,""min_confidence"":0.4}",7.428571428571427
2026-03-01,highest-temperature-in-seoul-on-march-1-2026-13c,13°C,0.24200000000000002,0.40726792419422897,0.16526792419422895,False,-1.0,probability_confidence_price_cap,probability,march,"{""max_price"":0.6,""min_confidence"":0.3}",-4.0
2026-03-03,highest-temperature-in-seoul-on-march-3-2026-10c,10°C,0.35000000000000003,0.4009305432006507,0.05093054320065066,True,1.8571428571428568,probability_confidence_price_cap,probability,march,"{""max_price"":0.6,""min_confidence"":0.3}",7.428571428571427
2026-03-04,highest-temperature-in-seoul-on-march-4-2026-8c,8°C,0.28500000000000003,0.45470350598019943,0.1697035059801994,False,-1.0,probability_confidence_price_cap,probability,march,"{""max_price"":0.6,""min_confidence"":0.3}",-4.0
2026-03-05,highest-temperature-in-seoul-on-march-5-2026-9c,9°C,0.45,0.47952640380033024,0.029526403800330225,False,-1.0,probability_confidence_price_cap,probability,march,"{""max_price"":0.6,""min_confidence"":0.3}",-4.0
2026-03-06,highest-temperature-in-seoul-on-march-6-2026-5c,5°C,0.47500000000000003,0.47848847818821705,0.0034884781882170146,False,-1.0,probability_confidence_price_cap,probability,march,"{""max_price"":0.6,""min_confidence"":0.3}",-4.0
2026-03-07,highest-temperature-in-seoul-on-march-7-2026-4c,4°C,0.455,0.4190490171610497,-0.03595098283895032,False,-1.0,probability_confidence_price_cap,probability,march,"{""max_price"":0.6,""min_confidence"":0.3}",-4.0
2026-03-08,highest-temperature-in-seoul-on-march-8-2026-5c,5°C,0.495,0.4172447144146939,-0.07775528558530609,False,-1.0,probability_confidence_price_cap,probability,march,"{""max_price"":0.6,""min_confidence"":0.3}",-4.0
2026-03-09,highest-temperature-in-seoul-on-march-9-2026-8c,8°C,0.27,0.4710566767821721,0.2010566767821721,False,-1.0,probability_confidence_price_cap,probability,march,"{""max_price"":0.6,""min_confidence"":0.3}",-4.0
2026-03-10,highest-temperature-in-seoul-on-march-10-2026-7c,7°C,0.455,0.5061399465540406,0.05113994655404058,True,1.1978021978021975,probability_confidence_price_cap,probability,march,"{""max_price"":0.6,""min_confidence"":0.3}",4.79120879120879
2026-03-11,highest-temperature-in-seoul-on-march-11-2026-8c,8°C,0.275,0.3742537963446443,0.09925379634464426,False,-1.0,probability_confidence_price_cap,probability,march,"{""max_price"":0.6,""min_confidence"":0.3}",-4.0
2026-03-12,highest-temperature-in-seoul-on-march-12-2026-11c,11°C,0.375,0.3593513292575709,-0.015648670742429094,True,1.6666666666666665,probability_confidence_price_cap,probability,march,"{""max_price"":0.6,""min_confidence"":0.3}",6.666666666666666
2026-03-13,highest-temperature-in-seoul-on-march-13-2026-12corhigher,12°C or higher,0.2,0.7440972926454228,0.5440972926454228,False,-1.0,probability_confidence_price_cap,probability,march,"{""max_price"":0.6,""min_confidence"":0.3}",-4.0
2026-03-14,highest-temperature-in-seoul-on-march-14-2026-10c,10°C,0.305,0.43429570932909634,0.12929570932909634,False,-1.0,probability_confidence_price_cap,probability,march,"{""max_price"":0.6,""min_confidence"":0.3}",-4.0
2026-03-15,highest-temperature-in-seoul-on-march-15-2026-10c,10°C,0.455,0.4479021671235447,-0.007097832876455323,True,1.1978021978021975,probability_confidence_price_cap,probability,march,"{""max_price"":0.6,""min_confidence"":0.3}",4.79120879120879
2026-03-16,highest-temperature-in-seoul-on-march-16-2026-11c,11°C,0.19,0.4944206840487698,0.3044206840487698,False,-1.0,probability_confidence_price_cap,probability,march,"{""max_price"":0.6,""min_confidence"":0.3}",-4.0
2026-03-17,highest-temperature-in-seoul-on-march-17-2026-12c,12°C,0.28,0.3953614597916905,0.11536145979169049,True,2.571428571428571,probability_confidence_price_cap,probability,march,"{""max_price"":0.6,""min_confidence"":0.3}",10.285714285714285
2026-03-18,highest-temperature-in-seoul-on-march-18-2026-8c,8°C,0.32,0.3522356916045914,0.03223569160459139,True,2.125,probability_confidence_price_cap,probability,march,"{""max_price"":0.6,""min_confidence"":0.3}",8.5
2026-03-19,highest-temperature-in-seoul-on-march-19-2026-9c,9°C,0.53,0.4712531272434585,-0.0587468727565415,True,0.8867924528301885,probability_confidence_price_cap,probability,march,"{""max_price"":0.6,""min_confidence"":0.3}",3.547169811320754
2026-03-20,highest-temperature-in-seoul-on-march-20-2026-11c,11°C,0.425,0.40088356062229147,-0.02411643937770852,True,1.3529411764705883,probability_confidence_price_cap,probability,march,"{""max_price"":0.6,""min_confidence"":0.3}",5.411764705882353
2026-03-21,highest-temperature-in-seoul-on-march-21-2026-11c,11°C,0.3,0.35702604369818547,0.05702604369818548,True,2.3333333333333335,probability_confidence_price_cap,probability,march,"{""max_price"":0.6,""min_confidence"":0.3}",9.333333333333334
2026-03-23,highest-temperature-in-seoul-on-march-23-2026-15c,15°C,0.295,0.31492324588306386,0.019923245883063878,True,2.3898305084745766,probability_confidence_price_cap,probability,march,"{""max_price"":0.6,""min_confidence"":0.3}",9.559322033898306
2026-03-24,highest-temperature-in-seoul-on-march-24-2026-15corhigher,15°C or higher,0.465,0.7311148307454206,0.2661148307454206,False,-1.0,probability_confidence_price_cap,probability,march,"{""max_price"":0.6,""min_confidence"":0.3}",-4.0
2026-03-25,highest-temperature-in-seoul-on-march-25-2026-14c,14°C,0.33,0.37043672807053757,0.04043672807053755,False,-1.0,probability_confidence_price_cap,probability,march,"{""max_price"":0.6,""min_confidence"":0.3}",-4.0
2026-03-26,highest-temperature-in-seoul-on-march-26-2026-11c,11°C,0.2285,0.472797084612206,0.24429708461220598,False,-1.0,probability_confidence_price_cap,probability,march,"{""max_price"":0.6,""min_confidence"":0.3}",-4.0
2026-03-27,highest-temperature-in-seoul-on-march-27-2026-10c,10°C,0.17,0.390287137186657,0.22028713718665696,False,-1.0,probability_confidence_price_cap,probability,march,"{""max_price"":0.6,""min_confidence"":0.3}",-4.0
2026-03-28,highest-temperature-in-seoul-on-march-28-2026-13c,13°C,0.27,0.4266836633721804,0.15668366337218037,False,-1.0,probability_confidence_price_cap,probability,march,"{""max_price"":0.6,""min_confidence"":0.3}",-4.0
2026-03-29,highest-temperature-in-seoul-on-march-29-2026-17corhigher,17°C or higher,0.222,0.6154834645495664,0.3934834645495664,False,-1.0,probability_confidence_price_cap,probability,march,"{""max_price"":0.6,""min_confidence"":0.3}",-4.0
2026-03-30,highest-temperature-in-seoul-on-march-30-2026-17c,17°C,0.27,0.3543961744783821,0.0843961744783821,False,-1.0,probability_confidence_price_cap,probability,march,"{""max_price"":0.6,""min_confidence"":0.3}",-4.0
2026-04-01,highest-temperature-in-seoul-on-april-1-2026-16corhigher,16°C or higher,0.1894438,0.6426636014863933,0.45321980148639335,False,-1.0,probability_confidence_price_cap,probability,april,"{""max_price"":0.45,""min_confidence"":0.3}",-4.0
2026-04-02,highest-temperature-in-seoul-on-april-2-2026-15c,15°C,0.17705500000000002,0.4224796969401995,0.24542469694019947,False,-1.0,probability_confidence_price_cap,probability,april,"{""max_price"":0.45,""min_confidence"":0.3}",-4.0
2026-04-03,highest-temperature-in-seoul-on-april-3-2026-17c,17°C,0.26449875,0.3684674178486221,0.10396866784862208,False,-1.0,probability_confidence_price_cap,probability,april,"{""max_price"":0.45,""min_confidence"":0.3}",-4.0
2026-04-05,highest-temperature-in-seoul-on-april-5-2026-14c,14°C,0.26449875,0.36669824026709497,0.10219949026709496,False,-1.0,probability_confidence_price_cap,probability,april,"{""max_price"":0.45,""min_confidence"":0.3}",-4.0
2026-04-06,highest-temperature-in-seoul-on-april-6-2026-14c,14°C,0.09929875,0.4117302435823584,0.3124314935823584,True,9.070620224323065,probability_confidence_price_cap,probability,april,"{""max_price"":0.45,""min_confidence"":0.3}",36.28248089729226
2026-04-07,highest-temperature-in-seoul-on-april-7-2026-13c,13°C,0.3105,0.31139109972058404,0.0008910997205840432,False,-1.0,probability_confidence_price_cap,probability,april,"{""max_price"":0.45,""min_confidence"":0.3}",-4.0
2026-04-08,highest-temperature-in-seoul-on-april-8-2026-13c,13°C,0.22858,0.402991540610727,0.174411540610727,True,3.374835943652113,probability_confidence_price_cap,probability,april,"{""max_price"":0.45,""min_confidence"":0.3}",13.499343774608452
2026-04-09,highest-temperature-in-seoul-on-april-9-2026-13c,13°C,0.381655,0.3174770570159817,-0.0641779429840183,False,-1.0,probability_confidence_price_cap,probability,april,"{""max_price"":0.45,""min_confidence"":0.3}",-4.0
2026-04-10,highest-temperature-in-seoul-on-april-10-2026-12c,12°C,0.37151999999999996,0.3837649903423349,0.01224499034233495,True,1.6916451335055989,probability_confidence_price_cap,probability,april,"{""max_price"":0.45,""min_confidence"":0.3}",6.7665805340223955
2026-04-11,highest-temperature-in-seoul-on-april-11-2026-15c,15°C,0.36644875,0.3659331648080212,-0.0005155851919788068,False,-1.0,probability_confidence_price_cap,probability,april,"{""max_price"":0.45,""min_confidence"":0.3}",-4.0
2026-04-13,highest-temperature-in-seoul-on-april-13-2026-21c,21°C,0.18738000000000002,0.4124309506392211,0.22505095063922106,False,-1.0,probability_confidence_price_cap,probability,april,"{""max_price"":0.45,""min_confidence"":0.3}",-4.0
2026-04-16,highest-temperature-in-seoul-on-april-16-2026-23c,23°C,0.36137500000000006,0.33906354437492886,-0.022311455625071197,False,-1.0,probability_confidence_price_cap,probability,april,"{""max_price"":0.45,""min_confidence"":0.3}",-4.0
2026-04-17,highest-temperature-in-seoul-on-april-17-2026-16c,16°C,0.17705500000000002,0.38445396945805904,0.20739896945805902,False,-1.0,probability_confidence_price_cap,probability,april,"{""max_price"":0.45,""min_confidence"":0.3}",-4.0
2026-04-18,highest-temperature-in-seoul-on-april-18-2026-19c,19°C,0.05498718750000001,0.5138943089557142,0.4589071214557142,False,-1.0,probability_confidence_price_cap,probability,april,"{""max_price"":0.45,""min_confidence"":0.3}",-4.0
2026-04-19,highest-temperature-in-seoul-on-april-19-2026-21c,21°C,0.1128168,0.55684866869027,0.44403186869027006,False,-1.0,probability_confidence_price_cap,probability,april,"{""max_price"":0.45,""min_confidence"":0.3}",-4.0
2026-04-20,highest-temperature-in-seoul-on-april-20-2026-16c,16°C,0.09929875,0.4575683994240249,0.3582696494240249,False,-1.0,probability_confidence_price_cap,probability,april,"{""max_price"":0.45,""min_confidence"":0.3}",-4.0
2026-04-21,highest-temperature-in-seoul-on-april-21-2026-15c,15°C,0.3105,0.4173064453145329,0.10680644531453293,False,-1.0,probability_confidence_price_cap,probability,april,"{""max_price"":0.45,""min_confidence"":0.3}",-4.0
2026-04-22,highest-temperature-in-seoul-on-april-22-2026-16c,16°C,0.33596875000000004,0.36304441863883513,0.027075668638835093,False,-1.0,probability_confidence_price_cap,probability,april,"{""max_price"":0.45,""min_confidence"":0.3}",-4.0
2026-04-23,highest-temperature-in-seoul-on-april-23-2026-22c,22°C,0.21829500000000002,0.3373782862858079,0.11908328628580789,True,3.580956961909343,probability_confidence_price_cap,probability,april,"{""max_price"":0.45,""min_confidence"":0.3}",14.323827847637371
2026-04-28,highest-temperature-in-seoul-on-april-28-2026-17c,17°C,0.18221875,0.3985937221158586,0.21637497211585857,False,-1.0,probability_confidence_price_cap,probability,april,"{""max_price"":0.45,""min_confidence"":0.3}",-4.0
2026-04-29,highest-temperature-in-seoul-on-april-29-2026-18c,18°C,0.33596875000000004,0.3271016497688973,-0.008867100231102765,True,1.9764673053669424,probability_confidence_price_cap,probability,april,"{""max_price"":0.45,""min_confidence"":0.3}",7.9058692214677695
2026-04-30,highest-temperature-in-seoul-on-april-30-2026-19c,19°C,0.279855,0.343428306009328,0.06357330600932798,True,2.5732790194922366,probability_confidence_price_cap,probability,april,"{""max_price"":0.45,""min_confidence"":0.3}",10.293116077968946
2026-05-01,highest-temperature-in-seoul-on-may-1-2026-19c,19°C,0.32578875,0.3741041313217126,0.04831538132171259,True,2.0694737003656507,probability_confidence_price_cap,probability,may,"{""max_price"":0.8,""min_confidence"":0.3}",8.277894801462603
2026-05-02,highest-temperature-in-seoul-on-may-2-2026-19c,19°C,0.25424875,0.3787176141185294,0.12446886411852937,False,-1.0,probability_confidence_price_cap,probability,may,"{""max_price"":0.8,""min_confidence"":0.3}",-4.0
2026-05-03,highest-temperature-in-seoul-on-may-3-2026-14c,14°C,0.5125,0.424783015031598,-0.08771698496840197,False,-1.0,probability_confidence_price_cap,probability,may,"{""max_price"":0.8,""min_confidence"":0.3}",-4.0
2026-05-04,highest-temperature-in-seoul-on-may-4-2026-20corhigher,20°C or higher,0.0309314875,0.3820656860612972,0.3511341985612972,False,-1.0,probability_confidence_price_cap,probability,may,"{""max_price"":0.8,""min_confidence"":0.3}",-4.0
2026-05-05,highest-temperature-in-seoul-on-may-5-2026-19c,19°C,0.37658874999999997,0.3346301530058596,-0.041958596994140396,False,-1.0,probability_confidence_price_cap,probability,may,"{""max_price"":0.8,""min_confidence"":0.3}",-4.0
2026-05-06,highest-temperature-in-seoul-on-may-6-2026-21corhigher,21°C or higher,0.641655,0.7094796773855279,0.06782467738552789,True,0.5584698942578177,probability_confidence_price_cap,probability,may,"{""max_price"":0.8,""min_confidence"":0.3}",2.2338795770312707
2026-05-07,highest-temperature-in-seoul-on-may-7-2026-18c,18°C,0.2434754875,0.40436481079735165,0.16088932329735164,False,-1.0,probability_confidence_price_cap,probability,may,"{""max_price"":0.8,""min_confidence"":0.3}",-4.0
2026-05-08,highest-temperature-in-seoul-on-may-8-2026-19c,19°C,0.51749875,0.4175996370166501,-0.09989911298334991,False,-1.0,probability_confidence_price_cap,probability,may,"{""max_price"":0.8,""min_confidence"":0.3}",-4.0
2026-05-09,highest-temperature-in-seoul-on-may-9-2026-20c,20°C,0.42713875,0.5404803382045689,0.11334158820456885,True,1.341159634896155,probability_confidence_price_cap,probability,may,"{""max_price"":0.8,""min_confidence"":0.3}",5.36463853958462
2026-05-10,highest-temperature-in-seoul-on-may-10-2026-21c,21°C,0.41704875,0.4239638487389382,0.006915098738938197,False,-1.0,probability_confidence_price_cap,probability,may,"{""max_price"":0.8,""min_confidence"":0.3}",-4.0
2026-05-12,highest-temperature-in-seoul-on-may-12-2026-20c,20°C,0.5623750000000001,0.37362142203303156,-0.1887535779669685,False,-1.0,probability_confidence_price_cap,probability,may,"{""max_price"":0.8,""min_confidence"":0.3}",-4.0
2026-05-13,highest-temperature-in-seoul-on-may-13-2026-21c,21°C,0.43721875,0.45728411930474894,0.020065369304748948,False,-1.0,probability_confidence_price_cap,probability,may,"{""max_price"":0.8,""min_confidence"":0.3}",-4.0
2026-05-14,highest-temperature-in-seoul-on-may-14-2026-26c,26°C,0.27473875000000003,0.46962418759852687,0.19488543759852683,True,2.639821466757055,probability_confidence_price_cap,probability,may,"{""max_price"":0.8,""min_confidence"":0.3}",10.55928586702822
2026-05-15,highest-temperature-in-seoul-on-may-15-2026-25c,25°C,0.15637500000000001,0.4861289685444746,0.3297539685444746,False,-1.0,probability_confidence_price_cap,probability,may,"{""max_price"":0.8,""min_confidence"":0.3}",-4.0
2026-05-16,highest-temperature-in-seoul-on-may-16-2026-25c,25°C,0.21829500000000002,0.551993322825144,0.333698322825144,False,-1.0,probability_confidence_price_cap,probability,may,"{""max_price"":0.8,""min_confidence"":0.3}",-4.0
2026-05-21,highest-temperature-in-seoul-on-may-21-2026-19c,19°C,0.40694875,0.3357833642411549,-0.07116538575884512,False,-1.0,probability_confidence_price_cap,probability,may,"{""max_price"":0.8,""min_confidence"":0.3}",-4.0
2026-05-22,highest-temperature-in-seoul-on-may-22-2026-24c,24°C,0.08888874999999999,0.37453425311256716,0.2856455031125672,False,-1.0,probability_confidence_price_cap,probability,may,"{""max_price"":0.8,""min_confidence"":0.3}",-4.0
2026-05-23,highest-temperature-in-seoul-on-may-23-2026-22c,22°C,0.5125,0.4005061905328624,-0.11199380946713755,True,0.9512195121951221,probability_confidence_price_cap,probability,may,"{""max_price"":0.8,""min_confidence"":0.3}",3.8048780487804885
2026-05-25,highest-temperature-in-seoul-on-may-25-2026-27c,27°C,0.43218,0.4414249714575831,0.009244971457583073,True,1.3138507103521682,probability_confidence_price_cap,probability,may,"{""max_price"":0.8,""min_confidence"":0.3}",5.255402841408673
2026-05-27,highest-temperature-in-seoul-on-may-27-2026-23c,23°C,0.49748875,0.3364026656149018,-0.1610860843850982,False,-1.0,probability_confidence_price_cap,probability,may,"{""max_price"":0.8,""min_confidence"":0.3}",-4.0
2026-05-28,highest-temperature-in-seoul-on-may-28-2026-24c,24°C,0.29518875000000006,0.340049767290692,0.04486101729069192,False,-1.0,probability_confidence_price_cap,probability,may,"{""max_price"":0.8,""min_confidence"":0.3}",-4.0
2026-05-29,highest-temperature-in-seoul-on-may-29-2026-25c,25°C,0.24398875,0.3296078137931053,0.08561906379310527,True,3.098549625751187,probability_confidence_price_cap,probability,may,"{""max_price"":0.8,""min_confidence"":0.3}",12.394198503004748
2026-05-30,highest-temperature-in-seoul-on-may-30-2026-25c,25°C,0.35629875000000005,0.3927397103432452,0.03644096034324512,False,-1.0,probability_confidence_price_cap,probability,may,"{""max_price"":0.8,""min_confidence"":0.3}",-4.0
2026-05-31,highest-temperature-in-seoul-on-may-31-2026-27c,27°C,0.48746875,0.39431963227340067,-0.09314911772659934,True,1.051413552150779,probability_confidence_price_cap,probability,may,"{""max_price"":0.8,""min_confidence"":0.3}",4.205654208603116
2026-06-01,highest-temperature-in-seoul-on-june-1-2026-26c,26°C,0.40694875,0.4313643387582135,0.02441558875821348,False,-1.0,probability_confidence_price_cap,probability,june,"{""max_price"":0.8,""min_confidence"":0.35}",-4.0
2026-06-02,highest-temperature-in-seoul-on-june-2-2026-27c,27°C,0.19253875,0.3611070122328363,0.1685682622328363,False,-1.0,probability_confidence_price_cap,probability,june,"{""max_price"":0.8,""min_confidence"":0.35}",-4.0
2026-06-03,highest-temperature-in-seoul-on-june-3-2026-26c,26°C,0.18738000000000002,0.4211713609267367,0.23379136092673666,False,-1.0,probability_confidence_price_cap,probability,june,"{""max_price"":0.8,""min_confidence"":0.35}",-4.0
2026-06-04,highest-temperature-in-seoul-on-june-4-2026-26c,26°C,0.612,0.4883070065612948,-0.12369299343870521,True,0.6339869281045751,probability_confidence_price_cap,probability,june,"{""max_price"":0.8,""min_confidence"":0.35}",2.5359477124183005
2026-06-05,highest-temperature-in-seoul-on-june-5-2026-24c,24°C,0.43218,0.3553122752188654,-0.07686772478113463,False,-1.0,probability_confidence_price_cap,probability,june,"{""max_price"":0.8,""min_confidence"":0.35}",-4.0
2026-06-07,highest-temperature-in-seoul-on-june-7-2026-26c,26°C,0.135655,0.3705641749664551,0.2349091749664551,False,-1.0,probability_confidence_price_cap,probability,june,"{""max_price"":0.8,""min_confidence"":0.35}",-4.0
2026-06-09,highest-temperature-in-seoul-on-june-9-2026-25c,25°C,0.41200000000000003,0.41983310100025384,0.007833101000253806,True,1.4271844660194173,probability_confidence_price_cap,probability,june,"{""max_price"":0.8,""min_confidence"":0.35}",5.708737864077669
2026-06-10,highest-temperature-in-seoul-on-june-10-2026-24c,24°C,0.20284875,0.41099555057793674,0.20814680057793675,False,-1.0,probability_confidence_price_cap,probability,june,"{""max_price"":0.8,""min_confidence"":0.35}",-4.0
2026-06-11,highest-temperature-in-seoul-on-june-11-2026-24c,24°C,0.20284875,0.4161126061653726,0.2132638561653726,False,-1.0,probability_confidence_price_cap,probability,june,"{""max_price"":0.8,""min_confidence"":0.35}",-4.0
2026-06-12,highest-temperature-in-seoul-on-june-12-2026-25c,25°C,0.46739875000000003,0.4632857952887631,-0.004112954711236905,False,-1.0,probability_confidence_price_cap,probability,june,"{""max_price"":0.8,""min_confidence"":0.35}",-4.0
2026-06-13,highest-temperature-in-seoul-on-june-13-2026-27c,27°C,0.32578875,0.4262544817308555,0.10046573173085549,True,2.0694737003656507,probability_confidence_price_cap,probability,june,"{""max_price"":0.8,""min_confidence"":0.35}",8.277894801462603
2026-06-14,highest-temperature-in-seoul-on-june-14-2026-26c,26°C,0.57232,0.4052966149343433,-0.16702338506565673,True,0.74727425216662,probability_confidence_price_cap,probability,june,"{""max_price"":0.8,""min_confidence"":0.35}",2.98909700866648
2026-06-15,highest-temperature-in-seoul-on-june-15-2026-27c,27°C,0.07846875,0.42264203273964795,0.344173282739648,False,-1.0,probability_confidence_price_cap,probability,june,"{""max_price"":0.8,""min_confidence"":0.35}",-4.0
2026-06-16,highest-temperature-in-seoul-on-june-16-2026-28c,28°C,0.341055,0.3741455387214899,0.033090538721489926,False,-1.0,probability_confidence_price_cap,probability,june,"{""max_price"":0.8,""min_confidence"":0.35}",-4.0
2026-06-17,highest-temperature-in-seoul-on-june-17-2026-30c,30°C,0.5119999875,0.5234337861179803,0.011433798617980329,True,0.953125047683717,probability_confidence_price_cap,probability,june,"{""max_price"":0.8,""min_confidence"":0.35}",3.812500190734868
2026-06-18,highest-temperature-in-seoul-on-june-18-2026-28c,28°C,0.43721875,0.37771591363592,-0.05950283636407999,True,1.2871846186834395,probability_confidence_price_cap,probability,june,"{""max_price"":0.8,""min_confidence"":0.35}",5.148738474733758
2026-06-19,highest-temperature-in-seoul-on-june-19-2026-30c,30°C,0.65644875,0.4034011520636185,-0.25304759793638154,False,-1.0,probability_confidence_price_cap,probability,june,"{""max_price"":0.8,""min_confidence"":0.35}",-4.0
2026-06-21,highest-temperature-in-seoul-on-june-21-2026-27c,27°C,0.35629875000000005,0.4525695745075026,0.09627082450750257,True,1.8066334782257862,probability_confidence_price_cap,probability,june,"{""max_price"":0.8,""min_confidence"":0.35}",7.226533912903145
2026-06-22,highest-temperature-in-seoul-on-june-22-2026-27c,27°C,0.40694875,0.46011996919762627,0.05317121919762624,True,1.4573118850960962,probability_confidence_price_cap,probability,june,"{""max_price"":0.8,""min_confidence"":0.35}",5.829247540384385
2026-06-23,highest-temperature-in-seoul-on-june-23-2026-30c,30°C,0.44728875,0.3864228043861724,-0.06086594561382763,True,1.2356922681377522,probability_confidence_price_cap,probability,june,"{""max_price"":0.8,""min_confidence"":0.35}",4.942769072551009
2026-06-24,highest-temperature-in-seoul-on-june-24-2026-28c,28°C,0.45734875,0.3949478741177798,-0.06240087588222021,False,-1.0,probability_confidence_price_cap,probability,june,"{""max_price"":0.8,""min_confidence"":0.35}",-4.0
2026-06-25,highest-temperature-in-seoul-on-june-25-2026-27c,27°C,0.24398875,0.4070263336292211,0.16303758362922108,False,-1.0,probability_confidence_price_cap,probability,june,"{""max_price"":0.8,""min_confidence"":0.35}",-4.0
2026-06-26,highest-temperature-in-seoul-on-june-26-2026-26c,26°C,0.16672,0.4978568952449987,0.3311368952449987,False,-1.0,probability_confidence_price_cap,probability,june,"{""max_price"":0.8,""min_confidence"":0.35}",-4.0
2026-06-27,highest-temperature-in-seoul-on-june-27-2026-29c,29°C,0.40694875,0.4511014744949673,0.044152724494967266,False,-1.0,probability_confidence_price_cap,probability,june,"{""max_price"":0.8,""min_confidence"":0.35}",-4.0
2026-06-28,highest-temperature-in-seoul-on-june-28-2026-28c,28°C,0.49748875,0.4600297254062189,-0.03745902459378109,False,-1.0,probability_confidence_price_cap,probability,june,"{""max_price"":0.8,""min_confidence"":0.35}",-4.0
2026-06-29,highest-temperature-in-seoul-on-june-29-2026-27c,27°C,0.442255,0.35011018652322085,-0.09214481347677916,False,-1.0,probability_confidence_price_cap,probability,june,"{""max_price"":0.8,""min_confidence"":0.35}",-4.0
2026-06-30,highest-temperature-in-seoul-on-june-30-2026-28c,28°C,0.5822550000000001,0.40698547658075335,-0.17526952341924673,True,0.7174605628118262,probability_confidence_price_cap,probability,june,"{""max_price"":0.8,""min_confidence"":0.35}",2.869842251247305
2026-07-01,highest-temperature-in-seoul-on-july-1-2026-31c,31°C,0.24912,0.4025232920858616,0.15340329208586156,False,-1.0,probability_confidence_price_cap,probability,july,"{""max_price"":0.8,""min_confidence"":0.4}",-4.0
2026-07-03,highest-temperature-in-seoul-on-july-3-2026-27c,27°C,0.39683875,0.48261294290743173,0.08577419290743171,False,-1.0,probability_confidence_price_cap,probability,july,"{""max_price"":0.8,""min_confidence"":0.4}",-4.0
2026-07-04,highest-temperature-in-seoul-on-july-4-2026-28c,28°C,0.53746875,0.5519565830779698,0.014487833077969747,True,0.8605732891447175,probability_confidence_price_cap,probability,july,"{""max_price"":0.8,""min_confidence"":0.4}",3.44229315657887
2026-07-07,highest-temperature-in-seoul-on-july-7-2026-30corhigher,30°C or higher,0.53946355,0.7650574467372931,0.22559389673729313,True,0.8536933588932931,probability_confidence_price_cap,probability,july,"{""max_price"":0.8,""min_confidence"":0.4}",3.4147734355731725
2026-07-10,highest-temperature-in-seoul-on-july-10-2026-29c,29°C,0.25424875,0.44352055438068466,0.18927180438068464,False,-1.0,probability_confidence_price_cap,probability,july,"{""max_price"":0.8,""min_confidence"":0.4}",-4.0
2026-07-11,highest-temperature-in-seoul-on-july-11-2026-33corhigher,33°C or higher,0.14705595000000002,0.6386804823085153,0.4916245323085152,False,-1.0,probability_confidence_price_cap,probability,july,"{""max_price"":0.8,""min_confidence"":0.4}",-4.0
2026-07-14,highest-temperature-in-seoul-on-july-14-2026-32c,32°C,0.65644875,0.42411089404405344,-0.23233785595594658,True,0.5233481669361089,probability_confidence_price_cap,probability,july,"{""max_price"":0.8,""min_confidence"":0.4}",2.0933926677444354
2026-07-16,highest-temperature-in-seoul-on-july-16-2026-29c,29°C,0.47242,0.4528227319325152,-0.019597268067484797,False,-1.0,probability_confidence_price_cap,probability,july,"{""max_price"":0.8,""min_confidence"":0.4}",-4.0
2026-07-18,highest-temperature-in-seoul-on-july-18-2026-26c,26°C,0.20284875,0.4087413116836831,0.2058925616836831,True,3.9297814258160333,probability_confidence_price_cap,probability,july,"{""max_price"":0.8,""min_confidence"":0.4}",15.719125703264133
2026-07-20,highest-temperature-in-seoul-on-july-20-2026-25c,25°C,0.31559875,0.43690057069490024,0.12130182069490025,False,-1.0,probability_confidence_price_cap,probability,july,"{""max_price"":0.8,""min_confidence"":0.4}",-4.0
2026-07-22,highest-temperature-in-seoul-on-july-22-2026-27c,27°C,0.30029500000000003,0.4361140635861968,0.13581906358619678,True,2.330058775537388,probability_confidence_price_cap,probability,july,"{""max_price"":0.8,""min_confidence"":0.4}",9.320235102149551
2026-07-23,highest-temperature-in-seoul-on-july-23-2026-29c,29°C,0.522495,0.4385378997507724,-0.08395710024922765,False,-1.0,probability_confidence_price_cap,probability,july,"{""max_price"":0.8,""min_confidence"":0.4}",-4.0
2026-07-24,highest-temperature-in-seoul-on-july-24-2026-30c,30°C,0.22343875,0.5308512849758401,0.3074125349758401,False,-1.0,probability_confidence_price_cap,probability,july,"{""max_price"":0.8,""min_confidence"":0.4}",-4.0
2026-07-25,highest-temperature-in-seoul-on-july-25-2026-31c,31°C,0.6020949999999999,0.5201067161719495,-0.08198828382805046,True,0.6608674710801454,probability_confidence_price_cap,probability,july,"{""max_price"":0.8,""min_confidence"":0.4}",2.6434698843205817
2026-02-01,highest-temperature-in-seoul-on-february-1-2c,2°C,0.035,0.5019521264926332,0.4669521264926332,False,-1.0,probability_confidence_edge_price_cap,probability,february,"{""max_price"":0.8,""min_confidence"":0.3,""min_edge"":0.0}",-4.0
2026-02-03,highest-temperature-in-seoul-on-february-3-2026-4corhigher,4°C or higher,0.0635,0.8278498255428757,0.7643498255428757,False,-1.0,probability_confidence_edge_price_cap,probability,february,"{""max_price"":0.8,""min_confidence"":0.3,""min_edge"":0.0}",-4.0
2026-02-04,highest-temperature-in-seoul-on-february-4-2026-7corhigher,7°C or higher,0.044000000000000004,0.6428831768566541,0.598883176856654,True,21.727272727272727,probability_confidence_edge_price_cap,probability,february,"{""max_price"":0.8,""min_confidence"":0.3,""min_edge"":0.0}",86.9090909090909
2026-02-05,highest-temperature-in-seoul-on-february-5-2026-8corhigher,8°C or higher,0.71,0.8825418587320526,0.17254185873205263,True,0.40845070422535223,probability_confidence_edge_price_cap,probability,february,"{""max_price"":0.8,""min_confidence"":0.3,""min_edge"":0.0}",1.633802816901409
2026-02-07,highest-temperature-in-seoul-on-february-7-2026-neg-6c,-6°C,0.135,0.5116834370461321,0.37668343704613205,False,-1.0,probability_confidence_edge_price_cap,probability,february,"{""max_price"":0.8,""min_confidence"":0.3,""min_edge"":0.0}",-4.0
2026-02-13,highest-temperature-in-seoul-on-february-13-2026-9corhigher,9°C or higher,0.47000000000000003,0.8904206179434782,0.4204206179434781,True,1.127659574468085,probability_confidence_edge_price_cap,probability,february,"{""max_price"":0.8,""min_confidence"":0.3,""min_edge"":0.0}",4.51063829787234
2026-02-14,highest-temperature-in-seoul-on-february-14-2026-11corhigher,11°C or higher,0.072,0.6950768859089108,0.6230768859089109,True,12.88888888888889,probability_confidence_edge_price_cap,probability,february,"{""max_price"":0.8,""min_confidence"":0.3,""min_edge"":0.0}",51.55555555555556
2026-02-15,highest-temperature-in-seoul-on-february-15-2026-9corhigher,9°C or higher,0.5650000000000001,0.6102244744270748,0.04522447442707478,False,-1.0,probability_confidence_edge_price_cap,probability,february,"{""max_price"":0.8,""min_confidence"":0.3,""min_edge"":0.0}",-4.0
2026-02-16,highest-temperature-in-seoul-on-february-16-2026-4c,4°C,0.22,0.3962215916290958,0.17622159162909581,False,-1.0,probability_confidence_edge_price_cap,probability,february,"{""max_price"":0.8,""min_confidence"":0.3,""min_edge"":0.0}",-4.0
2026-02-18,highest-temperature-in-seoul-on-february-18-2026-5c,5°C,0.46,0.5289705007533507,0.0689705007533507,False,-1.0,probability_confidence_edge_price_cap,probability,february,"{""max_price"":0.8,""min_confidence"":0.3,""min_edge"":0.0}",-4.0
2026-02-19,highest-temperature-in-seoul-on-february-19-2026-6c,6°C,0.315,0.5007260513413885,0.18572605134138848,False,-1.0,probability_confidence_edge_price_cap,probability,february,"{""max_price"":0.8,""min_confidence"":0.3,""min_edge"":0.0}",-4.0
2026-02-21,highest-temperature-in-seoul-on-february-21-2026-14corhigher,14°C or higher,0.75,0.9165827273067936,0.16658272730679358,True,0.33333333333333326,probability_confidence_edge_price_cap,probability,february,"{""max_price"":0.8,""min_confidence"":0.3,""min_edge"":0.0}",1.333333333333333
2026-02-23,highest-temperature-in-seoul-on-february-23-2026-4c,4°C,0.51,0.5307576239374682,0.02075762393746816,True,0.9607843137254901,probability_confidence_edge_price_cap,probability,february,"{""max_price"":0.8,""min_confidence"":0.3,""min_edge"":0.0}",3.8431372549019605
2026-02-24,highest-temperature-in-seoul-on-february-24-2026-6c,6°C,0.095,0.3306909742388555,0.23569097423885552,False,-1.0,probability_confidence_edge_price_cap,probability,february,"{""max_price"":0.8,""min_confidence"":0.3,""min_edge"":0.0}",-4.0
2026-02-25,highest-temperature-in-seoul-on-february-25-2026-9c,9°C,0.0955,0.34215254663859374,0.24665254663859373,False,-1.0,probability_confidence_edge_price_cap,probability,february,"{""max_price"":0.8,""min_confidence"":0.3,""min_edge"":0.0}",-4.0
2026-02-26,highest-temperature-in-seoul-on-february-26-2026-11c,11°C,0.35000000000000003,0.4378463402734908,0.08784634027349075,True,1.8571428571428568,probability_confidence_edge_price_cap,probability,february,"{""max_price"":0.8,""min_confidence"":0.3,""min_edge"":0.0}",7.428571428571427
2026-02-27,highest-temperature-in-seoul-on-february-27-2026-13corhigher,13°C or higher,0.58,0.7482137727899805,0.1682137727899805,True,0.7241379310344829,probability_confidence_edge_price_cap,probability,february,"{""max_price"":0.8,""min_confidence"":0.3,""min_edge"":0.0}",2.8965517241379315
2026-02-28,highest-temperature-in-seoul-on-february-28-2026-11c,11°C,0.165,0.34235547065006716,0.17735547065006715,False,-1.0,probability_confidence_edge_price_cap,probability,february,"{""max_price"":0.8,""min_confidence"":0.3,""min_edge"":0.0}",-4.0
2026-03-01,highest-temperature-in-seoul-on-march-1-2026-13c,13°C,0.24200000000000002,0.40726792419422897,0.16526792419422895,False,-1.0,probability_confidence_edge_price_cap,probability,march,"{""max_price"":0.8,""min_confidence"":0.3,""min_edge"":0.0}",-4.0
2026-03-03,highest-temperature-in-seoul-on-march-3-2026-10c,10°C,0.35000000000000003,0.4009305432006507,0.05093054320065066,True,1.8571428571428568,probability_confidence_edge_price_cap,probability,march,"{""max_price"":0.8,""min_confidence"":0.3,""min_edge"":0.0}",7.428571428571427
2026-03-04,highest-temperature-in-seoul-on-march-4-2026-8c,8°C,0.28500000000000003,0.45470350598019943,0.1697035059801994,False,-1.0,probability_confidence_edge_price_cap,probability,march,"{""max_price"":0.8,""min_confidence"":0.3,""min_edge"":0.0}",-4.0
2026-03-05,highest-temperature-in-seoul-on-march-5-2026-9c,9°C,0.45,0.47952640380033024,0.029526403800330225,False,-1.0,probability_confidence_edge_price_cap,probability,march,"{""max_price"":0.8,""min_confidence"":0.3,""min_edge"":0.0}",-4.0
2026-03-06,highest-temperature-in-seoul-on-march-6-2026-5c,5°C,0.47500000000000003,0.47848847818821705,0.0034884781882170146,False,-1.0,probability_confidence_edge_price_cap,probability,march,"{""max_price"":0.8,""min_confidence"":0.3,""min_edge"":0.0}",-4.0
2026-03-09,highest-temperature-in-seoul-on-march-9-2026-8c,8°C,0.27,0.4710566767821721,0.2010566767821721,False,-1.0,probability_confidence_edge_price_cap,probability,march,"{""max_price"":0.8,""min_confidence"":0.3,""min_edge"":0.0}",-4.0
2026-03-10,highest-temperature-in-seoul-on-march-10-2026-7c,7°C,0.455,0.5061399465540406,0.05113994655404058,True,1.1978021978021975,probability_confidence_edge_price_cap,probability,march,"{""max_price"":0.8,""min_confidence"":0.3,""min_edge"":0.0}",4.79120879120879
2026-03-11,highest-temperature-in-seoul-on-march-11-2026-8c,8°C,0.275,0.3742537963446443,0.09925379634464426,False,-1.0,probability_confidence_edge_price_cap,probability,march,"{""max_price"":0.8,""min_confidence"":0.3,""min_edge"":0.0}",-4.0
2026-03-13,highest-temperature-in-seoul-on-march-13-2026-12corhigher,12°C or higher,0.2,0.7440972926454228,0.5440972926454228,False,-1.0,probability_confidence_edge_price_cap,probability,march,"{""max_price"":0.8,""min_confidence"":0.3,""min_edge"":0.0}",-4.0
2026-03-14,highest-temperature-in-seoul-on-march-14-2026-10c,10°C,0.305,0.43429570932909634,0.12929570932909634,False,-1.0,probability_confidence_edge_price_cap,probability,march,"{""max_price"":0.8,""min_confidence"":0.3,""min_edge"":0.0}",-4.0
2026-03-16,highest-temperature-in-seoul-on-march-16-2026-11c,11°C,0.19,0.4944206840487698,0.3044206840487698,False,-1.0,probability_confidence_edge_price_cap,probability,march,"{""max_price"":0.8,""min_confidence"":0.3,""min_edge"":0.0}",-4.0
2026-03-17,highest-temperature-in-seoul-on-march-17-2026-12c,12°C,0.28,0.3953614597916905,0.11536145979169049,True,2.571428571428571,probability_confidence_edge_price_cap,probability,march,"{""max_price"":0.8,""min_confidence"":0.3,""min_edge"":0.0}",10.285714285714285
2026-03-18,highest-temperature-in-seoul-on-march-18-2026-8c,8°C,0.32,0.3522356916045914,0.03223569160459139,True,2.125,probability_confidence_edge_price_cap,probability,march,"{""max_price"":0.8,""min_confidence"":0.3,""min_edge"":0.0}",8.5
2026-03-21,highest-temperature-in-seoul-on-march-21-2026-11c,11°C,0.3,0.35702604369818547,0.05702604369818548,True,2.3333333333333335,probability_confidence_edge_price_cap,probability,march,"{""max_price"":0.8,""min_confidence"":0.3,""min_edge"":0.0}",9.333333333333334
2026-03-23,highest-temperature-in-seoul-on-march-23-2026-15c,15°C,0.295,0.31492324588306386,0.019923245883063878,True,2.3898305084745766,probability_confidence_edge_price_cap,probability,march,"{""max_price"":0.8,""min_confidence"":0.3,""min_edge"":0.0}",9.559322033898306
2026-03-24,highest-temperature-in-seoul-on-march-24-2026-15corhigher,15°C or higher,0.465,0.7311148307454206,0.2661148307454206,False,-1.0,probability_confidence_edge_price_cap,probability,march,"{""max_price"":0.8,""min_confidence"":0.3,""min_edge"":0.0}",-4.0
2026-03-25,highest-temperature-in-seoul-on-march-25-2026-14c,14°C,0.33,0.37043672807053757,0.04043672807053755,False,-1.0,probability_confidence_edge_price_cap,probability,march,"{""max_price"":0.8,""min_confidence"":0.3,""min_edge"":0.0}",-4.0
2026-03-26,highest-temperature-in-seoul-on-march-26-2026-11c,11°C,0.2285,0.472797084612206,0.24429708461220598,False,-1.0,probability_confidence_edge_price_cap,probability,march,"{""max_price"":0.8,""min_confidence"":0.3,""min_edge"":0.0}",-4.0
2026-03-27,highest-temperature-in-seoul-on-march-27-2026-10c,10°C,0.17,0.390287137186657,0.22028713718665696,False,-1.0,probability_confidence_edge_price_cap,probability,march,"{""max_price"":0.8,""min_confidence"":0.3,""min_edge"":0.0}",-4.0
2026-03-28,highest-temperature-in-seoul-on-march-28-2026-13c,13°C,0.27,0.4266836633721804,0.15668366337218037,False,-1.0,probability_confidence_edge_price_cap,probability,march,"{""max_price"":0.8,""min_confidence"":0.3,""min_edge"":0.0}",-4.0
2026-03-29,highest-temperature-in-seoul-on-march-29-2026-17corhigher,17°C or higher,0.222,0.6154834645495664,0.3934834645495664,False,-1.0,probability_confidence_edge_price_cap,probability,march,"{""max_price"":0.8,""min_confidence"":0.3,""min_edge"":0.0}",-4.0
2026-03-30,highest-temperature-in-seoul-on-march-30-2026-17c,17°C,0.27,0.3543961744783821,0.0843961744783821,False,-1.0,probability_confidence_edge_price_cap,probability,march,"{""max_price"":0.8,""min_confidence"":0.3,""min_edge"":0.0}",-4.0
2026-04-01,highest-temperature-in-seoul-on-april-1-2026-16corhigher,16°C or higher,0.1894438,0.6426636014863933,0.45321980148639335,False,-1.0,probability_confidence_edge_price_cap,probability,april,"{""max_price"":0.8,""min_confidence"":0.3,""min_edge"":0.0}",-4.0
2026-04-02,highest-temperature-in-seoul-on-april-2-2026-15c,15°C,0.17705500000000002,0.4224796969401995,0.24542469694019947,False,-1.0,probability_confidence_edge_price_cap,probability,april,"{""max_price"":0.8,""min_confidence"":0.3,""min_edge"":0.0}",-4.0
2026-04-03,highest-temperature-in-seoul-on-april-3-2026-17c,17°C,0.26449875,0.3684674178486221,0.10396866784862208,False,-1.0,probability_confidence_edge_price_cap,probability,april,"{""max_price"":0.8,""min_confidence"":0.3,""min_edge"":0.0}",-4.0
2026-04-05,highest-temperature-in-seoul-on-april-5-2026-14c,14°C,0.26449875,0.36669824026709497,0.10219949026709496,False,-1.0,probability_confidence_edge_price_cap,probability,april,"{""max_price"":0.8,""min_confidence"":0.3,""min_edge"":0.0}",-4.0
2026-04-06,highest-temperature-in-seoul-on-april-6-2026-14c,14°C,0.09929875,0.4117302435823584,0.3124314935823584,True,9.070620224323065,probability_confidence_edge_price_cap,probability,april,"{""max_price"":0.8,""min_confidence"":0.3,""min_edge"":0.0}",36.28248089729226
2026-04-07,highest-temperature-in-seoul-on-april-7-2026-13c,13°C,0.3105,0.31139109972058404,0.0008910997205840432,False,-1.0,probability_confidence_edge_price_cap,probability,april,"{""max_price"":0.8,""min_confidence"":0.3,""min_edge"":0.0}",-4.0
2026-04-08,highest-temperature-in-seoul-on-april-8-2026-13c,13°C,0.22858,0.402991540610727,0.174411540610727,True,3.374835943652113,probability_confidence_edge_price_cap,probability,april,"{""max_price"":0.8,""min_confidence"":0.3,""min_edge"":0.0}",13.499343774608452
2026-04-10,highest-temperature-in-seoul-on-april-10-2026-12c,12°C,0.37151999999999996,0.3837649903423349,0.01224499034233495,True,1.6916451335055989,probability_confidence_edge_price_cap,probability,april,"{""max_price"":0.8,""min_confidence"":0.3,""min_edge"":0.0}",6.7665805340223955
2026-04-13,highest-temperature-in-seoul-on-april-13-2026-21c,21°C,0.18738000000000002,0.4124309506392211,0.22505095063922106,False,-1.0,probability_confidence_edge_price_cap,probability,april,"{""max_price"":0.8,""min_confidence"":0.3,""min_edge"":0.0}",-4.0
2026-04-17,highest-temperature-in-seoul-on-april-17-2026-16c,16°C,0.17705500000000002,0.38445396945805904,0.20739896945805902,False,-1.0,probability_confidence_edge_price_cap,probability,april,"{""max_price"":0.8,""min_confidence"":0.3,""min_edge"":0.0}",-4.0
2026-04-18,highest-temperature-in-seoul-on-april-18-2026-19c,19°C,0.05498718750000001,0.5138943089557142,0.4589071214557142,False,-1.0,probability_confidence_edge_price_cap,probability,april,"{""max_price"":0.8,""min_confidence"":0.3,""min_edge"":0.0}",-4.0
2026-04-19,highest-temperature-in-seoul-on-april-19-2026-21c,21°C,0.1128168,0.55684866869027,0.44403186869027006,False,-1.0,probability_confidence_edge_price_cap,probability,april,"{""max_price"":0.8,""min_confidence"":0.3,""min_edge"":0.0}",-4.0
2026-04-20,highest-temperature-in-seoul-on-april-20-2026-16c,16°C,0.09929875,0.4575683994240249,0.3582696494240249,False,-1.0,probability_confidence_edge_price_cap,probability,april,"{""max_price"":0.8,""min_confidence"":0.3,""min_edge"":0.0}",-4.0
2026-04-21,highest-temperature-in-seoul-on-april-21-2026-15c,15°C,0.3105,0.4173064453145329,0.10680644531453293,False,-1.0,probability_confidence_edge_price_cap,probability,april,"{""max_price"":0.8,""min_confidence"":0.3,""min_edge"":0.0}",-4.0
2026-04-22,highest-temperature-in-seoul-on-april-22-2026-16c,16°C,0.33596875000000004,0.36304441863883513,0.027075668638835093,False,-1.0,probability_confidence_edge_price_cap,probability,april,"{""max_price"":0.8,""min_confidence"":0.3,""min_edge"":0.0}",-4.0
2026-04-23,highest-temperature-in-seoul-on-april-23-2026-22c,22°C,0.21829500000000002,0.3373782862858079,0.11908328628580789,True,3.580956961909343,probability_confidence_edge_price_cap,probability,april,"{""max_price"":0.8,""min_confidence"":0.3,""min_edge"":0.0}",14.323827847637371
2026-04-28,highest-temperature-in-seoul-on-april-28-2026-17c,17°C,0.18221875,0.3985937221158586,0.21637497211585857,False,-1.0,probability_confidence_edge_price_cap,probability,april,"{""max_price"":0.8,""min_confidence"":0.3,""min_edge"":0.0}",-4.0
2026-04-30,highest-temperature-in-seoul-on-april-30-2026-19c,19°C,0.279855,0.343428306009328,0.06357330600932798,True,2.5732790194922366,probability_confidence_edge_price_cap,probability,april,"{""max_price"":0.8,""min_confidence"":0.3,""min_edge"":0.0}",10.293116077968946
2026-05-01,highest-temperature-in-seoul-on-may-1-2026-19c,19°C,0.32578875,0.3741041313217126,0.04831538132171259,True,2.0694737003656507,probability_confidence_edge_price_cap,probability,may,"{""max_price"":0.8,""min_confidence"":0.3,""min_edge"":0.0}",8.277894801462603
2026-05-02,highest-temperature-in-seoul-on-may-2-2026-19c,19°C,0.25424875,0.3787176141185294,0.12446886411852937,False,-1.0,probability_confidence_edge_price_cap,probability,may,"{""max_price"":0.8,""min_confidence"":0.3,""min_edge"":0.0}",-4.0
2026-05-04,highest-temperature-in-seoul-on-may-4-2026-20corhigher,20°C or higher,0.0309314875,0.3820656860612972,0.3511341985612972,False,-1.0,probability_confidence_edge_price_cap,probability,may,"{""max_price"":0.8,""min_confidence"":0.3,""min_edge"":0.0}",-4.0
2026-05-06,highest-temperature-in-seoul-on-may-6-2026-21corhigher,21°C or higher,0.641655,0.7094796773855279,0.06782467738552789,True,0.5584698942578177,probability_confidence_edge_price_cap,probability,may,"{""max_price"":0.8,""min_confidence"":0.3,""min_edge"":0.0}",2.2338795770312707
2026-05-07,highest-temperature-in-seoul-on-may-7-2026-18c,18°C,0.2434754875,0.40436481079735165,0.16088932329735164,False,-1.0,probability_confidence_edge_price_cap,probability,may,"{""max_price"":0.8,""min_confidence"":0.3,""min_edge"":0.0}",-4.0
2026-05-09,highest-temperature-in-seoul-on-may-9-2026-20c,20°C,0.42713875,0.5404803382045689,0.11334158820456885,True,1.341159634896155,probability_confidence_edge_price_cap,probability,may,"{""max_price"":0.8,""min_confidence"":0.3,""min_edge"":0.0}",5.36463853958462
2026-05-10,highest-temperature-in-seoul-on-may-10-2026-21c,21°C,0.41704875,0.4239638487389382,0.006915098738938197,False,-1.0,probability_confidence_edge_price_cap,probability,may,"{""max_price"":0.8,""min_confidence"":0.3,""min_edge"":0.0}",-4.0
2026-05-13,highest-temperature-in-seoul-on-may-13-2026-21c,21°C,0.43721875,0.45728411930474894,0.020065369304748948,False,-1.0,probability_confidence_edge_price_cap,probability,may,"{""max_price"":0.8,""min_confidence"":0.3,""min_edge"":0.0}",-4.0
2026-05-14,highest-temperature-in-seoul-on-may-14-2026-26c,26°C,0.27473875000000003,0.46962418759852687,0.19488543759852683,True,2.639821466757055,probability_confidence_edge_price_cap,probability,may,"{""max_price"":0.8,""min_confidence"":0.3,""min_edge"":0.0}",10.55928586702822
2026-05-15,highest-temperature-in-seoul-on-may-15-2026-25c,25°C,0.15637500000000001,0.4861289685444746,0.3297539685444746,False,-1.0,probability_confidence_edge_price_cap,probability,may,"{""max_price"":0.8,""min_confidence"":0.3,""min_edge"":0.0}",-4.0
2026-05-16,highest-temperature-in-seoul-on-may-16-2026-25c,25°C,0.21829500000000002,0.551993322825144,0.333698322825144,False,-1.0,probability_confidence_edge_price_cap,probability,may,"{""max_price"":0.8,""min_confidence"":0.3,""min_edge"":0.0}",-4.0
2026-05-22,highest-temperature-in-seoul-on-may-22-2026-24c,24°C,0.08888874999999999,0.37453425311256716,0.2856455031125672,False,-1.0,probability_confidence_edge_price_cap,probability,may,"{""max_price"":0.8,""min_confidence"":0.3,""min_edge"":0.0}",-4.0
2026-05-25,highest-temperature-in-seoul-on-may-25-2026-27c,27°C,0.43218,0.4414249714575831,0.009244971457583073,True,1.3138507103521682,probability_confidence_edge_price_cap,probability,may,"{""max_price"":0.8,""min_confidence"":0.3,""min_edge"":0.0}",5.255402841408673
2026-05-28,highest-temperature-in-seoul-on-may-28-2026-24c,24°C,0.29518875000000006,0.340049767290692,0.04486101729069192,False,-1.0,probability_confidence_edge_price_cap,probability,may,"{""max_price"":0.8,""min_confidence"":0.3,""min_edge"":0.0}",-4.0
2026-05-29,highest-temperature-in-seoul-on-may-29-2026-25c,25°C,0.24398875,0.3296078137931053,0.08561906379310527,True,3.098549625751187,probability_confidence_edge_price_cap,probability,may,"{""max_price"":0.8,""min_confidence"":0.3,""min_edge"":0.0}",12.394198503004748
2026-05-30,highest-temperature-in-seoul-on-may-30-2026-25c,25°C,0.35629875000000005,0.3927397103432452,0.03644096034324512,False,-1.0,probability_confidence_edge_price_cap,probability,may,"{""max_price"":0.8,""min_confidence"":0.3,""min_edge"":0.0}",-4.0
2026-06-01,highest-temperature-in-seoul-on-june-1-2026-26c,26°C,0.40694875,0.4313643387582135,0.02441558875821348,False,-1.0,probability_confidence_edge_price_cap,probability,june,"{""max_price"":0.8,""min_confidence"":0.3,""min_edge"":0.0}",-4.0
2026-06-02,highest-temperature-in-seoul-on-june-2-2026-27c,27°C,0.19253875,0.3611070122328363,0.1685682622328363,False,-1.0,probability_confidence_edge_price_cap,probability,june,"{""max_price"":0.8,""min_confidence"":0.3,""min_edge"":0.0}",-4.0
2026-06-03,highest-temperature-in-seoul-on-june-3-2026-26c,26°C,0.18738000000000002,0.4211713609267367,0.23379136092673666,False,-1.0,probability_confidence_edge_price_cap,probability,june,"{""max_price"":0.8,""min_confidence"":0.3,""min_edge"":0.0}",-4.0
2026-06-07,highest-temperature-in-seoul-on-june-7-2026-26c,26°C,0.135655,0.3705641749664551,0.2349091749664551,False,-1.0,probability_confidence_edge_price_cap,probability,june,"{""max_price"":0.8,""min_confidence"":0.3,""min_edge"":0.0}",-4.0
2026-06-08,highest-temperature-in-seoul-on-june-8-2026-24c,24°C,0.32578875,0.33382077879040595,0.008032028790405932,True,2.0694737003656507,probability_confidence_edge_price_cap,probability,june,"{""max_price"":0.8,""min_confidence"":0.3,""min_edge"":0.0}",8.277894801462603
2026-06-09,highest-temperature-in-seoul-on-june-9-2026-25c,25°C,0.41200000000000003,0.41983310100025384,0.007833101000253806,True,1.4271844660194173,probability_confidence_edge_price_cap,probability,june,"{""max_price"":0.8,""min_confidence"":0.3,""min_edge"":0.0}",5.708737864077669
2026-06-10,highest-temperature-in-seoul-on-june-10-2026-24c,24°C,0.20284875,0.41099555057793674,0.20814680057793675,False,-1.0,probability_confidence_edge_price_cap,probability,june,"{""max_price"":0.8,""min_confidence"":0.3,""min_edge"":0.0}",-4.0
2026-06-11,highest-temperature-in-seoul-on-june-11-2026-24c,24°C,0.20284875,0.4161126061653726,0.2132638561653726,False,-1.0,probability_confidence_edge_price_cap,probability,june,"{""max_price"":0.8,""min_confidence"":0.3,""min_edge"":0.0}",-4.0
2026-06-13,highest-temperature-in-seoul-on-june-13-2026-27c,27°C,0.32578875,0.4262544817308555,0.10046573173085549,True,2.0694737003656507,probability_confidence_edge_price_cap,probability,june,"{""max_price"":0.8,""min_confidence"":0.3,""min_edge"":0.0}",8.277894801462603
2026-06-15,highest-temperature-in-seoul-on-june-15-2026-27c,27°C,0.07846875,0.42264203273964795,0.344173282739648,False,-1.0,probability_confidence_edge_price_cap,probability,june,"{""max_price"":0.8,""min_confidence"":0.3,""min_edge"":0.0}",-4.0
2026-06-16,highest-temperature-in-seoul-on-june-16-2026-28c,28°C,0.341055,0.3741455387214899,0.033090538721489926,False,-1.0,probability_confidence_edge_price_cap,probability,june,"{""max_price"":0.8,""min_confidence"":0.3,""min_edge"":0.0}",-4.0
2026-06-17,highest-temperature-in-seoul-on-june-17-2026-30c,30°C,0.5119999875,0.5234337861179803,0.011433798617980329,True,0.953125047683717,probability_confidence_edge_price_cap,probability,june,"{""max_price"":0.8,""min_confidence"":0.3,""min_edge"":0.0}",3.812500190734868
2026-06-21,highest-temperature-in-seoul-on-june-21-2026-27c,27°C,0.35629875000000005,0.4525695745075026,0.09627082450750257,True,1.8066334782257862,probability_confidence_edge_price_cap,probability,june,"{""max_price"":0.8,""min_confidence"":0.3,""min_edge"":0.0}",7.226533912903145
2026-06-22,highest-temperature-in-seoul-on-june-22-2026-27c,27°C,0.40694875,0.46011996919762627,0.05317121919762624,True,1.4573118850960962,probability_confidence_edge_price_cap,probability,june,"{""max_price"":0.8,""min_confidence"":0.3,""min_edge"":0.0}",5.829247540384385
2026-06-25,highest-temperature-in-seoul-on-june-25-2026-27c,27°C,0.24398875,0.4070263336292211,0.16303758362922108,False,-1.0,probability_confidence_edge_price_cap,probability,june,"{""max_price"":0.8,""min_confidence"":0.3,""min_edge"":0.0}",-4.0
2026-06-26,highest-temperature-in-seoul-on-june-26-2026-26c,26°C,0.16672,0.4978568952449987,0.3311368952449987,False,-1.0,probability_confidence_edge_price_cap,probability,june,"{""max_price"":0.8,""min_confidence"":0.3,""min_edge"":0.0}",-4.0
2026-06-27,highest-temperature-in-seoul-on-june-27-2026-29c,29°C,0.40694875,0.4511014744949673,0.044152724494967266,False,-1.0,probability_confidence_edge_price_cap,probability,june,"{""max_price"":0.8,""min_confidence"":0.3,""min_edge"":0.0}",-4.0
2026-07-01,highest-temperature-in-seoul-on-july-1-2026-31c,31°C,0.24912,0.4025232920858616,0.15340329208586156,False,-1.0,probability_confidence_edge_price_cap,probability,july,"{""max_price"":0.8,""min_confidence"":0.3,""min_edge"":0.0}",-4.0
2026-07-03,highest-temperature-in-seoul-on-july-3-2026-27c,27°C,0.39683875,0.48261294290743173,0.08577419290743171,False,-1.0,probability_confidence_edge_price_cap,probability,july,"{""max_price"":0.8,""min_confidence"":0.3,""min_edge"":0.0}",-4.0
2026-07-04,highest-temperature-in-seoul-on-july-4-2026-28c,28°C,0.53746875,0.5519565830779698,0.014487833077969747,True,0.8605732891447175,probability_confidence_edge_price_cap,probability,july,"{""max_price"":0.8,""min_confidence"":0.3,""min_edge"":0.0}",3.44229315657887
2026-07-06,highest-temperature-in-seoul-on-july-6-2026-27c,27°C,0.33088,0.39568616852733335,0.06480616852733334,False,-1.0,probability_confidence_edge_price_cap,probability,july,"{""max_price"":0.8,""min_confidence"":0.3,""min_edge"":0.0}",-4.0
2026-07-07,highest-temperature-in-seoul-on-july-7-2026-30corhigher,30°C or higher,0.53946355,0.7650574467372931,0.22559389673729313,True,0.8536933588932931,probability_confidence_edge_price_cap,probability,july,"{""max_price"":0.8,""min_confidence"":0.3,""min_edge"":0.0}",3.4147734355731725
2026-07-09,highest-temperature-in-seoul-on-july-9-2026-26c,26°C,0.37658874999999997,0.3969807018635354,0.02039195186353543,False,-1.0,probability_confidence_edge_price_cap,probability,july,"{""max_price"":0.8,""min_confidence"":0.3,""min_edge"":0.0}",-4.0
2026-07-10,highest-temperature-in-seoul-on-july-10-2026-29c,29°C,0.25424875,0.44352055438068466,0.18927180438068464,False,-1.0,probability_confidence_edge_price_cap,probability,july,"{""max_price"":0.8,""min_confidence"":0.3,""min_edge"":0.0}",-4.0
2026-07-11,highest-temperature-in-seoul-on-july-11-2026-33corhigher,33°C or higher,0.14705595000000002,0.6386804823085153,0.4916245323085152,False,-1.0,probability_confidence_edge_price_cap,probability,july,"{""max_price"":0.8,""min_confidence"":0.3,""min_edge"":0.0}",-4.0
2026-07-15,highest-temperature-in-seoul-on-july-15-2026-27c,27°C,0.259375,0.34492085405345263,0.08554585405345261,False,-1.0,probability_confidence_edge_price_cap,probability,july,"{""max_price"":0.8,""min_confidence"":0.3,""min_edge"":0.0}",-4.0
2026-07-18,highest-temperature-in-seoul-on-july-18-2026-26c,26°C,0.20284875,0.4087413116836831,0.2058925616836831,True,3.9297814258160333,probability_confidence_edge_price_cap,probability,july,"{""max_price"":0.8,""min_confidence"":0.3,""min_edge"":0.0}",15.719125703264133
2026-07-20,highest-temperature-in-seoul-on-july-20-2026-25c,25°C,0.31559875,0.43690057069490024,0.12130182069490025,False,-1.0,probability_confidence_edge_price_cap,probability,july,"{""max_price"":0.8,""min_confidence"":0.3,""min_edge"":0.0}",-4.0
2026-07-22,highest-temperature-in-seoul-on-july-22-2026-27c,27°C,0.30029500000000003,0.4361140635861968,0.13581906358619678,True,2.330058775537388,probability_confidence_edge_price_cap,probability,july,"{""max_price"":0.8,""min_confidence"":0.3,""min_edge"":0.0}",9.320235102149551
2026-07-24,highest-temperature-in-seoul-on-july-24-2026-30c,30°C,0.22343875,0.5308512849758401,0.3074125349758401,False,-1.0,probability_confidence_edge_price_cap,probability,july,"{""max_price"":0.8,""min_confidence"":0.3,""min_edge"":0.0}",-4.0
2026-02-01,highest-temperature-in-seoul-on-february-1-2c,2°C,0.035,0.5019521264926332,0.4669521264926332,False,-1.0,point_provider_spread_price_cap,point,february,"{""max_price"":0.6,""max_provider_spread"":2.0}",-4.0
2026-02-03,highest-temperature-in-seoul-on-february-3-2026-4corhigher,4°C or higher,0.0635,0.8278498255428757,0.7643498255428757,False,-1.0,point_provider_spread_price_cap,point,february,"{""max_price"":0.6,""max_provider_spread"":2.0}",-4.0
2026-02-07,highest-temperature-in-seoul-on-february-7-2026-neg-6c,-6°C,0.135,0.5116834370461321,0.37668343704613205,False,-1.0,point_provider_spread_price_cap,point,february,"{""max_price"":0.6,""max_provider_spread"":2.0}",-4.0
2026-02-08,highest-temperature-in-seoul-on-february-8-2026-neg-5c,-5°C,0.049,0.3169720113096047,0.2679720113096047,False,-1.0,point_provider_spread_price_cap,point,february,"{""max_price"":0.6,""max_provider_spread"":2.0}",-4.0
2026-02-10,highest-temperature-in-seoul-on-february-10-2026-3c,3°C,0.505,0.3708168423157989,-0.13418315768420108,True,0.9801980198019802,point_provider_spread_price_cap,point,february,"{""max_price"":0.6,""max_provider_spread"":2.0}",3.9207920792079207
2026-02-11,highest-temperature-in-seoul-on-february-11-2026-4c,4°C,0.49,0.3358664143172112,-0.1541335856827888,True,1.0408163265306123,point_provider_spread_price_cap,point,february,"{""max_price"":0.6,""max_provider_spread"":2.0}",4.163265306122449
2026-02-12,highest-temperature-in-seoul-on-february-12-2026-6c,6°C,0.45,0.3508923180070178,-0.0991076819929822,False,-1.0,point_provider_spread_price_cap,point,february,"{""max_price"":0.6,""max_provider_spread"":2.0}",-4.0
2026-02-16,highest-temperature-in-seoul-on-february-16-2026-4c,4°C,0.22,0.3962215916290958,0.17622159162909581,False,-1.0,point_provider_spread_price_cap,point,february,"{""max_price"":0.6,""max_provider_spread"":2.0}",-4.0
2026-02-17,highest-temperature-in-seoul-on-february-17-2026-5c,5°C,0.52,0.5078467981624923,-0.012153201837507677,False,-1.0,point_provider_spread_price_cap,point,february,"{""max_price"":0.6,""max_provider_spread"":2.0}",-4.0
2026-02-18,highest-temperature-in-seoul-on-february-18-2026-5c,5°C,0.46,0.5289705007533507,0.0689705007533507,False,-1.0,point_provider_spread_price_cap,point,february,"{""max_price"":0.6,""max_provider_spread"":2.0}",-4.0
2026-02-19,highest-temperature-in-seoul-on-february-19-2026-6c,6°C,0.315,0.5007260513413885,0.18572605134138848,False,-1.0,point_provider_spread_price_cap,point,february,"{""max_price"":0.6,""max_provider_spread"":2.0}",-4.0
2026-02-23,highest-temperature-in-seoul-on-february-23-2026-4c,4°C,0.51,0.5307576239374682,0.02075762393746816,True,0.9607843137254901,point_provider_spread_price_cap,point,february,"{""max_price"":0.6,""max_provider_spread"":2.0}",3.8431372549019605
2026-02-24,highest-temperature-in-seoul-on-february-24-2026-6c,6°C,0.095,0.3306909742388555,0.23569097423885552,False,-1.0,point_provider_spread_price_cap,point,february,"{""max_price"":0.6,""max_provider_spread"":2.0}",-4.0
2026-03-01,highest-temperature-in-seoul-on-march-1-2026-13c,13°C,0.24200000000000002,0.40726792419422897,0.16526792419422895,False,-1.0,point_provider_spread_price_cap,point,march,"{""max_price"":0.6,""max_provider_spread"":8.0}",-4.0
2026-03-02,highest-temperature-in-seoul-on-march-2-2026-7c,7°C,0.12,0.3482306645535439,0.2282306645535439,False,-1.0,point_provider_spread_price_cap,point,march,"{""max_price"":0.6,""max_provider_spread"":8.0}",-4.0
2026-03-03,highest-temperature-in-seoul-on-march-3-2026-9c,9°C,0.41500000000000004,0.35544445452893714,-0.0595555454710629,False,-1.0,point_provider_spread_price_cap,point,march,"{""max_price"":0.6,""max_provider_spread"":8.0}",-4.0
2026-03-04,highest-temperature-in-seoul-on-march-4-2026-8c,8°C,0.28500000000000003,0.45470350598019943,0.1697035059801994,False,-1.0,point_provider_spread_price_cap,point,march,"{""max_price"":0.6,""max_provider_spread"":8.0}",-4.0
2026-03-05,highest-temperature-in-seoul-on-march-5-2026-9c,9°C,0.45,0.47952640380033024,0.029526403800330225,False,-1.0,point_provider_spread_price_cap,point,march,"{""max_price"":0.6,""max_provider_spread"":8.0}",-4.0
2026-03-06,highest-temperature-in-seoul-on-march-6-2026-5c,5°C,0.47500000000000003,0.47848847818821705,0.0034884781882170146,False,-1.0,point_provider_spread_price_cap,point,march,"{""max_price"":0.6,""max_provider_spread"":8.0}",-4.0
2026-03-07,highest-temperature-in-seoul-on-march-7-2026-4c,4°C,0.455,0.4190490171610497,-0.03595098283895032,False,-1.0,point_provider_spread_price_cap,point,march,"{""max_price"":0.6,""max_provider_spread"":8.0}",-4.0
2026-03-08,highest-temperature-in-seoul-on-march-8-2026-5c,5°C,0.495,0.4172447144146939,-0.07775528558530609,False,-1.0,point_provider_spread_price_cap,point,march,"{""max_price"":0.6,""max_provider_spread"":8.0}",-4.0
2026-03-09,highest-temperature-in-seoul-on-march-9-2026-8c,8°C,0.27,0.4710566767821721,0.2010566767821721,False,-1.0,point_provider_spread_price_cap,point,march,"{""max_price"":0.6,""max_provider_spread"":8.0}",-4.0
2026-03-10,highest-temperature-in-seoul-on-march-10-2026-7c,7°C,0.455,0.5061399465540406,0.05113994655404058,True,1.1978021978021975,point_provider_spread_price_cap,point,march,"{""max_price"":0.6,""max_provider_spread"":8.0}",4.79120879120879
2026-03-11,highest-temperature-in-seoul-on-march-11-2026-8c,8°C,0.275,0.3742537963446443,0.09925379634464426,False,-1.0,point_provider_spread_price_cap,point,march,"{""max_price"":0.6,""max_provider_spread"":8.0}",-4.0
2026-03-12,highest-temperature-in-seoul-on-march-12-2026-11c,11°C,0.375,0.3593513292575709,-0.015648670742429094,True,1.6666666666666665,point_provider_spread_price_cap,point,march,"{""max_price"":0.6,""max_provider_spread"":8.0}",6.666666666666666
2026-03-13,highest-temperature-in-seoul-on-march-13-2026-12corhigher,12°C or higher,0.2,0.7440972926454228,0.5440972926454228,False,-1.0,point_provider_spread_price_cap,point,march,"{""max_price"":0.6,""max_provider_spread"":8.0}",-4.0
2026-03-14,highest-temperature-in-seoul-on-march-14-2026-10c,10°C,0.305,0.43429570932909634,0.12929570932909634,False,-1.0,point_provider_spread_price_cap,point,march,"{""max_price"":0.6,""max_provider_spread"":8.0}",-4.0
2026-03-15,highest-temperature-in-seoul-on-march-15-2026-10c,10°C,0.455,0.4479021671235447,-0.007097832876455323,True,1.1978021978021975,point_provider_spread_price_cap,point,march,"{""max_price"":0.6,""max_provider_spread"":8.0}",4.79120879120879
2026-03-16,highest-temperature-in-seoul-on-march-16-2026-11c,11°C,0.19,0.4944206840487698,0.3044206840487698,False,-1.0,point_provider_spread_price_cap,point,march,"{""max_price"":0.6,""max_provider_spread"":8.0}",-4.0
2026-03-17,highest-temperature-in-seoul-on-march-17-2026-12c,12°C,0.28,0.3953614597916905,0.11536145979169049,True,2.571428571428571,point_provider_spread_price_cap,point,march,"{""max_price"":0.6,""max_provider_spread"":8.0}",10.285714285714285
2026-03-18,highest-temperature-in-seoul-on-march-18-2026-8c,8°C,0.32,0.3522356916045914,0.03223569160459139,True,2.125,point_provider_spread_price_cap,point,march,"{""max_price"":0.6,""max_provider_spread"":8.0}",8.5
2026-03-19,highest-temperature-in-seoul-on-march-19-2026-9c,9°C,0.53,0.4712531272434585,-0.0587468727565415,True,0.8867924528301885,point_provider_spread_price_cap,point,march,"{""max_price"":0.6,""max_provider_spread"":8.0}",3.547169811320754
2026-03-20,highest-temperature-in-seoul-on-march-20-2026-11c,11°C,0.425,0.40088356062229147,-0.02411643937770852,True,1.3529411764705883,point_provider_spread_price_cap,point,march,"{""max_price"":0.6,""max_provider_spread"":8.0}",5.411764705882353
2026-03-21,highest-temperature-in-seoul-on-march-21-2026-11c,11°C,0.3,0.35702604369818547,0.05702604369818548,True,2.3333333333333335,point_provider_spread_price_cap,point,march,"{""max_price"":0.6,""max_provider_spread"":8.0}",9.333333333333334
2026-03-23,highest-temperature-in-seoul-on-march-23-2026-15c,15°C,0.295,0.31492324588306386,0.019923245883063878,True,2.3898305084745766,point_provider_spread_price_cap,point,march,"{""max_price"":0.6,""max_provider_spread"":8.0}",9.559322033898306
2026-03-24,highest-temperature-in-seoul-on-march-24-2026-15corhigher,15°C or higher,0.465,0.7311148307454206,0.2661148307454206,False,-1.0,point_provider_spread_price_cap,point,march,"{""max_price"":0.6,""max_provider_spread"":8.0}",-4.0
2026-03-25,highest-temperature-in-seoul-on-march-25-2026-14c,14°C,0.33,0.37043672807053757,0.04043672807053755,False,-1.0,point_provider_spread_price_cap,point,march,"{""max_price"":0.6,""max_provider_spread"":8.0}",-4.0
2026-03-27,highest-temperature-in-seoul-on-march-27-2026-11c,11°C,0.302,0.2066352304163075,-0.0953647695836925,False,-1.0,point_provider_spread_price_cap,point,march,"{""max_price"":0.6,""max_provider_spread"":8.0}",-4.0
2026-03-29,highest-temperature-in-seoul-on-march-29-2026-17corhigher,17°C or higher,0.222,0.6154834645495664,0.3934834645495664,False,-1.0,point_provider_spread_price_cap,point,march,"{""max_price"":0.6,""max_provider_spread"":8.0}",-4.0
2026-03-30,highest-temperature-in-seoul-on-march-30-2026-18c,18°C,0.15000000000000002,0.2199573406502896,0.06995734065028958,True,5.666666666666666,point_provider_spread_price_cap,point,march,"{""max_price"":0.6,""max_provider_spread"":8.0}",22.666666666666664
2026-04-02,highest-temperature-in-seoul-on-april-2-2026-15c,15°C,0.17705500000000002,0.4224796969401995,0.24542469694019947,False,-1.0,point_provider_spread_price_cap,point,april,"{""max_price"":0.8,""max_provider_spread"":4.0}",-4.0
2026-04-05,highest-temperature-in-seoul-on-april-5-2026-13c,13°C,0.279855,0.3233281870803757,0.043473187080375675,False,-1.0,point_provider_spread_price_cap,point,april,"{""max_price"":0.8,""max_provider_spread"":4.0}",-4.0
2026-04-06,highest-temperature-in-seoul-on-april-6-2026-13c,13°C,0.33596875000000004,0.21222753772207983,-0.1237412122779202,False,-1.0,point_provider_spread_price_cap,point,april,"{""max_price"":0.8,""max_provider_spread"":4.0}",-4.0
2026-04-07,highest-temperature-in-seoul-on-april-7-2026-12c,12°C,0.40694875,0.28830261053990736,-0.11864613946009267,False,-1.0,point_provider_spread_price_cap,point,april,"{""max_price"":0.8,""max_provider_spread"":4.0}",-4.0
2026-04-08,highest-temperature-in-seoul-on-april-8-2026-13c,13°C,0.22858,0.402991540610727,0.174411540610727,True,3.374835943652113,point_provider_spread_price_cap,point,april,"{""max_price"":0.8,""max_provider_spread"":4.0}",13.499343774608452
2026-04-09,highest-temperature-in-seoul-on-april-9-2026-14c,14°C,0.16154875,0.28663762098533213,0.12508887098533214,False,-1.0,point_provider_spread_price_cap,point,april,"{""max_price"":0.8,""max_provider_spread"":4.0}",-4.0
2026-04-10,highest-temperature-in-seoul-on-april-10-2026-12c,12°C,0.37151999999999996,0.3837649903423349,0.01224499034233495,True,1.6916451335055989,point_provider_spread_price_cap,point,april,"{""max_price"":0.8,""max_provider_spread"":4.0}",6.7665805340223955
2026-04-11,highest-temperature-in-seoul-on-april-11-2026-14c,14°C,0.20800000000000002,0.2216994880967063,0.013699488096706292,False,-1.0,point_provider_spread_price_cap,point,april,"{""max_price"":0.8,""max_provider_spread"":4.0}",-4.0
2026-04-20,highest-temperature-in-seoul-on-april-20-2026-16c,16°C,0.09929875,0.4575683994240249,0.3582696494240249,False,-1.0,point_provider_spread_price_cap,point,april,"{""max_price"":0.8,""max_provider_spread"":4.0}",-4.0
2026-04-21,highest-temperature-in-seoul-on-april-21-2026-15c,15°C,0.3105,0.4173064453145329,0.10680644531453293,False,-1.0,point_provider_spread_price_cap,point,april,"{""max_price"":0.8,""max_provider_spread"":4.0}",-4.0
2026-04-22,highest-temperature-in-seoul-on-april-22-2026-16c,16°C,0.33596875000000004,0.36304441863883513,0.027075668638835093,False,-1.0,point_provider_spread_price_cap,point,april,"{""max_price"":0.8,""max_provider_spread"":4.0}",-4.0
2026-04-28,highest-temperature-in-seoul-on-april-28-2026-17c,17°C,0.18221875,0.3985937221158586,0.21637497211585857,False,-1.0,point_provider_spread_price_cap,point,april,"{""max_price"":0.8,""max_provider_spread"":4.0}",-4.0
2026-05-01,highest-temperature-in-seoul-on-may-1-2026-20corhigher,20°C or higher,0.29518875000000006,0.5380599977564045,0.2428712477564044,False,-1.0,point_provider_spread_price_cap,point,may,"{""max_price"":0.6,""max_provider_spread"":8.0}",-4.0
2026-05-02,highest-temperature-in-seoul-on-may-2-2026-19c,19°C,0.25424875,0.3787176141185294,0.12446886411852937,False,-1.0,point_provider_spread_price_cap,point,may,"{""max_price"":0.6,""max_provider_spread"":8.0}",-4.0
2026-05-03,highest-temperature-in-seoul-on-may-3-2026-14c,14°C,0.5125,0.424783015031598,-0.08771698496840197,False,-1.0,point_provider_spread_price_cap,point,may,"{""max_price"":0.6,""max_provider_spread"":8.0}",-4.0
2026-05-04,highest-temperature-in-seoul-on-may-4-2026-19c,19°C,0.18221875,0.29075623572697157,0.10853748572697156,False,-1.0,point_provider_spread_price_cap,point,may,"{""max_price"":0.6,""max_provider_spread"":8.0}",-4.0
2026-05-05,highest-temperature-in-seoul-on-may-5-2026-18c,18°C,0.36137500000000006,0.3194713037663394,-0.04190369623366064,True,1.7672085783465925,point_provider_spread_price_cap,point,may,"{""max_price"":0.6,""max_provider_spread"":8.0}",7.06883431338637
2026-05-07,highest-temperature-in-seoul-on-may-7-2026-18c,18°C,0.2434754875,0.40436481079735165,0.16088932329735164,False,-1.0,point_provider_spread_price_cap,point,may,"{""max_price"":0.6,""max_provider_spread"":8.0}",-4.0
2026-05-08,highest-temperature-in-seoul-on-may-8-2026-19c,19°C,0.51749875,0.4175996370166501,-0.09989911298334991,False,-1.0,point_provider_spread_price_cap,point,may,"{""max_price"":0.6,""max_provider_spread"":8.0}",-4.0
2026-05-09,highest-temperature-in-seoul-on-may-9-2026-20c,20°C,0.42713875,0.5404803382045689,0.11334158820456885,True,1.341159634896155,point_provider_spread_price_cap,point,may,"{""max_price"":0.6,""max_provider_spread"":8.0}",5.36463853958462
2026-05-10,highest-temperature-in-seoul-on-may-10-2026-21c,21°C,0.41704875,0.4239638487389382,0.006915098738938197,False,-1.0,point_provider_spread_price_cap,point,may,"{""max_price"":0.6,""max_provider_spread"":8.0}",-4.0
2026-05-12,highest-temperature-in-seoul-on-may-12-2026-20c,20°C,0.5623750000000001,0.37362142203303156,-0.1887535779669685,False,-1.0,point_provider_spread_price_cap,point,may,"{""max_price"":0.6,""max_provider_spread"":8.0}",-4.0
2026-05-13,highest-temperature-in-seoul-on-may-13-2026-21c,21°C,0.43721875,0.45728411930474894,0.020065369304748948,False,-1.0,point_provider_spread_price_cap,point,may,"{""max_price"":0.6,""max_provider_spread"":8.0}",-4.0
2026-05-21,highest-temperature-in-seoul-on-may-21-2026-18c,18°C,0.1817024875,0.3336724673390063,0.1519699798390063,False,-1.0,point_provider_spread_price_cap,point,may,"{""max_price"":0.6,""max_provider_spread"":8.0}",-4.0
2026-05-22,highest-temperature-in-seoul-on-may-22-2026-25c,25°C,0.31559875,0.25122578123417383,-0.06437296876582616,False,-1.0,point_provider_spread_price_cap,point,may,"{""max_price"":0.6,""max_provider_spread"":8.0}",-4.0
2026-05-23,highest-temperature-in-seoul-on-may-23-2026-23c,23°C,0.22343875,0.022457269958699684,-0.20098148004130031,False,-1.0,point_provider_spread_price_cap,point,may,"{""max_price"":0.6,""max_provider_spread"":8.0}",-4.0
2026-05-25,highest-temperature-in-seoul-on-may-25-2026-27c,27°C,0.43218,0.4414249714575831,0.009244971457583073,True,1.3138507103521682,point_provider_spread_price_cap,point,may,"{""max_price"":0.6,""max_provider_spread"":8.0}",5.255402841408673
2026-05-27,highest-temperature-in-seoul-on-may-27-2026-24c,24°C,0.43721875,0.32122259571450984,-0.11599615428549015,False,-1.0,point_provider_spread_price_cap,point,may,"{""max_price"":0.6,""max_provider_spread"":8.0}",-4.0
2026-05-28,highest-temperature-in-seoul-on-may-28-2026-23c,23°C,0.401895,0.18063623223278374,-0.22125876776721626,True,1.4882120951989948,point_provider_spread_price_cap,point,may,"{""max_price"":0.6,""max_provider_spread"":8.0}",5.952848380795979
2026-05-29,highest-temperature-in-seoul-on-may-29-2026-24c,24°C,0.26962,0.3178500203605921,0.048230020360592096,False,-1.0,point_provider_spread_price_cap,point,may,"{""max_price"":0.6,""max_provider_spread"":8.0}",-4.0
2026-05-30,highest-temperature-in-seoul-on-may-30-2026-25c,25°C,0.35629875000000005,0.3927397103432452,0.03644096034324512,False,-1.0,point_provider_spread_price_cap,point,may,"{""max_price"":0.6,""max_provider_spread"":8.0}",-4.0
2026-05-31,highest-temperature-in-seoul-on-may-31-2026-27c,27°C,0.48746875,0.39431963227340067,-0.09314911772659934,True,1.051413552150779,point_provider_spread_price_cap,point,may,"{""max_price"":0.6,""max_provider_spread"":8.0}",4.205654208603116
2026-06-01,highest-temperature-in-seoul-on-june-1-2026-26c,26°C,0.40694875,0.4313643387582135,0.02441558875821348,False,-1.0,point_provider_spread_price_cap,point,june,"{""max_price"":0.8,""max_provider_spread"":6.0}",-4.0
2026-06-04,highest-temperature-in-seoul-on-june-4-2026-26c,26°C,0.612,0.4883070065612948,-0.12369299343870521,True,0.6339869281045751,point_provider_spread_price_cap,point,june,"{""max_price"":0.8,""max_provider_spread"":6.0}",2.5359477124183005
2026-06-05,highest-temperature-in-seoul-on-june-5-2026-23c,23°C,0.25424875,0.3206066687236908,0.06635791872369079,True,2.933156013549722,point_provider_spread_price_cap,point,june,"{""max_price"":0.8,""max_provider_spread"":6.0}",11.732624054198888
2026-06-07,highest-temperature-in-seoul-on-june-7-2026-25c,25°C,0.238855,0.19328226296796752,-0.04557273703203249,False,-1.0,point_provider_spread_price_cap,point,june,"{""max_price"":0.8,""max_provider_spread"":6.0}",-4.0
2026-06-08,highest-temperature-in-seoul-on-june-8-2026-24c,24°C,0.32578875,0.33382077879040595,0.008032028790405932,True,2.0694737003656507,point_provider_spread_price_cap,point,june,"{""max_price"":0.8,""max_provider_spread"":6.0}",8.277894801462603
2026-06-09,highest-temperature-in-seoul-on-june-9-2026-25c,25°C,0.41200000000000003,0.41983310100025384,0.007833101000253806,True,1.4271844660194173,point_provider_spread_price_cap,point,june,"{""max_price"":0.8,""max_provider_spread"":6.0}",5.708737864077669
2026-06-10,highest-temperature-in-seoul-on-june-10-2026-24c,24°C,0.20284875,0.41099555057793674,0.20814680057793675,False,-1.0,point_provider_spread_price_cap,point,june,"{""max_price"":0.8,""max_provider_spread"":6.0}",-4.0
2026-06-11,highest-temperature-in-seoul-on-june-11-2026-24c,24°C,0.20284875,0.4161126061653726,0.2132638561653726,False,-1.0,point_provider_spread_price_cap,point,june,"{""max_price"":0.8,""max_provider_spread"":6.0}",-4.0
2026-06-12,highest-temperature-in-seoul-on-june-12-2026-25c,25°C,0.46739875000000003,0.4632857952887631,-0.004112954711236905,False,-1.0,point_provider_spread_price_cap,point,june,"{""max_price"":0.8,""max_provider_spread"":6.0}",-4.0
2026-06-13,highest-temperature-in-seoul-on-june-13-2026-27c,27°C,0.32578875,0.4262544817308555,0.10046573173085549,True,2.0694737003656507,point_provider_spread_price_cap,point,june,"{""max_price"":0.8,""max_provider_spread"":6.0}",8.277894801462603
2026-06-14,highest-temperature-in-seoul-on-june-14-2026-26c,26°C,0.57232,0.4052966149343433,-0.16702338506565673,True,0.74727425216662,point_provider_spread_price_cap,point,june,"{""max_price"":0.8,""max_provider_spread"":6.0}",2.98909700866648
2026-06-17,highest-temperature-in-seoul-on-june-17-2026-30c,30°C,0.5119999875,0.5234337861179803,0.011433798617980329,True,0.953125047683717,point_provider_spread_price_cap,point,june,"{""max_price"":0.8,""max_provider_spread"":6.0}",3.812500190734868
2026-06-18,highest-temperature-in-seoul-on-june-18-2026-28c,28°C,0.43721875,0.37771591363592,-0.05950283636407999,True,1.2871846186834395,point_provider_spread_price_cap,point,june,"{""max_price"":0.8,""max_provider_spread"":6.0}",5.148738474733758
2026-06-21,highest-temperature-in-seoul-on-june-21-2026-27c,27°C,0.35629875000000005,0.4525695745075026,0.09627082450750257,True,1.8066334782257862,point_provider_spread_price_cap,point,june,"{""max_price"":0.8,""max_provider_spread"":6.0}",7.226533912903145
2026-06-22,highest-temperature-in-seoul-on-june-22-2026-27c,27°C,0.40694875,0.46011996919762627,0.05317121919762624,True,1.4573118850960962,point_provider_spread_price_cap,point,june,"{""max_price"":0.8,""max_provider_spread"":6.0}",5.829247540384385
2026-06-23,highest-temperature-in-seoul-on-june-23-2026-30c,30°C,0.44728875,0.3864228043861724,-0.06086594561382763,True,1.2356922681377522,point_provider_spread_price_cap,point,june,"{""max_price"":0.8,""max_provider_spread"":6.0}",4.942769072551009
2026-06-24,highest-temperature-in-seoul-on-june-24-2026-28c,28°C,0.45734875,0.3949478741177798,-0.06240087588222021,False,-1.0,point_provider_spread_price_cap,point,june,"{""max_price"":0.8,""max_provider_spread"":6.0}",-4.0
2026-06-25,highest-temperature-in-seoul-on-june-25-2026-27c,27°C,0.24398875,0.4070263336292211,0.16303758362922108,False,-1.0,point_provider_spread_price_cap,point,june,"{""max_price"":0.8,""max_provider_spread"":6.0}",-4.0
2026-06-26,highest-temperature-in-seoul-on-june-26-2026-26c,26°C,0.16672,0.4978568952449987,0.3311368952449987,False,-1.0,point_provider_spread_price_cap,point,june,"{""max_price"":0.8,""max_provider_spread"":6.0}",-4.0
2026-06-27,highest-temperature-in-seoul-on-june-27-2026-29c,29°C,0.40694875,0.4511014744949673,0.044152724494967266,False,-1.0,point_provider_spread_price_cap,point,june,"{""max_price"":0.8,""max_provider_spread"":6.0}",-4.0
2026-06-28,highest-temperature-in-seoul-on-june-28-2026-28c,28°C,0.49748875,0.4600297254062189,-0.03745902459378109,False,-1.0,point_provider_spread_price_cap,point,june,"{""max_price"":0.8,""max_provider_spread"":6.0}",-4.0
2026-06-29,highest-temperature-in-seoul-on-june-29-2026-27c,27°C,0.442255,0.35011018652322085,-0.09214481347677916,False,-1.0,point_provider_spread_price_cap,point,june,"{""max_price"":0.8,""max_provider_spread"":6.0}",-4.0
2026-06-30,highest-temperature-in-seoul-on-june-30-2026-28c,28°C,0.5822550000000001,0.40698547658075335,-0.17526952341924673,True,0.7174605628118262,point_provider_spread_price_cap,point,june,"{""max_price"":0.8,""max_provider_spread"":6.0}",2.869842251247305
2026-07-01,highest-temperature-in-seoul-on-july-1-2026-31c,31°C,0.24912,0.4025232920858616,0.15340329208586156,False,-1.0,point_provider_spread_price_cap,point,july,"{""max_price"":0.8,""max_provider_spread"":6.0}",-4.0
2026-07-02,highest-temperature-in-seoul-on-july-2-2026-27c,27°C,0.42713875,0.39972024096587877,-0.02741850903412124,False,-1.0,point_provider_spread_price_cap,point,july,"{""max_price"":0.8,""max_provider_spread"":6.0}",-4.0
2026-07-03,highest-temperature-in-seoul-on-july-3-2026-27c,27°C,0.39683875,0.48261294290743173,0.08577419290743171,False,-1.0,point_provider_spread_price_cap,point,july,"{""max_price"":0.8,""max_provider_spread"":6.0}",-4.0
2026-07-04,highest-temperature-in-seoul-on-july-4-2026-28c,28°C,0.53746875,0.5519565830779698,0.014487833077969747,True,0.8605732891447175,point_provider_spread_price_cap,point,july,"{""max_price"":0.8,""max_provider_spread"":6.0}",3.44229315657887
2026-07-05,highest-temperature-in-seoul-on-july-5-2026-28c,28°C,0.42209500000000005,0.3904412706214943,-0.031653729378505746,False,-1.0,point_provider_spread_price_cap,point,july,"{""max_price"":0.8,""max_provider_spread"":6.0}",-4.0
2026-07-06,highest-temperature-in-seoul-on-july-6-2026-27c,27°C,0.33088,0.39568616852733335,0.06480616852733334,False,-1.0,point_provider_spread_price_cap,point,july,"{""max_price"":0.8,""max_provider_spread"":6.0}",-4.0
2026-07-07,highest-temperature-in-seoul-on-july-7-2026-30corhigher,30°C or higher,0.53946355,0.7650574467372931,0.22559389673729313,True,0.8536933588932931,point_provider_spread_price_cap,point,july,"{""max_price"":0.8,""max_provider_spread"":6.0}",3.4147734355731725
2026-07-09,highest-temperature-in-seoul-on-july-9-2026-26c,26°C,0.37658874999999997,0.3969807018635354,0.02039195186353543,False,-1.0,point_provider_spread_price_cap,point,july,"{""max_price"":0.8,""max_provider_spread"":6.0}",-4.0
2026-07-10,highest-temperature-in-seoul-on-july-10-2026-29c,29°C,0.25424875,0.44352055438068466,0.18927180438068464,False,-1.0,point_provider_spread_price_cap,point,july,"{""max_price"":0.8,""max_provider_spread"":6.0}",-4.0
2026-07-11,highest-temperature-in-seoul-on-july-11-2026-33corhigher,33°C or higher,0.14705595000000002,0.6386804823085153,0.4916245323085152,False,-1.0,point_provider_spread_price_cap,point,july,"{""max_price"":0.8,""max_provider_spread"":6.0}",-4.0
2026-07-13,highest-temperature-in-seoul-on-july-13-2026-33c,33°C,0.49248,0.3906699038640739,-0.10181009613592606,False,-1.0,point_provider_spread_price_cap,point,july,"{""max_price"":0.8,""max_provider_spread"":6.0}",-4.0
2026-07-14,highest-temperature-in-seoul-on-july-14-2026-32c,32°C,0.65644875,0.42411089404405344,-0.23233785595594658,True,0.5233481669361089,point_provider_spread_price_cap,point,july,"{""max_price"":0.8,""max_provider_spread"":6.0}",2.0933926677444354
2026-07-15,highest-temperature-in-seoul-on-july-15-2026-27c,27°C,0.259375,0.34492085405345263,0.08554585405345261,False,-1.0,point_provider_spread_price_cap,point,july,"{""max_price"":0.8,""max_provider_spread"":6.0}",-4.0
2026-07-16,highest-temperature-in-seoul-on-july-16-2026-29c,29°C,0.47242,0.4528227319325152,-0.019597268067484797,False,-1.0,point_provider_spread_price_cap,point,july,"{""max_price"":0.8,""max_provider_spread"":6.0}",-4.0
2026-07-17,highest-temperature-in-seoul-on-july-17-2026-30c,30°C,0.381655,0.34757369189382376,-0.03408130810617627,False,-1.0,point_provider_spread_price_cap,point,july,"{""max_price"":0.8,""max_provider_spread"":6.0}",-4.0
2026-07-18,highest-temperature-in-seoul-on-july-18-2026-26c,26°C,0.20284875,0.4087413116836831,0.2058925616836831,True,3.9297814258160333,point_provider_spread_price_cap,point,july,"{""max_price"":0.8,""max_provider_spread"":6.0}",15.719125703264133
2026-07-20,highest-temperature-in-seoul-on-july-20-2026-25c,25°C,0.31559875,0.43690057069490024,0.12130182069490025,False,-1.0,point_provider_spread_price_cap,point,july,"{""max_price"":0.8,""max_provider_spread"":6.0}",-4.0
2026-07-22,highest-temperature-in-seoul-on-july-22-2026-27c,27°C,0.30029500000000003,0.4361140635861968,0.13581906358619678,True,2.330058775537388,point_provider_spread_price_cap,point,july,"{""max_price"":0.8,""max_provider_spread"":6.0}",9.320235102149551
2026-07-23,highest-temperature-in-seoul-on-july-23-2026-29c,29°C,0.522495,0.4385378997507724,-0.08395710024922765,False,-1.0,point_provider_spread_price_cap,point,july,"{""max_price"":0.8,""max_provider_spread"":6.0}",-4.0
2026-07-24,highest-temperature-in-seoul-on-july-24-2026-30c,30°C,0.22343875,0.5308512849758401,0.3074125349758401,False,-1.0,point_provider_spread_price_cap,point,july,"{""max_price"":0.8,""max_provider_spread"":6.0}",-4.0
2026-07-25,highest-temperature-in-seoul-on-july-25-2026-31c,31°C,0.6020949999999999,0.5201067161719495,-0.08198828382805046,True,0.6608674710801454,point_provider_spread_price_cap,point,july,"{""max_price"":0.8,""max_provider_spread"":6.0}",2.6434698843205817
2026-02-01,highest-temperature-in-seoul-on-february-1-2c,2°C,0.035,0.5019521264926332,0.4669521264926332,False,-1.0,probability_provider_spread_price_cap,probability,february,"{""max_price"":0.6,""max_provider_spread"":2.0}",-4.0
2026-02-03,highest-temperature-in-seoul-on-february-3-2026-4corhigher,4°C or higher,0.0635,0.8278498255428757,0.7643498255428757,False,-1.0,probability_provider_spread_price_cap,probability,february,"{""max_price"":0.6,""max_provider_spread"":2.0}",-4.0
2026-02-07,highest-temperature-in-seoul-on-february-7-2026-neg-6c,-6°C,0.135,0.5116834370461321,0.37668343704613205,False,-1.0,probability_provider_spread_price_cap,probability,february,"{""max_price"":0.6,""max_provider_spread"":2.0}",-4.0
2026-02-08,highest-temperature-in-seoul-on-february-8-2026-neg-4c,-4°C,0.425,0.32734607908847224,-0.09765392091152775,True,1.3529411764705883,probability_provider_spread_price_cap,probability,february,"{""max_price"":0.6,""max_provider_spread"":2.0}",5.411764705882353
2026-02-10,highest-temperature-in-seoul-on-february-10-2026-3c,3°C,0.505,0.3708168423157989,-0.13418315768420108,True,0.9801980198019802,probability_provider_spread_price_cap,probability,february,"{""max_price"":0.6,""max_provider_spread"":2.0}",3.9207920792079207
2026-02-11,highest-temperature-in-seoul-on-february-11-2026-4c,4°C,0.49,0.3358664143172112,-0.1541335856827888,True,1.0408163265306123,probability_provider_spread_price_cap,probability,february,"{""max_price"":0.6,""max_provider_spread"":2.0}",4.163265306122449
2026-02-12,highest-temperature-in-seoul-on-february-12-2026-6c,6°C,0.45,0.3508923180070178,-0.0991076819929822,False,-1.0,probability_provider_spread_price_cap,probability,february,"{""max_price"":0.6,""max_provider_spread"":2.0}",-4.0
2026-02-16,highest-temperature-in-seoul-on-february-16-2026-4c,4°C,0.22,0.3962215916290958,0.17622159162909581,False,-1.0,probability_provider_spread_price_cap,probability,february,"{""max_price"":0.6,""max_provider_spread"":2.0}",-4.0
2026-02-17,highest-temperature-in-seoul-on-february-17-2026-5c,5°C,0.52,0.5078467981624923,-0.012153201837507677,False,-1.0,probability_provider_spread_price_cap,probability,february,"{""max_price"":0.6,""max_provider_spread"":2.0}",-4.0
2026-02-18,highest-temperature-in-seoul-on-february-18-2026-5c,5°C,0.46,0.5289705007533507,0.0689705007533507,False,-1.0,probability_provider_spread_price_cap,probability,february,"{""max_price"":0.6,""max_provider_spread"":2.0}",-4.0
2026-02-19,highest-temperature-in-seoul-on-february-19-2026-6c,6°C,0.315,0.5007260513413885,0.18572605134138848,False,-1.0,probability_provider_spread_price_cap,probability,february,"{""max_price"":0.6,""max_provider_spread"":2.0}",-4.0
2026-02-23,highest-temperature-in-seoul-on-february-23-2026-4c,4°C,0.51,0.5307576239374682,0.02075762393746816,True,0.9607843137254901,probability_provider_spread_price_cap,probability,february,"{""max_price"":0.6,""max_provider_spread"":2.0}",3.8431372549019605
2026-02-24,highest-temperature-in-seoul-on-february-24-2026-6c,6°C,0.095,0.3306909742388555,0.23569097423885552,False,-1.0,probability_provider_spread_price_cap,probability,february,"{""max_price"":0.6,""max_provider_spread"":2.0}",-4.0
2026-03-03,highest-temperature-in-seoul-on-march-3-2026-10c,10°C,0.35000000000000003,0.4009305432006507,0.05093054320065066,True,1.8571428571428568,probability_provider_spread_price_cap,probability,march,"{""max_price"":0.8,""max_provider_spread"":3.0}",7.428571428571427
2026-03-04,highest-temperature-in-seoul-on-march-4-2026-8c,8°C,0.28500000000000003,0.45470350598019943,0.1697035059801994,False,-1.0,probability_provider_spread_price_cap,probability,march,"{""max_price"":0.8,""max_provider_spread"":3.0}",-4.0
2026-03-06,highest-temperature-in-seoul-on-march-6-2026-5c,5°C,0.47500000000000003,0.47848847818821705,0.0034884781882170146,False,-1.0,probability_provider_spread_price_cap,probability,march,"{""max_price"":0.8,""max_provider_spread"":3.0}",-4.0
2026-03-07,highest-temperature-in-seoul-on-march-7-2026-4c,4°C,0.455,0.4190490171610497,-0.03595098283895032,False,-1.0,probability_provider_spread_price_cap,probability,march,"{""max_price"":0.8,""max_provider_spread"":3.0}",-4.0
2026-03-08,highest-temperature-in-seoul-on-march-8-2026-5c,5°C,0.495,0.4172447144146939,-0.07775528558530609,False,-1.0,probability_provider_spread_price_cap,probability,march,"{""max_price"":0.8,""max_provider_spread"":3.0}",-4.0
2026-03-09,highest-temperature-in-seoul-on-march-9-2026-8c,8°C,0.27,0.4710566767821721,0.2010566767821721,False,-1.0,probability_provider_spread_price_cap,probability,march,"{""max_price"":0.8,""max_provider_spread"":3.0}",-4.0
2026-03-10,highest-temperature-in-seoul-on-march-10-2026-7c,7°C,0.455,0.5061399465540406,0.05113994655404058,True,1.1978021978021975,probability_provider_spread_price_cap,probability,march,"{""max_price"":0.8,""max_provider_spread"":3.0}",4.79120879120879
2026-03-11,highest-temperature-in-seoul-on-march-11-2026-8c,8°C,0.275,0.3742537963446443,0.09925379634464426,False,-1.0,probability_provider_spread_price_cap,probability,march,"{""max_price"":0.8,""max_provider_spread"":3.0}",-4.0
2026-03-12,highest-temperature-in-seoul-on-march-12-2026-11c,11°C,0.375,0.3593513292575709,-0.015648670742429094,True,1.6666666666666665,probability_provider_spread_price_cap,probability,march,"{""max_price"":0.8,""max_provider_spread"":3.0}",6.666666666666666
2026-03-13,highest-temperature-in-seoul-on-march-13-2026-12corhigher,12°C or higher,0.2,0.7440972926454228,0.5440972926454228,False,-1.0,probability_provider_spread_price_cap,probability,march,"{""max_price"":0.8,""max_provider_spread"":3.0}",-4.0
2026-03-14,highest-temperature-in-seoul-on-march-14-2026-10c,10°C,0.305,0.43429570932909634,0.12929570932909634,False,-1.0,probability_provider_spread_price_cap,probability,march,"{""max_price"":0.8,""max_provider_spread"":3.0}",-4.0
2026-03-15,highest-temperature-in-seoul-on-march-15-2026-10c,10°C,0.455,0.4479021671235447,-0.007097832876455323,True,1.1978021978021975,probability_provider_spread_price_cap,probability,march,"{""max_price"":0.8,""max_provider_spread"":3.0}",4.79120879120879
2026-03-18,highest-temperature-in-seoul-on-march-18-2026-8c,8°C,0.32,0.3522356916045914,0.03223569160459139,True,2.125,probability_provider_spread_price_cap,probability,march,"{""max_price"":0.8,""max_provider_spread"":3.0}",8.5
2026-03-19,highest-temperature-in-seoul-on-march-19-2026-9c,9°C,0.53,0.4712531272434585,-0.0587468727565415,True,0.8867924528301885,probability_provider_spread_price_cap,probability,march,"{""max_price"":0.8,""max_provider_spread"":3.0}",3.547169811320754
2026-03-21,highest-temperature-in-seoul-on-march-21-2026-11c,11°C,0.3,0.35702604369818547,0.05702604369818548,True,2.3333333333333335,probability_provider_spread_price_cap,probability,march,"{""max_price"":0.8,""max_provider_spread"":3.0}",9.333333333333334
2026-04-01,highest-temperature-in-seoul-on-april-1-2026-16corhigher,16°C or higher,0.1894438,0.6426636014863933,0.45321980148639335,False,-1.0,probability_provider_spread_price_cap,probability,april,"{""max_price"":0.8,""max_provider_spread"":6.0}",-4.0
2026-04-02,highest-temperature-in-seoul-on-april-2-2026-15c,15°C,0.17705500000000002,0.4224796969401995,0.24542469694019947,False,-1.0,probability_provider_spread_price_cap,probability,april,"{""max_price"":0.8,""max_provider_spread"":6.0}",-4.0
2026-04-03,highest-temperature-in-seoul-on-april-3-2026-17c,17°C,0.26449875,0.3684674178486221,0.10396866784862208,False,-1.0,probability_provider_spread_price_cap,probability,april,"{""max_price"":0.8,""max_provider_spread"":6.0}",-4.0
2026-04-05,highest-temperature-in-seoul-on-april-5-2026-14c,14°C,0.26449875,0.36669824026709497,0.10219949026709496,False,-1.0,probability_provider_spread_price_cap,probability,april,"{""max_price"":0.8,""max_provider_spread"":6.0}",-4.0
2026-04-06,highest-temperature-in-seoul-on-april-6-2026-14c,14°C,0.09929875,0.4117302435823584,0.3124314935823584,True,9.070620224323065,probability_provider_spread_price_cap,probability,april,"{""max_price"":0.8,""max_provider_spread"":6.0}",36.28248089729226
2026-04-07,highest-temperature-in-seoul-on-april-7-2026-13c,13°C,0.3105,0.31139109972058404,0.0008910997205840432,False,-1.0,probability_provider_spread_price_cap,probability,april,"{""max_price"":0.8,""max_provider_spread"":6.0}",-4.0
2026-04-08,highest-temperature-in-seoul-on-april-8-2026-13c,13°C,0.22858,0.402991540610727,0.174411540610727,True,3.374835943652113,probability_provider_spread_price_cap,probability,april,"{""max_price"":0.8,""max_provider_spread"":6.0}",13.499343774608452
2026-04-09,highest-temperature-in-seoul-on-april-9-2026-13c,13°C,0.381655,0.3174770570159817,-0.0641779429840183,False,-1.0,probability_provider_spread_price_cap,probability,april,"{""max_price"":0.8,""max_provider_spread"":6.0}",-4.0
2026-04-10,highest-temperature-in-seoul-on-april-10-2026-12c,12°C,0.37151999999999996,0.3837649903423349,0.01224499034233495,True,1.6916451335055989,probability_provider_spread_price_cap,probability,april,"{""max_price"":0.8,""max_provider_spread"":6.0}",6.7665805340223955
2026-04-11,highest-temperature-in-seoul-on-april-11-2026-15c,15°C,0.36644875,0.3659331648080212,-0.0005155851919788068,False,-1.0,probability_provider_spread_price_cap,probability,april,"{""max_price"":0.8,""max_provider_spread"":6.0}",-4.0
2026-04-16,highest-temperature-in-seoul-on-april-16-2026-23c,23°C,0.36137500000000006,0.33906354437492886,-0.022311455625071197,False,-1.0,probability_provider_spread_price_cap,probability,april,"{""max_price"":0.8,""max_provider_spread"":6.0}",-4.0
2026-04-20,highest-temperature-in-seoul-on-april-20-2026-16c,16°C,0.09929875,0.4575683994240249,0.3582696494240249,False,-1.0,probability_provider_spread_price_cap,probability,april,"{""max_price"":0.8,""max_provider_spread"":6.0}",-4.0
2026-04-21,highest-temperature-in-seoul-on-april-21-2026-15c,15°C,0.3105,0.4173064453145329,0.10680644531453293,False,-1.0,probability_provider_spread_price_cap,probability,april,"{""max_price"":0.8,""max_provider_spread"":6.0}",-4.0
2026-04-22,highest-temperature-in-seoul-on-april-22-2026-16c,16°C,0.33596875000000004,0.36304441863883513,0.027075668638835093,False,-1.0,probability_provider_spread_price_cap,probability,april,"{""max_price"":0.8,""max_provider_spread"":6.0}",-4.0
2026-04-23,highest-temperature-in-seoul-on-april-23-2026-22c,22°C,0.21829500000000002,0.3373782862858079,0.11908328628580789,True,3.580956961909343,probability_provider_spread_price_cap,probability,april,"{""max_price"":0.8,""max_provider_spread"":6.0}",14.323827847637371
2026-04-27,highest-temperature-in-seoul-on-april-27-2026-19c,19°C,0.45734875,0.40739325803407594,-0.04995549196592408,True,1.1865152140461737,probability_provider_spread_price_cap,probability,april,"{""max_price"":0.8,""max_provider_spread"":6.0}",4.746060856184695
2026-04-28,highest-temperature-in-seoul-on-april-28-2026-17c,17°C,0.18221875,0.3985937221158586,0.21637497211585857,False,-1.0,probability_provider_spread_price_cap,probability,april,"{""max_price"":0.8,""max_provider_spread"":6.0}",-4.0
2026-04-29,highest-temperature-in-seoul-on-april-29-2026-18c,18°C,0.33596875000000004,0.3271016497688973,-0.008867100231102765,True,1.9764673053669424,probability_provider_spread_price_cap,probability,april,"{""max_price"":0.8,""max_provider_spread"":6.0}",7.9058692214677695
2026-04-30,highest-temperature-in-seoul-on-april-30-2026-19c,19°C,0.279855,0.343428306009328,0.06357330600932798,True,2.5732790194922366,probability_provider_spread_price_cap,probability,april,"{""max_price"":0.8,""max_provider_spread"":6.0}",10.293116077968946
2026-05-01,highest-temperature-in-seoul-on-may-1-2026-19c,19°C,0.32578875,0.3741041313217126,0.04831538132171259,True,2.0694737003656507,probability_provider_spread_price_cap,probability,may,"{""max_price"":0.8,""max_provider_spread"":6.0}",8.277894801462603
2026-05-02,highest-temperature-in-seoul-on-may-2-2026-19c,19°C,0.25424875,0.3787176141185294,0.12446886411852937,False,-1.0,probability_provider_spread_price_cap,probability,may,"{""max_price"":0.8,""max_provider_spread"":6.0}",-4.0
2026-05-03,highest-temperature-in-seoul-on-may-3-2026-14c,14°C,0.5125,0.424783015031598,-0.08771698496840197,False,-1.0,probability_provider_spread_price_cap,probability,may,"{""max_price"":0.8,""max_provider_spread"":6.0}",-4.0
2026-05-04,highest-temperature-in-seoul-on-may-4-2026-20corhigher,20°C or higher,0.0309314875,0.3820656860612972,0.3511341985612972,False,-1.0,probability_provider_spread_price_cap,probability,may,"{""max_price"":0.8,""max_provider_spread"":6.0}",-4.0
2026-05-05,highest-temperature-in-seoul-on-may-5-2026-19c,19°C,0.37658874999999997,0.3346301530058596,-0.041958596994140396,False,-1.0,probability_provider_spread_price_cap,probability,may,"{""max_price"":0.8,""max_provider_spread"":6.0}",-4.0
2026-05-06,highest-temperature-in-seoul-on-may-6-2026-21corhigher,21°C or higher,0.641655,0.7094796773855279,0.06782467738552789,True,0.5584698942578177,probability_provider_spread_price_cap,probability,may,"{""max_price"":0.8,""max_provider_spread"":6.0}",2.2338795770312707
2026-05-07,highest-temperature-in-seoul-on-may-7-2026-18c,18°C,0.2434754875,0.40436481079735165,0.16088932329735164,False,-1.0,probability_provider_spread_price_cap,probability,may,"{""max_price"":0.8,""max_provider_spread"":6.0}",-4.0
2026-05-08,highest-temperature-in-seoul-on-may-8-2026-19c,19°C,0.51749875,0.4175996370166501,-0.09989911298334991,False,-1.0,probability_provider_spread_price_cap,probability,may,"{""max_price"":0.8,""max_provider_spread"":6.0}",-4.0
2026-05-09,highest-temperature-in-seoul-on-may-9-2026-20c,20°C,0.42713875,0.5404803382045689,0.11334158820456885,True,1.341159634896155,probability_provider_spread_price_cap,probability,may,"{""max_price"":0.8,""max_provider_spread"":6.0}",5.36463853958462
2026-05-10,highest-temperature-in-seoul-on-may-10-2026-21c,21°C,0.41704875,0.4239638487389382,0.006915098738938197,False,-1.0,probability_provider_spread_price_cap,probability,may,"{""max_price"":0.8,""max_provider_spread"":6.0}",-4.0
2026-05-12,highest-temperature-in-seoul-on-may-12-2026-20c,20°C,0.5623750000000001,0.37362142203303156,-0.1887535779669685,False,-1.0,probability_provider_spread_price_cap,probability,may,"{""max_price"":0.8,""max_provider_spread"":6.0}",-4.0
2026-05-21,highest-temperature-in-seoul-on-may-21-2026-19c,19°C,0.40694875,0.3357833642411549,-0.07116538575884512,False,-1.0,probability_provider_spread_price_cap,probability,may,"{""max_price"":0.8,""max_provider_spread"":6.0}",-4.0
2026-05-22,highest-temperature-in-seoul-on-may-22-2026-24c,24°C,0.08888874999999999,0.37453425311256716,0.2856455031125672,False,-1.0,probability_provider_spread_price_cap,probability,may,"{""max_price"":0.8,""max_provider_spread"":6.0}",-4.0
2026-05-23,highest-temperature-in-seoul-on-may-23-2026-22c,22°C,0.5125,0.4005061905328624,-0.11199380946713755,True,0.9512195121951221,probability_provider_spread_price_cap,probability,may,"{""max_price"":0.8,""max_provider_spread"":6.0}",3.8048780487804885
2026-05-25,highest-temperature-in-seoul-on-may-25-2026-27c,27°C,0.43218,0.4414249714575831,0.009244971457583073,True,1.3138507103521682,probability_provider_spread_price_cap,probability,may,"{""max_price"":0.8,""max_provider_spread"":6.0}",5.255402841408673
2026-05-27,highest-temperature-in-seoul-on-may-27-2026-23c,23°C,0.49748875,0.3364026656149018,-0.1610860843850982,False,-1.0,probability_provider_spread_price_cap,probability,may,"{""max_price"":0.8,""max_provider_spread"":6.0}",-4.0
2026-05-28,highest-temperature-in-seoul-on-may-28-2026-24c,24°C,0.29518875000000006,0.340049767290692,0.04486101729069192,False,-1.0,probability_provider_spread_price_cap,probability,may,"{""max_price"":0.8,""max_provider_spread"":6.0}",-4.0
2026-05-29,highest-temperature-in-seoul-on-may-29-2026-25c,25°C,0.24398875,0.3296078137931053,0.08561906379310527,True,3.098549625751187,probability_provider_spread_price_cap,probability,may,"{""max_price"":0.8,""max_provider_spread"":6.0}",12.394198503004748
2026-05-30,highest-temperature-in-seoul-on-may-30-2026-25c,25°C,0.35629875000000005,0.3927397103432452,0.03644096034324512,False,-1.0,probability_provider_spread_price_cap,probability,may,"{""max_price"":0.8,""max_provider_spread"":6.0}",-4.0
2026-05-31,highest-temperature-in-seoul-on-may-31-2026-27c,27°C,0.48746875,0.39431963227340067,-0.09314911772659934,True,1.051413552150779,probability_provider_spread_price_cap,probability,may,"{""max_price"":0.8,""max_provider_spread"":6.0}",4.205654208603116
2026-06-01,highest-temperature-in-seoul-on-june-1-2026-26c,26°C,0.40694875,0.4313643387582135,0.02441558875821348,False,-1.0,probability_provider_spread_price_cap,probability,june,"{""max_price"":0.8,""max_provider_spread"":6.0}",-4.0
2026-06-04,highest-temperature-in-seoul-on-june-4-2026-26c,26°C,0.612,0.4883070065612948,-0.12369299343870521,True,0.6339869281045751,probability_provider_spread_price_cap,probability,june,"{""max_price"":0.8,""max_provider_spread"":6.0}",2.5359477124183005
2026-06-05,highest-temperature-in-seoul-on-june-5-2026-24c,24°C,0.43218,0.3553122752188654,-0.07686772478113463,False,-1.0,probability_provider_spread_price_cap,probability,june,"{""max_price"":0.8,""max_provider_spread"":6.0}",-4.0
2026-06-07,highest-temperature-in-seoul-on-june-7-2026-26c,26°C,0.135655,0.3705641749664551,0.2349091749664551,False,-1.0,probability_provider_spread_price_cap,probability,june,"{""max_price"":0.8,""max_provider_spread"":6.0}",-4.0
2026-06-08,highest-temperature-in-seoul-on-june-8-2026-24c,24°C,0.32578875,0.33382077879040595,0.008032028790405932,True,2.0694737003656507,probability_provider_spread_price_cap,probability,june,"{""max_price"":0.8,""max_provider_spread"":6.0}",8.277894801462603
2026-06-09,highest-temperature-in-seoul-on-june-9-2026-25c,25°C,0.41200000000000003,0.41983310100025384,0.007833101000253806,True,1.4271844660194173,probability_provider_spread_price_cap,probability,june,"{""max_price"":0.8,""max_provider_spread"":6.0}",5.708737864077669
2026-06-10,highest-temperature-in-seoul-on-june-10-2026-24c,24°C,0.20284875,0.41099555057793674,0.20814680057793675,False,-1.0,probability_provider_spread_price_cap,probability,june,"{""max_price"":0.8,""max_provider_spread"":6.0}",-4.0
2026-06-11,highest-temperature-in-seoul-on-june-11-2026-24c,24°C,0.20284875,0.4161126061653726,0.2132638561653726,False,-1.0,probability_provider_spread_price_cap,probability,june,"{""max_price"":0.8,""max_provider_spread"":6.0}",-4.0
2026-06-12,highest-temperature-in-seoul-on-june-12-2026-25c,25°C,0.46739875000000003,0.4632857952887631,-0.004112954711236905,False,-1.0,probability_provider_spread_price_cap,probability,june,"{""max_price"":0.8,""max_provider_spread"":6.0}",-4.0
2026-06-13,highest-temperature-in-seoul-on-june-13-2026-27c,27°C,0.32578875,0.4262544817308555,0.10046573173085549,True,2.0694737003656507,probability_provider_spread_price_cap,probability,june,"{""max_price"":0.8,""max_provider_spread"":6.0}",8.277894801462603
2026-06-14,highest-temperature-in-seoul-on-june-14-2026-26c,26°C,0.57232,0.4052966149343433,-0.16702338506565673,True,0.74727425216662,probability_provider_spread_price_cap,probability,june,"{""max_price"":0.8,""max_provider_spread"":6.0}",2.98909700866648
2026-06-17,highest-temperature-in-seoul-on-june-17-2026-30c,30°C,0.5119999875,0.5234337861179803,0.011433798617980329,True,0.953125047683717,probability_provider_spread_price_cap,probability,june,"{""max_price"":0.8,""max_provider_spread"":6.0}",3.812500190734868
2026-06-18,highest-temperature-in-seoul-on-june-18-2026-28c,28°C,0.43721875,0.37771591363592,-0.05950283636407999,True,1.2871846186834395,probability_provider_spread_price_cap,probability,june,"{""max_price"":0.8,""max_provider_spread"":6.0}",5.148738474733758
2026-06-21,highest-temperature-in-seoul-on-june-21-2026-27c,27°C,0.35629875000000005,0.4525695745075026,0.09627082450750257,True,1.8066334782257862,probability_provider_spread_price_cap,probability,june,"{""max_price"":0.8,""max_provider_spread"":6.0}",7.226533912903145
2026-06-22,highest-temperature-in-seoul-on-june-22-2026-27c,27°C,0.40694875,0.46011996919762627,0.05317121919762624,True,1.4573118850960962,probability_provider_spread_price_cap,probability,june,"{""max_price"":0.8,""max_provider_spread"":6.0}",5.829247540384385
2026-06-23,highest-temperature-in-seoul-on-june-23-2026-30c,30°C,0.44728875,0.3864228043861724,-0.06086594561382763,True,1.2356922681377522,probability_provider_spread_price_cap,probability,june,"{""max_price"":0.8,""max_provider_spread"":6.0}",4.942769072551009
2026-06-24,highest-temperature-in-seoul-on-june-24-2026-28c,28°C,0.45734875,0.3949478741177798,-0.06240087588222021,False,-1.0,probability_provider_spread_price_cap,probability,june,"{""max_price"":0.8,""max_provider_spread"":6.0}",-4.0
2026-06-25,highest-temperature-in-seoul-on-june-25-2026-27c,27°C,0.24398875,0.4070263336292211,0.16303758362922108,False,-1.0,probability_provider_spread_price_cap,probability,june,"{""max_price"":0.8,""max_provider_spread"":6.0}",-4.0
2026-06-26,highest-temperature-in-seoul-on-june-26-2026-26c,26°C,0.16672,0.4978568952449987,0.3311368952449987,False,-1.0,probability_provider_spread_price_cap,probability,june,"{""max_price"":0.8,""max_provider_spread"":6.0}",-4.0
2026-06-27,highest-temperature-in-seoul-on-june-27-2026-29c,29°C,0.40694875,0.4511014744949673,0.044152724494967266,False,-1.0,probability_provider_spread_price_cap,probability,june,"{""max_price"":0.8,""max_provider_spread"":6.0}",-4.0
2026-06-28,highest-temperature-in-seoul-on-june-28-2026-28c,28°C,0.49748875,0.4600297254062189,-0.03745902459378109,False,-1.0,probability_provider_spread_price_cap,probability,june,"{""max_price"":0.8,""max_provider_spread"":6.0}",-4.0
2026-06-29,highest-temperature-in-seoul-on-june-29-2026-27c,27°C,0.442255,0.35011018652322085,-0.09214481347677916,False,-1.0,probability_provider_spread_price_cap,probability,june,"{""max_price"":0.8,""max_provider_spread"":6.0}",-4.0
2026-06-30,highest-temperature-in-seoul-on-june-30-2026-28c,28°C,0.5822550000000001,0.40698547658075335,-0.17526952341924673,True,0.7174605628118262,probability_provider_spread_price_cap,probability,june,"{""max_price"":0.8,""max_provider_spread"":6.0}",2.869842251247305
2026-07-01,highest-temperature-in-seoul-on-july-1-2026-31c,31°C,0.24912,0.4025232920858616,0.15340329208586156,False,-1.0,probability_provider_spread_price_cap,probability,july,"{""max_price"":0.8,""max_provider_spread"":6.0}",-4.0
2026-07-02,highest-temperature-in-seoul-on-july-2-2026-27c,27°C,0.42713875,0.39972024096587877,-0.02741850903412124,False,-1.0,probability_provider_spread_price_cap,probability,july,"{""max_price"":0.8,""max_provider_spread"":6.0}",-4.0
2026-07-03,highest-temperature-in-seoul-on-july-3-2026-27c,27°C,0.39683875,0.48261294290743173,0.08577419290743171,False,-1.0,probability_provider_spread_price_cap,probability,july,"{""max_price"":0.8,""max_provider_spread"":6.0}",-4.0
2026-07-04,highest-temperature-in-seoul-on-july-4-2026-28c,28°C,0.53746875,0.5519565830779698,0.014487833077969747,True,0.8605732891447175,probability_provider_spread_price_cap,probability,july,"{""max_price"":0.8,""max_provider_spread"":6.0}",3.44229315657887
2026-07-05,highest-temperature-in-seoul-on-july-5-2026-28c,28°C,0.42209500000000005,0.3904412706214943,-0.031653729378505746,False,-1.0,probability_provider_spread_price_cap,probability,july,"{""max_price"":0.8,""max_provider_spread"":6.0}",-4.0
2026-07-06,highest-temperature-in-seoul-on-july-6-2026-27c,27°C,0.33088,0.39568616852733335,0.06480616852733334,False,-1.0,probability_provider_spread_price_cap,probability,july,"{""max_price"":0.8,""max_provider_spread"":6.0}",-4.0
2026-07-07,highest-temperature-in-seoul-on-july-7-2026-30corhigher,30°C or higher,0.53946355,0.7650574467372931,0.22559389673729313,True,0.8536933588932931,probability_provider_spread_price_cap,probability,july,"{""max_price"":0.8,""max_provider_spread"":6.0}",3.4147734355731725
2026-07-09,highest-temperature-in-seoul-on-july-9-2026-26c,26°C,0.37658874999999997,0.3969807018635354,0.02039195186353543,False,-1.0,probability_provider_spread_price_cap,probability,july,"{""max_price"":0.8,""max_provider_spread"":6.0}",-4.0
2026-07-10,highest-temperature-in-seoul-on-july-10-2026-29c,29°C,0.25424875,0.44352055438068466,0.18927180438068464,False,-1.0,probability_provider_spread_price_cap,probability,july,"{""max_price"":0.8,""max_provider_spread"":6.0}",-4.0
2026-07-11,highest-temperature-in-seoul-on-july-11-2026-33corhigher,33°C or higher,0.14705595000000002,0.6386804823085153,0.4916245323085152,False,-1.0,probability_provider_spread_price_cap,probability,july,"{""max_price"":0.8,""max_provider_spread"":6.0}",-4.0
2026-07-13,highest-temperature-in-seoul-on-july-13-2026-33c,33°C,0.49248,0.3906699038640739,-0.10181009613592606,False,-1.0,probability_provider_spread_price_cap,probability,july,"{""max_price"":0.8,""max_provider_spread"":6.0}",-4.0
2026-07-14,highest-temperature-in-seoul-on-july-14-2026-32c,32°C,0.65644875,0.42411089404405344,-0.23233785595594658,True,0.5233481669361089,probability_provider_spread_price_cap,probability,july,"{""max_price"":0.8,""max_provider_spread"":6.0}",2.0933926677444354
2026-07-15,highest-temperature-in-seoul-on-july-15-2026-27c,27°C,0.259375,0.34492085405345263,0.08554585405345261,False,-1.0,probability_provider_spread_price_cap,probability,july,"{""max_price"":0.8,""max_provider_spread"":6.0}",-4.0
2026-07-16,highest-temperature-in-seoul-on-july-16-2026-29c,29°C,0.47242,0.4528227319325152,-0.019597268067484797,False,-1.0,probability_provider_spread_price_cap,probability,july,"{""max_price"":0.8,""max_provider_spread"":6.0}",-4.0
2026-07-17,highest-temperature-in-seoul-on-july-17-2026-30c,30°C,0.381655,0.34757369189382376,-0.03408130810617627,False,-1.0,probability_provider_spread_price_cap,probability,july,"{""max_price"":0.8,""max_provider_spread"":6.0}",-4.0
2026-07-18,highest-temperature-in-seoul-on-july-18-2026-26c,26°C,0.20284875,0.4087413116836831,0.2058925616836831,True,3.9297814258160333,probability_provider_spread_price_cap,probability,july,"{""max_price"":0.8,""max_provider_spread"":6.0}",15.719125703264133
2026-07-20,highest-temperature-in-seoul-on-july-20-2026-25c,25°C,0.31559875,0.43690057069490024,0.12130182069490025,False,-1.0,probability_provider_spread_price_cap,probability,july,"{""max_price"":0.8,""max_provider_spread"":6.0}",-4.0
2026-07-22,highest-temperature-in-seoul-on-july-22-2026-27c,27°C,0.30029500000000003,0.4361140635861968,0.13581906358619678,True,2.330058775537388,probability_provider_spread_price_cap,probability,july,"{""max_price"":0.8,""max_provider_spread"":6.0}",9.320235102149551
2026-07-23,highest-temperature-in-seoul-on-july-23-2026-29c,29°C,0.522495,0.4385378997507724,-0.08395710024922765,False,-1.0,probability_provider_spread_price_cap,probability,july,"{""max_price"":0.8,""max_provider_spread"":6.0}",-4.0
2026-07-24,highest-temperature-in-seoul-on-july-24-2026-30c,30°C,0.22343875,0.5308512849758401,0.3074125349758401,False,-1.0,probability_provider_spread_price_cap,probability,july,"{""max_price"":0.8,""max_provider_spread"":6.0}",-4.0
2026-07-25,highest-temperature-in-seoul-on-july-25-2026-31c,31°C,0.6020949999999999,0.5201067161719495,-0.08198828382805046,True,0.6608674710801454,probability_provider_spread_price_cap,probability,july,"{""max_price"":0.8,""max_provider_spread"":6.0}",2.6434698843205817
2026-02-01,highest-temperature-in-seoul-on-february-1-2c,2°C,0.035,0.5019521264926332,0.4669521264926332,False,-1.0,point_provider_spread_edge_price_cap,point,february,"{""max_price"":0.8,""max_provider_spread"":8.0,""min_edge"":0.0}",-4.0
2026-02-03,highest-temperature-in-seoul-on-february-3-2026-4corhigher,4°C or higher,0.0635,0.8278498255428757,0.7643498255428757,False,-1.0,point_provider_spread_edge_price_cap,point,february,"{""max_price"":0.8,""max_provider_spread"":8.0,""min_edge"":0.0}",-4.0
2026-02-04,highest-temperature-in-seoul-on-february-4-2026-7corhigher,7°C or higher,0.044000000000000004,0.6428831768566541,0.598883176856654,True,21.727272727272727,point_provider_spread_edge_price_cap,point,february,"{""max_price"":0.8,""max_provider_spread"":8.0,""min_edge"":0.0}",86.9090909090909
2026-02-05,highest-temperature-in-seoul-on-february-5-2026-8corhigher,8°C or higher,0.71,0.8825418587320526,0.17254185873205263,True,0.40845070422535223,point_provider_spread_edge_price_cap,point,february,"{""max_price"":0.8,""max_provider_spread"":8.0,""min_edge"":0.0}",1.633802816901409
2026-02-07,highest-temperature-in-seoul-on-february-7-2026-neg-6c,-6°C,0.135,0.5116834370461321,0.37668343704613205,False,-1.0,point_provider_spread_edge_price_cap,point,february,"{""max_price"":0.8,""max_provider_spread"":8.0,""min_edge"":0.0}",-4.0
2026-02-08,highest-temperature-in-seoul-on-february-8-2026-neg-5c,-5°C,0.049,0.3169720113096047,0.2679720113096047,False,-1.0,point_provider_spread_edge_price_cap,point,february,"{""max_price"":0.8,""max_provider_spread"":8.0,""min_edge"":0.0}",-4.0
2026-02-09,highest-temperature-in-seoul-on-february-9-2026-1c,1°C,0.2,0.33878913353698126,0.13878913353698125,False,-1.0,point_provider_spread_edge_price_cap,point,february,"{""max_price"":0.8,""max_provider_spread"":8.0,""min_edge"":0.0}",-4.0
2026-02-13,highest-temperature-in-seoul-on-february-13-2026-9corhigher,9°C or higher,0.47000000000000003,0.8904206179434782,0.4204206179434781,True,1.127659574468085,point_provider_spread_edge_price_cap,point,february,"{""max_price"":0.8,""max_provider_spread"":8.0,""min_edge"":0.0}",4.51063829787234
2026-02-14,highest-temperature-in-seoul-on-february-14-2026-11corhigher,11°C or higher,0.072,0.6950768859089108,0.6230768859089109,True,12.88888888888889,point_provider_spread_edge_price_cap,point,february,"{""max_price"":0.8,""max_provider_spread"":8.0,""min_edge"":0.0}",51.55555555555556
2026-02-15,highest-temperature-in-seoul-on-february-15-2026-9corhigher,9°C or higher,0.5650000000000001,0.6102244744270748,0.04522447442707478,False,-1.0,point_provider_spread_edge_price_cap,point,february,"{""max_price"":0.8,""max_provider_spread"":8.0,""min_edge"":0.0}",-4.0
2026-02-16,highest-temperature-in-seoul-on-february-16-2026-4c,4°C,0.22,0.3962215916290958,0.17622159162909581,False,-1.0,point_provider_spread_edge_price_cap,point,february,"{""max_price"":0.8,""max_provider_spread"":8.0,""min_edge"":0.0}",-4.0
2026-02-18,highest-temperature-in-seoul-on-february-18-2026-5c,5°C,0.46,0.5289705007533507,0.0689705007533507,False,-1.0,point_provider_spread_edge_price_cap,point,february,"{""max_price"":0.8,""max_provider_spread"":8.0,""min_edge"":0.0}",-4.0
2026-02-19,highest-temperature-in-seoul-on-february-19-2026-6c,6°C,0.315,0.5007260513413885,0.18572605134138848,False,-1.0,point_provider_spread_edge_price_cap,point,february,"{""max_price"":0.8,""max_provider_spread"":8.0,""min_edge"":0.0}",-4.0
2026-02-21,highest-temperature-in-seoul-on-february-21-2026-14corhigher,14°C or higher,0.75,0.9165827273067936,0.16658272730679358,True,0.33333333333333326,point_provider_spread_edge_price_cap,point,february,"{""max_price"":0.8,""max_provider_spread"":8.0,""min_edge"":0.0}",1.333333333333333
2026-02-23,highest-temperature-in-seoul-on-february-23-2026-4c,4°C,0.51,0.5307576239374682,0.02075762393746816,True,0.9607843137254901,point_provider_spread_edge_price_cap,point,february,"{""max_price"":0.8,""max_provider_spread"":8.0,""min_edge"":0.0}",3.8431372549019605
2026-02-24,highest-temperature-in-seoul-on-february-24-2026-6c,6°C,0.095,0.3306909742388555,0.23569097423885552,False,-1.0,point_provider_spread_edge_price_cap,point,february,"{""max_price"":0.8,""max_provider_spread"":8.0,""min_edge"":0.0}",-4.0
2026-02-25,highest-temperature-in-seoul-on-february-25-2026-9c,9°C,0.0955,0.34215254663859374,0.24665254663859373,False,-1.0,point_provider_spread_edge_price_cap,point,february,"{""max_price"":0.8,""max_provider_spread"":8.0,""min_edge"":0.0}",-4.0
2026-02-26,highest-temperature-in-seoul-on-february-26-2026-11c,11°C,0.35000000000000003,0.4378463402734908,0.08784634027349075,True,1.8571428571428568,point_provider_spread_edge_price_cap,point,february,"{""max_price"":0.8,""max_provider_spread"":8.0,""min_edge"":0.0}",7.428571428571427
2026-02-27,highest-temperature-in-seoul-on-february-27-2026-13corhigher,13°C or higher,0.58,0.7482137727899805,0.1682137727899805,True,0.7241379310344829,point_provider_spread_edge_price_cap,point,february,"{""max_price"":0.8,""max_provider_spread"":8.0,""min_edge"":0.0}",2.8965517241379315
2026-03-04,highest-temperature-in-seoul-on-march-4-2026-8c,8°C,0.28500000000000003,0.45470350598019943,0.1697035059801994,False,-1.0,point_provider_spread_edge_price_cap,point,march,"{""max_price"":0.8,""max_provider_spread"":3.0,""min_edge"":0.0}",-4.0
2026-03-06,highest-temperature-in-seoul-on-march-6-2026-5c,5°C,0.47500000000000003,0.47848847818821705,0.0034884781882170146,False,-1.0,point_provider_spread_edge_price_cap,point,march,"{""max_price"":0.8,""max_provider_spread"":3.0,""min_edge"":0.0}",-4.0
2026-03-09,highest-temperature-in-seoul-on-march-9-2026-8c,8°C,0.27,0.4710566767821721,0.2010566767821721,False,-1.0,point_provider_spread_edge_price_cap,point,march,"{""max_price"":0.8,""max_provider_spread"":3.0,""min_edge"":0.0}",-4.0
2026-03-10,highest-temperature-in-seoul-on-march-10-2026-7c,7°C,0.455,0.5061399465540406,0.05113994655404058,True,1.1978021978021975,point_provider_spread_edge_price_cap,point,march,"{""max_price"":0.8,""max_provider_spread"":3.0,""min_edge"":0.0}",4.79120879120879
2026-03-11,highest-temperature-in-seoul-on-march-11-2026-8c,8°C,0.275,0.3742537963446443,0.09925379634464426,False,-1.0,point_provider_spread_edge_price_cap,point,march,"{""max_price"":0.8,""max_provider_spread"":3.0,""min_edge"":0.0}",-4.0
2026-03-13,highest-temperature-in-seoul-on-march-13-2026-12corhigher,12°C or higher,0.2,0.7440972926454228,0.5440972926454228,False,-1.0,point_provider_spread_edge_price_cap,point,march,"{""max_price"":0.8,""max_provider_spread"":3.0,""min_edge"":0.0}",-4.0
2026-03-14,highest-temperature-in-seoul-on-march-14-2026-10c,10°C,0.305,0.43429570932909634,0.12929570932909634,False,-1.0,point_provider_spread_edge_price_cap,point,march,"{""max_price"":0.8,""max_provider_spread"":3.0,""min_edge"":0.0}",-4.0
2026-03-18,highest-temperature-in-seoul-on-march-18-2026-8c,8°C,0.32,0.3522356916045914,0.03223569160459139,True,2.125,point_provider_spread_edge_price_cap,point,march,"{""max_price"":0.8,""max_provider_spread"":3.0,""min_edge"":0.0}",8.5
2026-03-21,highest-temperature-in-seoul-on-march-21-2026-11c,11°C,0.3,0.35702604369818547,0.05702604369818548,True,2.3333333333333335,point_provider_spread_edge_price_cap,point,march,"{""max_price"":0.8,""max_provider_spread"":3.0,""min_edge"":0.0}",9.333333333333334
2026-04-01,highest-temperature-in-seoul-on-april-1-2026-16corhigher,16°C or higher,0.1894438,0.6426636014863933,0.45321980148639335,False,-1.0,point_provider_spread_edge_price_cap,point,april,"{""max_price"":0.4,""max_provider_spread"":8.0,""min_edge"":0.0}",-4.0
2026-04-02,highest-temperature-in-seoul-on-april-2-2026-15c,15°C,0.17705500000000002,0.4224796969401995,0.24542469694019947,False,-1.0,point_provider_spread_edge_price_cap,point,april,"{""max_price"":0.4,""max_provider_spread"":8.0,""min_edge"":0.0}",-4.0
2026-04-05,highest-temperature-in-seoul-on-april-5-2026-13c,13°C,0.279855,0.3233281870803757,0.043473187080375675,False,-1.0,point_provider_spread_edge_price_cap,point,april,"{""max_price"":0.4,""max_provider_spread"":8.0,""min_edge"":0.0}",-4.0
2026-04-08,highest-temperature-in-seoul-on-april-8-2026-13c,13°C,0.22858,0.402991540610727,0.174411540610727,True,3.374835943652113,point_provider_spread_edge_price_cap,point,april,"{""max_price"":0.4,""max_provider_spread"":8.0,""min_edge"":0.0}",13.499343774608452
2026-04-09,highest-temperature-in-seoul-on-april-9-2026-14c,14°C,0.16154875,0.28663762098533213,0.12508887098533214,False,-1.0,point_provider_spread_edge_price_cap,point,april,"{""max_price"":0.4,""max_provider_spread"":8.0,""min_edge"":0.0}",-4.0
2026-04-10,highest-temperature-in-seoul-on-april-10-2026-12c,12°C,0.37151999999999996,0.3837649903423349,0.01224499034233495,True,1.6916451335055989,point_provider_spread_edge_price_cap,point,april,"{""max_price"":0.4,""max_provider_spread"":8.0,""min_edge"":0.0}",6.7665805340223955
2026-04-11,highest-temperature-in-seoul-on-april-11-2026-14c,14°C,0.20800000000000002,0.2216994880967063,0.013699488096706292,False,-1.0,point_provider_spread_edge_price_cap,point,april,"{""max_price"":0.4,""max_provider_spread"":8.0,""min_edge"":0.0}",-4.0
2026-04-14,highest-temperature-in-seoul-on-april-14-2026-24corhigher,24°C or higher,0.341055,0.5562829724333258,0.2152279724333258,False,-1.0,point_provider_spread_edge_price_cap,point,april,"{""max_price"":0.4,""max_provider_spread"":8.0,""min_edge"":0.0}",-4.0
2026-04-20,highest-temperature-in-seoul-on-april-20-2026-16c,16°C,0.09929875,0.4575683994240249,0.3582696494240249,False,-1.0,point_provider_spread_edge_price_cap,point,april,"{""max_price"":0.4,""max_provider_spread"":8.0,""min_edge"":0.0}",-4.0
2026-04-21,highest-temperature-in-seoul-on-april-21-2026-15c,15°C,0.3105,0.4173064453145329,0.10680644531453293,False,-1.0,point_provider_spread_edge_price_cap,point,april,"{""max_price"":0.4,""max_provider_spread"":8.0,""min_edge"":0.0}",-4.0
2026-04-22,highest-temperature-in-seoul-on-april-22-2026-16c,16°C,0.33596875000000004,0.36304441863883513,0.027075668638835093,False,-1.0,point_provider_spread_edge_price_cap,point,april,"{""max_price"":0.4,""max_provider_spread"":8.0,""min_edge"":0.0}",-4.0
2026-04-28,highest-temperature-in-seoul-on-april-28-2026-17c,17°C,0.18221875,0.3985937221158586,0.21637497211585857,False,-1.0,point_provider_spread_edge_price_cap,point,april,"{""max_price"":0.4,""max_provider_spread"":8.0,""min_edge"":0.0}",-4.0
2026-05-01,highest-temperature-in-seoul-on-may-1-2026-20corhigher,20°C or higher,0.29518875000000006,0.5380599977564045,0.2428712477564044,False,-1.0,point_provider_spread_edge_price_cap,point,may,"{""max_price"":0.8,""max_provider_spread"":8.0,""min_edge"":0.0}",-4.0
2026-05-02,highest-temperature-in-seoul-on-may-2-2026-19c,19°C,0.25424875,0.3787176141185294,0.12446886411852937,False,-1.0,point_provider_spread_edge_price_cap,point,may,"{""max_price"":0.8,""max_provider_spread"":8.0,""min_edge"":0.0}",-4.0
2026-05-04,highest-temperature-in-seoul-on-may-4-2026-19c,19°C,0.18221875,0.29075623572697157,0.10853748572697156,False,-1.0,point_provider_spread_edge_price_cap,point,may,"{""max_price"":0.8,""max_provider_spread"":8.0,""min_edge"":0.0}",-4.0
2026-05-06,highest-temperature-in-seoul-on-may-6-2026-21corhigher,21°C or higher,0.641655,0.7094796773855279,0.06782467738552789,True,0.5584698942578177,point_provider_spread_edge_price_cap,point,may,"{""max_price"":0.8,""max_provider_spread"":8.0,""min_edge"":0.0}",2.2338795770312707
2026-05-07,highest-temperature-in-seoul-on-may-7-2026-18c,18°C,0.2434754875,0.40436481079735165,0.16088932329735164,False,-1.0,point_provider_spread_edge_price_cap,point,may,"{""max_price"":0.8,""max_provider_spread"":8.0,""min_edge"":0.0}",-4.0
2026-05-09,highest-temperature-in-seoul-on-may-9-2026-20c,20°C,0.42713875,0.5404803382045689,0.11334158820456885,True,1.341159634896155,point_provider_spread_edge_price_cap,point,may,"{""max_price"":0.8,""max_provider_spread"":8.0,""min_edge"":0.0}",5.36463853958462
2026-05-10,highest-temperature-in-seoul-on-may-10-2026-21c,21°C,0.41704875,0.4239638487389382,0.006915098738938197,False,-1.0,point_provider_spread_edge_price_cap,point,may,"{""max_price"":0.8,""max_provider_spread"":8.0,""min_edge"":0.0}",-4.0
2026-05-13,highest-temperature-in-seoul-on-may-13-2026-21c,21°C,0.43721875,0.45728411930474894,0.020065369304748948,False,-1.0,point_provider_spread_edge_price_cap,point,may,"{""max_price"":0.8,""max_provider_spread"":8.0,""min_edge"":0.0}",-4.0
2026-05-21,highest-temperature-in-seoul-on-may-21-2026-18c,18°C,0.1817024875,0.3336724673390063,0.1519699798390063,False,-1.0,point_provider_spread_edge_price_cap,point,may,"{""max_price"":0.8,""max_provider_spread"":8.0,""min_edge"":0.0}",-4.0
2026-05-25,highest-temperature-in-seoul-on-may-25-2026-27c,27°C,0.43218,0.4414249714575831,0.009244971457583073,True,1.3138507103521682,point_provider_spread_edge_price_cap,point,may,"{""max_price"":0.8,""max_provider_spread"":8.0,""min_edge"":0.0}",5.255402841408673
2026-05-29,highest-temperature-in-seoul-on-may-29-2026-24c,24°C,0.26962,0.3178500203605921,0.048230020360592096,False,-1.0,point_provider_spread_edge_price_cap,point,may,"{""max_price"":0.8,""max_provider_spread"":8.0,""min_edge"":0.0}",-4.0
2026-05-30,highest-temperature-in-seoul-on-may-30-2026-25c,25°C,0.35629875000000005,0.3927397103432452,0.03644096034324512,False,-1.0,point_provider_spread_edge_price_cap,point,may,"{""max_price"":0.8,""max_provider_spread"":8.0,""min_edge"":0.0}",-4.0
2026-06-01,highest-temperature-in-seoul-on-june-1-2026-26c,26°C,0.40694875,0.4313643387582135,0.02441558875821348,False,-1.0,point_provider_spread_edge_price_cap,point,june,"{""max_price"":0.8,""max_provider_spread"":8.0,""min_edge"":0.0}",-4.0
2026-06-05,highest-temperature-in-seoul-on-june-5-2026-23c,23°C,0.25424875,0.3206066687236908,0.06635791872369079,True,2.933156013549722,point_provider_spread_edge_price_cap,point,june,"{""max_price"":0.8,""max_provider_spread"":8.0,""min_edge"":0.0}",11.732624054198888
2026-06-08,highest-temperature-in-seoul-on-june-8-2026-24c,24°C,0.32578875,0.33382077879040595,0.008032028790405932,True,2.0694737003656507,point_provider_spread_edge_price_cap,point,june,"{""max_price"":0.8,""max_provider_spread"":8.0,""min_edge"":0.0}",8.277894801462603
2026-06-09,highest-temperature-in-seoul-on-june-9-2026-25c,25°C,0.41200000000000003,0.41983310100025384,0.007833101000253806,True,1.4271844660194173,point_provider_spread_edge_price_cap,point,june,"{""max_price"":0.8,""max_provider_spread"":8.0,""min_edge"":0.0}",5.708737864077669
2026-06-10,highest-temperature-in-seoul-on-june-10-2026-24c,24°C,0.20284875,0.41099555057793674,0.20814680057793675,False,-1.0,point_provider_spread_edge_price_cap,point,june,"{""max_price"":0.8,""max_provider_spread"":8.0,""min_edge"":0.0}",-4.0
2026-06-11,highest-temperature-in-seoul-on-june-11-2026-24c,24°C,0.20284875,0.4161126061653726,0.2132638561653726,False,-1.0,point_provider_spread_edge_price_cap,point,june,"{""max_price"":0.8,""max_provider_spread"":8.0,""min_edge"":0.0}",-4.0
2026-06-13,highest-temperature-in-seoul-on-june-13-2026-27c,27°C,0.32578875,0.4262544817308555,0.10046573173085549,True,2.0694737003656507,point_provider_spread_edge_price_cap,point,june,"{""max_price"":0.8,""max_provider_spread"":8.0,""min_edge"":0.0}",8.277894801462603
2026-06-16,highest-temperature-in-seoul-on-june-16-2026-28c,28°C,0.341055,0.3741455387214899,0.033090538721489926,False,-1.0,point_provider_spread_edge_price_cap,point,june,"{""max_price"":0.8,""max_provider_spread"":8.0,""min_edge"":0.0}",-4.0
2026-06-17,highest-temperature-in-seoul-on-june-17-2026-30c,30°C,0.5119999875,0.5234337861179803,0.011433798617980329,True,0.953125047683717,point_provider_spread_edge_price_cap,point,june,"{""max_price"":0.8,""max_provider_spread"":8.0,""min_edge"":0.0}",3.812500190734868
2026-06-21,highest-temperature-in-seoul-on-june-21-2026-27c,27°C,0.35629875000000005,0.4525695745075026,0.09627082450750257,True,1.8066334782257862,point_provider_spread_edge_price_cap,point,june,"{""max_price"":0.8,""max_provider_spread"":8.0,""min_edge"":0.0}",7.226533912903145
2026-06-22,highest-temperature-in-seoul-on-june-22-2026-27c,27°C,0.40694875,0.46011996919762627,0.05317121919762624,True,1.4573118850960962,point_provider_spread_edge_price_cap,point,june,"{""max_price"":0.8,""max_provider_spread"":8.0,""min_edge"":0.0}",5.829247540384385
2026-06-25,highest-temperature-in-seoul-on-june-25-2026-27c,27°C,0.24398875,0.4070263336292211,0.16303758362922108,False,-1.0,point_provider_spread_edge_price_cap,point,june,"{""max_price"":0.8,""max_provider_spread"":8.0,""min_edge"":0.0}",-4.0
2026-06-26,highest-temperature-in-seoul-on-june-26-2026-26c,26°C,0.16672,0.4978568952449987,0.3311368952449987,False,-1.0,point_provider_spread_edge_price_cap,point,june,"{""max_price"":0.8,""max_provider_spread"":8.0,""min_edge"":0.0}",-4.0
2026-06-27,highest-temperature-in-seoul-on-june-27-2026-29c,29°C,0.40694875,0.4511014744949673,0.044152724494967266,False,-1.0,point_provider_spread_edge_price_cap,point,june,"{""max_price"":0.8,""max_provider_spread"":8.0,""min_edge"":0.0}",-4.0
2026-07-01,highest-temperature-in-seoul-on-july-1-2026-31c,31°C,0.24912,0.4025232920858616,0.15340329208586156,False,-1.0,point_provider_spread_edge_price_cap,point,july,"{""max_price"":0.8,""max_provider_spread"":6.0,""min_edge"":0.0}",-4.0
2026-07-03,highest-temperature-in-seoul-on-july-3-2026-27c,27°C,0.39683875,0.48261294290743173,0.08577419290743171,False,-1.0,point_provider_spread_edge_price_cap,point,july,"{""max_price"":0.8,""max_provider_spread"":6.0,""min_edge"":0.0}",-4.0
2026-07-04,highest-temperature-in-seoul-on-july-4-2026-28c,28°C,0.53746875,0.5519565830779698,0.014487833077969747,True,0.8605732891447175,point_provider_spread_edge_price_cap,point,july,"{""max_price"":0.8,""max_provider_spread"":6.0,""min_edge"":0.0}",3.44229315657887
2026-07-06,highest-temperature-in-seoul-on-july-6-2026-27c,27°C,0.33088,0.39568616852733335,0.06480616852733334,False,-1.0,point_provider_spread_edge_price_cap,point,july,"{""max_price"":0.8,""max_provider_spread"":6.0,""min_edge"":0.0}",-4.0
2026-07-07,highest-temperature-in-seoul-on-july-7-2026-30corhigher,30°C or higher,0.53946355,0.7650574467372931,0.22559389673729313,True,0.8536933588932931,point_provider_spread_edge_price_cap,point,july,"{""max_price"":0.8,""max_provider_spread"":6.0,""min_edge"":0.0}",3.4147734355731725
2026-07-09,highest-temperature-in-seoul-on-july-9-2026-26c,26°C,0.37658874999999997,0.3969807018635354,0.02039195186353543,False,-1.0,point_provider_spread_edge_price_cap,point,july,"{""max_price"":0.8,""max_provider_spread"":6.0,""min_edge"":0.0}",-4.0
2026-07-10,highest-temperature-in-seoul-on-july-10-2026-29c,29°C,0.25424875,0.44352055438068466,0.18927180438068464,False,-1.0,point_provider_spread_edge_price_cap,point,july,"{""max_price"":0.8,""max_provider_spread"":6.0,""min_edge"":0.0}",-4.0
2026-07-11,highest-temperature-in-seoul-on-july-11-2026-33corhigher,33°C or higher,0.14705595000000002,0.6386804823085153,0.4916245323085152,False,-1.0,point_provider_spread_edge_price_cap,point,july,"{""max_price"":0.8,""max_provider_spread"":6.0,""min_edge"":0.0}",-4.0
2026-07-15,highest-temperature-in-seoul-on-july-15-2026-27c,27°C,0.259375,0.34492085405345263,0.08554585405345261,False,-1.0,point_provider_spread_edge_price_cap,point,july,"{""max_price"":0.8,""max_provider_spread"":6.0,""min_edge"":0.0}",-4.0
2026-07-18,highest-temperature-in-seoul-on-july-18-2026-26c,26°C,0.20284875,0.4087413116836831,0.2058925616836831,True,3.9297814258160333,point_provider_spread_edge_price_cap,point,july,"{""max_price"":0.8,""max_provider_spread"":6.0,""min_edge"":0.0}",15.719125703264133
2026-07-20,highest-temperature-in-seoul-on-july-20-2026-25c,25°C,0.31559875,0.43690057069490024,0.12130182069490025,False,-1.0,point_provider_spread_edge_price_cap,point,july,"{""max_price"":0.8,""max_provider_spread"":6.0,""min_edge"":0.0}",-4.0
2026-07-22,highest-temperature-in-seoul-on-july-22-2026-27c,27°C,0.30029500000000003,0.4361140635861968,0.13581906358619678,True,2.330058775537388,point_provider_spread_edge_price_cap,point,july,"{""max_price"":0.8,""max_provider_spread"":6.0,""min_edge"":0.0}",9.320235102149551
2026-07-24,highest-temperature-in-seoul-on-july-24-2026-30c,30°C,0.22343875,0.5308512849758401,0.3074125349758401,False,-1.0,point_provider_spread_edge_price_cap,point,july,"{""max_price"":0.8,""max_provider_spread"":6.0,""min_edge"":0.0}",-4.0
2026-02-01,highest-temperature-in-seoul-on-february-1-2c,2°C,0.035,0.5019521264926332,0.4669521264926332,False,-1.0,probability_provider_spread_edge_price_cap,probability,february,"{""max_price"":0.8,""max_provider_spread"":5.0,""min_edge"":0.0}",-4.0
2026-02-03,highest-temperature-in-seoul-on-february-3-2026-4corhigher,4°C or higher,0.0635,0.8278498255428757,0.7643498255428757,False,-1.0,probability_provider_spread_edge_price_cap,probability,february,"{""max_price"":0.8,""max_provider_spread"":5.0,""min_edge"":0.0}",-4.0
2026-02-04,highest-temperature-in-seoul-on-february-4-2026-7corhigher,7°C or higher,0.044000000000000004,0.6428831768566541,0.598883176856654,True,21.727272727272727,probability_provider_spread_edge_price_cap,probability,february,"{""max_price"":0.8,""max_provider_spread"":5.0,""min_edge"":0.0}",86.9090909090909
2026-02-05,highest-temperature-in-seoul-on-february-5-2026-8corhigher,8°C or higher,0.71,0.8825418587320526,0.17254185873205263,True,0.40845070422535223,probability_provider_spread_edge_price_cap,probability,february,"{""max_price"":0.8,""max_provider_spread"":5.0,""min_edge"":0.0}",1.633802816901409
2026-02-07,highest-temperature-in-seoul-on-february-7-2026-neg-6c,-6°C,0.135,0.5116834370461321,0.37668343704613205,False,-1.0,probability_provider_spread_edge_price_cap,probability,february,"{""max_price"":0.8,""max_provider_spread"":5.0,""min_edge"":0.0}",-4.0
2026-02-13,highest-temperature-in-seoul-on-february-13-2026-9corhigher,9°C or higher,0.47000000000000003,0.8904206179434782,0.4204206179434781,True,1.127659574468085,probability_provider_spread_edge_price_cap,probability,february,"{""max_price"":0.8,""max_provider_spread"":5.0,""min_edge"":0.0}",4.51063829787234
2026-02-14,highest-temperature-in-seoul-on-february-14-2026-11corhigher,11°C or higher,0.072,0.6950768859089108,0.6230768859089109,True,12.88888888888889,probability_provider_spread_edge_price_cap,probability,february,"{""max_price"":0.8,""max_provider_spread"":5.0,""min_edge"":0.0}",51.55555555555556
2026-02-16,highest-temperature-in-seoul-on-february-16-2026-4c,4°C,0.22,0.3962215916290958,0.17622159162909581,False,-1.0,probability_provider_spread_edge_price_cap,probability,february,"{""max_price"":0.8,""max_provider_spread"":5.0,""min_edge"":0.0}",-4.0
2026-02-18,highest-temperature-in-seoul-on-february-18-2026-5c,5°C,0.46,0.5289705007533507,0.0689705007533507,False,-1.0,probability_provider_spread_edge_price_cap,probability,february,"{""max_price"":0.8,""max_provider_spread"":5.0,""min_edge"":0.0}",-4.0
2026-02-19,highest-temperature-in-seoul-on-february-19-2026-6c,6°C,0.315,0.5007260513413885,0.18572605134138848,False,-1.0,probability_provider_spread_edge_price_cap,probability,february,"{""max_price"":0.8,""max_provider_spread"":5.0,""min_edge"":0.0}",-4.0
2026-02-21,highest-temperature-in-seoul-on-february-21-2026-14corhigher,14°C or higher,0.75,0.9165827273067936,0.16658272730679358,True,0.33333333333333326,probability_provider_spread_edge_price_cap,probability,february,"{""max_price"":0.8,""max_provider_spread"":5.0,""min_edge"":0.0}",1.333333333333333
2026-02-23,highest-temperature-in-seoul-on-february-23-2026-4c,4°C,0.51,0.5307576239374682,0.02075762393746816,True,0.9607843137254901,probability_provider_spread_edge_price_cap,probability,february,"{""max_price"":0.8,""max_provider_spread"":5.0,""min_edge"":0.0}",3.8431372549019605
2026-02-24,highest-temperature-in-seoul-on-february-24-2026-6c,6°C,0.095,0.3306909742388555,0.23569097423885552,False,-1.0,probability_provider_spread_edge_price_cap,probability,february,"{""max_price"":0.8,""max_provider_spread"":5.0,""min_edge"":0.0}",-4.0
2026-02-25,highest-temperature-in-seoul-on-february-25-2026-9c,9°C,0.0955,0.34215254663859374,0.24665254663859373,False,-1.0,probability_provider_spread_edge_price_cap,probability,february,"{""max_price"":0.8,""max_provider_spread"":5.0,""min_edge"":0.0}",-4.0
2026-02-26,highest-temperature-in-seoul-on-february-26-2026-11c,11°C,0.35000000000000003,0.4378463402734908,0.08784634027349075,True,1.8571428571428568,probability_provider_spread_edge_price_cap,probability,february,"{""max_price"":0.8,""max_provider_spread"":5.0,""min_edge"":0.0}",7.428571428571427
2026-02-27,highest-temperature-in-seoul-on-february-27-2026-13corhigher,13°C or higher,0.58,0.7482137727899805,0.1682137727899805,True,0.7241379310344829,probability_provider_spread_edge_price_cap,probability,february,"{""max_price"":0.8,""max_provider_spread"":5.0,""min_edge"":0.0}",2.8965517241379315
2026-03-03,highest-temperature-in-seoul-on-march-3-2026-10c,10°C,0.35000000000000003,0.4009305432006507,0.05093054320065066,True,1.8571428571428568,probability_provider_spread_edge_price_cap,probability,march,"{""max_price"":0.8,""max_provider_spread"":3.0,""min_edge"":0.0}",7.428571428571427
2026-03-04,highest-temperature-in-seoul-on-march-4-2026-8c,8°C,0.28500000000000003,0.45470350598019943,0.1697035059801994,False,-1.0,probability_provider_spread_edge_price_cap,probability,march,"{""max_price"":0.8,""max_provider_spread"":3.0,""min_edge"":0.0}",-4.0
2026-03-06,highest-temperature-in-seoul-on-march-6-2026-5c,5°C,0.47500000000000003,0.47848847818821705,0.0034884781882170146,False,-1.0,probability_provider_spread_edge_price_cap,probability,march,"{""max_price"":0.8,""max_provider_spread"":3.0,""min_edge"":0.0}",-4.0
2026-03-09,highest-temperature-in-seoul-on-march-9-2026-8c,8°C,0.27,0.4710566767821721,0.2010566767821721,False,-1.0,probability_provider_spread_edge_price_cap,probability,march,"{""max_price"":0.8,""max_provider_spread"":3.0,""min_edge"":0.0}",-4.0
2026-03-10,highest-temperature-in-seoul-on-march-10-2026-7c,7°C,0.455,0.5061399465540406,0.05113994655404058,True,1.1978021978021975,probability_provider_spread_edge_price_cap,probability,march,"{""max_price"":0.8,""max_provider_spread"":3.0,""min_edge"":0.0}",4.79120879120879
2026-03-11,highest-temperature-in-seoul-on-march-11-2026-8c,8°C,0.275,0.3742537963446443,0.09925379634464426,False,-1.0,probability_provider_spread_edge_price_cap,probability,march,"{""max_price"":0.8,""max_provider_spread"":3.0,""min_edge"":0.0}",-4.0
2026-03-13,highest-temperature-in-seoul-on-march-13-2026-12corhigher,12°C or higher,0.2,0.7440972926454228,0.5440972926454228,False,-1.0,probability_provider_spread_edge_price_cap,probability,march,"{""max_price"":0.8,""max_provider_spread"":3.0,""min_edge"":0.0}",-4.0
2026-03-14,highest-temperature-in-seoul-on-march-14-2026-10c,10°C,0.305,0.43429570932909634,0.12929570932909634,False,-1.0,probability_provider_spread_edge_price_cap,probability,march,"{""max_price"":0.8,""max_provider_spread"":3.0,""min_edge"":0.0}",-4.0
2026-03-18,highest-temperature-in-seoul-on-march-18-2026-8c,8°C,0.32,0.3522356916045914,0.03223569160459139,True,2.125,probability_provider_spread_edge_price_cap,probability,march,"{""max_price"":0.8,""max_provider_spread"":3.0,""min_edge"":0.0}",8.5
2026-03-21,highest-temperature-in-seoul-on-march-21-2026-11c,11°C,0.3,0.35702604369818547,0.05702604369818548,True,2.3333333333333335,probability_provider_spread_edge_price_cap,probability,march,"{""max_price"":0.8,""max_provider_spread"":3.0,""min_edge"":0.0}",9.333333333333334
2026-04-01,highest-temperature-in-seoul-on-april-1-2026-16corhigher,16°C or higher,0.1894438,0.6426636014863933,0.45321980148639335,False,-1.0,probability_provider_spread_edge_price_cap,probability,april,"{""max_price"":0.8,""max_provider_spread"":8.0,""min_edge"":0.0}",-4.0
2026-04-02,highest-temperature-in-seoul-on-april-2-2026-15c,15°C,0.17705500000000002,0.4224796969401995,0.24542469694019947,False,-1.0,probability_provider_spread_edge_price_cap,probability,april,"{""max_price"":0.8,""max_provider_spread"":8.0,""min_edge"":0.0}",-4.0
2026-04-03,highest-temperature-in-seoul-on-april-3-2026-17c,17°C,0.26449875,0.3684674178486221,0.10396866784862208,False,-1.0,probability_provider_spread_edge_price_cap,probability,april,"{""max_price"":0.8,""max_provider_spread"":8.0,""min_edge"":0.0}",-4.0
2026-04-05,highest-temperature-in-seoul-on-april-5-2026-14c,14°C,0.26449875,0.36669824026709497,0.10219949026709496,False,-1.0,probability_provider_spread_edge_price_cap,probability,april,"{""max_price"":0.8,""max_provider_spread"":8.0,""min_edge"":0.0}",-4.0
2026-04-06,highest-temperature-in-seoul-on-april-6-2026-14c,14°C,0.09929875,0.4117302435823584,0.3124314935823584,True,9.070620224323065,probability_provider_spread_edge_price_cap,probability,april,"{""max_price"":0.8,""max_provider_spread"":8.0,""min_edge"":0.0}",36.28248089729226
2026-04-07,highest-temperature-in-seoul-on-april-7-2026-13c,13°C,0.3105,0.31139109972058404,0.0008910997205840432,False,-1.0,probability_provider_spread_edge_price_cap,probability,april,"{""max_price"":0.8,""max_provider_spread"":8.0,""min_edge"":0.0}",-4.0
2026-04-08,highest-temperature-in-seoul-on-april-8-2026-13c,13°C,0.22858,0.402991540610727,0.174411540610727,True,3.374835943652113,probability_provider_spread_edge_price_cap,probability,april,"{""max_price"":0.8,""max_provider_spread"":8.0,""min_edge"":0.0}",13.499343774608452
2026-04-10,highest-temperature-in-seoul-on-april-10-2026-12c,12°C,0.37151999999999996,0.3837649903423349,0.01224499034233495,True,1.6916451335055989,probability_provider_spread_edge_price_cap,probability,april,"{""max_price"":0.8,""max_provider_spread"":8.0,""min_edge"":0.0}",6.7665805340223955
2026-04-12,highest-temperature-in-seoul-on-april-12-2026-17c,17°C,0.13046875,0.27322091170748425,0.14275216170748425,False,-1.0,probability_provider_spread_edge_price_cap,probability,april,"{""max_price"":0.8,""max_provider_spread"":8.0,""min_edge"":0.0}",-4.0
2026-04-17,highest-temperature-in-seoul-on-april-17-2026-16c,16°C,0.17705500000000002,0.38445396945805904,0.20739896945805902,False,-1.0,probability_provider_spread_edge_price_cap,probability,april,"{""max_price"":0.8,""max_provider_spread"":8.0,""min_edge"":0.0}",-4.0
2026-04-20,highest-temperature-in-seoul-on-april-20-2026-16c,16°C,0.09929875,0.4575683994240249,0.3582696494240249,False,-1.0,probability_provider_spread_edge_price_cap,probability,april,"{""max_price"":0.8,""max_provider_spread"":8.0,""min_edge"":0.0}",-4.0
2026-04-21,highest-temperature-in-seoul-on-april-21-2026-15c,15°C,0.3105,0.4173064453145329,0.10680644531453293,False,-1.0,probability_provider_spread_edge_price_cap,probability,april,"{""max_price"":0.8,""max_provider_spread"":8.0,""min_edge"":0.0}",-4.0
2026-04-22,highest-temperature-in-seoul-on-april-22-2026-16c,16°C,0.33596875000000004,0.36304441863883513,0.027075668638835093,False,-1.0,probability_provider_spread_edge_price_cap,probability,april,"{""max_price"":0.8,""max_provider_spread"":8.0,""min_edge"":0.0}",-4.0
2026-04-23,highest-temperature-in-seoul-on-april-23-2026-22c,22°C,0.21829500000000002,0.3373782862858079,0.11908328628580789,True,3.580956961909343,probability_provider_spread_edge_price_cap,probability,april,"{""max_price"":0.8,""max_provider_spread"":8.0,""min_edge"":0.0}",14.323827847637371
2026-04-28,highest-temperature-in-seoul-on-april-28-2026-17c,17°C,0.18221875,0.3985937221158586,0.21637497211585857,False,-1.0,probability_provider_spread_edge_price_cap,probability,april,"{""max_price"":0.8,""max_provider_spread"":8.0,""min_edge"":0.0}",-4.0
2026-04-30,highest-temperature-in-seoul-on-april-30-2026-19c,19°C,0.279855,0.343428306009328,0.06357330600932798,True,2.5732790194922366,probability_provider_spread_edge_price_cap,probability,april,"{""max_price"":0.8,""max_provider_spread"":8.0,""min_edge"":0.0}",10.293116077968946
2026-05-01,highest-temperature-in-seoul-on-may-1-2026-19c,19°C,0.32578875,0.3741041313217126,0.04831538132171259,True,2.0694737003656507,probability_provider_spread_edge_price_cap,probability,may,"{""max_price"":0.8,""max_provider_spread"":6.0,""min_edge"":0.0}",8.277894801462603
2026-05-02,highest-temperature-in-seoul-on-may-2-2026-19c,19°C,0.25424875,0.3787176141185294,0.12446886411852937,False,-1.0,probability_provider_spread_edge_price_cap,probability,may,"{""max_price"":0.8,""max_provider_spread"":6.0,""min_edge"":0.0}",-4.0
2026-05-04,highest-temperature-in-seoul-on-may-4-2026-20corhigher,20°C or higher,0.0309314875,0.3820656860612972,0.3511341985612972,False,-1.0,probability_provider_spread_edge_price_cap,probability,may,"{""max_price"":0.8,""max_provider_spread"":6.0,""min_edge"":0.0}",-4.0
2026-05-06,highest-temperature-in-seoul-on-may-6-2026-21corhigher,21°C or higher,0.641655,0.7094796773855279,0.06782467738552789,True,0.5584698942578177,probability_provider_spread_edge_price_cap,probability,may,"{""max_price"":0.8,""max_provider_spread"":6.0,""min_edge"":0.0}",2.2338795770312707
2026-05-07,highest-temperature-in-seoul-on-may-7-2026-18c,18°C,0.2434754875,0.40436481079735165,0.16088932329735164,False,-1.0,probability_provider_spread_edge_price_cap,probability,may,"{""max_price"":0.8,""max_provider_spread"":6.0,""min_edge"":0.0}",-4.0
2026-05-09,highest-temperature-in-seoul-on-may-9-2026-20c,20°C,0.42713875,0.5404803382045689,0.11334158820456885,True,1.341159634896155,probability_provider_spread_edge_price_cap,probability,may,"{""max_price"":0.8,""max_provider_spread"":6.0,""min_edge"":0.0}",5.36463853958462
2026-05-10,highest-temperature-in-seoul-on-may-10-2026-21c,21°C,0.41704875,0.4239638487389382,0.006915098738938197,False,-1.0,probability_provider_spread_edge_price_cap,probability,may,"{""max_price"":0.8,""max_provider_spread"":6.0,""min_edge"":0.0}",-4.0
2026-05-22,highest-temperature-in-seoul-on-may-22-2026-24c,24°C,0.08888874999999999,0.37453425311256716,0.2856455031125672,False,-1.0,probability_provider_spread_edge_price_cap,probability,may,"{""max_price"":0.8,""max_provider_spread"":6.0,""min_edge"":0.0}",-4.0
2026-05-25,highest-temperature-in-seoul-on-may-25-2026-27c,27°C,0.43218,0.4414249714575831,0.009244971457583073,True,1.3138507103521682,probability_provider_spread_edge_price_cap,probability,may,"{""max_price"":0.8,""max_provider_spread"":6.0,""min_edge"":0.0}",5.255402841408673
2026-05-28,highest-temperature-in-seoul-on-may-28-2026-24c,24°C,0.29518875000000006,0.340049767290692,0.04486101729069192,False,-1.0,probability_provider_spread_edge_price_cap,probability,may,"{""max_price"":0.8,""max_provider_spread"":6.0,""min_edge"":0.0}",-4.0
2026-05-29,highest-temperature-in-seoul-on-may-29-2026-25c,25°C,0.24398875,0.3296078137931053,0.08561906379310527,True,3.098549625751187,probability_provider_spread_edge_price_cap,probability,may,"{""max_price"":0.8,""max_provider_spread"":6.0,""min_edge"":0.0}",12.394198503004748
2026-05-30,highest-temperature-in-seoul-on-may-30-2026-25c,25°C,0.35629875000000005,0.3927397103432452,0.03644096034324512,False,-1.0,probability_provider_spread_edge_price_cap,probability,may,"{""max_price"":0.8,""max_provider_spread"":6.0,""min_edge"":0.0}",-4.0
2026-06-01,highest-temperature-in-seoul-on-june-1-2026-26c,26°C,0.40694875,0.4313643387582135,0.02441558875821348,False,-1.0,probability_provider_spread_edge_price_cap,probability,june,"{""max_price"":0.8,""max_provider_spread"":6.0,""min_edge"":0.0}",-4.0
2026-06-07,highest-temperature-in-seoul-on-june-7-2026-26c,26°C,0.135655,0.3705641749664551,0.2349091749664551,False,-1.0,probability_provider_spread_edge_price_cap,probability,june,"{""max_price"":0.8,""max_provider_spread"":6.0,""min_edge"":0.0}",-4.0
2026-06-08,highest-temperature-in-seoul-on-june-8-2026-24c,24°C,0.32578875,0.33382077879040595,0.008032028790405932,True,2.0694737003656507,probability_provider_spread_edge_price_cap,probability,june,"{""max_price"":0.8,""max_provider_spread"":6.0,""min_edge"":0.0}",8.277894801462603
2026-06-09,highest-temperature-in-seoul-on-june-9-2026-25c,25°C,0.41200000000000003,0.41983310100025384,0.007833101000253806,True,1.4271844660194173,probability_provider_spread_edge_price_cap,probability,june,"{""max_price"":0.8,""max_provider_spread"":6.0,""min_edge"":0.0}",5.708737864077669
2026-06-10,highest-temperature-in-seoul-on-june-10-2026-24c,24°C,0.20284875,0.41099555057793674,0.20814680057793675,False,-1.0,probability_provider_spread_edge_price_cap,probability,june,"{""max_price"":0.8,""max_provider_spread"":6.0,""min_edge"":0.0}",-4.0
2026-06-11,highest-temperature-in-seoul-on-june-11-2026-24c,24°C,0.20284875,0.4161126061653726,0.2132638561653726,False,-1.0,probability_provider_spread_edge_price_cap,probability,june,"{""max_price"":0.8,""max_provider_spread"":6.0,""min_edge"":0.0}",-4.0
2026-06-13,highest-temperature-in-seoul-on-june-13-2026-27c,27°C,0.32578875,0.4262544817308555,0.10046573173085549,True,2.0694737003656507,probability_provider_spread_edge_price_cap,probability,june,"{""max_price"":0.8,""max_provider_spread"":6.0,""min_edge"":0.0}",8.277894801462603
2026-06-17,highest-temperature-in-seoul-on-june-17-2026-30c,30°C,0.5119999875,0.5234337861179803,0.011433798617980329,True,0.953125047683717,probability_provider_spread_edge_price_cap,probability,june,"{""max_price"":0.8,""max_provider_spread"":6.0,""min_edge"":0.0}",3.812500190734868
2026-06-21,highest-temperature-in-seoul-on-june-21-2026-27c,27°C,0.35629875000000005,0.4525695745075026,0.09627082450750257,True,1.8066334782257862,probability_provider_spread_edge_price_cap,probability,june,"{""max_price"":0.8,""max_provider_spread"":6.0,""min_edge"":0.0}",7.226533912903145
2026-06-22,highest-temperature-in-seoul-on-june-22-2026-27c,27°C,0.40694875,0.46011996919762627,0.05317121919762624,True,1.4573118850960962,probability_provider_spread_edge_price_cap,probability,june,"{""max_price"":0.8,""max_provider_spread"":6.0,""min_edge"":0.0}",5.829247540384385
2026-06-25,highest-temperature-in-seoul-on-june-25-2026-27c,27°C,0.24398875,0.4070263336292211,0.16303758362922108,False,-1.0,probability_provider_spread_edge_price_cap,probability,june,"{""max_price"":0.8,""max_provider_spread"":6.0,""min_edge"":0.0}",-4.0
2026-06-26,highest-temperature-in-seoul-on-june-26-2026-26c,26°C,0.16672,0.4978568952449987,0.3311368952449987,False,-1.0,probability_provider_spread_edge_price_cap,probability,june,"{""max_price"":0.8,""max_provider_spread"":6.0,""min_edge"":0.0}",-4.0
2026-06-27,highest-temperature-in-seoul-on-june-27-2026-29c,29°C,0.40694875,0.4511014744949673,0.044152724494967266,False,-1.0,probability_provider_spread_edge_price_cap,probability,june,"{""max_price"":0.8,""max_provider_spread"":6.0,""min_edge"":0.0}",-4.0
2026-07-01,highest-temperature-in-seoul-on-july-1-2026-31c,31°C,0.24912,0.4025232920858616,0.15340329208586156,False,-1.0,probability_provider_spread_edge_price_cap,probability,july,"{""max_price"":0.8,""max_provider_spread"":6.0,""min_edge"":0.0}",-4.0
2026-07-03,highest-temperature-in-seoul-on-july-3-2026-27c,27°C,0.39683875,0.48261294290743173,0.08577419290743171,False,-1.0,probability_provider_spread_edge_price_cap,probability,july,"{""max_price"":0.8,""max_provider_spread"":6.0,""min_edge"":0.0}",-4.0
2026-07-04,highest-temperature-in-seoul-on-july-4-2026-28c,28°C,0.53746875,0.5519565830779698,0.014487833077969747,True,0.8605732891447175,probability_provider_spread_edge_price_cap,probability,july,"{""max_price"":0.8,""max_provider_spread"":6.0,""min_edge"":0.0}",3.44229315657887
2026-07-06,highest-temperature-in-seoul-on-july-6-2026-27c,27°C,0.33088,0.39568616852733335,0.06480616852733334,False,-1.0,probability_provider_spread_edge_price_cap,probability,july,"{""max_price"":0.8,""max_provider_spread"":6.0,""min_edge"":0.0}",-4.0
2026-07-07,highest-temperature-in-seoul-on-july-7-2026-30corhigher,30°C or higher,0.53946355,0.7650574467372931,0.22559389673729313,True,0.8536933588932931,probability_provider_spread_edge_price_cap,probability,july,"{""max_price"":0.8,""max_provider_spread"":6.0,""min_edge"":0.0}",3.4147734355731725
2026-07-09,highest-temperature-in-seoul-on-july-9-2026-26c,26°C,0.37658874999999997,0.3969807018635354,0.02039195186353543,False,-1.0,probability_provider_spread_edge_price_cap,probability,july,"{""max_price"":0.8,""max_provider_spread"":6.0,""min_edge"":0.0}",-4.0
2026-07-10,highest-temperature-in-seoul-on-july-10-2026-29c,29°C,0.25424875,0.44352055438068466,0.18927180438068464,False,-1.0,probability_provider_spread_edge_price_cap,probability,july,"{""max_price"":0.8,""max_provider_spread"":6.0,""min_edge"":0.0}",-4.0
2026-07-11,highest-temperature-in-seoul-on-july-11-2026-33corhigher,33°C or higher,0.14705595000000002,0.6386804823085153,0.4916245323085152,False,-1.0,probability_provider_spread_edge_price_cap,probability,july,"{""max_price"":0.8,""max_provider_spread"":6.0,""min_edge"":0.0}",-4.0
2026-07-15,highest-temperature-in-seoul-on-july-15-2026-27c,27°C,0.259375,0.34492085405345263,0.08554585405345261,False,-1.0,probability_provider_spread_edge_price_cap,probability,july,"{""max_price"":0.8,""max_provider_spread"":6.0,""min_edge"":0.0}",-4.0
2026-07-18,highest-temperature-in-seoul-on-july-18-2026-26c,26°C,0.20284875,0.4087413116836831,0.2058925616836831,True,3.9297814258160333,probability_provider_spread_edge_price_cap,probability,july,"{""max_price"":0.8,""max_provider_spread"":6.0,""min_edge"":0.0}",15.719125703264133
2026-07-20,highest-temperature-in-seoul-on-july-20-2026-25c,25°C,0.31559875,0.43690057069490024,0.12130182069490025,False,-1.0,probability_provider_spread_edge_price_cap,probability,july,"{""max_price"":0.8,""max_provider_spread"":6.0,""min_edge"":0.0}",-4.0
2026-07-22,highest-temperature-in-seoul-on-july-22-2026-27c,27°C,0.30029500000000003,0.4361140635861968,0.13581906358619678,True,2.330058775537388,probability_provider_spread_edge_price_cap,probability,july,"{""max_price"":0.8,""max_provider_spread"":6.0,""min_edge"":0.0}",9.320235102149551
2026-07-24,highest-temperature-in-seoul-on-july-24-2026-30c,30°C,0.22343875,0.5308512849758401,0.3074125349758401,False,-1.0,probability_provider_spread_edge_price_cap,probability,july,"{""max_price"":0.8,""max_provider_spread"":6.0,""min_edge"":0.0}",-4.0
2026-02-01,highest-temperature-in-seoul-on-february-1-2c,2°C,0.035,0.5019521264926332,0.4669521264926332,False,-1.0,probability_confidence_spread_edge_price_cap,probability,february,"{""max_price"":0.8,""max_provider_spread"":5.0,""min_confidence"":0.3,""min_edge"":0.0}",-4.0
2026-02-03,highest-temperature-in-seoul-on-february-3-2026-4corhigher,4°C or higher,0.0635,0.8278498255428757,0.7643498255428757,False,-1.0,probability_confidence_spread_edge_price_cap,probability,february,"{""max_price"":0.8,""max_provider_spread"":5.0,""min_confidence"":0.3,""min_edge"":0.0}",-4.0
2026-02-04,highest-temperature-in-seoul-on-february-4-2026-7corhigher,7°C or higher,0.044000000000000004,0.6428831768566541,0.598883176856654,True,21.727272727272727,probability_confidence_spread_edge_price_cap,probability,february,"{""max_price"":0.8,""max_provider_spread"":5.0,""min_confidence"":0.3,""min_edge"":0.0}",86.9090909090909
2026-02-05,highest-temperature-in-seoul-on-february-5-2026-8corhigher,8°C or higher,0.71,0.8825418587320526,0.17254185873205263,True,0.40845070422535223,probability_confidence_spread_edge_price_cap,probability,february,"{""max_price"":0.8,""max_provider_spread"":5.0,""min_confidence"":0.3,""min_edge"":0.0}",1.633802816901409
2026-02-07,highest-temperature-in-seoul-on-february-7-2026-neg-6c,-6°C,0.135,0.5116834370461321,0.37668343704613205,False,-1.0,probability_confidence_spread_edge_price_cap,probability,february,"{""max_price"":0.8,""max_provider_spread"":5.0,""min_confidence"":0.3,""min_edge"":0.0}",-4.0
2026-02-13,highest-temperature-in-seoul-on-february-13-2026-9corhigher,9°C or higher,0.47000000000000003,0.8904206179434782,0.4204206179434781,True,1.127659574468085,probability_confidence_spread_edge_price_cap,probability,february,"{""max_price"":0.8,""max_provider_spread"":5.0,""min_confidence"":0.3,""min_edge"":0.0}",4.51063829787234
2026-02-14,highest-temperature-in-seoul-on-february-14-2026-11corhigher,11°C or higher,0.072,0.6950768859089108,0.6230768859089109,True,12.88888888888889,probability_confidence_spread_edge_price_cap,probability,february,"{""max_price"":0.8,""max_provider_spread"":5.0,""min_confidence"":0.3,""min_edge"":0.0}",51.55555555555556
2026-02-16,highest-temperature-in-seoul-on-february-16-2026-4c,4°C,0.22,0.3962215916290958,0.17622159162909581,False,-1.0,probability_confidence_spread_edge_price_cap,probability,february,"{""max_price"":0.8,""max_provider_spread"":5.0,""min_confidence"":0.3,""min_edge"":0.0}",-4.0
2026-02-18,highest-temperature-in-seoul-on-february-18-2026-5c,5°C,0.46,0.5289705007533507,0.0689705007533507,False,-1.0,probability_confidence_spread_edge_price_cap,probability,february,"{""max_price"":0.8,""max_provider_spread"":5.0,""min_confidence"":0.3,""min_edge"":0.0}",-4.0
2026-02-19,highest-temperature-in-seoul-on-february-19-2026-6c,6°C,0.315,0.5007260513413885,0.18572605134138848,False,-1.0,probability_confidence_spread_edge_price_cap,probability,february,"{""max_price"":0.8,""max_provider_spread"":5.0,""min_confidence"":0.3,""min_edge"":0.0}",-4.0
2026-02-21,highest-temperature-in-seoul-on-february-21-2026-14corhigher,14°C or higher,0.75,0.9165827273067936,0.16658272730679358,True,0.33333333333333326,probability_confidence_spread_edge_price_cap,probability,february,"{""max_price"":0.8,""max_provider_spread"":5.0,""min_confidence"":0.3,""min_edge"":0.0}",1.333333333333333
2026-02-23,highest-temperature-in-seoul-on-february-23-2026-4c,4°C,0.51,0.5307576239374682,0.02075762393746816,True,0.9607843137254901,probability_confidence_spread_edge_price_cap,probability,february,"{""max_price"":0.8,""max_provider_spread"":5.0,""min_confidence"":0.3,""min_edge"":0.0}",3.8431372549019605
2026-02-24,highest-temperature-in-seoul-on-february-24-2026-6c,6°C,0.095,0.3306909742388555,0.23569097423885552,False,-1.0,probability_confidence_spread_edge_price_cap,probability,february,"{""max_price"":0.8,""max_provider_spread"":5.0,""min_confidence"":0.3,""min_edge"":0.0}",-4.0
2026-02-25,highest-temperature-in-seoul-on-february-25-2026-9c,9°C,0.0955,0.34215254663859374,0.24665254663859373,False,-1.0,probability_confidence_spread_edge_price_cap,probability,february,"{""max_price"":0.8,""max_provider_spread"":5.0,""min_confidence"":0.3,""min_edge"":0.0}",-4.0
2026-02-26,highest-temperature-in-seoul-on-february-26-2026-11c,11°C,0.35000000000000003,0.4378463402734908,0.08784634027349075,True,1.8571428571428568,probability_confidence_spread_edge_price_cap,probability,february,"{""max_price"":0.8,""max_provider_spread"":5.0,""min_confidence"":0.3,""min_edge"":0.0}",7.428571428571427
2026-02-27,highest-temperature-in-seoul-on-february-27-2026-13corhigher,13°C or higher,0.58,0.7482137727899805,0.1682137727899805,True,0.7241379310344829,probability_confidence_spread_edge_price_cap,probability,february,"{""max_price"":0.8,""max_provider_spread"":5.0,""min_confidence"":0.3,""min_edge"":0.0}",2.8965517241379315
2026-03-03,highest-temperature-in-seoul-on-march-3-2026-10c,10°C,0.35000000000000003,0.4009305432006507,0.05093054320065066,True,1.8571428571428568,probability_confidence_spread_edge_price_cap,probability,march,"{""max_price"":0.8,""max_provider_spread"":3.0,""min_confidence"":0.3,""min_edge"":0.0}",7.428571428571427
2026-03-04,highest-temperature-in-seoul-on-march-4-2026-8c,8°C,0.28500000000000003,0.45470350598019943,0.1697035059801994,False,-1.0,probability_confidence_spread_edge_price_cap,probability,march,"{""max_price"":0.8,""max_provider_spread"":3.0,""min_confidence"":0.3,""min_edge"":0.0}",-4.0
2026-03-06,highest-temperature-in-seoul-on-march-6-2026-5c,5°C,0.47500000000000003,0.47848847818821705,0.0034884781882170146,False,-1.0,probability_confidence_spread_edge_price_cap,probability,march,"{""max_price"":0.8,""max_provider_spread"":3.0,""min_confidence"":0.3,""min_edge"":0.0}",-4.0
2026-03-09,highest-temperature-in-seoul-on-march-9-2026-8c,8°C,0.27,0.4710566767821721,0.2010566767821721,False,-1.0,probability_confidence_spread_edge_price_cap,probability,march,"{""max_price"":0.8,""max_provider_spread"":3.0,""min_confidence"":0.3,""min_edge"":0.0}",-4.0
2026-03-10,highest-temperature-in-seoul-on-march-10-2026-7c,7°C,0.455,0.5061399465540406,0.05113994655404058,True,1.1978021978021975,probability_confidence_spread_edge_price_cap,probability,march,"{""max_price"":0.8,""max_provider_spread"":3.0,""min_confidence"":0.3,""min_edge"":0.0}",4.79120879120879
2026-03-11,highest-temperature-in-seoul-on-march-11-2026-8c,8°C,0.275,0.3742537963446443,0.09925379634464426,False,-1.0,probability_confidence_spread_edge_price_cap,probability,march,"{""max_price"":0.8,""max_provider_spread"":3.0,""min_confidence"":0.3,""min_edge"":0.0}",-4.0
2026-03-13,highest-temperature-in-seoul-on-march-13-2026-12corhigher,12°C or higher,0.2,0.7440972926454228,0.5440972926454228,False,-1.0,probability_confidence_spread_edge_price_cap,probability,march,"{""max_price"":0.8,""max_provider_spread"":3.0,""min_confidence"":0.3,""min_edge"":0.0}",-4.0
2026-03-14,highest-temperature-in-seoul-on-march-14-2026-10c,10°C,0.305,0.43429570932909634,0.12929570932909634,False,-1.0,probability_confidence_spread_edge_price_cap,probability,march,"{""max_price"":0.8,""max_provider_spread"":3.0,""min_confidence"":0.3,""min_edge"":0.0}",-4.0
2026-03-18,highest-temperature-in-seoul-on-march-18-2026-8c,8°C,0.32,0.3522356916045914,0.03223569160459139,True,2.125,probability_confidence_spread_edge_price_cap,probability,march,"{""max_price"":0.8,""max_provider_spread"":3.0,""min_confidence"":0.3,""min_edge"":0.0}",8.5
2026-03-21,highest-temperature-in-seoul-on-march-21-2026-11c,11°C,0.3,0.35702604369818547,0.05702604369818548,True,2.3333333333333335,probability_confidence_spread_edge_price_cap,probability,march,"{""max_price"":0.8,""max_provider_spread"":3.0,""min_confidence"":0.3,""min_edge"":0.0}",9.333333333333334
2026-04-01,highest-temperature-in-seoul-on-april-1-2026-16corhigher,16°C or higher,0.1894438,0.6426636014863933,0.45321980148639335,False,-1.0,probability_confidence_spread_edge_price_cap,probability,april,"{""max_price"":0.8,""max_provider_spread"":6.0,""min_confidence"":0.35,""min_edge"":0.0}",-4.0
2026-04-02,highest-temperature-in-seoul-on-april-2-2026-15c,15°C,0.17705500000000002,0.4224796969401995,0.24542469694019947,False,-1.0,probability_confidence_spread_edge_price_cap,probability,april,"{""max_price"":0.8,""max_provider_spread"":6.0,""min_confidence"":0.35,""min_edge"":0.0}",-4.0
2026-04-03,highest-temperature-in-seoul-on-april-3-2026-17c,17°C,0.26449875,0.3684674178486221,0.10396866784862208,False,-1.0,probability_confidence_spread_edge_price_cap,probability,april,"{""max_price"":0.8,""max_provider_spread"":6.0,""min_confidence"":0.35,""min_edge"":0.0}",-4.0
2026-04-05,highest-temperature-in-seoul-on-april-5-2026-14c,14°C,0.26449875,0.36669824026709497,0.10219949026709496,False,-1.0,probability_confidence_spread_edge_price_cap,probability,april,"{""max_price"":0.8,""max_provider_spread"":6.0,""min_confidence"":0.35,""min_edge"":0.0}",-4.0
2026-04-06,highest-temperature-in-seoul-on-april-6-2026-14c,14°C,0.09929875,0.4117302435823584,0.3124314935823584,True,9.070620224323065,probability_confidence_spread_edge_price_cap,probability,april,"{""max_price"":0.8,""max_provider_spread"":6.0,""min_confidence"":0.35,""min_edge"":0.0}",36.28248089729226
2026-04-08,highest-temperature-in-seoul-on-april-8-2026-13c,13°C,0.22858,0.402991540610727,0.174411540610727,True,3.374835943652113,probability_confidence_spread_edge_price_cap,probability,april,"{""max_price"":0.8,""max_provider_spread"":6.0,""min_confidence"":0.35,""min_edge"":0.0}",13.499343774608452
2026-04-10,highest-temperature-in-seoul-on-april-10-2026-12c,12°C,0.37151999999999996,0.3837649903423349,0.01224499034233495,True,1.6916451335055989,probability_confidence_spread_edge_price_cap,probability,april,"{""max_price"":0.8,""max_provider_spread"":6.0,""min_confidence"":0.35,""min_edge"":0.0}",6.7665805340223955
2026-04-20,highest-temperature-in-seoul-on-april-20-2026-16c,16°C,0.09929875,0.4575683994240249,0.3582696494240249,False,-1.0,probability_confidence_spread_edge_price_cap,probability,april,"{""max_price"":0.8,""max_provider_spread"":6.0,""min_confidence"":0.35,""min_edge"":0.0}",-4.0
2026-04-21,highest-temperature-in-seoul-on-april-21-2026-15c,15°C,0.3105,0.4173064453145329,0.10680644531453293,False,-1.0,probability_confidence_spread_edge_price_cap,probability,april,"{""max_price"":0.8,""max_provider_spread"":6.0,""min_confidence"":0.35,""min_edge"":0.0}",-4.0
2026-04-22,highest-temperature-in-seoul-on-april-22-2026-16c,16°C,0.33596875000000004,0.36304441863883513,0.027075668638835093,False,-1.0,probability_confidence_spread_edge_price_cap,probability,april,"{""max_price"":0.8,""max_provider_spread"":6.0,""min_confidence"":0.35,""min_edge"":0.0}",-4.0
2026-04-28,highest-temperature-in-seoul-on-april-28-2026-17c,17°C,0.18221875,0.3985937221158586,0.21637497211585857,False,-1.0,probability_confidence_spread_edge_price_cap,probability,april,"{""max_price"":0.8,""max_provider_spread"":6.0,""min_confidence"":0.35,""min_edge"":0.0}",-4.0
2026-05-01,highest-temperature-in-seoul-on-may-1-2026-19c,19°C,0.32578875,0.3741041313217126,0.04831538132171259,True,2.0694737003656507,probability_confidence_spread_edge_price_cap,probability,may,"{""max_price"":0.8,""max_provider_spread"":6.0,""min_confidence"":0.3,""min_edge"":0.0}",8.277894801462603
2026-05-02,highest-temperature-in-seoul-on-may-2-2026-19c,19°C,0.25424875,0.3787176141185294,0.12446886411852937,False,-1.0,probability_confidence_spread_edge_price_cap,probability,may,"{""max_price"":0.8,""max_provider_spread"":6.0,""min_confidence"":0.3,""min_edge"":0.0}",-4.0
2026-05-04,highest-temperature-in-seoul-on-may-4-2026-20corhigher,20°C or higher,0.0309314875,0.3820656860612972,0.3511341985612972,False,-1.0,probability_confidence_spread_edge_price_cap,probability,may,"{""max_price"":0.8,""max_provider_spread"":6.0,""min_confidence"":0.3,""min_edge"":0.0}",-4.0
2026-05-06,highest-temperature-in-seoul-on-may-6-2026-21corhigher,21°C or higher,0.641655,0.7094796773855279,0.06782467738552789,True,0.5584698942578177,probability_confidence_spread_edge_price_cap,probability,may,"{""max_price"":0.8,""max_provider_spread"":6.0,""min_confidence"":0.3,""min_edge"":0.0}",2.2338795770312707
2026-05-07,highest-temperature-in-seoul-on-may-7-2026-18c,18°C,0.2434754875,0.40436481079735165,0.16088932329735164,False,-1.0,probability_confidence_spread_edge_price_cap,probability,may,"{""max_price"":0.8,""max_provider_spread"":6.0,""min_confidence"":0.3,""min_edge"":0.0}",-4.0
2026-05-09,highest-temperature-in-seoul-on-may-9-2026-20c,20°C,0.42713875,0.5404803382045689,0.11334158820456885,True,1.341159634896155,probability_confidence_spread_edge_price_cap,probability,may,"{""max_price"":0.8,""max_provider_spread"":6.0,""min_confidence"":0.3,""min_edge"":0.0}",5.36463853958462
2026-05-10,highest-temperature-in-seoul-on-may-10-2026-21c,21°C,0.41704875,0.4239638487389382,0.006915098738938197,False,-1.0,probability_confidence_spread_edge_price_cap,probability,may,"{""max_price"":0.8,""max_provider_spread"":6.0,""min_confidence"":0.3,""min_edge"":0.0}",-4.0
2026-05-22,highest-temperature-in-seoul-on-may-22-2026-24c,24°C,0.08888874999999999,0.37453425311256716,0.2856455031125672,False,-1.0,probability_confidence_spread_edge_price_cap,probability,may,"{""max_price"":0.8,""max_provider_spread"":6.0,""min_confidence"":0.3,""min_edge"":0.0}",-4.0
2026-05-25,highest-temperature-in-seoul-on-may-25-2026-27c,27°C,0.43218,0.4414249714575831,0.009244971457583073,True,1.3138507103521682,probability_confidence_spread_edge_price_cap,probability,may,"{""max_price"":0.8,""max_provider_spread"":6.0,""min_confidence"":0.3,""min_edge"":0.0}",5.255402841408673
2026-05-28,highest-temperature-in-seoul-on-may-28-2026-24c,24°C,0.29518875000000006,0.340049767290692,0.04486101729069192,False,-1.0,probability_confidence_spread_edge_price_cap,probability,may,"{""max_price"":0.8,""max_provider_spread"":6.0,""min_confidence"":0.3,""min_edge"":0.0}",-4.0
2026-05-29,highest-temperature-in-seoul-on-may-29-2026-25c,25°C,0.24398875,0.3296078137931053,0.08561906379310527,True,3.098549625751187,probability_confidence_spread_edge_price_cap,probability,may,"{""max_price"":0.8,""max_provider_spread"":6.0,""min_confidence"":0.3,""min_edge"":0.0}",12.394198503004748
2026-05-30,highest-temperature-in-seoul-on-may-30-2026-25c,25°C,0.35629875000000005,0.3927397103432452,0.03644096034324512,False,-1.0,probability_confidence_spread_edge_price_cap,probability,may,"{""max_price"":0.8,""max_provider_spread"":6.0,""min_confidence"":0.3,""min_edge"":0.0}",-4.0
2026-06-01,highest-temperature-in-seoul-on-june-1-2026-26c,26°C,0.40694875,0.4313643387582135,0.02441558875821348,False,-1.0,probability_confidence_spread_edge_price_cap,probability,june,"{""max_price"":0.8,""max_provider_spread"":6.0,""min_confidence"":0.3,""min_edge"":0.0}",-4.0
2026-06-07,highest-temperature-in-seoul-on-june-7-2026-26c,26°C,0.135655,0.3705641749664551,0.2349091749664551,False,-1.0,probability_confidence_spread_edge_price_cap,probability,june,"{""max_price"":0.8,""max_provider_spread"":6.0,""min_confidence"":0.3,""min_edge"":0.0}",-4.0
2026-06-08,highest-temperature-in-seoul-on-june-8-2026-24c,24°C,0.32578875,0.33382077879040595,0.008032028790405932,True,2.0694737003656507,probability_confidence_spread_edge_price_cap,probability,june,"{""max_price"":0.8,""max_provider_spread"":6.0,""min_confidence"":0.3,""min_edge"":0.0}",8.277894801462603
2026-06-09,highest-temperature-in-seoul-on-june-9-2026-25c,25°C,0.41200000000000003,0.41983310100025384,0.007833101000253806,True,1.4271844660194173,probability_confidence_spread_edge_price_cap,probability,june,"{""max_price"":0.8,""max_provider_spread"":6.0,""min_confidence"":0.3,""min_edge"":0.0}",5.708737864077669
2026-06-10,highest-temperature-in-seoul-on-june-10-2026-24c,24°C,0.20284875,0.41099555057793674,0.20814680057793675,False,-1.0,probability_confidence_spread_edge_price_cap,probability,june,"{""max_price"":0.8,""max_provider_spread"":6.0,""min_confidence"":0.3,""min_edge"":0.0}",-4.0
2026-06-11,highest-temperature-in-seoul-on-june-11-2026-24c,24°C,0.20284875,0.4161126061653726,0.2132638561653726,False,-1.0,probability_confidence_spread_edge_price_cap,probability,june,"{""max_price"":0.8,""max_provider_spread"":6.0,""min_confidence"":0.3,""min_edge"":0.0}",-4.0
2026-06-13,highest-temperature-in-seoul-on-june-13-2026-27c,27°C,0.32578875,0.4262544817308555,0.10046573173085549,True,2.0694737003656507,probability_confidence_spread_edge_price_cap,probability,june,"{""max_price"":0.8,""max_provider_spread"":6.0,""min_confidence"":0.3,""min_edge"":0.0}",8.277894801462603
2026-06-17,highest-temperature-in-seoul-on-june-17-2026-30c,30°C,0.5119999875,0.5234337861179803,0.011433798617980329,True,0.953125047683717,probability_confidence_spread_edge_price_cap,probability,june,"{""max_price"":0.8,""max_provider_spread"":6.0,""min_confidence"":0.3,""min_edge"":0.0}",3.812500190734868
2026-06-21,highest-temperature-in-seoul-on-june-21-2026-27c,27°C,0.35629875000000005,0.4525695745075026,0.09627082450750257,True,1.8066334782257862,probability_confidence_spread_edge_price_cap,probability,june,"{""max_price"":0.8,""max_provider_spread"":6.0,""min_confidence"":0.3,""min_edge"":0.0}",7.226533912903145
2026-06-22,highest-temperature-in-seoul-on-june-22-2026-27c,27°C,0.40694875,0.46011996919762627,0.05317121919762624,True,1.4573118850960962,probability_confidence_spread_edge_price_cap,probability,june,"{""max_price"":0.8,""max_provider_spread"":6.0,""min_confidence"":0.3,""min_edge"":0.0}",5.829247540384385
2026-06-25,highest-temperature-in-seoul-on-june-25-2026-27c,27°C,0.24398875,0.4070263336292211,0.16303758362922108,False,-1.0,probability_confidence_spread_edge_price_cap,probability,june,"{""max_price"":0.8,""max_provider_spread"":6.0,""min_confidence"":0.3,""min_edge"":0.0}",-4.0
2026-06-26,highest-temperature-in-seoul-on-june-26-2026-26c,26°C,0.16672,0.4978568952449987,0.3311368952449987,False,-1.0,probability_confidence_spread_edge_price_cap,probability,june,"{""max_price"":0.8,""max_provider_spread"":6.0,""min_confidence"":0.3,""min_edge"":0.0}",-4.0
2026-06-27,highest-temperature-in-seoul-on-june-27-2026-29c,29°C,0.40694875,0.4511014744949673,0.044152724494967266,False,-1.0,probability_confidence_spread_edge_price_cap,probability,june,"{""max_price"":0.8,""max_provider_spread"":6.0,""min_confidence"":0.3,""min_edge"":0.0}",-4.0
2026-07-01,highest-temperature-in-seoul-on-july-1-2026-31c,31°C,0.24912,0.4025232920858616,0.15340329208586156,False,-1.0,probability_confidence_spread_edge_price_cap,probability,july,"{""max_price"":0.8,""max_provider_spread"":6.0,""min_confidence"":0.3,""min_edge"":0.0}",-4.0
2026-07-03,highest-temperature-in-seoul-on-july-3-2026-27c,27°C,0.39683875,0.48261294290743173,0.08577419290743171,False,-1.0,probability_confidence_spread_edge_price_cap,probability,july,"{""max_price"":0.8,""max_provider_spread"":6.0,""min_confidence"":0.3,""min_edge"":0.0}",-4.0
2026-07-04,highest-temperature-in-seoul-on-july-4-2026-28c,28°C,0.53746875,0.5519565830779698,0.014487833077969747,True,0.8605732891447175,probability_confidence_spread_edge_price_cap,probability,july,"{""max_price"":0.8,""max_provider_spread"":6.0,""min_confidence"":0.3,""min_edge"":0.0}",3.44229315657887
2026-07-06,highest-temperature-in-seoul-on-july-6-2026-27c,27°C,0.33088,0.39568616852733335,0.06480616852733334,False,-1.0,probability_confidence_spread_edge_price_cap,probability,july,"{""max_price"":0.8,""max_provider_spread"":6.0,""min_confidence"":0.3,""min_edge"":0.0}",-4.0
2026-07-07,highest-temperature-in-seoul-on-july-7-2026-30corhigher,30°C or higher,0.53946355,0.7650574467372931,0.22559389673729313,True,0.8536933588932931,probability_confidence_spread_edge_price_cap,probability,july,"{""max_price"":0.8,""max_provider_spread"":6.0,""min_confidence"":0.3,""min_edge"":0.0}",3.4147734355731725
2026-07-09,highest-temperature-in-seoul-on-july-9-2026-26c,26°C,0.37658874999999997,0.3969807018635354,0.02039195186353543,False,-1.0,probability_confidence_spread_edge_price_cap,probability,july,"{""max_price"":0.8,""max_provider_spread"":6.0,""min_confidence"":0.3,""min_edge"":0.0}",-4.0
2026-07-10,highest-temperature-in-seoul-on-july-10-2026-29c,29°C,0.25424875,0.44352055438068466,0.18927180438068464,False,-1.0,probability_confidence_spread_edge_price_cap,probability,july,"{""max_price"":0.8,""max_provider_spread"":6.0,""min_confidence"":0.3,""min_edge"":0.0}",-4.0
2026-07-11,highest-temperature-in-seoul-on-july-11-2026-33corhigher,33°C or higher,0.14705595000000002,0.6386804823085153,0.4916245323085152,False,-1.0,probability_confidence_spread_edge_price_cap,probability,july,"{""max_price"":0.8,""max_provider_spread"":6.0,""min_confidence"":0.3,""min_edge"":0.0}",-4.0
2026-07-15,highest-temperature-in-seoul-on-july-15-2026-27c,27°C,0.259375,0.34492085405345263,0.08554585405345261,False,-1.0,probability_confidence_spread_edge_price_cap,probability,july,"{""max_price"":0.8,""max_provider_spread"":6.0,""min_confidence"":0.3,""min_edge"":0.0}",-4.0
2026-07-18,highest-temperature-in-seoul-on-july-18-2026-26c,26°C,0.20284875,0.4087413116836831,0.2058925616836831,True,3.9297814258160333,probability_confidence_spread_edge_price_cap,probability,july,"{""max_price"":0.8,""max_provider_spread"":6.0,""min_confidence"":0.3,""min_edge"":0.0}",15.719125703264133
2026-07-20,highest-temperature-in-seoul-on-july-20-2026-25c,25°C,0.31559875,0.43690057069490024,0.12130182069490025,False,-1.0,probability_confidence_spread_edge_price_cap,probability,july,"{""max_price"":0.8,""max_provider_spread"":6.0,""min_confidence"":0.3,""min_edge"":0.0}",-4.0
2026-07-22,highest-temperature-in-seoul-on-july-22-2026-27c,27°C,0.30029500000000003,0.4361140635861968,0.13581906358619678,True,2.330058775537388,probability_confidence_spread_edge_price_cap,probability,july,"{""max_price"":0.8,""max_provider_spread"":6.0,""min_confidence"":0.3,""min_edge"":0.0}",9.320235102149551
2026-07-24,highest-temperature-in-seoul-on-july-24-2026-30c,30°C,0.22343875,0.5308512849758401,0.3074125349758401,False,-1.0,probability_confidence_spread_edge_price_cap,probability,july,"{""max_price"":0.8,""max_provider_spread"":6.0,""min_confidence"":0.3,""min_edge"":0.0}",-4.0
