contract_date,event_slug,event_id,actual_bucket_c,settled_bucket_label,settlement_matches_notebook,market_top_probability_c,market_top_two_margin_c,provider_spread_high_f,market_probability_decision,entry_timestamp,point_degree_c,point_market_id,point_market_slug,point_bucket_label,point_win,point_fees_enabled,point_fee_rate,point_fee_exponent,point_model_probability,probability_degree_c,probability_market_id,probability_market_slug,probability_bucket_label,probability_win,probability_fees_enabled,probability_fee_rate,probability_fee_exponent,probability_model_probability,point_reference_price,point_price_timestamp,point_price_age_seconds,point_fill_price,point_fee_per_share,point_entry_cost,point_edge,point_available,point_net_return,probability_reference_price,probability_price_timestamp,probability_price_age_seconds,probability_fill_price,probability_fee_per_share,probability_entry_cost,probability_edge,probability_available,probability_net_return
2026-01-01,highest-temperature-in-seoul-on-january-1,132827,-4,-4°C,True,0.3829335503837207,0.0074991872812578,3.1015082475000604,no_trade,1767233700,-4,1064865,highest-temperature-in-seoul-on-january-1-neg-4c,-4°C,True,False,0.0,1.0,0.3829335503837207,-4,1064865,highest-temperature-in-seoul-on-january-1-neg-4c,-4°C,True,False,0.0,1.0,0.3829335503837207,0.435,2026-01-01 02:14:07+00:00,53.0,0.445,0.0,0.445,-0.06206644961627933,True,1.2471910112359552,0.435,2026-01-01 02:14:07+00:00,53.0,0.445,0.0,0.445,-0.06206644961627933,True,1.2471910112359552
2026-01-02,highest-temperature-in-seoul-on-january-2,134722,-4,-4°C,True,0.4709129260876303,0.2536112354178881,1.415121491777381,shadow_trade,1767320100,-5,1072916,highest-temperature-in-seoul-on-january-2-neg-5c,-5°C,False,False,0.0,1.0,0.47091292608763036,-5,1072916,highest-temperature-in-seoul-on-january-2-neg-5c,-5°C,False,False,0.0,1.0,0.47091292608763036,0.225,2026-01-02 02:14:17+00:00,43.0,0.23500000000000001,0.0,0.23500000000000001,0.23591292608763034,True,-1.0,0.225,2026-01-02 02:14:17+00:00,43.0,0.23500000000000001,0.0,0.23500000000000001,0.23591292608763034,True,-1.0
2026-01-03,highest-temperature-in-seoul-on-january-3,136604,0,0°C,True,0.2721065766947635,0.0571608373289025,4.999116528808564,no_trade,1767406500,1,1080346,highest-temperature-in-seoul-on-january-3-1c,1°C,False,False,0.0,1.0,0.21494573936586098,0,1080345,highest-temperature-in-seoul-on-january-3-0c,0°C,True,False,0.0,1.0,0.27210657669476357,0.5,2026-01-03 02:14:09+00:00,51.0,0.51,0.0,0.51,-0.29505426063413903,True,-1.0,0.0705,2026-01-03 02:14:08+00:00,52.0,0.08049999999999999,0.0,0.08049999999999999,0.19160657669476358,True,11.422360248447207
2026-01-04,highest-temperature-in-seoul-on-january-4,138470,3,3°C,True,0.5262397763950013,0.26071655509252,1.551699967675674,shadow_trade,1767492900,3,1086271,highest-temperature-in-seoul-on-january-4-3c,3°C,True,False,0.0,1.0,0.5262397763950013,3,1086271,highest-temperature-in-seoul-on-january-4-3c,3°C,True,False,0.0,1.0,0.5262397763950013,0.47,2026-01-04 02:14:12+00:00,48.0,0.48,0.0,0.48,0.04623977639500132,True,1.0833333333333335,0.47,2026-01-04 02:14:12+00:00,48.0,0.48,0.0,0.48,0.04623977639500132,True,1.0833333333333335
2026-01-05,highest-temperature-in-seoul-on-january-5,140601,1,1°C,True,0.4902919724746443,0.186551686261759,0.5860803476602214,shadow_trade,1767579300,1,1095610,highest-temperature-in-seoul-on-january-5-1c,1°C,True,False,0.0,1.0,0.49029197247464434,1,1095610,highest-temperature-in-seoul-on-january-5-1c,1°C,True,False,0.0,1.0,0.49029197247464434,0.555,2026-01-05 02:14:09+00:00,51.0,0.5650000000000001,0.0,0.5650000000000001,-0.07470802752535571,True,0.7699115044247786,0.555,2026-01-05 02:14:09+00:00,51.0,0.5650000000000001,0.0,0.5650000000000001,-0.07470802752535571,True,0.7699115044247786
2026-01-06,highest-temperature-in-seoul-on-january-6,142596,4,4°C,True,0.3753541481613017,0.1163397511339951,1.1697143872499964,no_trade,1767665700,4,1103769,highest-temperature-in-seoul-on-january-6-4c,4°C,True,False,0.0,1.0,0.3753541481613017,4,1103769,highest-temperature-in-seoul-on-january-6-4c,4°C,True,False,0.0,1.0,0.3753541481613017,0.685,2026-01-06 02:14:21+00:00,39.0,0.6950000000000001,0.0,0.6950000000000001,-0.31964585183869837,True,0.4388489208633093,0.685,2026-01-06 02:14:21+00:00,39.0,0.6950000000000001,0.0,0.6950000000000001,-0.31964585183869837,True,0.4388489208633093
2026-01-07,highest-temperature-in-seoul-on-january-7,144840,5,5°C or higher,True,0.7076085427635956,0.5652660969220851,1.370208245238338,shadow_trade,1767752100,5,1113304,highest-temperature-in-seoul-on-january-7-5corhigher,5°C or higher,True,False,0.0,1.0,0.8438589588690222,5,1113304,highest-temperature-in-seoul-on-january-7-5corhigher,5°C or higher,True,False,0.0,1.0,0.8438589588690222,,,,,0.0,,,False,,,,,,0.0,,,False,
2026-01-08,highest-temperature-in-seoul-on-january-8,146710,-2,-2°C,True,0.5760709288075386,0.3669318568958017,0.1270743862500687,shadow_trade,1767838500,-2,1120870,highest-temperature-in-seoul-on-january-8-neg-2c,-2°C,True,False,0.0,1.0,0.5760709288075386,-2,1120870,highest-temperature-in-seoul-on-january-8-neg-2c,-2°C,True,False,0.0,1.0,0.5760709288075386,0.3,2026-01-08 02:14:13+00:00,47.0,0.31,0.0,0.31,0.26607092880753863,True,2.2258064516129035,0.3,2026-01-08 02:14:13+00:00,47.0,0.31,0.0,0.31,0.26607092880753863,True,2.2258064516129035
2026-01-09,highest-temperature-in-seoul-on-january-9,148957,7,7°C,True,0.3786284829862423,0.0791372816098721,1.081584635449239,no_trade,1767924900,7,1128331,highest-temperature-in-seoul-on-january-9-7c,7°C,True,False,0.0,1.0,0.2994912013763702,8,1128332,highest-temperature-in-seoul-on-january-9-8corhigher,8°C or higher,False,False,0.0,1.0,0.47519161494672596,0.17,2026-01-09 02:14:12+00:00,48.0,0.18000000000000002,0.0,0.18000000000000002,0.11949120137637018,True,4.5555555555555545,0.029,2026-01-09 02:14:10+00:00,50.0,0.039,0.0,0.039,0.436191614946726,True,-1.0
2026-01-10,highest-temperature-in-seoul-on-january-10,150871,8,8°C,True,0.6188134048599654,0.4012552563852136,2.2121392117500065,shadow_trade,1768011300,8,1135327,highest-temperature-in-seoul-on-january-10-8c,8°C,True,False,0.0,1.0,0.6188134048599654,8,1135327,highest-temperature-in-seoul-on-january-10-8c,8°C,True,False,0.0,1.0,0.6188134048599654,0.961,2026-01-10 02:14:12+00:00,48.0,0.971,0.0,0.971,-0.3521865951400346,True,0.029866117404737436,0.961,2026-01-10 02:14:12+00:00,48.0,0.971,0.0,0.971,-0.3521865951400346,True,0.029866117404737436
2026-01-11,highest-temperature-in-seoul-on-january-11,152956,-3,-3°C,True,0.5033339940990413,0.184734039995309,1.095625632339818,shadow_trade,1768097700,-3,1142424,highest-temperature-in-seoul-on-january-11-neg-3c,-3°C,True,False,0.0,1.0,0.5033339940990413,-3,1142424,highest-temperature-in-seoul-on-january-11-neg-3c,-3°C,True,False,0.0,1.0,0.5033339940990413,0.405,2026-01-11 02:14:11+00:00,49.0,0.41500000000000004,0.0,0.41500000000000004,0.0883339940990413,True,1.4096385542168672,0.405,2026-01-11 02:14:11+00:00,49.0,0.41500000000000004,0.0,0.41500000000000004,0.0883339940990413,True,1.4096385542168672
2026-01-12,highest-temperature-in-seoul-on-january-12,155093,4,4°C,True,0.2930197144912366,0.036964943776156,2.057000366249923,no_trade,1768184100,2,1151300,highest-temperature-in-seoul-on-january-12-2corbelow,2°C or below,False,False,0.0,1.0,0.560280115665664,3,1151301,highest-temperature-in-seoul-on-january-12-3c,3°C,False,False,0.0,1.0,0.29301971449123665,0.095,2026-01-12 02:14:17+00:00,43.0,0.105,0.0,0.105,0.45528011566566406,True,-1.0,0.24,2026-01-12 02:14:23+00:00,37.0,0.25,0.0,0.25,0.04301971449123665,True,-1.0
2026-01-13,highest-temperature-in-seoul-on-january-13,157094,3,1°C or higher,True,0.709847204418509,0.5779926756284163,1.7621720323241767,shadow_trade,1768270500,3,1158859,highest-temperature-in-seoul-on-january-13-1corhigher,1°C or higher,True,False,0.0,1.0,0.99906639186914,3,1158859,highest-temperature-in-seoul-on-january-13-1corhigher,1°C or higher,True,False,0.0,1.0,0.99906639186914,,,,,0.0,,,False,,,,,,0.0,,,False,
2026-01-14,highest-temperature-in-seoul-on-january-14,159447,2,2°C or higher,True,0.2755304122848178,0.0373097842701842,2.6435346055662805,no_trade,1768356900,1,1166583,highest-temperature-in-seoul-on-january-14-1c,1°C,False,False,0.0,1.0,0.27553041228481784,1,1166583,highest-temperature-in-seoul-on-january-14-1c,1°C,False,False,0.0,1.0,0.27553041228481784,0.285,2026-01-14 02:14:10+00:00,50.0,0.295,0.0,0.295,-0.019469587715182146,True,-1.0,0.285,2026-01-14 02:14:10+00:00,50.0,0.295,0.0,0.295,-0.019469587715182146,True,-1.0
2026-01-15,highest-temperature-in-seoul-on-january-15,161318,9,7°C or higher,True,0.4940053850595725,0.2701199115995296,2.0313761617265342,shadow_trade,1768443300,9,1173963,highest-temperature-in-seoul-on-january-15-7corhigher,7°C or higher,True,False,0.0,1.0,0.9989170391777484,9,1173963,highest-temperature-in-seoul-on-january-15-7corhigher,7°C or higher,True,False,0.0,1.0,0.9989170391777484,0.9995,2026-01-15 02:14:13+00:00,47.0,0.99,0.0,0.99,0.008917039177748443,True,0.010101010101010166,0.9995,2026-01-15 02:14:13+00:00,47.0,0.99,0.0,0.99,0.008917039177748443,True,0.010101010101010166
2026-01-16,highest-temperature-in-seoul-on-january-16,163561,6,6°C,True,0.3462307836118964,0.0335749987909572,4.017601635750005,no_trade,1768529700,5,1181882,highest-temperature-in-seoul-on-january-16-5c,5°C,False,False,0.0,1.0,0.3462307836118964,5,1181882,highest-temperature-in-seoul-on-january-16-5c,5°C,False,False,0.0,1.0,0.3462307836118964,0.23,2026-01-16 02:14:15+00:00,45.0,0.24000000000000002,0.0,0.24000000000000002,0.10623078361189639,True,-1.0,0.23,2026-01-16 02:14:15+00:00,45.0,0.24000000000000002,0.0,0.24000000000000002,0.10623078361189639,True,-1.0
2026-01-17,highest-temperature-in-seoul-on-january-17,165628,2,2°C,True,0.5678077203576762,0.3286270378635011,3.7471762192500258,shadow_trade,1768616100,2,1189353,highest-temperature-in-seoul-on-january-17-2c,2°C,True,False,0.0,1.0,0.5678077203576762,2,1189353,highest-temperature-in-seoul-on-january-17-2c,2°C,True,False,0.0,1.0,0.5678077203576762,0.895,2026-01-17 02:14:12+00:00,48.0,0.905,0.0,0.905,-0.3371922796423238,True,0.1049723756906078,0.895,2026-01-17 02:14:12+00:00,48.0,0.905,0.0,0.905,-0.3371922796423238,True,0.1049723756906078
2026-01-18,highest-temperature-in-seoul-on-january-18,167792,2,2°C,True,0.3629817233900314,0.000368757169117,5.593259506500026,no_trade,1768702500,2,1197622,highest-temperature-in-seoul-on-january-18-2c,2°C,True,False,0.0,1.0,0.3626129662209144,1,1197621,highest-temperature-in-seoul-on-january-18-1corbelow,1°C or below,False,False,0.0,1.0,0.4224461159930416,0.35,2026-01-18 02:14:14+00:00,46.0,0.36,0.0,0.36,0.0026129662209143922,True,1.7777777777777777,0.0825,2026-01-18 02:14:11+00:00,49.0,0.0925,0.0,0.0925,0.3299461159930416,True,-1.0
2026-01-19,highest-temperature-in-seoul-on-january-19,169979,0,0°C,True,0.615010829458597,0.3680442173482679,4.006664246250001,shadow_trade,1768788900,0,1205893,highest-temperature-in-seoul-on-january-19-0c,0°C,True,False,0.0,1.0,0.615010829458597,0,1205893,highest-temperature-in-seoul-on-january-19-0c,0°C,True,False,0.0,1.0,0.615010829458597,0.9875,2026-01-19 02:14:09+00:00,51.0,0.99,0.0,0.99,-0.374989170541403,True,0.010101010101010166,0.9875,2026-01-19 02:14:09+00:00,51.0,0.99,0.0,0.99,-0.374989170541403,True,0.010101010101010166
2026-01-20,highest-temperature-in-seoul-on-january-20,172003,-6,-6°C,True,0.3975239801946253,0.1357215701614499,1.3167206842501038,no_trade,1768875300,-6,1212601,highest-temperature-in-seoul-on-january-20-neg-6c,-6°C,True,False,0.0,1.0,0.3975239801946253,-6,1212601,highest-temperature-in-seoul-on-january-20-neg-6c,-6°C,True,False,0.0,1.0,0.3975239801946253,0.115,2026-01-20 02:14:13+00:00,47.0,0.125,0.0,0.125,0.2725239801946253,True,7.0,0.115,2026-01-20 02:14:13+00:00,47.0,0.125,0.0,0.125,0.2725239801946253,True,7.0
2026-01-21,highest-temperature-in-seoul-on-january-21,174259,-6,-6°C,True,0.511354151777369,0.2876854486293294,0.8409343342501039,shadow_trade,1768961700,-6,1219267,highest-temperature-in-seoul-on-january-21-neg-6c,-6°C,True,False,0.0,1.0,0.511354151777369,-6,1219267,highest-temperature-in-seoul-on-january-21-neg-6c,-6°C,True,False,0.0,1.0,0.511354151777369,0.53,2026-01-21 02:14:10+00:00,50.0,0.54,0.0,0.54,-0.028645848222631054,True,0.8518518518518516,0.53,2026-01-21 02:14:10+00:00,50.0,0.54,0.0,0.54,-0.028645848222631054,True,0.8518518518518516
2026-01-22,highest-temperature-in-seoul-on-january-22,176521,-5,-5°C,True,0.3635445686673551,0.0707823176230342,0.3284267535000289,no_trade,1769048100,-5,1226725,highest-temperature-in-seoul-on-january-22-neg-5c,-5°C,True,False,0.0,1.0,0.3635445686673551,-5,1226725,highest-temperature-in-seoul-on-january-22-neg-5c,-5°C,True,False,0.0,1.0,0.3635445686673551,0.61,2026-01-22 02:14:10+00:00,50.0,0.62,0.0,0.62,-0.2564554313326449,True,0.6129032258064517,0.61,2026-01-22 02:14:10+00:00,50.0,0.62,0.0,0.62,-0.2564554313326449,True,0.6129032258064517
2026-01-23,highest-temperature-in-seoul-on-january-23,178711,-1,-1°C,True,0.3711553277546928,0.072490190158711,2.4946701002928577,no_trade,1769134500,0,1233840,highest-temperature-in-seoul-on-january-23-0corhigher,0°C or higher,False,False,0.0,1.0,0.7662091069530516,0,1233840,highest-temperature-in-seoul-on-january-23-0corhigher,0°C or higher,False,False,0.0,1.0,0.7662091069530516,0.155,2026-01-23 02:14:12+00:00,48.0,0.165,0.0,0.165,0.6012091069530515,True,-1.0,0.155,2026-01-23 02:14:12+00:00,48.0,0.165,0.0,0.165,0.6012091069530515,True,-1.0
2026-01-24,highest-temperature-in-seoul-on-january-24,180827,-2,-2°C,True,0.5781025634907376,0.3462103891620578,1.19205600292959,shadow_trade,1769220900,-2,1240923,highest-temperature-in-seoul-on-january-24-neg-2c,-2°C,True,False,0.0,1.0,0.5781025634907376,-2,1240923,highest-temperature-in-seoul-on-january-24-neg-2c,-2°C,True,False,0.0,1.0,0.5781025634907376,0.845,2026-01-24 02:14:14+00:00,46.0,0.855,0.0,0.855,-0.27689743650926235,True,0.16959064327485374,0.845,2026-01-24 02:14:14+00:00,46.0,0.855,0.0,0.855,-0.27689743650926235,True,0.16959064327485374
2026-01-25,highest-temperature-in-seoul-on-january-25,182914,-3,-3°C,True,0.4961131203607895,0.2348967672745549,0.2979147037500596,shadow_trade,1769307300,-3,1248360,highest-temperature-in-seoul-on-january-25-neg-3c,-3°C,True,False,0.0,1.0,0.4961131203607895,-3,1248360,highest-temperature-in-seoul-on-january-25-neg-3c,-3°C,True,False,0.0,1.0,0.4961131203607895,0.735,2026-01-25 02:14:13+00:00,47.0,0.745,0.0,0.745,-0.24888687963921052,True,0.34228187919463093,0.735,2026-01-25 02:14:13+00:00,47.0,0.745,0.0,0.745,-0.24888687963921052,True,0.34228187919463093
2026-01-26,highest-temperature-in-seoul-on-january-26,185374,-1,-1°C,True,0.3198115261195373,0.0790518003187155,2.076812028808554,no_trade,1769393700,0,1257521,highest-temperature-in-seoul-on-january-26-0c,0°C,False,False,0.0,1.0,0.3198115261195373,0,1257521,highest-temperature-in-seoul-on-january-26-0c,0°C,False,False,0.0,1.0,0.3198115261195373,0.0195,2026-01-26 02:14:15+00:00,45.0,0.0295,0.0,0.0295,0.29031152611953726,True,-1.0,0.0195,2026-01-26 02:14:15+00:00,45.0,0.0295,0.0,0.0295,0.29031152611953726,True,-1.0
2026-01-27,highest-temperature-in-seoul-on-january-27,187525,-1,-1°C,True,0.5536911927972239,0.3102388576510092,0.527008186230411,shadow_trade,1769480100,-1,1264824,highest-temperature-in-seoul-on-january-27-neg-1c,-1°C,True,False,0.0,1.0,0.5536911927972239,-1,1264824,highest-temperature-in-seoul-on-january-27-neg-1c,-1°C,True,False,0.0,1.0,0.5536911927972239,0.26,2026-01-27 02:14:13+00:00,47.0,0.27,0.0,0.27,0.2836911927972239,True,2.7037037037037033,0.26,2026-01-27 02:14:13+00:00,47.0,0.27,0.0,0.27,0.2836911927972239,True,2.7037037037037033
2026-01-28,highest-temperature-in-seoul-on-january-28,189257,-2,-2°C,True,0.4698883589686067,0.2365881040121851,1.570396677750043,shadow_trade,1769566500,-2,1270693,highest-temperature-in-seoul-on-january-28-neg-2c,-2°C,True,False,0.0,1.0,0.4698883589686067,-2,1270693,highest-temperature-in-seoul-on-january-28-neg-2c,-2°C,True,False,0.0,1.0,0.4698883589686067,0.52,2026-01-28 02:14:15+00:00,45.0,0.53,0.0,0.53,-0.060111641031393326,True,0.8867924528301885,0.52,2026-01-28 02:14:15+00:00,45.0,0.53,0.0,0.53,-0.060111641031393326,True,0.8867924528301885
2026-01-29,highest-temperature-in-seoul-on-january-29,190208,-1,-1°C,True,0.6000230576277372,0.3914213973608216,0.1814761529999558,shadow_trade,1769652900,-1,1276570,highest-temperature-in-seoul-on-january-29-neg-1c,-1°C,True,False,0.0,1.0,0.6000230576277372,-1,1276570,highest-temperature-in-seoul-on-january-29-neg-1c,-1°C,True,False,0.0,1.0,0.6000230576277372,0.435,2026-01-29 02:14:14+00:00,46.0,0.445,0.0,0.445,0.15502305762773722,True,1.2471910112359552,0.435,2026-01-29 02:14:14+00:00,46.0,0.445,0.0,0.445,0.15502305762773722,True,1.2471910112359552
2026-01-30,highest-temperature-in-seoul-on-january-30,191135,-3,-3°C,True,0.5161238295186344,0.2973190378051961,0.3134376457031784,shadow_trade,1769739300,-4,1282047,highest-temperature-in-seoul-on-january-30-neg-4c,-4°C,False,False,0.0,1.0,0.5161238295186344,-4,1282047,highest-temperature-in-seoul-on-january-30-neg-4c,-4°C,False,False,0.0,1.0,0.5161238295186344,0.165,2026-01-30 02:14:22+00:00,38.0,0.17500000000000002,0.0,0.17500000000000002,0.3411238295186344,True,-1.0,0.165,2026-01-30 02:14:22+00:00,38.0,0.17500000000000002,0.0,0.17500000000000002,0.3411238295186344,True,-1.0
2026-01-31,highest-temperature-in-seoul-on-january-31,192374,-1,-1°C,True,0.5141645821152097,0.3050694514554701,0.8740132083983312,shadow_trade,1769825700,0,1291776,highest-temperature-in-seoul-on-january-31-0c,0°C,False,False,0.0,1.0,0.5141645821152097,0,1291776,highest-temperature-in-seoul-on-january-31-0c,0°C,False,False,0.0,1.0,0.5141645821152097,0.685,2026-01-31 02:14:14+00:00,46.0,0.6950000000000001,0.0,0.6950000000000001,-0.1808354178847904,True,-1.0,0.685,2026-01-31 02:14:14+00:00,46.0,0.6950000000000001,0.0,0.6950000000000001,-0.1808354178847904,True,-1.0
2026-02-01,highest-temperature-in-seoul-on-february-1,193282,0,0°C,True,0.5019521264926332,0.2492047402361287,1.224167184668012,shadow_trade,1769912100,2,1298404,highest-temperature-in-seoul-on-february-1-2c,2°C,False,False,0.0,1.0,0.5019521264926332,2,1298404,highest-temperature-in-seoul-on-february-1-2c,2°C,False,False,0.0,1.0,0.5019521264926332,0.025,2026-02-01 02:14:11+00:00,49.0,0.035,0.0,0.035,0.4669521264926332,True,-1.0,0.025,2026-02-01 02:14:11+00:00,49.0,0.035,0.0,0.035,0.4669521264926332,True,-1.0
2026-02-02,highest-temperature-in-seoul-on-february-2,194456,0,0°C,True,0.564553988987968,0.3525681984828627,0.5124020040000339,shadow_trade,1769998500,0,1306518,highest-temperature-in-seoul-on-february-2-0c,0°C,True,False,0.0,1.0,0.564553988987968,0,1306518,highest-temperature-in-seoul-on-february-2-0c,0°C,True,False,0.0,1.0,0.564553988987968,0.84,2026-02-02 02:14:12+00:00,48.0,0.85,0.0,0.85,-0.28544601101203193,True,0.17647058823529416,0.84,2026-02-02 02:14:12+00:00,48.0,0.85,0.0,0.85,-0.28544601101203193,True,0.17647058823529416
2026-02-03,highest-temperature-in-seoul-on-february-3-2026,195324,3,3°C,True,0.5479596822644544,0.3069017574201701,0.6080813285976063,shadow_trade,1770084900,4,1312651,highest-temperature-in-seoul-on-february-3-2026-4corhigher,4°C or higher,False,False,0.0,1.0,0.8278498255428757,4,1312651,highest-temperature-in-seoul-on-february-3-2026-4corhigher,4°C or higher,False,False,0.0,1.0,0.8278498255428757,0.0535,2026-02-03 02:14:12+00:00,48.0,0.0635,0.0,0.0635,0.7643498255428757,True,-1.0,0.0535,2026-02-03 02:14:12+00:00,48.0,0.0635,0.0,0.0635,0.7643498255428757,True,-1.0
2026-02-04,highest-temperature-in-seoul-on-february-4-2026,196496,7,7°C or higher,True,0.3294147292650334,0.05365269775475,2.027758293456941,no_trade,1770171300,7,1318611,highest-temperature-in-seoul-on-february-4-2026-7corhigher,7°C or higher,True,False,0.0,1.0,0.6428831768566541,8,1318611,highest-temperature-in-seoul-on-february-4-2026-7corhigher,7°C or higher,True,False,0.0,1.0,0.6428831768566541,0.034,2026-02-04 02:14:17+00:00,43.0,0.044000000000000004,0.0,0.044000000000000004,0.598883176856654,True,21.727272727272727,0.034,2026-02-04 02:14:17+00:00,43.0,0.044000000000000004,0.0,0.044000000000000004,0.598883176856654,True,21.727272727272727
2026-02-05,highest-temperature-in-seoul-on-february-5-2026,197392,8,8°C or higher,True,0.3548255547055914,0.0699112479941097,2.720019043335938,no_trade,1770257700,9,1325414,highest-temperature-in-seoul-on-february-5-2026-8corhigher,8°C or higher,True,False,0.0,1.0,0.8825418587320526,8,1325414,highest-temperature-in-seoul-on-february-5-2026-8corhigher,8°C or higher,True,False,0.0,1.0,0.8825418587320526,0.7,2026-02-05 02:14:12+00:00,48.0,0.71,0.0,0.71,0.17254185873205263,True,0.40845070422535223,0.7,2026-02-05 02:14:12+00:00,48.0,0.71,0.0,0.71,0.17254185873205263,True,0.40845070422535223
2026-02-06,highest-temperature-in-seoul-on-february-6-2026,198275,-4,-4°C,True,0.5406380039630087,0.2879343638754362,1.051071705175822,shadow_trade,1770344100,-4,1332466,highest-temperature-in-seoul-on-february-6-2026-neg-4c,-4°C,True,False,0.0,1.0,0.5406380039630087,-4,1332466,highest-temperature-in-seoul-on-february-6-2026-neg-4c,-4°C,True,False,0.0,1.0,0.5406380039630087,0.885,2026-02-06 02:14:13+00:00,47.0,0.895,0.0,0.895,-0.35436199603699137,True,0.11731843575418988,0.885,2026-02-06 02:14:13+00:00,47.0,0.895,0.0,0.895,-0.35436199603699137,True,0.11731843575418988
2026-02-07,highest-temperature-in-seoul-on-february-7-2026,199152,-5,-5°C,True,0.5116834370461321,0.2500573572352961,1.832838311425796,shadow_trade,1770430500,-6,1338950,highest-temperature-in-seoul-on-february-7-2026-neg-6c,-6°C,False,False,0.0,1.0,0.5116834370461321,-6,1338950,highest-temperature-in-seoul-on-february-7-2026-neg-6c,-6°C,False,False,0.0,1.0,0.5116834370461321,0.125,2026-02-07 02:14:13+00:00,47.0,0.135,0.0,0.135,0.37668343704613205,True,-1.0,0.125,2026-02-07 02:14:13+00:00,47.0,0.135,0.0,0.135,0.37668343704613205,True,-1.0
2026-02-08,highest-temperature-in-seoul-on-february-8-2026,200112,-4,-4°C,True,0.3273460790884722,0.0103740677788675,1.3743487417500546,no_trade,1770516900,-5,1344826,highest-temperature-in-seoul-on-february-8-2026-neg-5c,-5°C,False,False,0.0,1.0,0.3169720113096047,-4,1344828,highest-temperature-in-seoul-on-february-8-2026-neg-4c,-4°C,True,False,0.0,1.0,0.32734607908847224,0.039,2026-02-08 02:14:14+00:00,46.0,0.049,0.0,0.049,0.2679720113096047,True,-1.0,0.415,2026-02-08 02:14:13+00:00,47.0,0.425,0.0,0.425,-0.09765392091152775,True,1.3529411764705883
2026-02-09,highest-temperature-in-seoul-on-february-9-2026,201200,2,2°C,True,0.3701317732022667,0.0313426396652855,2.472178303124977,no_trade,1770603300,1,1351178,highest-temperature-in-seoul-on-february-9-2026-1c,1°C,False,False,0.0,1.0,0.33878913353698126,2,1351180,highest-temperature-in-seoul-on-february-9-2026-2c,2°C,True,False,0.0,1.0,0.37013177320226676,0.19,2026-02-09 02:14:14+00:00,46.0,0.2,0.0,0.2,0.13878913353698125,True,-1.0,0.415,2026-02-09 02:14:14+00:00,46.0,0.425,0.0,0.425,-0.05486822679773323,True,1.3529411764705883
2026-02-10,highest-temperature-in-seoul-on-february-10-2026,202123,3,3°C,True,0.3708168423157989,0.0755101824598115,1.4719229977498929,no_trade,1770689700,3,1355252,highest-temperature-in-seoul-on-february-10-2026-3c,3°C,True,False,0.0,1.0,0.3708168423157989,3,1355252,highest-temperature-in-seoul-on-february-10-2026-3c,3°C,True,False,0.0,1.0,0.3708168423157989,0.495,2026-02-10 02:12:16+00:00,164.0,0.505,0.0,0.505,-0.13418315768420108,True,0.9801980198019802,0.495,2026-02-10 02:12:16+00:00,164.0,0.505,0.0,0.505,-0.13418315768420108,True,0.9801980198019802
2026-02-11,highest-temperature-in-seoul-on-february-11-2026,203235,4,4°C,True,0.3358664143172112,0.0507645979938669,1.5029268908202198,no_trade,1770776100,4,1359092,highest-temperature-in-seoul-on-february-11-2026-4c,4°C,True,False,0.0,1.0,0.3358664143172112,4,1359092,highest-temperature-in-seoul-on-february-11-2026-4c,4°C,True,False,0.0,1.0,0.3358664143172112,0.48,2026-02-11 02:14:15+00:00,45.0,0.49,0.0,0.49,-0.1541335856827888,True,1.0408163265306123,0.48,2026-02-11 02:14:15+00:00,45.0,0.49,0.0,0.49,-0.1541335856827888,True,1.0408163265306123
2026-02-12,highest-temperature-in-seoul-on-february-12-2026,204116,7,7°C or higher,True,0.3508923180070178,0.0228114414142081,1.6322422552733755,no_trade,1770862500,6,1362542,highest-temperature-in-seoul-on-february-12-2026-6c,6°C,False,False,0.0,1.0,0.3508923180070178,6,1362542,highest-temperature-in-seoul-on-february-12-2026-6c,6°C,False,False,0.0,1.0,0.3508923180070178,0.44,2026-02-12 02:14:37+00:00,23.0,0.45,0.0,0.45,-0.0991076819929822,True,-1.0,0.44,2026-02-12 02:14:37+00:00,23.0,0.45,0.0,0.45,-0.0991076819929822,True,-1.0
2026-02-13,highest-temperature-in-seoul-on-february-13-2026,204914,9,9°C or higher,True,0.3228583491342372,0.042720262317579,2.70895518457025,no_trade,1770948900,10,1365577,highest-temperature-in-seoul-on-february-13-2026-9corhigher,9°C or higher,True,False,0.0,1.0,0.8904206179434782,11,1365577,highest-temperature-in-seoul-on-february-13-2026-9corhigher,9°C or higher,True,False,0.0,1.0,0.8904206179434782,0.46,2026-02-13 02:14:16+00:00,44.0,0.47000000000000003,0.0,0.47000000000000003,0.4204206179434781,True,1.127659574468085,0.46,2026-02-13 02:14:16+00:00,44.0,0.47000000000000003,0.0,0.47000000000000003,0.4204206179434781,True,1.127659574468085
2026-02-14,highest-temperature-in-seoul-on-february-14-2026,206159,11,11°C or higher,True,0.3268209709006308,0.0107442236750507,2.599584782835869,no_trade,1771035300,11,1368948,highest-temperature-in-seoul-on-february-14-2026-11corhigher,11°C or higher,True,False,0.0,1.0,0.6950768859089108,12,1368948,highest-temperature-in-seoul-on-february-14-2026-11corhigher,11°C or higher,True,False,0.0,1.0,0.6950768859089108,0.062,2026-02-14 02:14:37+00:00,23.0,0.072,0.0,0.072,0.6230768859089109,True,12.88888888888889,0.062,2026-02-14 02:14:37+00:00,23.0,0.072,0.0,0.072,0.6230768859089109,True,12.88888888888889
2026-02-15,highest-temperature-in-seoul-on-february-15-2026,207449,8,8°C,True,0.4040853420310134,0.0641558231033501,5.402708590499948,shadow_trade,1771121700,9,1372052,highest-temperature-in-seoul-on-february-15-2026-9corhigher,9°C or higher,False,False,0.0,1.0,0.6102244744270748,9,1372052,highest-temperature-in-seoul-on-february-15-2026-9corhigher,9°C or higher,False,False,0.0,1.0,0.6102244744270748,0.555,2026-02-15 02:14:14+00:00,46.0,0.5650000000000001,0.0,0.5650000000000001,0.04522447442707478,True,-1.0,0.555,2026-02-15 02:14:14+00:00,46.0,0.5650000000000001,0.0,0.5650000000000001,0.04522447442707478,True,-1.0
2026-02-16,highest-temperature-in-seoul-on-february-16-2026,208834,5,5°C,True,0.3962215916290958,0.1106846344091285,1.8260055315000088,no_trade,1771208100,4,1376583,highest-temperature-in-seoul-on-february-16-2026-4c,4°C,False,False,0.0,1.0,0.3962215916290958,4,1376583,highest-temperature-in-seoul-on-february-16-2026-4c,4°C,False,False,0.0,1.0,0.3962215916290958,0.21,2026-02-16 02:14:19+00:00,41.0,0.22,0.0,0.22,0.17622159162909581,True,-1.0,0.21,2026-02-16 02:14:19+00:00,41.0,0.22,0.0,0.22,0.17622159162909581,True,-1.0
2026-02-17,highest-temperature-in-seoul-on-february-17-2026,210110,4,4°C,True,0.5078467981624923,0.2896171658130956,0.8972794822500134,shadow_trade,1771294500,5,1381095,highest-temperature-in-seoul-on-february-17-2026-5c,5°C,False,False,0.0,1.0,0.5078467981624923,5,1381095,highest-temperature-in-seoul-on-february-17-2026-5c,5°C,False,False,0.0,1.0,0.5078467981624923,0.51,2026-02-17 02:14:17+00:00,43.0,0.52,0.0,0.52,-0.012153201837507677,True,-1.0,0.51,2026-02-17 02:14:17+00:00,43.0,0.52,0.0,0.52,-0.012153201837507677,True,-1.0
2026-02-18,highest-temperature-in-seoul-on-february-18-2026,211534,6,6°C,True,0.5289705007533507,0.2837395093942311,1.198782162000029,shadow_trade,1771380900,5,1384915,highest-temperature-in-seoul-on-february-18-2026-5c,5°C,False,False,0.0,1.0,0.5289705007533507,5,1384915,highest-temperature-in-seoul-on-february-18-2026-5c,5°C,False,False,0.0,1.0,0.5289705007533507,0.45,2026-02-18 02:14:18+00:00,42.0,0.46,0.0,0.46,0.0689705007533507,True,-1.0,0.45,2026-02-18 02:14:18+00:00,42.0,0.46,0.0,0.46,0.0689705007533507,True,-1.0
2026-02-19,highest-temperature-in-seoul-on-february-19-2026,212716,5,5°C,True,0.5007260513413885,0.2474108409251487,0.9716266728281084,shadow_trade,1771467300,6,1388316,highest-temperature-in-seoul-on-february-19-2026-6c,6°C,False,False,0.0,1.0,0.5007260513413885,6,1388316,highest-temperature-in-seoul-on-february-19-2026-6c,6°C,False,False,0.0,1.0,0.5007260513413885,0.305,2026-02-19 02:14:19+00:00,41.0,0.315,0.0,0.315,0.18572605134138848,True,-1.0,0.305,2026-02-19 02:14:19+00:00,41.0,0.315,0.0,0.315,0.18572605134138848,True,-1.0
2026-02-20,highest-temperature-in-seoul-on-february-20-2026,213975,11,11°C or higher,True,0.3353366246535378,0.0151127220017219,2.89963964531249,no_trade,1771553700,10,1391994,highest-temperature-in-seoul-on-february-20-2026-10c,10°C,False,False,0.0,1.0,0.33533662465353786,10,1391994,highest-temperature-in-seoul-on-february-20-2026-10c,10°C,False,False,0.0,1.0,0.33533662465353786,0.605,2026-02-20 02:14:39+00:00,21.0,0.615,0.0,0.615,-0.27966337534646213,True,-1.0,0.605,2026-02-20 02:14:39+00:00,21.0,0.615,0.0,0.615,-0.27966337534646213,True,-1.0
2026-02-21,highest-temperature-in-seoul-on-february-21-2026,216595,16,14°C or higher,True,0.3705684126563934,0.0749470911146164,2.3575058525390915,no_trade,1771640100,15,1397018,highest-temperature-in-seoul-on-february-21-2026-14corhigher,14°C or higher,True,False,0.0,1.0,0.9165827273067936,15,1397018,highest-temperature-in-seoul-on-february-21-2026-14corhigher,14°C or higher,True,False,0.0,1.0,0.9165827273067936,0.74,2026-02-21 02:14:16+00:00,44.0,0.75,0.0,0.75,0.16658272730679358,True,0.33333333333333326,0.74,2026-02-21 02:14:16+00:00,44.0,0.75,0.0,0.75,0.16658272730679358,True,0.33333333333333326
2026-02-23,highest-temperature-in-seoul-on-february-23-2026,221029,4,4°C,True,0.5307576239374682,0.2663149066243599,1.7564341927500706,shadow_trade,1771812900,4,1407176,highest-temperature-in-seoul-on-february-23-2026-4c,4°C,True,False,0.0,1.0,0.5307576239374682,4,1407176,highest-temperature-in-seoul-on-february-23-2026-4c,4°C,True,False,0.0,1.0,0.5307576239374682,0.5,2026-02-23 02:14:20+00:00,40.0,0.51,0.0,0.51,0.02075762393746816,True,0.9607843137254901,0.5,2026-02-23 02:14:20+00:00,40.0,0.51,0.0,0.51,0.02075762393746816,True,0.9607843137254901
2026-02-24,highest-temperature-in-seoul-on-february-24-2026,223344,5,5°C,True,0.3306909742388555,0.0047963648791787,1.9182252600000496,no_trade,1771899300,6,1413676,highest-temperature-in-seoul-on-february-24-2026-6c,6°C,False,False,0.0,1.0,0.3306909742388555,6,1413676,highest-temperature-in-seoul-on-february-24-2026-6c,6°C,False,False,0.0,1.0,0.3306909742388555,0.085,2026-02-24 02:14:17+00:00,43.0,0.095,0.0,0.095,0.23569097423885552,True,-1.0,0.085,2026-02-24 02:14:17+00:00,43.0,0.095,0.0,0.095,0.23569097423885552,True,-1.0
2026-02-25,highest-temperature-in-seoul-on-february-25-2026,227953,10,10°C,True,0.3421525466385937,0.0758955654355564,3.773927258437368,no_trade,1771985700,9,1427421,highest-temperature-in-seoul-on-february-25-2026-9c,9°C,False,False,0.0,1.0,0.34215254663859374,9,1427421,highest-temperature-in-seoul-on-february-25-2026-9c,9°C,False,False,0.0,1.0,0.34215254663859374,0.0855,2026-02-25 02:14:18+00:00,42.0,0.0955,0.0,0.0955,0.24665254663859373,True,-1.0,0.0855,2026-02-25 02:14:18+00:00,42.0,0.0955,0.0,0.0955,0.24665254663859373,True,-1.0
2026-02-26,highest-temperature-in-seoul-on-february-26-2026,227472,11,11°C,True,0.4378463402734908,0.1971626049451567,2.68597521632811,shadow_trade,1772072100,11,1425337,highest-temperature-in-seoul-on-february-26-2026-11c,11°C,True,False,0.0,1.0,0.4378463402734908,11,1425337,highest-temperature-in-seoul-on-february-26-2026-11c,11°C,True,False,0.0,1.0,0.4378463402734908,0.34,2026-02-26 02:14:24+00:00,36.0,0.35000000000000003,0.0,0.35000000000000003,0.08784634027349075,True,1.8571428571428568,0.34,2026-02-26 02:14:24+00:00,36.0,0.35000000000000003,0.0,0.35000000000000003,0.08784634027349075,True,1.8571428571428568
2026-02-27,highest-temperature-in-seoul-on-february-27-2026,229726,13,13°C or higher,True,0.3694679165168439,0.037381107599842,2.8910559876327966,no_trade,1772158500,13,1434125,highest-temperature-in-seoul-on-february-27-2026-13corhigher,13°C or higher,True,False,0.0,1.0,0.7482137727899805,14,1434125,highest-temperature-in-seoul-on-february-27-2026-13corhigher,13°C or higher,True,False,0.0,1.0,0.7482137727899805,0.57,2026-02-27 02:14:19+00:00,41.0,0.58,0.0,0.58,0.1682137727899805,True,0.7241379310344829,0.57,2026-02-27 02:14:19+00:00,41.0,0.58,0.0,0.58,0.1682137727899805,True,0.7241379310344829
2026-02-28,highest-temperature-in-seoul-on-february-28-2026,231949,12,12°C,True,0.3423554706500671,0.0813678631650891,6.700694170500015,no_trade,1772244900,12,1444205,highest-temperature-in-seoul-on-february-28-2026-12c,12°C,True,False,0.0,1.0,0.22000760435711278,11,1444204,highest-temperature-in-seoul-on-february-28-2026-11c,11°C,False,False,0.0,1.0,0.34235547065006716,0.24,2026-02-28 02:14:29+00:00,31.0,0.25,0.0,0.25,-0.02999239564288722,True,3.0,0.155,2026-02-28 02:14:30+00:00,30.0,0.165,0.0,0.165,0.17735547065006715,True,-1.0
2026-03-01,highest-temperature-in-seoul-on-march-1-2026,234210,12,12°C,True,0.4072679241942289,0.1407108627836218,3.633022949167909,shadow_trade,1772331300,13,1453605,highest-temperature-in-seoul-on-march-1-2026-13c,13°C,False,False,0.0,1.0,0.40726792419422897,13,1453605,highest-temperature-in-seoul-on-march-1-2026-13c,13°C,False,False,0.0,1.0,0.40726792419422897,0.232,2026-03-01 02:14:27+00:00,33.0,0.24200000000000002,0.0,0.24200000000000002,0.16526792419422895,True,-1.0,0.232,2026-03-01 02:14:27+00:00,33.0,0.24200000000000002,0.0,0.24200000000000002,0.16526792419422895,True,-1.0
2026-03-02,highest-temperature-in-seoul-on-march-2-2026,236635,6,6°C,True,0.4093815273615588,0.0611508628080149,4.764066833249991,no_trade,1772417700,7,1465117,highest-temperature-in-seoul-on-march-2-2026-7c,7°C,False,False,0.0,1.0,0.3482306645535439,6,1465116,highest-temperature-in-seoul-on-march-2-2026-6c,6°C,True,False,0.0,1.0,0.4093815273615588,0.11,2026-03-02 02:14:26+00:00,34.0,0.12,0.0,0.12,0.2282306645535439,True,-1.0,0.845,2026-03-02 02:14:25+00:00,35.0,0.855,0.0,0.855,-0.4456184726384412,True,0.16959064327485374
2026-03-03,highest-temperature-in-seoul-on-march-3-2026,238975,10,10°C,True,0.4009305432006507,0.0454860886717135,1.5708546877149274,no_trade,1772504100,9,1475127,highest-temperature-in-seoul-on-march-3-2026-9c,9°C,False,False,0.0,1.0,0.35544445452893714,10,1475128,highest-temperature-in-seoul-on-march-3-2026-10c,10°C,True,False,0.0,1.0,0.4009305432006507,0.405,2026-03-03 02:14:24+00:00,36.0,0.41500000000000004,0.0,0.41500000000000004,-0.0595555454710629,True,-1.0,0.34,2026-03-03 02:14:28+00:00,32.0,0.35000000000000003,0.0,0.35000000000000003,0.05093054320065066,True,1.8571428571428568
2026-03-04,highest-temperature-in-seoul-on-march-4-2026,241197,9,9°C,True,0.4547035059801994,0.1755218121643496,2.3388876516445407,shadow_trade,1772590500,8,1482495,highest-temperature-in-seoul-on-march-4-2026-8c,8°C,False,False,0.0,1.0,0.45470350598019943,8,1482495,highest-temperature-in-seoul-on-march-4-2026-8c,8°C,False,False,0.0,1.0,0.45470350598019943,0.275,2026-03-04 02:14:27+00:00,33.0,0.28500000000000003,0.0,0.28500000000000003,0.1697035059801994,True,-1.0,0.275,2026-03-04 02:14:27+00:00,33.0,0.28500000000000003,0.0,0.28500000000000003,0.1697035059801994,True,-1.0
2026-03-05,highest-temperature-in-seoul-on-march-5-2026,243361,10,10°C,True,0.4795264038003302,0.2426100641658911,3.116462231249919,shadow_trade,1772676900,9,1491033,highest-temperature-in-seoul-on-march-5-2026-9c,9°C,False,False,0.0,1.0,0.47952640380033024,9,1491033,highest-temperature-in-seoul-on-march-5-2026-9c,9°C,False,False,0.0,1.0,0.47952640380033024,0.44,2026-03-05 02:14:31+00:00,29.0,0.45,0.0,0.45,0.029526403800330225,True,-1.0,0.44,2026-03-05 02:14:31+00:00,29.0,0.45,0.0,0.45,0.029526403800330225,True,-1.0
2026-03-06,highest-temperature-in-seoul-on-march-6-2026,245496,4,4°C,True,0.478488478188217,0.2170923423280776,1.6713852570000327,shadow_trade,1772763300,5,1498438,highest-temperature-in-seoul-on-march-6-2026-5c,5°C,False,False,0.0,1.0,0.47848847818821705,5,1498438,highest-temperature-in-seoul-on-march-6-2026-5c,5°C,False,False,0.0,1.0,0.47848847818821705,0.465,2026-03-06 02:14:27+00:00,33.0,0.47500000000000003,0.0,0.47500000000000003,0.0034884781882170146,True,-1.0,0.465,2026-03-06 02:14:27+00:00,33.0,0.47500000000000003,0.0,0.47500000000000003,0.0034884781882170146,True,-1.0
2026-03-07,highest-temperature-in-seoul-on-march-7-2026,247559,5,5°C,True,0.4190490171610497,0.1590526870103063,1.7722502955000436,shadow_trade,1772849700,4,1506357,highest-temperature-in-seoul-on-march-7-2026-4c,4°C,False,False,0.0,1.0,0.4190490171610497,4,1506357,highest-temperature-in-seoul-on-march-7-2026-4c,4°C,False,False,0.0,1.0,0.4190490171610497,0.445,2026-03-07 02:14:25+00:00,35.0,0.455,0.0,0.455,-0.03595098283895032,True,-1.0,0.445,2026-03-07 02:14:25+00:00,35.0,0.455,0.0,0.455,-0.03595098283895032,True,-1.0
2026-03-08,highest-temperature-in-seoul-on-march-8-2026,249629,4,4°C,True,0.4172447144146939,0.1498138446195777,0.7890197752265777,shadow_trade,1772936100,5,1514229,highest-temperature-in-seoul-on-march-8-2026-5c,5°C,False,False,0.0,1.0,0.4172447144146939,5,1514229,highest-temperature-in-seoul-on-march-8-2026-5c,5°C,False,False,0.0,1.0,0.4172447144146939,0.485,2026-03-08 02:14:28+00:00,32.0,0.495,0.0,0.495,-0.07775528558530609,True,-1.0,0.485,2026-03-08 02:14:28+00:00,32.0,0.495,0.0,0.495,-0.07775528558530609,True,-1.0
2026-03-09,highest-temperature-in-seoul-on-march-9-2026,251740,7,7°C,True,0.4710566767821721,0.1772630097127273,1.4133687907499777,shadow_trade,1773022500,8,1522705,highest-temperature-in-seoul-on-march-9-2026-8c,8°C,False,False,0.0,1.0,0.4710566767821721,8,1522705,highest-temperature-in-seoul-on-march-9-2026-8c,8°C,False,False,0.0,1.0,0.4710566767821721,0.26,2026-03-09 02:14:22+00:00,38.0,0.27,0.0,0.27,0.2010566767821721,True,-1.0,0.26,2026-03-09 02:14:22+00:00,38.0,0.27,0.0,0.27,0.2010566767821721,True,-1.0
2026-03-10,highest-temperature-in-seoul-on-march-10-2026,256671,7,7°C,True,0.5061399465540406,0.2057935479635496,1.8490384957499444,shadow_trade,1773108900,7,1540177,highest-temperature-in-seoul-on-march-10-2026-7c,7°C,True,False,0.0,1.0,0.5061399465540406,7,1540177,highest-temperature-in-seoul-on-march-10-2026-7c,7°C,True,False,0.0,1.0,0.5061399465540406,0.445,2026-03-10 02:14:24+00:00,36.0,0.455,0.0,0.455,0.05113994655404058,True,1.1978021978021975,0.445,2026-03-10 02:14:24+00:00,36.0,0.455,0.0,0.455,0.05113994655404058,True,1.1978021978021975
2026-03-11,highest-temperature-in-seoul-on-march-11-2026,255779,6,6°C,True,0.3742537963446443,0.0873033813684738,2.0139129452812696,no_trade,1773195300,8,1536902,highest-temperature-in-seoul-on-march-11-2026-8c,8°C,False,False,0.0,1.0,0.3742537963446443,8,1536902,highest-temperature-in-seoul-on-march-11-2026-8c,8°C,False,False,0.0,1.0,0.3742537963446443,0.265,2026-03-11 02:14:26+00:00,34.0,0.275,0.0,0.275,0.09925379634464426,True,-1.0,0.265,2026-03-11 02:14:26+00:00,34.0,0.275,0.0,0.275,0.09925379634464426,True,-1.0
2026-03-12,highest-temperature-in-seoul-on-march-12-2026,258492,11,11°C,True,0.3593513292575709,0.0264624482722235,2.9485580562773706,no_trade,1773281700,11,1549805,highest-temperature-in-seoul-on-march-12-2026-11c,11°C,True,False,0.0,1.0,0.3593513292575709,11,1549805,highest-temperature-in-seoul-on-march-12-2026-11c,11°C,True,False,0.0,1.0,0.3593513292575709,0.365,2026-03-12 02:14:23+00:00,37.0,0.375,0.0,0.375,-0.015648670742429094,True,1.6666666666666665,0.365,2026-03-12 02:14:23+00:00,37.0,0.375,0.0,0.375,-0.015648670742429094,True,1.6666666666666665
2026-03-13,highest-temperature-in-seoul-on-march-13-2026,260705,11,11°C,True,0.3895990696012262,0.0690905290516489,2.492730378562385,no_trade,1773368100,12,1557656,highest-temperature-in-seoul-on-march-13-2026-12corhigher,12°C or higher,False,False,0.0,1.0,0.7440972926454228,12,1557656,highest-temperature-in-seoul-on-march-13-2026-12corhigher,12°C or higher,False,False,0.0,1.0,0.7440972926454228,0.19,2026-03-13 02:14:29+00:00,31.0,0.2,0.0,0.2,0.5440972926454228,True,-1.0,0.19,2026-03-13 02:14:29+00:00,31.0,0.2,0.0,0.2,0.5440972926454228,True,-1.0
2026-03-14,highest-temperature-in-seoul-on-march-14-2026,262789,11,11°C or higher,True,0.4342957093290963,0.1656314799137723,2.89396600200007,shadow_trade,1773454500,10,1566166,highest-temperature-in-seoul-on-march-14-2026-10c,10°C,False,False,0.0,1.0,0.43429570932909634,10,1566166,highest-temperature-in-seoul-on-march-14-2026-10c,10°C,False,False,0.0,1.0,0.43429570932909634,0.295,2026-03-14 02:14:21+00:00,39.0,0.305,0.0,0.305,0.12929570932909634,True,-1.0,0.295,2026-03-14 02:14:21+00:00,39.0,0.305,0.0,0.305,0.12929570932909634,True,-1.0
2026-03-15,highest-temperature-in-seoul-on-march-15-2026,264988,10,10°C,True,0.4479021671235447,0.1925485655756912,2.64882609509764,shadow_trade,1773540900,10,1574942,highest-temperature-in-seoul-on-march-15-2026-10c,10°C,True,False,0.0,1.0,0.4479021671235447,10,1574942,highest-temperature-in-seoul-on-march-15-2026-10c,10°C,True,False,0.0,1.0,0.4479021671235447,0.445,2026-03-15 02:14:24+00:00,36.0,0.455,0.0,0.455,-0.007097832876455323,True,1.1978021978021975,0.445,2026-03-15 02:14:24+00:00,36.0,0.455,0.0,0.455,-0.007097832876455323,True,1.1978021978021975
2026-03-16,highest-temperature-in-seoul-on-march-16-2026,265847,10,10°C,True,0.4944206840487698,0.2481100546973716,3.433616640000082,shadow_trade,1773627300,11,1577541,highest-temperature-in-seoul-on-march-16-2026-11c,11°C,False,False,0.0,1.0,0.4944206840487698,11,1577541,highest-temperature-in-seoul-on-march-16-2026-11c,11°C,False,False,0.0,1.0,0.4944206840487698,0.18,2026-03-16 02:14:28+00:00,32.0,0.19,0.0,0.19,0.3044206840487698,True,-1.0,0.18,2026-03-16 02:14:28+00:00,32.0,0.19,0.0,0.19,0.3044206840487698,True,-1.0
2026-03-17,highest-temperature-in-seoul-on-march-17-2026,265871,12,12°C,True,0.3953614597916905,0.1110716655129446,3.632471317265612,no_trade,1773713700,12,1577769,highest-temperature-in-seoul-on-march-17-2026-12c,12°C,True,False,0.0,1.0,0.3953614597916905,12,1577769,highest-temperature-in-seoul-on-march-17-2026-12c,12°C,True,False,0.0,1.0,0.3953614597916905,0.27,2026-03-17 02:14:33+00:00,27.0,0.28,0.0,0.28,0.11536145979169049,True,2.571428571428571,0.27,2026-03-17 02:14:33+00:00,27.0,0.28,0.0,0.28,0.11536145979169049,True,2.571428571428571
2026-03-18,highest-temperature-in-seoul-on-march-18-2026,268928,8,8°C,True,0.3522356916045914,0.0436363842696362,2.675037980742111,no_trade,1773800100,8,1585932,highest-temperature-in-seoul-on-march-18-2026-8c,8°C,True,False,0.0,1.0,0.3522356916045914,8,1585932,highest-temperature-in-seoul-on-march-18-2026-8c,8°C,True,False,0.0,1.0,0.3522356916045914,0.31,2026-03-18 02:14:29+00:00,31.0,0.32,0.0,0.32,0.03223569160459139,True,2.125,0.31,2026-03-18 02:14:29+00:00,31.0,0.32,0.0,0.32,0.03223569160459139,True,2.125
2026-03-19,highest-temperature-in-seoul-on-march-19-2026,272241,9,9°C,True,0.4712531272434585,0.1800014018792571,1.3018858523436734,shadow_trade,1773886500,9,1596511,highest-temperature-in-seoul-on-march-19-2026-9c,9°C,True,False,0.0,1.0,0.4712531272434585,9,1596511,highest-temperature-in-seoul-on-march-19-2026-9c,9°C,True,False,0.0,1.0,0.4712531272434585,0.52,2026-03-19 02:14:26+00:00,34.0,0.53,0.0,0.53,-0.0587468727565415,True,0.8867924528301885,0.52,2026-03-19 02:14:26+00:00,34.0,0.53,0.0,0.53,-0.0587468727565415,True,0.8867924528301885
2026-03-20,highest-temperature-in-seoul-on-march-20-2026,275644,11,11°C,True,0.4008835606222914,0.0993630580894174,3.089205740566328,shadow_trade,1773972900,11,1605653,highest-temperature-in-seoul-on-march-20-2026-11c,11°C,True,False,0.0,1.0,0.40088356062229147,11,1605653,highest-temperature-in-seoul-on-march-20-2026-11c,11°C,True,False,0.0,1.0,0.40088356062229147,0.415,2026-03-20 02:14:39+00:00,21.0,0.425,0.0,0.425,-0.02411643937770852,True,1.3529411764705883,0.415,2026-03-20 02:14:39+00:00,21.0,0.425,0.0,0.425,-0.02411643937770852,True,1.3529411764705883
2026-03-21,highest-temperature-in-seoul-on-march-21-2026,279165,11,11°C,True,0.3570260436981854,0.0154479920269536,2.8006926946874917,no_trade,1774059300,11,1625857,highest-temperature-in-seoul-on-march-21-2026-11c,11°C,True,False,0.0,1.0,0.35702604369818547,11,1625857,highest-temperature-in-seoul-on-march-21-2026-11c,11°C,True,False,0.0,1.0,0.35702604369818547,0.29,2026-03-21 02:14:28+00:00,32.0,0.3,0.0,0.3,0.05702604369818548,True,2.3333333333333335,0.29,2026-03-21 02:14:28+00:00,32.0,0.3,0.0,0.3,0.05702604369818548,True,2.3333333333333335
2026-03-22,highest-temperature-in-seoul-on-march-22-2026,282541,16,14°C or higher,True,0.4899717722291443,0.2487622982328228,3.3882022942383543,shadow_trade,1774145700,14,1638053,highest-temperature-in-seoul-on-march-22-2026-14corhigher,14°C or higher,True,False,0.0,1.0,0.7066824559663037,14,1638053,highest-temperature-in-seoul-on-march-22-2026-14corhigher,14°C or higher,True,False,0.0,1.0,0.7066824559663037,0.775,2026-03-22 02:14:20+00:00,40.0,0.785,0.0,0.785,-0.07831754403369628,True,0.2738853503184713,0.775,2026-03-22 02:14:20+00:00,40.0,0.785,0.0,0.785,-0.07831754403369628,True,0.2738853503184713
2026-03-23,highest-temperature-in-seoul-on-march-23-2026,285764,15,15°C,True,0.3149232458830638,0.0265050715814992,7.115114517187358,no_trade,1774232100,15,1649066,highest-temperature-in-seoul-on-march-23-2026-15c,15°C,True,False,0.0,1.0,0.31492324588306386,15,1649066,highest-temperature-in-seoul-on-march-23-2026-15c,15°C,True,False,0.0,1.0,0.31492324588306386,0.285,2026-03-23 02:14:27+00:00,33.0,0.295,0.0,0.295,0.019923245883063878,True,2.3898305084745766,0.285,2026-03-23 02:14:27+00:00,33.0,0.295,0.0,0.295,0.019923245883063878,True,2.3898305084745766
2026-03-24,highest-temperature-in-seoul-on-march-24-2026,289192,14,13°C,False,0.4918627292426684,0.261110572885274,3.621454961835866,shadow_trade,1774318500,15,1660741,highest-temperature-in-seoul-on-march-24-2026-15corhigher,15°C or higher,False,False,0.0,1.0,0.7311148307454206,15,1660741,highest-temperature-in-seoul-on-march-24-2026-15corhigher,15°C or higher,False,False,0.0,1.0,0.7311148307454206,0.455,2026-03-24 02:14:27+00:00,33.0,0.465,0.0,0.465,0.2661148307454206,True,-1.0,0.455,2026-03-24 02:14:27+00:00,33.0,0.465,0.0,0.465,0.2661148307454206,True,-1.0
2026-03-25,highest-temperature-in-seoul-on-march-25-2026,292561,13,13°C,True,0.3704367280705375,0.0763983561183056,6.61978249874992,no_trade,1774404900,14,1670726,highest-temperature-in-seoul-on-march-25-2026-14c,14°C,False,False,0.0,1.0,0.37043672807053757,14,1670726,highest-temperature-in-seoul-on-march-25-2026-14c,14°C,False,False,0.0,1.0,0.37043672807053757,0.32,2026-03-25 02:14:32+00:00,28.0,0.33,0.0,0.33,0.04043672807053755,True,-1.0,0.32,2026-03-25 02:14:32+00:00,28.0,0.33,0.0,0.33,0.04043672807053755,True,-1.0
2026-03-26,highest-temperature-in-seoul-on-march-26-2026,295980,9,9°C,True,0.472797084612206,0.2595468464973697,9.50079183468752,shadow_trade,1774491300,12,1680678,highest-temperature-in-seoul-on-march-26-2026-12c,12°C,False,False,0.0,1.0,0.10234275278666456,11,1680677,highest-temperature-in-seoul-on-march-26-2026-11c,11°C,False,False,0.0,1.0,0.472797084612206,0.36,2026-03-26 02:14:33+00:00,27.0,0.37,0.0,0.37,-0.26765724721333545,True,-1.0,0.2185,2026-03-26 02:14:26+00:00,34.0,0.2285,0.0,0.2285,0.24429708461220598,True,-1.0
2026-03-27,highest-temperature-in-seoul-on-march-27-2026,299412,13,13°C,True,0.390287137186657,0.1665275827279528,7.783402173750062,no_trade,1774577700,11,1690077,highest-temperature-in-seoul-on-march-27-2026-11c,11°C,False,False,0.0,1.0,0.2066352304163075,10,1690076,highest-temperature-in-seoul-on-march-27-2026-10c,10°C,False,False,0.0,1.0,0.390287137186657,0.292,2026-03-27 02:14:26+00:00,34.0,0.302,0.0,0.302,-0.0953647695836925,True,-1.0,0.16,2026-03-27 02:14:27+00:00,33.0,0.17,0.0,0.17,0.22028713718665696,True,-1.0
2026-03-28,highest-temperature-in-seoul-on-march-28-2026,302794,12,12°C,True,0.4266836633721804,0.2559802621732136,11.722521599999943,shadow_trade,1774664100,14,1701727,highest-temperature-in-seoul-on-march-28-2026-14c,14°C,False,False,0.0,1.0,0.06279060792362857,13,1701726,highest-temperature-in-seoul-on-march-28-2026-13c,13°C,False,False,0.0,1.0,0.4266836633721804,0.18,2026-03-28 02:14:28+00:00,32.0,0.19,0.0,0.19,-0.12720939207637144,True,-1.0,0.26,2026-03-28 02:14:31+00:00,29.0,0.27,0.0,0.27,0.15668366337218037,True,-1.0
2026-03-29,highest-temperature-in-seoul-on-march-29-2026,306323,17,16°C,False,0.3365445313300041,0.0881576317884481,7.263956578499936,no_trade,1774750500,17,1714802,highest-temperature-in-seoul-on-march-29-2026-17corhigher,17°C or higher,False,False,0.0,1.0,0.6154834645495664,17,1714802,highest-temperature-in-seoul-on-march-29-2026-17corhigher,17°C or higher,False,False,0.0,1.0,0.6154834645495664,0.212,2026-03-29 02:14:30+00:00,30.0,0.222,0.0,0.222,0.3934834645495664,True,-1.0,0.212,2026-03-29 02:14:30+00:00,30.0,0.222,0.0,0.222,0.3934834645495664,True,-1.0
2026-03-30,highest-temperature-in-seoul-on-march-30-2026,322389,18,18°C,True,0.3543961744783821,0.1170234502127039,6.128343391499989,no_trade,1774836900,18,1779466,highest-temperature-in-seoul-on-march-30-2026-18c,18°C,True,False,0.0,1.0,0.2199573406502896,17,1779465,highest-temperature-in-seoul-on-march-30-2026-17c,17°C,False,False,0.0,1.0,0.3543961744783821,0.14,2026-03-30 02:14:44+00:00,16.0,0.15000000000000002,0.0,0.15000000000000002,0.06995734065028958,True,5.666666666666666,0.26,2026-03-30 02:14:45+00:00,15.0,0.27,0.0,0.27,0.0843961744783821,True,-1.0
2026-04-01,highest-temperature-in-seoul-on-april-1-2026,322432,14,14°C,True,0.409205583030067,0.1156765723790505,5.351959625449162,shadow_trade,1775009700,16,1779886,highest-temperature-in-seoul-on-april-1-2026-16corhigher,16°C or higher,False,True,0.05,1.0,0.6426636014863933,16,1779886,highest-temperature-in-seoul-on-april-1-2026-16corhigher,16°C or higher,False,True,0.05,1.0,0.6426636014863933,0.172,2026-04-01 02:14:41+00:00,19.0,0.182,0.0074438,0.1894438,0.45321980148639335,True,-1.0,0.172,2026-04-01 02:14:41+00:00,19.0,0.182,0.0074438,0.1894438,0.45321980148639335,True,-1.0
2026-04-02,highest-temperature-in-seoul-on-april-2-2026,322468,14,14°C,True,0.4224796969401995,0.1379770254363898,3.4264595710547283,shadow_trade,1775096100,15,1780211,highest-temperature-in-seoul-on-april-2-2026-15c,15°C,False,True,0.05,1.0,0.4224796969401995,15,1780211,highest-temperature-in-seoul-on-april-2-2026-15c,15°C,False,True,0.05,1.0,0.4224796969401995,0.16,2026-04-02 02:14:47+00:00,13.0,0.17,0.0070550000000000005,0.17705500000000002,0.24542469694019947,True,-1.0,0.16,2026-04-02 02:14:47+00:00,13.0,0.17,0.0070550000000000005,0.17705500000000002,0.24542469694019947,True,-1.0
2026-04-03,highest-temperature-in-seoul-on-april-3-2026,322504,19,19°C or higher,True,0.3684674178486221,0.1370937495575596,4.494098212066277,no_trade,1775182500,16,1780722,highest-temperature-in-seoul-on-april-3-2026-16c,16°C,False,True,0.05,1.0,0.23137366829106248,17,1780723,highest-temperature-in-seoul-on-april-3-2026-17c,17°C,False,True,0.05,1.0,0.3684674178486221,0.415,2026-04-03 02:14:40+00:00,20.0,0.425,0.01221875,0.43721875,-0.2058450817089375,True,-1.0,0.245,2026-04-03 02:14:47+00:00,13.0,0.255,0.00949875,0.26449875,0.10396866784862208,True,-1.0
2026-04-04,highest-temperature-in-seoul-on-april-4-2026,322563,16,17°C or higher,False,0.4241910676602054,0.0586057715248092,4.792920646500001,shadow_trade,1775268900,17,1781165,highest-temperature-in-seoul-on-april-4-2026-17corhigher,17°C or higher,True,True,0.05,1.0,0.5827397858078243,17,1781165,highest-temperature-in-seoul-on-april-4-2026-17corhigher,17°C or higher,True,True,0.05,1.0,0.5827397858078243,0.825,2026-04-04 02:14:49+00:00,11.0,0.835,0.0068887500000000025,0.84188875,-0.2591489641921757,True,0.1878053959029622,0.825,2026-04-04 02:14:49+00:00,11.0,0.835,0.0068887500000000025,0.84188875,-0.2591489641921757,True,0.1878053959029622
2026-04-05,highest-temperature-in-seoul-on-april-5-2026,331877,12,12°C,True,0.3666982402670949,0.0433700531867192,2.5515358154296166,no_trade,1775355300,13,1814968,highest-temperature-in-seoul-on-april-5-2026-13c,13°C,False,True,0.05,1.0,0.3233281870803757,14,1814969,highest-temperature-in-seoul-on-april-5-2026-14c,14°C,False,True,0.05,1.0,0.36669824026709497,0.26,2026-04-05 02:14:43+00:00,17.0,0.27,0.009855000000000001,0.279855,0.043473187080375675,True,-1.0,0.245,2026-04-05 02:14:39+00:00,21.0,0.255,0.00949875,0.26449875,0.10219949026709496,True,-1.0
2026-04-06,highest-temperature-in-seoul-on-april-6-2026,335420,13,14°C,False,0.4117302435823584,0.1335717106036016,3.3816883663476247,shadow_trade,1775441700,13,1827150,highest-temperature-in-seoul-on-april-6-2026-13c,13°C,False,True,0.05,1.0,0.21222753772207983,14,1827151,highest-temperature-in-seoul-on-april-6-2026-14c,14°C,True,True,0.05,1.0,0.4117302435823584,0.315,2026-04-06 02:14:47+00:00,13.0,0.325,0.010968750000000001,0.33596875000000004,-0.1237412122779202,True,-1.0,0.085,2026-04-06 02:14:40+00:00,20.0,0.095,0.0042987500000000005,0.09929875,0.3124314935823584,True,9.070620224323065
2026-04-07,highest-temperature-in-seoul-on-april-7-2026,339072,11,11°C,True,0.311391099720584,0.0051558196346055,2.955358103906221,no_trade,1775528100,12,1842755,highest-temperature-in-seoul-on-april-7-2026-12c,12°C,False,True,0.05,1.0,0.28830261053990736,13,1842756,highest-temperature-in-seoul-on-april-7-2026-13c,13°C,False,True,0.05,1.0,0.31139109972058404,0.385,2026-04-07 02:14:43+00:00,17.0,0.395,0.011948750000000001,0.40694875,-0.11864613946009267,True,-1.0,0.29,2026-04-07 02:14:51+00:00,9.0,0.3,0.0105,0.3105,0.0008910997205840432,True,-1.0
2026-04-08,highest-temperature-in-seoul-on-april-8-2026,341801,13,13°C,True,0.402991540610727,0.069810630938402,2.1515060990389685,shadow_trade,1775614500,13,1854487,highest-temperature-in-seoul-on-april-8-2026-13c,13°C,True,True,0.05,1.0,0.402991540610727,13,1854487,highest-temperature-in-seoul-on-april-8-2026-13c,13°C,True,True,0.05,1.0,0.402991540610727,0.21,2026-04-08 02:14:33+00:00,27.0,0.22,0.00858,0.22858,0.174411540610727,True,3.374835943652113,0.21,2026-04-08 02:14:33+00:00,27.0,0.22,0.00858,0.22858,0.174411540610727,True,3.374835943652113
2026-04-09,highest-temperature-in-seoul-on-april-9-2026,345382,12,12°C,True,0.3174770570159817,0.0063305815004902,3.1438880859374194,no_trade,1775700900,14,1871666,highest-temperature-in-seoul-on-april-9-2026-14c,14°C,False,True,0.05,1.0,0.28663762098533213,13,1871665,highest-temperature-in-seoul-on-april-9-2026-13c,13°C,False,True,0.05,1.0,0.3174770570159817,0.145,2026-04-09 02:14:46+00:00,14.0,0.155,0.006548750000000001,0.16154875,0.12508887098533214,True,-1.0,0.36,2026-04-09 02:14:43+00:00,17.0,0.37,0.011655,0.381655,-0.0641779429840183,True,-1.0
2026-04-10,highest-temperature-in-seoul-on-april-10-2026,348967,12,12°C,True,0.3837649903423349,0.0889083187539754,3.165126671566405,no_trade,1775787300,12,1886304,highest-temperature-in-seoul-on-april-10-2026-12c,12°C,True,True,0.05,1.0,0.3837649903423349,12,1886304,highest-temperature-in-seoul-on-april-10-2026-12c,12°C,True,True,0.05,1.0,0.3837649903423349,0.35,2026-04-10 02:14:51+00:00,9.0,0.36,0.01152,0.37151999999999996,0.01224499034233495,True,1.6916451335055989,0.35,2026-04-10 02:14:51+00:00,9.0,0.36,0.01152,0.37151999999999996,0.01224499034233495,True,1.6916451335055989
2026-04-11,highest-temperature-in-seoul-on-april-11-2026,352609,11,12°C,False,0.3659331648080212,0.0827640539917696,3.558405736371,no_trade,1775873700,14,1901703,highest-temperature-in-seoul-on-april-11-2026-14c,14°C,False,True,0.05,1.0,0.2216994880967063,15,1901704,highest-temperature-in-seoul-on-april-11-2026-15c,15°C,False,True,0.05,1.0,0.3659331648080212,0.19,2026-04-11 02:14:56+00:00,4.0,0.2,0.008000000000000002,0.20800000000000002,0.013699488096706292,True,-1.0,0.345,2026-04-11 02:13:50+00:00,70.0,0.355,0.01144875,0.36644875,-0.0005155851919788068,True,-1.0
2026-04-12,highest-temperature-in-seoul-on-april-12-2026,356063,19,19°C,True,0.2732209117074842,0.0882879149772289,7.06106752424995,no_trade,1775960100,18,1914827,highest-temperature-in-seoul-on-april-12-2026-18c,18°C,False,True,0.05,1.0,0.18038564604414045,17,1914826,highest-temperature-in-seoul-on-april-12-2026-17c,17°C,False,True,0.05,1.0,0.27322091170748425,0.205,2026-04-12 02:14:40+00:00,20.0,0.215,0.00843875,0.22343875,-0.04305310395585954,True,-1.0,0.115,2026-04-12 02:14:44+00:00,16.0,0.125,0.0054687500000000005,0.13046875,0.14275216170748425,True,-1.0
2026-04-13,highest-temperature-in-seoul-on-april-13-2026,359528,20,20°C,True,0.4124309506392211,0.2364815387614146,9.292765379413844,shadow_trade,1776046500,22,1924384,highest-temperature-in-seoul-on-april-13-2026-22c,22°C,False,True,0.05,1.0,0.16096254381137065,21,1924383,highest-temperature-in-seoul-on-april-13-2026-21c,21°C,False,True,0.05,1.0,0.4124309506392211,0.174,2026-04-13 02:14:45+00:00,15.0,0.184,0.0075072,0.1915072,-0.030544656188629338,True,-1.0,0.17,2026-04-13 02:14:43+00:00,17.0,0.18000000000000002,0.007380000000000001,0.18738000000000002,0.22505095063922106,True,-1.0
2026-04-14,highest-temperature-in-seoul-on-april-14-2026,369873,23,23°C,True,0.3508684945801467,0.0155265057461281,7.26211654140225,no_trade,1776132900,24,1953450,highest-temperature-in-seoul-on-april-14-2026-24corhigher,24°C or higher,False,True,0.05,1.0,0.5562829724333258,23,1953449,highest-temperature-in-seoul-on-april-14-2026-23c,23°C,True,True,0.05,1.0,0.3508684945801467,0.32,2026-04-14 02:14:47+00:00,13.0,0.33,0.011055,0.341055,0.2152279724333258,True,-1.0,0.57,2026-04-14 02:14:42+00:00,18.0,0.58,0.012180000000000002,0.5921799999999999,-0.24131150541985324,True,0.6886757404843125
2026-04-15,highest-temperature-in-seoul-on-april-15-2026,373584,21,21°C or higher,True,0.4320023242884879,0.1949197832704194,8.331068124140465,shadow_trade,1776219300,22,1965281,highest-temperature-in-seoul-on-april-15-2026-21corhigher,21°C or higher,True,True,0.05,1.0,0.8846536577509069,21,1965281,highest-temperature-in-seoul-on-april-15-2026-21corhigher,21°C or higher,True,True,0.05,1.0,0.8846536577509069,0.904,2026-04-15 02:14:39+00:00,21.0,0.914,0.003930199999999998,0.9179302,-0.033276542249093155,True,0.08940745167769837,0.904,2026-04-15 02:14:39+00:00,21.0,0.914,0.003930199999999998,0.9179302,-0.033276542249093155,True,0.08940745167769837
2026-04-16,highest-temperature-in-seoul-on-april-16-2026,379788,24,24°C or higher,True,0.3390635443749288,0.0125699233817277,4.838782721484257,no_trade,1776305700,23,1985861,highest-temperature-in-seoul-on-april-16-2026-23c,23°C,False,True,0.05,1.0,0.33906354437492886,23,1985861,highest-temperature-in-seoul-on-april-16-2026-23c,23°C,False,True,0.05,1.0,0.33906354437492886,0.34,2026-04-16 02:14:43+00:00,17.0,0.35000000000000003,0.011375,0.36137500000000006,-0.022311455625071197,True,-1.0,0.34,2026-04-16 02:14:43+00:00,17.0,0.35000000000000003,0.011375,0.36137500000000006,-0.022311455625071197,True,-1.0
2026-04-17,highest-temperature-in-seoul-on-april-17-2026,380625,18,17°C,False,0.384453969458059,0.1250856980893341,6.752947141054648,no_trade,1776392100,17,1988404,highest-temperature-in-seoul-on-april-17-2026-17c,17°C,True,True,0.05,1.0,0.23855950333721407,16,1988403,highest-temperature-in-seoul-on-april-17-2026-16c,16°C,False,True,0.05,1.0,0.38445396945805904,0.32,2026-04-17 02:14:51+00:00,9.0,0.33,0.011055,0.341055,-0.10249549666278593,True,1.9320784037765169,0.16,2026-04-17 02:14:46+00:00,14.0,0.17,0.0070550000000000005,0.17705500000000002,0.20739896945805902,True,-1.0
2026-04-18,highest-temperature-in-seoul-on-april-18-2026,384016,21,21°C or higher,True,0.5138943089557142,0.182335837823554,13.558052491874903,shadow_trade,1776478500,20,1996342,highest-temperature-in-seoul-on-april-18-2026-20c,20°C,False,True,0.05,1.0,9.999999999990005e-13,19,1996341,highest-temperature-in-seoul-on-april-18-2026-19c,19°C,False,True,0.05,1.0,0.5138943089557142,0.11,2026-04-18 02:14:54+00:00,6.0,0.12,0.00528,0.12528,-0.125279999999,True,-1.0,0.0425,2026-04-18 02:14:07+00:00,53.0,0.052500000000000005,0.0024871875000000002,0.05498718750000001,0.4589071214557142,True,-1.0
2026-04-19,highest-temperature-in-seoul-on-april-19-2026,387422,24,24°C or higher,True,0.55684866869027,0.3842578688716993,14.267852713124846,shadow_trade,1776564900,22,2003686,highest-temperature-in-seoul-on-april-19-2026-22c,22°C,False,True,0.05,1.0,0.12335159315868369,21,2003685,highest-temperature-in-seoul-on-april-19-2026-21c,21°C,False,True,0.05,1.0,0.55684866869027,0.39,2026-04-19 02:14:54+00:00,6.0,0.4,0.012,0.41200000000000003,-0.2886484068413163,True,-1.0,0.098,2026-04-19 02:14:53+00:00,7.0,0.108,0.0048168,0.1128168,0.44403186869027006,True,-1.0
2026-04-20,highest-temperature-in-seoul-on-april-20-2026,390811,15,15°C,True,0.4575683994240249,0.1439062748520282,3.9167290710000273,shadow_trade,1776651300,16,2011099,highest-temperature-in-seoul-on-april-20-2026-16c,16°C,False,True,0.05,1.0,0.4575683994240249,16,2011099,highest-temperature-in-seoul-on-april-20-2026-16c,16°C,False,True,0.05,1.0,0.4575683994240249,0.085,2026-04-20 02:14:38+00:00,22.0,0.095,0.0042987500000000005,0.09929875,0.3582696494240249,True,-1.0,0.085,2026-04-20 02:14:38+00:00,22.0,0.095,0.0042987500000000005,0.09929875,0.3582696494240249,True,-1.0
2026-04-21,highest-temperature-in-seoul-on-april-21-2026,394283,14,14°C,True,0.4173064453145329,0.1464398294793926,3.235294578515628,shadow_trade,1776737700,15,2019161,highest-temperature-in-seoul-on-april-21-2026-15c,15°C,False,True,0.05,1.0,0.4173064453145329,15,2019161,highest-temperature-in-seoul-on-april-21-2026-15c,15°C,False,True,0.05,1.0,0.4173064453145329,0.29,2026-04-21 02:14:45+00:00,15.0,0.3,0.0105,0.3105,0.10680644531453293,True,-1.0,0.29,2026-04-21 02:14:45+00:00,15.0,0.3,0.0105,0.3105,0.10680644531453293,True,-1.0
2026-04-22,highest-temperature-in-seoul-on-april-22-2026,397976,18,18°C,True,0.3630444186388351,0.0829283024327984,3.92096890634766,no_trade,1776824100,16,2029543,highest-temperature-in-seoul-on-april-22-2026-16c,16°C,False,True,0.05,1.0,0.36304441863883513,16,2029543,highest-temperature-in-seoul-on-april-22-2026-16c,16°C,False,True,0.05,1.0,0.36304441863883513,0.315,2026-04-22 02:14:04+00:00,56.0,0.325,0.010968750000000001,0.33596875000000004,0.027075668638835093,True,-1.0,0.315,2026-04-22 02:14:04+00:00,56.0,0.325,0.010968750000000001,0.33596875000000004,0.027075668638835093,True,-1.0
2026-04-23,highest-temperature-in-seoul-on-april-23-2026,401671,22,22°C,True,0.3373782862858079,0.1253205650103105,4.861432542831864,no_trade,1776910500,21,2040225,highest-temperature-in-seoul-on-april-23-2026-21c,21°C,False,True,0.05,1.0,0.18249425622714188,22,2040226,highest-temperature-in-seoul-on-april-23-2026-22c,22°C,True,True,0.05,1.0,0.3373782862858079,0.265,2026-04-23 02:14:06+00:00,54.0,0.275,0.00996875,0.28496875000000005,-0.10247449377285817,True,-1.0,0.2,2026-04-23 02:14:07+00:00,53.0,0.21000000000000002,0.008295000000000002,0.21829500000000002,0.11908328628580789,True,3.580956961909343
2026-04-24,highest-temperature-in-seoul-on-april-24-2026,405191,22,21°C or higher,True,0.3917512653744991,0.0398074712149843,6.751759679999921,no_trade,1776996900,22,2049420,highest-temperature-in-seoul-on-april-24-2026-21corhigher,21°C or higher,True,True,0.05,1.0,0.936620598087039,21,2049420,highest-temperature-in-seoul-on-april-24-2026-21corhigher,21°C or higher,True,True,0.05,1.0,0.936620598087039,0.9605,2026-04-24 02:14:05+00:00,55.0,0.9705,0.0014314874999999986,0.9719314875,-0.03531088941296101,True,0.02887910604912869,0.9605,2026-04-24 02:14:05+00:00,55.0,0.9705,0.0014314874999999986,0.9719314875,-0.03531088941296101,True,0.02887910604912869
2026-04-25,highest-temperature-in-seoul-on-april-25-2026,408578,21,20°C,False,0.4201942545467835,0.1017088413336083,5.974286074277238,shadow_trade,1777083300,21,2056916,highest-temperature-in-seoul-on-april-25-2026-21corhigher,21°C or higher,False,True,0.05,1.0,0.6215446821372246,21,2056916,highest-temperature-in-seoul-on-april-25-2026-21corhigher,21°C or higher,False,True,0.05,1.0,0.6215446821372246,0.84,2026-04-25 02:14:05+00:00,55.0,0.85,0.0063750000000000005,0.856375,-0.23483031786277542,True,-1.0,0.84,2026-04-25 02:14:05+00:00,55.0,0.85,0.0063750000000000005,0.856375,-0.23483031786277542,True,-1.0
2026-04-26,highest-temperature-in-seoul-on-april-26-2026,411976,21,20°C or higher,True,0.3912995269168527,0.007858190302173,6.126866038476422,no_trade,1777169700,21,2064874,highest-temperature-in-seoul-on-april-26-2026-20corhigher,20°C or higher,True,True,0.05,1.0,0.9362999245311652,21,2064874,highest-temperature-in-seoul-on-april-26-2026-20corhigher,20°C or higher,True,True,0.05,1.0,0.9362999245311652,0.93,2026-04-26 02:14:05+00:00,55.0,0.9400000000000001,0.002819999999999998,0.9428200000000001,-0.006520075468834929,True,0.060647843702933635,0.93,2026-04-26 02:14:05+00:00,55.0,0.9400000000000001,0.002819999999999998,0.9428200000000001,-0.006520075468834929,True,0.060647843702933635
2026-04-27,highest-temperature-in-seoul-on-april-27-2026,415449,18,19°C,False,0.4073932580340759,0.0777069984005988,5.6849839312499455,shadow_trade,1777256100,19,2074312,highest-temperature-in-seoul-on-april-27-2026-19c,19°C,True,True,0.05,1.0,0.40739325803407594,19,2074312,highest-temperature-in-seoul-on-april-27-2026-19c,19°C,True,True,0.05,1.0,0.40739325803407594,0.435,2026-04-27 02:14:04+00:00,56.0,0.445,0.012348749999999999,0.45734875,-0.04995549196592408,True,1.1865152140461737,0.435,2026-04-27 02:14:04+00:00,56.0,0.445,0.012348749999999999,0.45734875,-0.04995549196592408,True,1.1865152140461737
2026-04-28,highest-temperature-in-seoul-on-april-28-2026,418824,15,15°C,True,0.3985937221158586,0.137683084757766,2.672515344902372,no_trade,1777342500,17,2082342,highest-temperature-in-seoul-on-april-28-2026-17c,17°C,False,True,0.05,1.0,0.3985937221158586,17,2082342,highest-temperature-in-seoul-on-april-28-2026-17c,17°C,False,True,0.05,1.0,0.3985937221158586,0.165,2026-04-28 02:14:04+00:00,56.0,0.17500000000000002,0.00721875,0.18221875,0.21637497211585857,True,-1.0,0.165,2026-04-28 02:14:04+00:00,56.0,0.17500000000000002,0.00721875,0.18221875,0.21637497211585857,True,-1.0
2026-04-29,highest-temperature-in-seoul-on-april-29-2026,422452,19,18°C,False,0.3271016497688973,0.0590110847674172,4.193587258417928,no_trade,1777428900,18,2091536,highest-temperature-in-seoul-on-april-29-2026-18c,18°C,True,True,0.05,1.0,0.3271016497688973,18,2091536,highest-temperature-in-seoul-on-april-29-2026-18c,18°C,True,True,0.05,1.0,0.3271016497688973,0.315,2026-04-29 02:14:05+00:00,55.0,0.325,0.010968750000000001,0.33596875000000004,-0.008867100231102765,True,1.9764673053669424,0.315,2026-04-29 02:14:05+00:00,55.0,0.325,0.010968750000000001,0.33596875000000004,-0.008867100231102765,True,1.9764673053669424
2026-04-30,highest-temperature-in-seoul-on-april-30-2026,426230,19,19°C,True,0.343428306009328,0.0128449465175217,5.908012612558515,no_trade,1777515300,20,2102136,highest-temperature-in-seoul-on-april-30-2026-20corhigher,20°C or higher,False,True,0.05,1.0,0.5855001418004595,19,2102135,highest-temperature-in-seoul-on-april-30-2026-19c,19°C,True,True,0.05,1.0,0.343428306009328,0.665,2026-04-30 02:14:04+00:00,56.0,0.675,0.01096875,0.68596875,-0.10046860819954051,True,-1.0,0.26,2026-04-30 02:14:05+00:00,55.0,0.27,0.009855000000000001,0.279855,0.06357330600932798,True,2.5732790194922366
2026-05-01,highest-temperature-in-seoul-on-may-1-2026,429701,19,19°C,True,0.3741041313217126,0.1052898593865155,5.78000734874999,no_trade,1777601700,20,2112238,highest-temperature-in-seoul-on-may-1-2026-20corhigher,20°C or higher,False,True,0.05,1.0,0.5380599977564045,19,2112237,highest-temperature-in-seoul-on-may-1-2026-19c,19°C,True,True,0.05,1.0,0.3741041313217126,0.275,2026-05-01 02:14:04+00:00,56.0,0.28500000000000003,0.010188750000000002,0.29518875000000006,0.2428712477564044,True,-1.0,0.305,2026-05-01 02:14:04+00:00,56.0,0.315,0.010788750000000001,0.32578875,0.04831538132171259,True,2.0694737003656507
2026-05-02,highest-temperature-in-seoul-on-may-2-2026,433172,18,18°C,True,0.3787176141185294,0.0823997641577032,4.388632795371237,no_trade,1777688100,19,2122212,highest-temperature-in-seoul-on-may-2-2026-19c,19°C,False,True,0.05,1.0,0.3787176141185294,19,2122212,highest-temperature-in-seoul-on-may-2-2026-19c,19°C,False,True,0.05,1.0,0.3787176141185294,0.235,2026-05-02 02:14:06+00:00,54.0,0.245,0.00924875,0.25424875,0.12446886411852937,True,-1.0,0.235,2026-05-02 02:14:06+00:00,54.0,0.245,0.00924875,0.25424875,0.12446886411852937,True,-1.0
2026-05-03,highest-temperature-in-seoul-on-may-3-2026,436608,15,15°C,True,0.424783015031598,0.1361812569277207,0.7098964059374637,shadow_trade,1777774500,14,2129849,highest-temperature-in-seoul-on-may-3-2026-14c,14°C,False,True,0.05,1.0,0.424783015031598,14,2129849,highest-temperature-in-seoul-on-may-3-2026-14c,14°C,False,True,0.05,1.0,0.424783015031598,0.49,2026-05-03 02:14:17+00:00,43.0,0.5,0.0125,0.5125,-0.08771698496840197,True,-1.0,0.49,2026-05-03 02:14:17+00:00,43.0,0.5,0.0125,0.5125,-0.08771698496840197,True,-1.0
2026-05-04,highest-temperature-in-seoul-on-may-4-2026,439944,18,18°C,True,0.3195857528597969,0.0288295171328253,3.942503021355456,no_trade,1777860900,19,2137193,highest-temperature-in-seoul-on-may-4-2026-19c,19°C,False,True,0.05,1.0,0.29075623572697157,20,2137194,highest-temperature-in-seoul-on-may-4-2026-20corhigher,20°C or higher,False,True,0.05,1.0,0.3820656860612972,0.165,2026-05-04 02:14:03+00:00,57.0,0.17500000000000002,0.00721875,0.18221875,0.10853748572697156,True,-1.0,0.0195,2026-05-04 02:14:03+00:00,57.0,0.0295,0.0014314875000000001,0.0309314875,0.3511341985612972,True,-1.0
2026-05-05,highest-temperature-in-seoul-on-may-5-2026,443302,18,18°C,True,0.3346301530058596,0.0151588492395201,2.9673892494139977,no_trade,1777947300,18,2144723,highest-temperature-in-seoul-on-may-5-2026-18c,18°C,True,True,0.05,1.0,0.3194713037663394,19,2144724,highest-temperature-in-seoul-on-may-5-2026-19c,19°C,False,True,0.05,1.0,0.3346301530058596,0.34,2026-05-05 02:14:04+00:00,56.0,0.35000000000000003,0.011375,0.36137500000000006,-0.04190369623366064,True,1.7672085783465925,0.355,2026-05-05 02:14:05+00:00,55.0,0.365,0.011588750000000002,0.37658874999999997,-0.041958596994140396,True,-1.0
2026-05-06,highest-temperature-in-seoul-on-may-6-2026,448449,21,21°C or higher,True,0.3911924436770022,0.1077198369131332,1.99824304658204,no_trade,1778033700,21,2156808,highest-temperature-in-seoul-on-may-6-2026-21corhigher,21°C or higher,True,True,0.05,1.0,0.7094796773855279,21,2156808,highest-temperature-in-seoul-on-may-6-2026-21corhigher,21°C or higher,True,True,0.05,1.0,0.7094796773855279,0.62,2026-05-06 02:14:07+00:00,53.0,0.63,0.011655,0.641655,0.06782467738552789,True,0.5584698942578177,0.62,2026-05-06 02:14:07+00:00,53.0,0.63,0.011655,0.641655,0.06782467738552789,True,0.5584698942578177
2026-05-07,highest-temperature-in-seoul-on-may-7-2026,450183,18,19°C,False,0.4043648107973516,0.1194053810964637,1.9394065575000208,shadow_trade,1778120100,18,2161857,highest-temperature-in-seoul-on-may-7-2026-18c,18°C,False,True,0.05,1.0,0.40436481079735165,18,2161857,highest-temperature-in-seoul-on-may-7-2026-18c,18°C,False,True,0.05,1.0,0.40436481079735165,0.2245,2026-05-07 02:14:04+00:00,56.0,0.23450000000000001,0.0089754875,0.2434754875,0.16088932329735164,True,-1.0,0.2245,2026-05-07 02:14:04+00:00,56.0,0.23450000000000001,0.0089754875,0.2434754875,0.16088932329735164,True,-1.0
2026-05-08,highest-temperature-in-seoul-on-may-8-2026,453805,20,20°C,True,0.4175996370166501,0.0692614546321953,1.797556545878983,shadow_trade,1778206500,19,2171162,highest-temperature-in-seoul-on-may-8-2026-19c,19°C,False,True,0.05,1.0,0.4175996370166501,19,2171162,highest-temperature-in-seoul-on-may-8-2026-19c,19°C,False,True,0.05,1.0,0.4175996370166501,0.495,2026-05-08 02:14:05+00:00,55.0,0.505,0.012498750000000001,0.51749875,-0.09989911298334991,True,-1.0,0.495,2026-05-08 02:14:05+00:00,55.0,0.505,0.012498750000000001,0.51749875,-0.09989911298334991,True,-1.0
2026-05-09,highest-temperature-in-seoul-on-may-9-2026,457223,20,20°C,True,0.5404803382045689,0.2982871683956837,3.1783611556054296,shadow_trade,1778292900,20,2179122,highest-temperature-in-seoul-on-may-9-2026-20c,20°C,True,True,0.05,1.0,0.5404803382045689,20,2179122,highest-temperature-in-seoul-on-may-9-2026-20c,20°C,True,True,0.05,1.0,0.5404803382045689,0.405,2026-05-09 02:14:06+00:00,54.0,0.41500000000000004,0.012138750000000002,0.42713875,0.11334158820456885,True,1.341159634896155,0.405,2026-05-09 02:14:06+00:00,54.0,0.41500000000000004,0.012138750000000002,0.42713875,0.11334158820456885,True,1.341159634896155
2026-05-10,highest-temperature-in-seoul-on-may-10-2026,460652,22,22°C or higher,True,0.4239638487389382,0.1840608923514148,3.458388704589794,shadow_trade,1778379300,21,2186635,highest-temperature-in-seoul-on-may-10-2026-21c,21°C,False,True,0.05,1.0,0.4239638487389382,21,2186635,highest-temperature-in-seoul-on-may-10-2026-21c,21°C,False,True,0.05,1.0,0.4239638487389382,0.395,2026-05-10 02:14:04+00:00,56.0,0.405,0.01204875,0.41704875,0.006915098738938197,True,-1.0,0.395,2026-05-10 02:14:04+00:00,56.0,0.405,0.01204875,0.41704875,0.006915098738938197,True,-1.0
2026-05-12,highest-temperature-in-seoul-on-may-12-2026,469191,22,21°C,False,0.3736214220330315,0.0657915636162921,4.132916934750028,no_trade,1778552100,20,2219687,highest-temperature-in-seoul-on-may-12-2026-20c,20°C,False,True,0.05,1.0,0.37362142203303156,20,2219687,highest-temperature-in-seoul-on-may-12-2026-20c,20°C,False,True,0.05,1.0,0.37362142203303156,0.54,2026-05-12 02:14:04+00:00,56.0,0.55,0.012375,0.5623750000000001,-0.1887535779669685,True,-1.0,0.54,2026-05-12 02:14:04+00:00,56.0,0.55,0.012375,0.5623750000000001,-0.1887535779669685,True,-1.0
2026-05-13,highest-temperature-in-seoul-on-may-13-2026,472559,21,20°C,False,0.4572841193047489,0.1919198532100288,6.1662952080000295,shadow_trade,1778638500,21,2227579,highest-temperature-in-seoul-on-may-13-2026-21c,21°C,False,True,0.05,1.0,0.45728411930474894,21,2227579,highest-temperature-in-seoul-on-may-13-2026-21c,21°C,False,True,0.05,1.0,0.45728411930474894,0.415,2026-05-13 02:14:07+00:00,53.0,0.425,0.01221875,0.43721875,0.020065369304748948,True,-1.0,0.415,2026-05-13 02:14:07+00:00,53.0,0.425,0.01221875,0.43721875,0.020065369304748948,True,-1.0
2026-05-14,highest-temperature-in-seoul-on-may-14-2026,476096,26,26°C,True,0.4696241875985268,0.1860536944455184,15.077317010625023,shadow_trade,1778724900,27,2237350,highest-temperature-in-seoul-on-may-14-2026-27corhigher,27°C or higher,False,True,0.05,1.0,0.2386039654168329,26,2237349,highest-temperature-in-seoul-on-may-14-2026-26c,26°C,True,True,0.05,1.0,0.46962418759852687,0.4735,2026-05-14 02:14:05+00:00,55.0,0.4835,0.0124863875,0.49598638749999996,-0.2573824220831671,True,-1.0,0.255,2026-05-14 02:14:05+00:00,55.0,0.265,0.009738750000000001,0.27473875000000003,0.19488543759852683,True,2.639821466757055
2026-05-15,highest-temperature-in-seoul-on-may-15-2026,479713,25,26°C or higher,False,0.4861289685444746,0.1692181088225207,10.679397069374922,no_trade,1778811300,26,2247141,highest-temperature-in-seoul-on-may-15-2026-26corhigher,26°C or higher,True,True,0.05,1.0,0.43614842858170355,25,2247140,highest-temperature-in-seoul-on-may-15-2026-25c,25°C,False,True,0.05,1.0,0.4861289685444746,0.865,2026-05-15 02:14:03+00:00,57.0,0.875,0.0054687500000000005,0.88046875,-0.44432032141829647,True,0.13575865128660158,0.14,2026-05-15 02:14:04+00:00,56.0,0.15000000000000002,0.0063750000000000005,0.15637500000000001,0.3297539685444746,True,-1.0
2026-05-16,highest-temperature-in-seoul-on-may-16-2026,483446,25,24°C,False,0.551993322825144,0.3119121898900175,12.31031776049997,shadow_trade,1778897700,26,2257231,highest-temperature-in-seoul-on-may-16-2026-26corhigher,26°C or higher,False,True,0.05,1.0,0.3538935183739625,25,2257230,highest-temperature-in-seoul-on-may-16-2026-25c,25°C,False,True,0.05,1.0,0.551993322825144,0.68,2026-05-16 02:14:05+00:00,55.0,0.6900000000000001,0.010695,0.7006950000000001,-0.3468014816260376,True,-1.0,0.2,2026-05-16 02:14:05+00:00,55.0,0.21000000000000002,0.008295000000000002,0.21829500000000002,0.333698322825144,True,-1.0
2026-05-19,highest-temperature-in-seoul-on-may-19-2026,503558,23,23°C,True,0.349751569073786,0.04559809768656,7.668731359687527,no_trade,1779156900,25,2306471,highest-temperature-in-seoul-on-may-19-2026-25corhigher,25°C or higher,False,True,0.05,1.0,0.590954500557835,24,2306469,highest-temperature-in-seoul-on-may-19-2026-24c,24°C,False,True,0.05,1.0,0.349751569073786,,,,,,,,False,,,,,,,,,False,
2026-05-20,highest-temperature-in-seoul-on-may-20-2026,496991,20,21°C,False,0.502332529270632,0.2264949417629412,1.9494367461914168,shadow_trade,1779243300,20,2289610,highest-temperature-in-seoul-on-may-20-2026-20c,20°C,False,True,0.05,1.0,0.502332529270632,20,2289610,highest-temperature-in-seoul-on-may-20-2026-20c,20°C,False,True,0.05,1.0,0.502332529270632,,,,,,,,False,,,,,,,,,False,
2026-05-21,highest-temperature-in-seoul-on-may-21-2026,500670,20,20°C,True,0.3357833642411549,0.0021108969021486,2.9998902541992223,no_trade,1779329700,18,2299353,highest-temperature-in-seoul-on-may-21-2026-18c,18°C,False,True,0.05,1.0,0.3336724673390063,19,2299354,highest-temperature-in-seoul-on-may-21-2026-19c,19°C,False,True,0.05,1.0,0.3357833642411549,0.1645,2026-05-21 02:14:06+00:00,54.0,0.17450000000000002,0.0072024875,0.1817024875,0.1519699798390063,True,-1.0,0.385,2026-05-21 02:14:07+00:00,53.0,0.395,0.011948750000000001,0.40694875,-0.07116538575884512,True,-1.0
2026-05-22,highest-temperature-in-seoul-on-may-22-2026,504524,26,26°C,True,0.3745342531125671,0.1148692354107891,3.636581382070218,no_trade,1779416100,25,2309168,highest-temperature-in-seoul-on-may-22-2026-25c,25°C,False,True,0.05,1.0,0.25122578123417383,24,2309167,highest-temperature-in-seoul-on-may-22-2026-24c,24°C,False,True,0.05,1.0,0.37453425311256716,0.295,2026-05-22 02:14:05+00:00,55.0,0.305,0.010598750000000002,0.31559875,-0.06437296876582616,True,-1.0,0.075,2026-05-22 02:14:06+00:00,54.0,0.08499999999999999,0.00388875,0.08888874999999999,0.2856455031125672,True,-1.0
2026-05-23,highest-temperature-in-seoul-on-may-23-2026,509204,23,22°C,False,0.4005061905328624,0.0203134462694347,4.447861465605499,no_trade,1779502500,23,2319746,highest-temperature-in-seoul-on-may-23-2026-23c,23°C,False,True,0.05,1.0,0.022457269958699684,22,2319745,highest-temperature-in-seoul-on-may-23-2026-22c,22°C,True,True,0.05,1.0,0.4005061905328624,0.205,2026-05-23 02:14:03+00:00,57.0,0.215,0.00843875,0.22343875,-0.20098148004130031,True,-1.0,0.49,2026-05-23 02:14:03+00:00,57.0,0.5,0.0125,0.5125,-0.11199380946713755,True,0.9512195121951221
2026-05-24,highest-temperature-in-seoul-on-may-24-2026,512216,25,24°C,False,0.4851893792718542,0.2671016578627139,6.433041946640614,shadow_trade,1779588900,26,2328288,highest-temperature-in-seoul-on-may-24-2026-25corhigher,25°C or higher,False,True,0.05,1.0,0.9547085009786423,26,2328288,highest-temperature-in-seoul-on-may-24-2026-25corhigher,25°C or higher,False,True,0.05,1.0,0.9547085009786423,0.974,2026-05-24 02:14:04+00:00,56.0,0.984,0.0007872000000000008,0.9847872,-0.030078699021357624,True,-1.0,0.974,2026-05-24 02:14:04+00:00,56.0,0.984,0.0007872000000000008,0.9847872,-0.030078699021357624,True,-1.0
2026-05-25,highest-temperature-in-seoul-on-may-25-2026,515631,27,27°C,True,0.4414249714575831,0.2207929804340234,5.260655729531209,shadow_trade,1779675300,27,2336685,highest-temperature-in-seoul-on-may-25-2026-27c,27°C,True,True,0.05,1.0,0.4414249714575831,27,2336685,highest-temperature-in-seoul-on-may-25-2026-27c,27°C,True,True,0.05,1.0,0.4414249714575831,0.41,2026-05-25 02:14:04+00:00,56.0,0.42,0.012180000000000002,0.43218,0.009244971457583073,True,1.3138507103521682,0.41,2026-05-25 02:14:04+00:00,56.0,0.42,0.012180000000000002,0.43218,0.009244971457583073,True,1.3138507103521682
2026-05-26,highest-temperature-in-seoul-on-may-26-2026,519061,28,25°C or higher,True,0.3463871540987941,0.0354324157621326,4.960852468945348,no_trade,1779761700,28,2344011,highest-temperature-in-seoul-on-may-26-2026-25corhigher,25°C or higher,True,True,0.05,1.0,1.0,28,2344011,highest-temperature-in-seoul-on-may-26-2026-25corhigher,25°C or higher,True,True,0.05,1.0,1.0,0.9995,2026-05-26 02:14:04+00:00,56.0,0.99,0.0004950000000000005,0.990495,0.009504999999999986,True,0.009596211995012593,0.9995,2026-05-26 02:14:04+00:00,56.0,0.99,0.0004950000000000005,0.990495,0.009504999999999986,True,0.009596211995012593
2026-05-27,highest-temperature-in-seoul-on-may-27-2026,522307,25,25°C or higher,True,0.3364026656149018,0.0151800699003919,3.6812960869921767,no_trade,1779848100,24,2350656,highest-temperature-in-seoul-on-may-27-2026-24c,24°C,False,True,0.05,1.0,0.32122259571450984,23,2350655,highest-temperature-in-seoul-on-may-27-2026-23c,23°C,False,True,0.05,1.0,0.3364026656149018,0.415,2026-05-27 02:14:19+00:00,41.0,0.425,0.01221875,0.43721875,-0.11599615428549015,True,-1.0,0.475,2026-05-27 02:14:19+00:00,41.0,0.485,0.01248875,0.49748875,-0.1610860843850982,True,-1.0
2026-05-28,highest-temperature-in-seoul-on-may-28-2026,525753,23,23°C,True,0.340049767290692,0.0081264702254686,4.905263130468597,no_trade,1779934500,23,2358504,highest-temperature-in-seoul-on-may-28-2026-23c,23°C,True,True,0.05,1.0,0.18063623223278374,24,2358505,highest-temperature-in-seoul-on-may-28-2026-24c,24°C,False,True,0.05,1.0,0.340049767290692,0.38,2026-05-28 02:14:04+00:00,56.0,0.39,0.011895000000000001,0.401895,-0.22125876776721626,True,1.4882120951989948,0.275,2026-05-28 02:14:04+00:00,56.0,0.28500000000000003,0.010188750000000002,0.29518875000000006,0.04486101729069192,True,-1.0
2026-05-29,highest-temperature-in-seoul-on-may-29-2026,529432,25,25°C,True,0.3296078137931053,0.0117577934325131,5.128488878554592,no_trade,1780020900,24,2367262,highest-temperature-in-seoul-on-may-29-2026-24c,24°C,False,True,0.05,1.0,0.3178500203605921,25,2367263,highest-temperature-in-seoul-on-may-29-2026-25c,25°C,True,True,0.05,1.0,0.3296078137931053,0.25,2026-05-29 02:14:03+00:00,57.0,0.26,0.009620000000000002,0.26962,0.048230020360592096,True,-1.0,0.225,2026-05-29 02:14:03+00:00,57.0,0.23500000000000001,0.008988750000000002,0.24398875,0.08561906379310527,True,3.098549625751187
2026-05-30,highest-temperature-in-seoul-on-may-30-2026,533144,24,24°C,True,0.3927397103432452,0.1161231978225595,5.397198197695367,no_trade,1780107300,25,2375679,highest-temperature-in-seoul-on-may-30-2026-25c,25°C,False,True,0.05,1.0,0.3927397103432452,25,2375679,highest-temperature-in-seoul-on-may-30-2026-25c,25°C,False,True,0.05,1.0,0.3927397103432452,0.335,2026-05-30 02:14:05+00:00,55.0,0.34500000000000003,0.011298750000000003,0.35629875000000005,0.03644096034324512,True,-1.0,0.335,2026-05-30 02:14:05+00:00,55.0,0.34500000000000003,0.011298750000000003,0.35629875000000005,0.03644096034324512,True,-1.0
2026-05-31,highest-temperature-in-seoul-on-may-31-2026,536685,27,27°C,True,0.3943196322734006,0.0444220370281246,5.169438762187482,no_trade,1780193700,27,2383659,highest-temperature-in-seoul-on-may-31-2026-27c,27°C,True,True,0.05,1.0,0.39431963227340067,27,2383659,highest-temperature-in-seoul-on-may-31-2026-27c,27°C,True,True,0.05,1.0,0.39431963227340067,0.465,2026-05-31 02:14:03+00:00,57.0,0.47500000000000003,0.01246875,0.48746875,-0.09314911772659934,True,1.051413552150779,0.465,2026-05-31 02:14:03+00:00,57.0,0.47500000000000003,0.01246875,0.48746875,-0.09314911772659934,True,1.051413552150779
2026-06-01,highest-temperature-in-seoul-on-june-1-2026,540075,25,25°C,True,0.4313643387582135,0.1125614286059682,4.639850225507658,shadow_trade,1780280100,26,2391212,highest-temperature-in-seoul-on-june-1-2026-26c,26°C,False,True,0.05,1.0,0.4313643387582135,26,2391212,highest-temperature-in-seoul-on-june-1-2026-26c,26°C,False,True,0.05,1.0,0.4313643387582135,0.385,2026-06-01 02:14:03+00:00,57.0,0.395,0.011948750000000001,0.40694875,0.02441558875821348,True,-1.0,0.385,2026-06-01 02:14:03+00:00,57.0,0.395,0.011948750000000001,0.40694875,0.02441558875821348,True,-1.0
2026-06-02,highest-temperature-in-seoul-on-june-2-2026,543468,29,29°C,True,0.3611070122328363,0.0574989742449604,7.847117992968592,no_trade,1780366500,28,2399690,highest-temperature-in-seoul-on-june-2-2026-28c,28°C,False,True,0.05,1.0,0.30360803798787583,27,2399689,highest-temperature-in-seoul-on-june-2-2026-27c,27°C,False,True,0.05,1.0,0.3611070122328363,0.33,2026-06-02 02:14:03+00:00,57.0,0.34,0.01122,0.35122000000000003,-0.0476119620121242,True,-1.0,0.175,2026-06-02 02:14:03+00:00,57.0,0.185,0.00753875,0.19253875,0.1685682622328363,True,-1.0
2026-06-03,highest-temperature-in-seoul-on-june-3-2026,546761,27,27°C,True,0.4211713609267367,0.128206591794097,8.302839303163864,no_trade,1780452900,27,2406967,highest-temperature-in-seoul-on-june-3-2026-27c,27°C,True,True,0.05,1.0,0.2929647691326397,26,2406966,highest-temperature-in-seoul-on-june-3-2026-26c,26°C,False,True,0.05,1.0,0.4211713609267367,0.585,2026-06-03 02:14:03+00:00,57.0,0.595,0.01204875,0.60704875,-0.31408398086736034,True,0.6473141572237813,0.17,2026-06-03 02:14:03+00:00,57.0,0.18000000000000002,0.007380000000000001,0.18738000000000002,0.23379136092673666,True,-1.0
2026-06-04,highest-temperature-in-seoul-on-june-4-2026,550231,26,26°C,True,0.4883070065612948,0.2027868906791787,4.883201438906212,shadow_trade,1780539300,26,2415989,highest-temperature-in-seoul-on-june-4-2026-26c,26°C,True,True,0.05,1.0,0.4883070065612948,26,2415989,highest-temperature-in-seoul-on-june-4-2026-26c,26°C,True,True,0.05,1.0,0.4883070065612948,0.59,2026-06-04 02:14:03+00:00,57.0,0.6,0.012,0.612,-0.12369299343870521,True,0.6339869281045751,0.59,2026-06-04 02:14:03+00:00,57.0,0.6,0.012,0.612,-0.12369299343870521,True,0.6339869281045751
2026-06-05,highest-temperature-in-seoul-on-june-5-2026,553896,23,23°C,True,0.3553122752188654,0.0347056064951745,3.5409715690429806,no_trade,1780625700,23,2424443,highest-temperature-in-seoul-on-june-5-2026-23c,23°C,True,True,0.05,1.0,0.3206066687236908,24,2424444,highest-temperature-in-seoul-on-june-5-2026-24c,24°C,False,True,0.05,1.0,0.3553122752188654,0.235,2026-06-05 02:14:07+00:00,53.0,0.245,0.00924875,0.25424875,0.06635791872369079,True,2.933156013549722,0.41,2026-06-05 02:14:07+00:00,53.0,0.42,0.012180000000000002,0.43218,-0.07686772478113463,True,-1.0
2026-06-06,highest-temperature-in-seoul-on-june-6-2026,560827,24,24°C,True,0.355475683197743,0.0430910582228646,3.878348792695192,no_trade,1780712100,26,2440777,highest-temperature-in-seoul-on-june-6-2026-25corhigher,25°C or higher,False,True,0.05,1.0,0.9415906511984297,26,2440777,highest-temperature-in-seoul-on-june-6-2026-25corhigher,25°C or higher,False,True,0.05,1.0,0.9415906511984297,0.785,2026-06-06 02:14:04+00:00,56.0,0.795,0.00814875,0.8031487500000001,0.13844190119842958,True,-1.0,0.785,2026-06-06 02:14:04+00:00,56.0,0.795,0.00814875,0.8031487500000001,0.13844190119842958,True,-1.0
2026-06-07,highest-temperature-in-seoul-on-june-7-2026,564392,24,24°C,True,0.3705641749664551,0.0442184340834708,3.662621747578114,no_trade,1780798500,25,2450054,highest-temperature-in-seoul-on-june-7-2026-25c,25°C,False,True,0.05,1.0,0.19328226296796752,26,2450055,highest-temperature-in-seoul-on-june-7-2026-26c,26°C,False,True,0.05,1.0,0.3705641749664551,0.22,2026-06-07 02:14:03+00:00,57.0,0.23,0.008855,0.238855,-0.04557273703203249,True,-1.0,0.12,2026-06-07 02:14:04+00:00,56.0,0.13,0.005655,0.135655,0.2349091749664551,True,-1.0
2026-06-08,highest-temperature-in-seoul-on-june-8-2026,566655,24,24°C,True,0.3338207787904059,0.0137387199699447,4.1746727322070285,no_trade,1780884900,24,2456159,highest-temperature-in-seoul-on-june-8-2026-24c,24°C,True,True,0.05,1.0,0.33382077879040595,24,2456159,highest-temperature-in-seoul-on-june-8-2026-24c,24°C,True,True,0.05,1.0,0.33382077879040595,0.305,2026-06-08 02:14:03+00:00,57.0,0.315,0.010788750000000001,0.32578875,0.008032028790405932,True,2.0694737003656507,0.305,2026-06-08 02:14:03+00:00,57.0,0.315,0.010788750000000001,0.32578875,0.008032028790405932,True,2.0694737003656507
2026-06-09,highest-temperature-in-seoul-on-june-9-2026,568037,25,25°C,True,0.4198331010002538,0.0905839022735522,4.062633543808545,shadow_trade,1780971300,25,2459770,highest-temperature-in-seoul-on-june-9-2026-25c,25°C,True,True,0.05,1.0,0.41983310100025384,25,2459770,highest-temperature-in-seoul-on-june-9-2026-25c,25°C,True,True,0.05,1.0,0.41983310100025384,0.39,2026-06-09 02:14:04+00:00,56.0,0.4,0.012,0.41200000000000003,0.007833101000253806,True,1.4271844660194173,0.39,2026-06-09 02:14:04+00:00,56.0,0.4,0.012,0.41200000000000003,0.007833101000253806,True,1.4271844660194173
2026-06-10,highest-temperature-in-seoul-on-june-10-2026,571428,23,23°C,True,0.4109955505779367,0.1224038310553591,2.882669362910235,shadow_trade,1781057700,24,2467821,highest-temperature-in-seoul-on-june-10-2026-24c,24°C,False,True,0.05,1.0,0.41099555057793674,24,2467821,highest-temperature-in-seoul-on-june-10-2026-24c,24°C,False,True,0.05,1.0,0.41099555057793674,0.185,2026-06-10 02:14:03+00:00,57.0,0.195,0.00784875,0.20284875,0.20814680057793675,True,-1.0,0.185,2026-06-10 02:14:03+00:00,57.0,0.195,0.00784875,0.20284875,0.20814680057793675,True,-1.0
2026-06-11,highest-temperature-in-seoul-on-june-11-2026,575039,23,23°C,True,0.4161126061653726,0.0965358092869389,2.656024911210835,shadow_trade,1781144100,24,2476205,highest-temperature-in-seoul-on-june-11-2026-24c,24°C,False,True,0.05,1.0,0.4161126061653726,24,2476205,highest-temperature-in-seoul-on-june-11-2026-24c,24°C,False,True,0.05,1.0,0.4161126061653726,0.185,2026-06-11 02:14:04+00:00,56.0,0.195,0.00784875,0.20284875,0.2132638561653726,True,-1.0,0.185,2026-06-11 02:14:04+00:00,56.0,0.195,0.00784875,0.20284875,0.2132638561653726,True,-1.0
2026-06-12,highest-temperature-in-seoul-on-june-12-2026,578703,24,24°C,True,0.4632857952887631,0.1685138630907178,2.8209505410350744,shadow_trade,1781230500,25,2488061,highest-temperature-in-seoul-on-june-12-2026-25c,25°C,False,True,0.05,1.0,0.4632857952887631,25,2488061,highest-temperature-in-seoul-on-june-12-2026-25c,25°C,False,True,0.05,1.0,0.4632857952887631,0.445,2026-06-12 02:14:20+00:00,40.0,0.455,0.01239875,0.46739875000000003,-0.004112954711236905,True,-1.0,0.445,2026-06-12 02:14:20+00:00,40.0,0.455,0.01239875,0.46739875000000003,-0.004112954711236905,True,-1.0
2026-06-13,highest-temperature-in-seoul-on-june-13-2026,582427,27,27°C,True,0.4262544817308555,0.1895298431525344,4.595258153144513,shadow_trade,1781316900,27,2502448,highest-temperature-in-seoul-on-june-13-2026-27c,27°C,True,True,0.05,1.0,0.4262544817308555,27,2502448,highest-temperature-in-seoul-on-june-13-2026-27c,27°C,True,True,0.05,1.0,0.4262544817308555,0.305,2026-06-13 02:14:04+00:00,56.0,0.315,0.010788750000000001,0.32578875,0.10046573173085549,True,2.0694737003656507,0.305,2026-06-13 02:14:04+00:00,56.0,0.315,0.010788750000000001,0.32578875,0.10046573173085549,True,2.0694737003656507
2026-06-14,highest-temperature-in-seoul-on-june-14-2026,585968,26,26°C,True,0.4052966149343433,0.1147128209154744,4.006886133691296,shadow_trade,1781403300,26,2513873,highest-temperature-in-seoul-on-june-14-2026-26c,26°C,True,True,0.05,1.0,0.4052966149343433,26,2513873,highest-temperature-in-seoul-on-june-14-2026-26c,26°C,True,True,0.05,1.0,0.4052966149343433,0.55,2026-06-14 02:14:05+00:00,55.0,0.56,0.01232,0.57232,-0.16702338506565673,True,0.74727425216662,0.55,2026-06-14 02:14:05+00:00,55.0,0.56,0.01232,0.57232,-0.16702338506565673,True,0.74727425216662
2026-06-15,highest-temperature-in-seoul-on-june-15-2026,589461,28,28°C,True,0.4226420327396479,0.1254312642939132,9.076621691249969,no_trade,1781489700,28,2528144,highest-temperature-in-seoul-on-june-15-2026-28c,28°C,True,True,0.05,1.0,0.2972107684457347,27,2528143,highest-temperature-in-seoul-on-june-15-2026-27c,27°C,False,True,0.05,1.0,0.42264203273964795,0.46,2026-06-15 02:14:04+00:00,56.0,0.47000000000000003,0.012455,0.482455,-0.18524423155426534,True,1.0727321719124063,0.065,2026-06-15 02:14:04+00:00,56.0,0.075,0.0034687500000000005,0.07846875,0.344173282739648,True,-1.0
2026-06-16,highest-temperature-in-seoul-on-june-16-2026,593020,29,29°C,True,0.3741455387214899,0.0840198273625176,6.545208918163951,no_trade,1781576100,28,2539072,highest-temperature-in-seoul-on-june-16-2026-28c,28°C,False,True,0.05,1.0,0.3741455387214899,28,2539072,highest-temperature-in-seoul-on-june-16-2026-28c,28°C,False,True,0.05,1.0,0.3741455387214899,0.32,2026-06-16 02:14:04+00:00,56.0,0.33,0.011055,0.341055,0.033090538721489926,True,-1.0,0.32,2026-06-16 02:14:04+00:00,56.0,0.33,0.011055,0.341055,0.033090538721489926,True,-1.0
2026-06-17,highest-temperature-in-seoul-on-june-17-2026,596345,30,30°C,True,0.5234337861179803,0.2547037011094005,5.600762940058559,shadow_trade,1781662500,30,2549436,highest-temperature-in-seoul-on-june-17-2026-30c,30°C,True,True,0.05,1.0,0.5234337861179803,30,2549436,highest-temperature-in-seoul-on-june-17-2026-30c,30°C,True,True,0.05,1.0,0.5234337861179803,0.4895,2026-06-17 02:14:03+00:00,57.0,0.4995,0.012499987499999999,0.5119999875,0.011433798617980329,True,0.953125047683717,0.4895,2026-06-17 02:14:03+00:00,57.0,0.4995,0.012499987499999999,0.5119999875,0.011433798617980329,True,0.953125047683717
2026-06-18,highest-temperature-in-seoul-on-june-18-2026,599812,28,28°C,True,0.37771591363592,0.0868220736400651,5.315005183183629,no_trade,1781748900,28,2560413,highest-temperature-in-seoul-on-june-18-2026-28c,28°C,True,True,0.05,1.0,0.37771591363592,28,2560413,highest-temperature-in-seoul-on-june-18-2026-28c,28°C,True,True,0.05,1.0,0.37771591363592,0.415,2026-06-18 02:14:04+00:00,56.0,0.425,0.01221875,0.43721875,-0.05950283636407999,True,1.2871846186834395,0.415,2026-06-18 02:14:04+00:00,56.0,0.425,0.01221875,0.43721875,-0.05950283636407999,True,1.2871846186834395
2026-06-19,highest-temperature-in-seoul-on-june-19-2026,603543,31,31°C,True,0.4034011520636185,0.0751002334281109,6.841058209277335,shadow_trade,1781835300,30,2575351,highest-temperature-in-seoul-on-june-19-2026-30c,30°C,False,True,0.05,1.0,0.4034011520636185,30,2575351,highest-temperature-in-seoul-on-june-19-2026-30c,30°C,False,True,0.05,1.0,0.4034011520636185,0.635,2026-06-19 02:14:17+00:00,43.0,0.645,0.01144875,0.65644875,-0.25304759793638154,True,-1.0,0.635,2026-06-19 02:14:17+00:00,43.0,0.645,0.01144875,0.65644875,-0.25304759793638154,True,-1.0
2026-06-20,highest-temperature-in-seoul-on-june-20-2026,607134,24,24°C,True,0.3575665668966653,0.003039717422462,4.544335766601535,no_trade,1781921700,24,2591988,highest-temperature-in-seoul-on-june-20-2026-24c,24°C,True,True,0.05,1.0,0.3575665668966653,24,2591988,highest-temperature-in-seoul-on-june-20-2026-24c,24°C,True,True,0.05,1.0,0.3575665668966653,0.815,2026-06-20 02:14:04+00:00,56.0,0.825,0.007218750000000002,0.83221875,-0.4746521831033347,True,0.20160714956253978,0.815,2026-06-20 02:14:04+00:00,56.0,0.825,0.007218750000000002,0.83221875,-0.4746521831033347,True,0.20160714956253978
2026-06-21,highest-temperature-in-seoul-on-june-21-2026,610659,27,27°C,True,0.4525695745075026,0.1878916418222273,3.350314933593552,shadow_trade,1782008100,27,2603505,highest-temperature-in-seoul-on-june-21-2026-27c,27°C,True,True,0.05,1.0,0.4525695745075026,27,2603505,highest-temperature-in-seoul-on-june-21-2026-27c,27°C,True,True,0.05,1.0,0.4525695745075026,0.335,2026-06-21 02:14:03+00:00,57.0,0.34500000000000003,0.011298750000000003,0.35629875000000005,0.09627082450750257,True,1.8066334782257862,0.335,2026-06-21 02:14:03+00:00,57.0,0.34500000000000003,0.011298750000000003,0.35629875000000005,0.09627082450750257,True,1.8066334782257862
2026-06-22,highest-temperature-in-seoul-on-june-22-2026,614087,27,27°C,True,0.4601199691976262,0.1737594534453938,3.4598577301171503,shadow_trade,1782094500,27,2615189,highest-temperature-in-seoul-on-june-22-2026-27c,27°C,True,True,0.05,1.0,0.46011996919762627,27,2615189,highest-temperature-in-seoul-on-june-22-2026-27c,27°C,True,True,0.05,1.0,0.46011996919762627,0.385,2026-06-22 02:14:05+00:00,55.0,0.395,0.011948750000000001,0.40694875,0.05317121919762624,True,1.4573118850960962,0.385,2026-06-22 02:14:05+00:00,55.0,0.395,0.011948750000000001,0.40694875,0.05317121919762624,True,1.4573118850960962
2026-06-23,highest-temperature-in-seoul-on-june-23-2026,617559,30,30°C,True,0.3864228043861724,0.1452427934960749,4.72463424808592,no_trade,1782180900,30,2625816,highest-temperature-in-seoul-on-june-23-2026-30c,30°C,True,True,0.05,1.0,0.3864228043861724,30,2625816,highest-temperature-in-seoul-on-june-23-2026-30c,30°C,True,True,0.05,1.0,0.3864228043861724,0.425,2026-06-23 02:14:04+00:00,56.0,0.435,0.01228875,0.44728875,-0.06086594561382763,True,1.2356922681377522,0.425,2026-06-23 02:14:04+00:00,56.0,0.435,0.01228875,0.44728875,-0.06086594561382763,True,1.2356922681377522
2026-06-24,highest-temperature-in-seoul-on-june-24-2026,620931,29,29°C,True,0.3949478741177798,0.1062829845712703,4.378877079785042,no_trade,1782267300,28,2636621,highest-temperature-in-seoul-on-june-24-2026-28c,28°C,False,True,0.05,1.0,0.3949478741177798,28,2636621,highest-temperature-in-seoul-on-june-24-2026-28c,28°C,False,True,0.05,1.0,0.3949478741177798,0.435,2026-06-24 02:14:04+00:00,56.0,0.445,0.012348749999999999,0.45734875,-0.06240087588222021,True,-1.0,0.435,2026-06-24 02:14:04+00:00,56.0,0.445,0.012348749999999999,0.45734875,-0.06240087588222021,True,-1.0
2026-06-25,highest-temperature-in-seoul-on-june-25-2026,624482,26,26°C,True,0.4070263336292211,0.1110143303851549,4.557882675585972,shadow_trade,1782353700,27,2647459,highest-temperature-in-seoul-on-june-25-2026-27c,27°C,False,True,0.05,1.0,0.4070263336292211,27,2647459,highest-temperature-in-seoul-on-june-25-2026-27c,27°C,False,True,0.05,1.0,0.4070263336292211,0.225,2026-06-25 02:14:05+00:00,55.0,0.23500000000000001,0.008988750000000002,0.24398875,0.16303758362922108,True,-1.0,0.225,2026-06-25 02:14:05+00:00,55.0,0.23500000000000001,0.008988750000000002,0.24398875,0.16303758362922108,True,-1.0
2026-06-26,highest-temperature-in-seoul-on-june-26-2026,628188,25,25°C,True,0.4978568952449987,0.2280091464392044,2.598453692753836,shadow_trade,1782440100,26,2663078,highest-temperature-in-seoul-on-june-26-2026-26c,26°C,False,True,0.05,1.0,0.4978568952449987,26,2663078,highest-temperature-in-seoul-on-june-26-2026-26c,26°C,False,True,0.05,1.0,0.4978568952449987,0.15,2026-06-26 02:14:03+00:00,57.0,0.16,0.00672,0.16672,0.3311368952449987,True,-1.0,0.15,2026-06-26 02:14:03+00:00,57.0,0.16,0.00672,0.16672,0.3311368952449987,True,-1.0
2026-06-27,highest-temperature-in-seoul-on-june-27-2026,631925,28,28°C,True,0.4511014744949673,0.1316108523614242,5.218904494159986,shadow_trade,1782526500,29,2677923,highest-temperature-in-seoul-on-june-27-2026-29c,29°C,False,True,0.05,1.0,0.4511014744949673,29,2677923,highest-temperature-in-seoul-on-june-27-2026-29c,29°C,False,True,0.05,1.0,0.4511014744949673,0.385,2026-06-27 02:14:04+00:00,56.0,0.395,0.011948750000000001,0.40694875,0.044152724494967266,True,-1.0,0.385,2026-06-27 02:14:04+00:00,56.0,0.395,0.011948750000000001,0.40694875,0.044152724494967266,True,-1.0
2026-06-28,highest-temperature-in-seoul-on-june-28-2026,635472,27,27°C,True,0.4600297254062189,0.2019637832076648,3.562940140488166,shadow_trade,1782612900,28,2688135,highest-temperature-in-seoul-on-june-28-2026-28c,28°C,False,True,0.05,1.0,0.4600297254062189,28,2688135,highest-temperature-in-seoul-on-june-28-2026-28c,28°C,False,True,0.05,1.0,0.4600297254062189,0.475,2026-06-28 02:14:03+00:00,57.0,0.485,0.01248875,0.49748875,-0.03745902459378109,True,-1.0,0.475,2026-06-28 02:14:03+00:00,57.0,0.485,0.01248875,0.49748875,-0.03745902459378109,True,-1.0
2026-06-29,highest-temperature-in-seoul-on-june-29-2026,639532,26,26°C,True,0.3501101865232208,0.1112025554884074,4.81558872937498,no_trade,1782699300,27,2702342,highest-temperature-in-seoul-on-june-29-2026-27c,27°C,False,True,0.05,1.0,0.35011018652322085,27,2702342,highest-temperature-in-seoul-on-june-29-2026-27c,27°C,False,True,0.05,1.0,0.35011018652322085,0.42,2026-06-29 02:14:14+00:00,46.0,0.43,0.012255000000000002,0.442255,-0.09214481347677916,True,-1.0,0.42,2026-06-29 02:14:14+00:00,46.0,0.43,0.012255000000000002,0.442255,-0.09214481347677916,True,-1.0
2026-06-30,highest-temperature-in-seoul-on-june-30-2026,643052,28,28°C,True,0.4069854765807533,0.0915818781826633,3.7911955749608808,shadow_trade,1782785700,28,2715208,highest-temperature-in-seoul-on-june-30-2026-28c,28°C,True,True,0.05,1.0,0.40698547658075335,28,2715208,highest-temperature-in-seoul-on-june-30-2026-28c,28°C,True,True,0.05,1.0,0.40698547658075335,0.56,2026-06-30 02:14:03+00:00,57.0,0.5700000000000001,0.012255,0.5822550000000001,-0.17526952341924673,True,0.7174605628118262,0.56,2026-06-30 02:14:03+00:00,57.0,0.5700000000000001,0.012255,0.5822550000000001,-0.17526952341924673,True,0.7174605628118262
2026-07-01,highest-temperature-in-seoul-on-july-1-2026,646484,30,30°C,True,0.4025232920858616,0.1390834068410962,5.715351640722588,shadow_trade,1782872100,31,2725811,highest-temperature-in-seoul-on-july-1-2026-31c,31°C,False,True,0.05,1.0,0.4025232920858616,31,2725811,highest-temperature-in-seoul-on-july-1-2026-31c,31°C,False,True,0.05,1.0,0.4025232920858616,0.23,2026-07-01 02:14:04+00:00,56.0,0.24000000000000002,0.009120000000000001,0.24912,0.15340329208586156,True,-1.0,0.23,2026-07-01 02:14:04+00:00,56.0,0.24000000000000002,0.009120000000000001,0.24912,0.15340329208586156,True,-1.0
2026-07-02,highest-temperature-in-seoul-on-july-2-2026,650038,28,28°C,True,0.3997202409658787,0.1128907958441775,2.839334312109401,no_trade,1782958500,27,2738593,highest-temperature-in-seoul-on-july-2-2026-27c,27°C,False,True,0.05,1.0,0.39972024096587877,27,2738593,highest-temperature-in-seoul-on-july-2-2026-27c,27°C,False,True,0.05,1.0,0.39972024096587877,0.405,2026-07-02 02:14:04+00:00,56.0,0.41500000000000004,0.012138750000000002,0.42713875,-0.02741850903412124,True,-1.0,0.405,2026-07-02 02:14:04+00:00,56.0,0.41500000000000004,0.012138750000000002,0.42713875,-0.02741850903412124,True,-1.0
2026-07-03,highest-temperature-in-seoul-on-july-3-2026,653816,28,28°C,True,0.4826129429074317,0.2251430682903289,2.401098948632736,shadow_trade,1783044900,27,2751095,highest-temperature-in-seoul-on-july-3-2026-27c,27°C,False,True,0.05,1.0,0.48261294290743173,27,2751095,highest-temperature-in-seoul-on-july-3-2026-27c,27°C,False,True,0.05,1.0,0.48261294290743173,0.375,2026-07-03 02:14:04+00:00,56.0,0.385,0.011838750000000002,0.39683875,0.08577419290743171,True,-1.0,0.375,2026-07-03 02:14:04+00:00,56.0,0.385,0.011838750000000002,0.39683875,0.08577419290743171,True,-1.0
2026-07-04,highest-temperature-in-seoul-on-july-4-2026,657474,28,28°C,True,0.5519565830779698,0.3529426114393237,3.063501975585936,shadow_trade,1783131300,28,2764561,highest-temperature-in-seoul-on-july-4-2026-28c,28°C,True,True,0.05,1.0,0.5519565830779698,28,2764561,highest-temperature-in-seoul-on-july-4-2026-28c,28°C,True,True,0.05,1.0,0.5519565830779698,0.515,2026-07-04 02:14:04+00:00,56.0,0.525,0.01246875,0.53746875,0.014487833077969747,True,0.8605732891447175,0.515,2026-07-04 02:14:04+00:00,56.0,0.525,0.01246875,0.53746875,0.014487833077969747,True,0.8605732891447175
2026-07-05,highest-temperature-in-seoul-on-july-5-2026,661244,27,27°C,True,0.3904412706214943,0.1232145909697913,3.512474748281136,no_trade,1783217700,28,2778689,highest-temperature-in-seoul-on-july-5-2026-28c,28°C,False,True,0.05,1.0,0.3904412706214943,28,2778689,highest-temperature-in-seoul-on-july-5-2026-28c,28°C,False,True,0.05,1.0,0.3904412706214943,0.4,2026-07-05 02:14:04+00:00,56.0,0.41000000000000003,0.012095000000000002,0.42209500000000005,-0.031653729378505746,True,-1.0,0.4,2026-07-05 02:14:04+00:00,56.0,0.41000000000000003,0.012095000000000002,0.42209500000000005,-0.031653729378505746,True,-1.0
2026-07-06,highest-temperature-in-seoul-on-july-6-2026,664849,28,28°C,True,0.3956861685273333,0.095891992468681,3.407122040624998,no_trade,1783304100,27,2791285,highest-temperature-in-seoul-on-july-6-2026-27c,27°C,False,True,0.05,1.0,0.39568616852733335,27,2791285,highest-temperature-in-seoul-on-july-6-2026-27c,27°C,False,True,0.05,1.0,0.39568616852733335,0.31,2026-07-06 02:14:04+00:00,56.0,0.32,0.01088,0.33088,0.06480616852733334,True,-1.0,0.31,2026-07-06 02:14:04+00:00,56.0,0.32,0.01088,0.33088,0.06480616852733334,True,-1.0
2026-07-07,highest-temperature-in-seoul-on-july-7-2026,668417,30,30°C or higher,True,0.5222241446849748,0.3259399989895555,1.855670118750055,shadow_trade,1783390500,30,2801987,highest-temperature-in-seoul-on-july-7-2026-30corhigher,30°C or higher,True,True,0.05,1.0,0.7650574467372931,30,2801987,highest-temperature-in-seoul-on-july-7-2026-30corhigher,30°C or higher,True,True,0.05,1.0,0.7650574467372931,0.517,2026-07-07 02:14:04+00:00,56.0,0.527,0.01246355,0.53946355,0.22559389673729313,True,0.8536933588932931,0.517,2026-07-07 02:14:04+00:00,56.0,0.527,0.01246355,0.53946355,0.22559389673729313,True,0.8536933588932931
2026-07-08,highest-temperature-in-seoul-on-july-8-2026,671837,28,28°C,True,0.5249825001725393,0.282972498831727,2.658336536425736,shadow_trade,1783476900,28,2812637,highest-temperature-in-seoul-on-july-8-2026-28c,28°C,True,True,0.05,1.0,0.5249825001725393,28,2812637,highest-temperature-in-seoul-on-july-8-2026-28c,28°C,True,True,0.05,1.0,0.5249825001725393,0.9,2026-07-08 02:14:05+00:00,55.0,0.91,0.004094999999999999,0.914095,-0.38911249982746066,True,0.09397819701453347,0.9,2026-07-08 02:14:05+00:00,55.0,0.91,0.004094999999999999,0.914095,-0.38911249982746066,True,0.09397819701453347
2026-07-09,highest-temperature-in-seoul-on-july-9-2026,675485,27,27°C,True,0.3969807018635354,0.1276783437418911,3.0104903671875576,no_trade,1783563300,26,2825807,highest-temperature-in-seoul-on-july-9-2026-26c,26°C,False,True,0.05,1.0,0.3969807018635354,26,2825807,highest-temperature-in-seoul-on-july-9-2026-26c,26°C,False,True,0.05,1.0,0.3969807018635354,0.355,2026-07-09 02:14:16+00:00,44.0,0.365,0.011588750000000002,0.37658874999999997,0.02039195186353543,True,-1.0,0.355,2026-07-09 02:14:16+00:00,44.0,0.365,0.011588750000000002,0.37658874999999997,0.02039195186353543,True,-1.0
2026-07-10,highest-temperature-in-seoul-on-july-10-2026,679195,28,28°C,True,0.4435205543806846,0.1489313098757919,3.790990948535168,shadow_trade,1783649700,29,2841101,highest-temperature-in-seoul-on-july-10-2026-29c,29°C,False,True,0.05,1.0,0.44352055438068466,29,2841101,highest-temperature-in-seoul-on-july-10-2026-29c,29°C,False,True,0.05,1.0,0.44352055438068466,0.235,2026-07-10 02:14:05+00:00,55.0,0.245,0.00924875,0.25424875,0.18927180438068464,True,-1.0,0.235,2026-07-10 02:14:05+00:00,55.0,0.245,0.00924875,0.25424875,0.18927180438068464,True,-1.0
2026-07-11,highest-temperature-in-seoul-on-july-11-2026,682937,32,32°C,True,0.4062275295734375,0.1034584451210151,4.242883666992114,shadow_trade,1783736100,33,2854442,highest-temperature-in-seoul-on-july-11-2026-33corhigher,33°C or higher,False,True,0.05,1.0,0.6386804823085153,33,2854442,highest-temperature-in-seoul-on-july-11-2026-33corhigher,33°C or higher,False,True,0.05,1.0,0.6386804823085153,0.131,2026-07-11 02:14:03+00:00,57.0,0.14100000000000001,0.006055950000000001,0.14705595000000002,0.4916245323085152,True,-1.0,0.131,2026-07-11 02:14:03+00:00,57.0,0.14100000000000001,0.006055950000000001,0.14705595000000002,0.4916245323085152,True,-1.0
2026-07-12,highest-temperature-in-seoul-on-july-12-2026,686632,34,34°C or higher,True,0.4537769633614357,0.1686428213175795,4.485581334668041,shadow_trade,1783822500,34,2866933,highest-temperature-in-seoul-on-july-12-2026-34corhigher,34°C or higher,True,True,0.05,1.0,0.6513485004522747,34,2866933,highest-temperature-in-seoul-on-july-12-2026-34corhigher,34°C or higher,True,True,0.05,1.0,0.6513485004522747,0.875,2026-07-12 02:14:04+00:00,56.0,0.885,0.0050887499999999995,0.89008875,-0.23874024954772533,True,0.12348347285593708,0.875,2026-07-12 02:14:04+00:00,56.0,0.885,0.0050887499999999995,0.89008875,-0.23874024954772533,True,0.12348347285593708
2026-07-13,highest-temperature-in-seoul-on-july-13-2026,690236,32,32°C,True,0.3906699038640739,0.1021190503793462,4.2764278350586125,no_trade,1783908900,33,2877670,highest-temperature-in-seoul-on-july-13-2026-33c,33°C,False,True,0.05,1.0,0.3906699038640739,33,2877670,highest-temperature-in-seoul-on-july-13-2026-33c,33°C,False,True,0.05,1.0,0.3906699038640739,0.47,2026-07-13 02:14:03+00:00,57.0,0.48,0.01248,0.49248,-0.10181009613592606,True,-1.0,0.47,2026-07-13 02:14:03+00:00,57.0,0.48,0.01248,0.49248,-0.10181009613592606,True,-1.0
2026-07-14,highest-temperature-in-seoul-on-july-14-2026,693906,32,32°C,True,0.4241108940440534,0.112140776597896,3.8449993376953415,shadow_trade,1783995300,32,2888981,highest-temperature-in-seoul-on-july-14-2026-32c,32°C,True,True,0.05,1.0,0.42411089404405344,32,2888981,highest-temperature-in-seoul-on-july-14-2026-32c,32°C,True,True,0.05,1.0,0.42411089404405344,0.635,2026-07-14 02:14:05+00:00,55.0,0.645,0.01144875,0.65644875,-0.23233785595594658,True,0.5233481669361089,0.635,2026-07-14 02:14:05+00:00,55.0,0.645,0.01144875,0.65644875,-0.23233785595594658,True,0.5233481669361089
2026-07-15,highest-temperature-in-seoul-on-july-15-2026,697503,28,28°C,True,0.3449208540534526,0.0775277520261743,4.349568406640628,no_trade,1784081700,27,2902041,highest-temperature-in-seoul-on-july-15-2026-27c,27°C,False,True,0.05,1.0,0.34492085405345263,27,2902041,highest-temperature-in-seoul-on-july-15-2026-27c,27°C,False,True,0.05,1.0,0.34492085405345263,0.24,2026-07-15 02:14:18+00:00,42.0,0.25,0.009375000000000001,0.259375,0.08554585405345261,True,-1.0,0.24,2026-07-15 02:14:18+00:00,42.0,0.25,0.009375000000000001,0.259375,0.08554585405345261,True,-1.0
2026-07-16,highest-temperature-in-seoul-on-july-16-2026,701549,28,28°C,True,0.4528227319325152,0.2035585365704497,2.1599023783007567,shadow_trade,1784168100,29,2916996,highest-temperature-in-seoul-on-july-16-2026-29c,29°C,False,True,0.05,1.0,0.4528227319325152,29,2916996,highest-temperature-in-seoul-on-july-16-2026-29c,29°C,False,True,0.05,1.0,0.4528227319325152,0.45,2026-07-16 02:14:04+00:00,56.0,0.46,0.012420000000000002,0.47242,-0.019597268067484797,True,-1.0,0.45,2026-07-16 02:14:04+00:00,56.0,0.46,0.012420000000000002,0.47242,-0.019597268067484797,True,-1.0
2026-07-17,highest-temperature-in-seoul-on-july-17-2026,705199,31,31°C,True,0.3475736918938237,0.0402914750014746,5.047443527167843,no_trade,1784254500,30,2930601,highest-temperature-in-seoul-on-july-17-2026-30c,30°C,False,True,0.05,1.0,0.34757369189382376,30,2930601,highest-temperature-in-seoul-on-july-17-2026-30c,30°C,False,True,0.05,1.0,0.34757369189382376,0.36,2026-07-17 02:14:04+00:00,56.0,0.37,0.011655,0.381655,-0.03408130810617627,True,-1.0,0.36,2026-07-17 02:14:04+00:00,56.0,0.37,0.011655,0.381655,-0.03408130810617627,True,-1.0
2026-07-18,highest-temperature-in-seoul-on-july-18-2026,708821,26,26°C,True,0.4087413116836831,0.1429156264162226,4.485248639648418,shadow_trade,1784340900,26,2942490,highest-temperature-in-seoul-on-july-18-2026-26c,26°C,True,True,0.05,1.0,0.4087413116836831,26,2942490,highest-temperature-in-seoul-on-july-18-2026-26c,26°C,True,True,0.05,1.0,0.4087413116836831,0.185,2026-07-18 02:14:05+00:00,55.0,0.195,0.00784875,0.20284875,0.2058925616836831,True,3.9297814258160333,0.185,2026-07-18 02:14:05+00:00,55.0,0.195,0.00784875,0.20284875,0.2058925616836831,True,3.9297814258160333
2026-07-20,highest-temperature-in-seoul-on-july-20-2026,716223,27,27°C,True,0.4369005706949002,0.1759173409913936,2.619393997851532,shadow_trade,1784513700,25,2968717,highest-temperature-in-seoul-on-july-20-2026-25c,25°C,False,True,0.05,1.0,0.43690057069490024,25,2968717,highest-temperature-in-seoul-on-july-20-2026-25c,25°C,False,True,0.05,1.0,0.43690057069490024,0.295,2026-07-20 02:14:06+00:00,54.0,0.305,0.010598750000000002,0.31559875,0.12130182069490025,True,-1.0,0.295,2026-07-20 02:14:06+00:00,54.0,0.305,0.010598750000000002,0.31559875,0.12130182069490025,True,-1.0
2026-07-21,highest-temperature-in-seoul-on-july-21-2026,720227,27,27°C,True,0.5103080004635204,0.2717844216802993,1.8439490707030897,shadow_trade,1784600100,27,2980724,highest-temperature-in-seoul-on-july-21-2026-27c,27°C,True,True,0.05,1.0,0.5103080004635204,27,2980724,highest-temperature-in-seoul-on-july-21-2026-27c,27°C,True,True,0.05,1.0,0.5103080004635204,0.785,2026-07-21 02:14:05+00:00,55.0,0.795,0.00814875,0.8031487500000001,-0.29284074953647965,True,0.2450993667113346,0.785,2026-07-21 02:14:05+00:00,55.0,0.795,0.00814875,0.8031487500000001,-0.29284074953647965,True,0.2450993667113346
2026-07-22,highest-temperature-in-seoul-on-july-22-2026,724020,27,27°C,True,0.4361140635861968,0.1820678952462778,1.4127382661132089,shadow_trade,1784686500,27,2996529,highest-temperature-in-seoul-on-july-22-2026-27c,27°C,True,True,0.05,1.0,0.4361140635861968,27,2996529,highest-temperature-in-seoul-on-july-22-2026-27c,27°C,True,True,0.05,1.0,0.4361140635861968,0.28,2026-07-22 02:14:05+00:00,55.0,0.29000000000000004,0.010295000000000002,0.30029500000000003,0.13581906358619678,True,2.330058775537388,0.28,2026-07-22 02:14:05+00:00,55.0,0.29000000000000004,0.010295000000000002,0.30029500000000003,0.13581906358619678,True,2.330058775537388
2026-07-23,highest-temperature-in-seoul-on-july-23-2026,727797,30,30°C or higher,True,0.4385378997507724,0.1794686334335237,3.734187896777328,shadow_trade,1784772900,29,3010442,highest-temperature-in-seoul-on-july-23-2026-29c,29°C,False,True,0.05,1.0,0.4385378997507724,29,3010442,highest-temperature-in-seoul-on-july-23-2026-29c,29°C,False,True,0.05,1.0,0.4385378997507724,0.5,2026-07-23 02:14:06+00:00,54.0,0.51,0.012495000000000001,0.522495,-0.08395710024922765,True,-1.0,0.5,2026-07-23 02:14:06+00:00,54.0,0.51,0.012495000000000001,0.522495,-0.08395710024922765,True,-1.0
2026-07-24,highest-temperature-in-seoul-on-july-24-2026,731542,31,31°C,True,0.5308512849758401,0.2798519106987266,2.000960209511746,shadow_trade,1784859300,30,3024957,highest-temperature-in-seoul-on-july-24-2026-30c,30°C,False,True,0.05,1.0,0.5308512849758401,30,3024957,highest-temperature-in-seoul-on-july-24-2026-30c,30°C,False,True,0.05,1.0,0.5308512849758401,0.205,2026-07-24 02:14:07+00:00,53.0,0.215,0.00843875,0.22343875,0.3074125349758401,True,-1.0,0.205,2026-07-24 02:14:07+00:00,53.0,0.215,0.00843875,0.22343875,0.3074125349758401,True,-1.0
2026-07-25,highest-temperature-in-seoul-on-july-25-2026,736349,31,31°C,True,0.5201067161719495,0.2739777196986082,1.992379851562489,shadow_trade,1784945700,31,3050187,highest-temperature-in-seoul-on-july-25-2026-31c,31°C,True,True,0.05,1.0,0.5201067161719495,31,3050187,highest-temperature-in-seoul-on-july-25-2026-31c,31°C,True,True,0.05,1.0,0.5201067161719495,0.58,2026-07-25 02:14:07+00:00,53.0,0.59,0.012095000000000002,0.6020949999999999,-0.08198828382805046,True,0.6608674710801454,0.58,2026-07-25 02:14:07+00:00,53.0,0.59,0.012095000000000002,0.6020949999999999,-0.08198828382805046,True,0.6608674710801454
