contract_date,actual_high_f,actual_high_c,actual_high_c_source,point_prediction_f,point_prediction_c,offset_c,offset_class_c,point_bucket_c,actual_bucket_c,recommended_bucket_c,recommended_bucket_probability_c,actual_bucket_probability_c,market_top_probability_c,market_top_two_margin_c,market_switch_advantage_c,market_tail_ambiguity_c,celsius_offset_probabilities,market_bucket_probabilities_c,market_probability_decision,market_probability_decision_reason,old_mapped_recommended_bucket_c,old_mapped_actual_bucket_probability_c,old_mapped_hit,old_mapped_market_brier,old_mapped_market_bucket_probabilities_c,probability_decision,probability_decision_reason,recommended_bucket,recommended_hit,point_hit,nearest_celsius_point_hit,new_celsius_hit
2026-01-01,24.8,-4.0,actual_high_f_converted_to_c,25.405641217568007,-3.663532656906663,0,3,-4,-4,-4,0.3829335503837207,0.3829335503837207,0.3829335503837207,0.0074991872812578,0.0,True,"{""+1"": 0.13615158675577896, ""+2"": 0.007591714503444353, ""-1"": 0.3754343631024628, ""-2"": 0.07187213845633765, ""0"": 0.3829335503837207, ""<=-3"": 0.00093552042080447, "">=+3"": 0.0250811263774511}","{""-1"": 0.017160770679308646, ""-2"": 0.007591714503444353, ""-3"": 0.13615158675577896, ""-4"": 0.3829335503837207, ""-5"": 0.3754343631024628, ""-6"": 0.07187213845633765, ""-7"": 0.00093552042080447, ""0"": 0.003960177849071226, ""1"": 0.003960177849071226}",no_trade,tail_allocation_ambiguous,-4,0.4572203744931963,True,0.39066198785191325,"{""-6"": 0.08464499454383444, ""-5"": 0.1925998300529949, ""-4"": 0.4572203744931963, ""-3"": 0.22524784165597816, ""-2"": 0.03201698984757998, ""-1"": 0.004961981643849728, ""0"": 0.0004134984703208106, ""1"": 0.0024809908219248634, ""2"": 0.0004134984703208106}",shadow_trade,confidence_passed,24-25,True,True,True,True
2026-01-02,24.8,-4.0,actual_high_f_converted_to_c,22.39244262423672,-5.337531875424044,1,4,-5,-4,-5,0.4709129260876303,0.2146622949123463,0.4709129260876303,0.2536112354178881,0.0,False,"{""+1"": 0.21466229491234634, ""+2"": 0.01715669496874788, ""-1"": 0.21730169066974223, ""-2"": 0.046629820054176915, ""0"": 0.4709129260876303, ""<=-3"": 0.0007221982414215011, "">=+3"": 0.032614375065934766}","{""-1"": 0.00514963816830549, ""-2"": 0.02231509872932379, ""-3"": 0.017156694968747884, ""-4"": 0.21466229491234637, ""-5"": 0.47091292608763036, ""-6"": 0.21730169066974225, ""-7"": 0.04662982005417692, ""-8"": 0.0007221982414215012, ""0"": 0.00514963816830549}",shadow_trade,confidence_passed,-6,0.16579057571674422,False,0.9642037012426341,"{""-8"": 0.005201989748277246, ""-7"": 0.14217153041794617, ""-6"": 0.45577266303238173, ""-5"": 0.19955904722448123, ""-4"": 0.16579057571674422, ""-3"": 0.021515059221579112, ""-2"": 0.0046103698331955234, ""-1"": 0.0046103698331955234, ""0"": 0.000768394972199254}",shadow_trade,confidence_passed,22-23,False,False,False,False
2026-01-03,32.0,0.0,actual_high_f_converted_to_c,34.368864970946134,1.316036094970075,-1,2,1,0,0,0.2721065766947635,0.2721065766947635,0.2721065766947635,0.0571608373289025,0.0571608373289025,True,"{""+1"": 0.18229619584387122, ""+2"": 0.13008203483175013, ""-1"": 0.27210657669476357, ""-2"": 0.12865179582092146, ""0"": 0.21494573936586098, ""<=-3"": 0.001555979627929527, "">=+3"": 0.07036167781490317}","{""-1"": 0.12865179582092146, ""-2"": 0.001555979627929527, ""0"": 0.27210657669476357, ""1"": 0.21494573936586098, ""2"": 0.18229619584387122, ""3"": 0.13008203483175013, ""4"": 0.04814220061019691, ""5"": 0.011109738602353132, ""6"": 0.011109738602353132}",no_trade,tail_allocation_ambiguous,1,0.1947552698532462,False,0.8005548678451815,"{""-2"": 0.00023407690241876209, ""-1"": 0.10003039494564554, ""0"": 0.1947552698532462, ""1"": 0.2734870486068815, ""2"": 0.21151755804144087, ""3"": 0.14040703094184945, ""4"": 0.0477411724251106, ""5"": 0.003978431035425883, ""6"": 0.023870586212555295, ""7"": 0.003978431035425883}",no_trade,tail_allocation_ambiguous,32-33,True,False,False,True
2026-01-04,37.4,2.999999999999999,actual_high_f_converted_to_c,37.81817522047885,3.232319566932694,0,3,3,3,3,0.5262397763950013,0.5262397763950013,0.5262397763950013,0.26071655509252,0.0,False,"{""+1"": 0.135252079642581, ""+2"": 0.009589325615203138, ""-1"": 0.26552322130248135, ""-2"": 0.04990952376148339, ""0"": 0.5262397763950014, ""<=-3"": 0.0009285914096507373, "">=+3"": 0.012557481873599115}","{""0"": 0.000928591409650737, ""1"": 0.049909523761483374, ""2"": 0.2655232213024813, ""3"": 0.5262397763950013, ""4"": 0.13525207964258099, ""5"": 0.009589325615203136, ""6"": 0.008591961281936235, ""7"": 0.001982760295831439, ""8"": 0.001982760295831439}",shadow_trade,confidence_passed,3,0.5945275830009484,True,0.23968730856434484,"{""2"": 0.1273932837613328, ""3"": 0.5945275830009484, ""4"": 0.24194620976217396, ""5"": 0.005316600492060241, ""6"": 0.0210452937448187, ""7"": 0.004509705802461149, ""8"": 0.004509705802461149, ""9"": 0.0007516176337435249}",no_trade,tail_allocation_ambiguous,38-39,False,False,True,True
2026-01-05,33.8,0.9999999999999984,actual_high_f_converted_to_c,34.582216889537044,1.434564938631691,0,3,1,1,1,0.4902919724746443,0.4902919724746443,0.4902919724746443,0.186551686261759,0.0,False,"{""+1"": 0.15564672539602445, ""+2"": 0.0018409474884432337, ""-1"": 0.30374028621288535, ""-2"": 0.037743698269245084, ""0"": 0.49029197247464446, ""<=-3"": 0.0009298478080537187, "">=+3"": 0.009806522350703832}","{""-1"": 0.03774369826924508, ""-2"": 0.0009298478080537185, ""0"": 0.3037402862128853, ""1"": 0.49029197247464434, ""2"": 0.15564672539602442, ""3"": 0.0018409474884432332, ""4"": 0.006709725818902621, ""5"": 0.0015483982659006046, ""6"": 0.0015483982659006046}",shadow_trade,confidence_passed,1,0.5986672064589668,True,0.2521487708373255,"{""0"": 0.09552243640284076, ""1"": 0.5986672064589668, ""2"": 0.2858326779996433, ""3"": 0.015739476574897916, ""4"": 0.0025429215381907577, ""5"": 0.0002119101281825632, ""6"": 0.001271460769095379, ""7"": 0.0002119101281825632}",shadow_trade,confidence_passed,34-35,True,True,True,True
2026-01-06,39.2,4.000000000000002,actual_high_f_converted_to_c,39.58377432192567,4.213207956625371,0,3,4,4,4,0.3753541481613017,0.3753541481613017,0.3753541481613017,0.1163397511339951,0.0,False,"{""+1"": 0.25901439702730655, ""+2"": 0.05479255812347756, ""-1"": 0.1802616496707028, ""-2"": 0.08116421022979538, ""0"": 0.3753541481613017, ""<=-3"": 0.0020967499853788985, "">=+3"": 0.04731628680203709}","{""1"": 0.0020967499853788985, ""2"": 0.08116421022979538, ""3"": 0.1802616496707028, ""4"": 0.3753541481613017, ""5"": 0.25901439702730655, ""6"": 0.05479255812347756, ""7"": 0.03237430149613064, ""8"": 0.007470992652953224, ""9"": 0.007470992652953224}",no_trade,top_probability_below_threshold,4,0.38864675144831773,True,0.44639032420536723,"{""2"": 0.038282346302386513, ""3"": 0.1531657196560843, ""4"": 0.38864675144831773, ""5"": 0.11901788718302328, ""6"": 0.0571960940067486, ""7"": 0.16642325949503198, ""8"": 0.03566212703464971, ""9"": 0.03566212703464971, ""10"": 0.005943687839108285}",no_trade,tail_allocation_ambiguous,40-41,False,False,True,True
2026-01-07,41.0,5.0,actual_high_f_converted_to_c,41.02456685439331,5.0136482524407295,0,3,5,5,5,0.7076085427635956,0.7076085427635956,0.7076085427635956,0.5652660969220851,0.0,False,"{""+1"": 0.1299545240516639, ""+2"": 9.999999999989993e-13, ""-1"": 0.14234244584151054, ""-2"": 0.012935828715347089, ""0"": 0.7076085427635955, ""<=-3"": 0.0008627665741202357, "">=+3"": 0.006295892052762545}","{""10"": 0.0009940882188572441, ""2"": 0.0008627665741202358, ""3"": 0.01293582871534709, ""4"": 0.14234244584151057, ""5"": 0.7076085427635956, ""6"": 0.12995452405166394, ""7"": 9.999999999989995e-13, ""8"": 0.004307715615048058, ""9"": 0.0009940882188572441}",shadow_trade,confidence_passed,5,0.8150111041498778,True,0.06746956098641001,"{""5"": 0.8150111041498778, ""6"": 0.18233154587291972, ""7"": 0.0019072655343933976, ""8"": 0.0004500506656854641, ""9"": 0.00015001688856182137, ""10"": 0.00011251266642136602, ""11"": 3.750422214045534e-05}",shadow_trade,confidence_passed,40-41,True,True,True,True
2026-01-08,28.4,-2.000000000000001,actual_high_f_converted_to_c,28.81762138628388,-1.7679881187311786,0,3,-2,-2,-2,0.5760709288075386,0.5760709288075386,0.5760709288075386,0.3669318568958017,0.0,False,"{""+1"": 0.17031022193839065, ""+2"": 9.99999999999001e-13, ""-1"": 0.20913907191173692, ""-2"": 0.026173368361653758, ""0"": 0.5760709288075386, ""<=-3"": 0.0008466630624229118, "">=+3"": 0.01745974591725709}","{""-1"": 0.17031022193839065, ""-2"": 0.5760709288075386, ""-3"": 0.2091390719117369, ""-4"": 0.026173368361653754, ""-5"": 0.0008466630624229117, ""0"": 9.99999999999001e-13, ""1"": 0.011946141943386428, ""2"": 0.0027568019869353296, ""3"": 0.0027568019869353296}",shadow_trade,confidence_passed,-2,0.5600157789670788,True,0.29745020220670026,"{""-4"": 0.005329041856836945, ""-3"": 0.12307057926868371, ""-2"": 0.5600157789670788, ""-1"": 0.29769635075966155, ""0"": 0.003846371284815354, ""1"": 0.006857867808825922, ""2"": 0.0014695431018912689, ""3"": 0.0014695431018912689, ""4"": 0.0002449238503152115}",shadow_trade,confidence_passed,28-29,True,True,True,True
2026-01-09,44.6,7.000000000000001,actual_high_f_converted_to_c,44.18978386338398,6.772102146324433,0,3,7,7,8,0.3786284829862423,0.2994912013763702,0.3786284829862423,0.0791372816098721,0.0791372816098721,False,"{""+1"": 0.3786284829862423, ""+2"": 0.07122721011300326, ""-1"": 0.1306453768153374, ""-2"": 0.09270166183661264, ""0"": 0.2994912013763702, ""<=-3"": 0.001970145024953852, "">=+3"": 0.025335921847480392}","{""10"": 0.01733510442196027, ""11"": 0.0040004087127600615, ""12"": 0.0040004087127600615, ""4"": 0.001970145024953852, ""5"": 0.09270166183661264, ""6"": 0.1306453768153374, ""7"": 0.2994912013763702, ""8"": 0.3786284829862423, ""9"": 0.07122721011300326}",no_trade,top_probability_below_threshold,7,0.42658897128948825,True,0.40863629013446423,"{""4"": 0.06209401296975234, ""5"": 0.0365759273534207, ""6"": 0.1678577429355124, ""7"": 0.42658897128948825, ""8"": 0.20252981783030302, ""9"": 0.07126582374152816, ""10"": 0.012726039953844314, ""11"": 0.01018083196307545, ""12"": 0.01018083196307545}",shadow_trade,confidence_passed,44-45,True,True,True,False
2026-01-10,46.4,8.0,actual_high_f_converted_to_c,46.69419048751103,8.16343915972835,0,3,8,8,8,0.6188134048599654,0.6188134048599654,0.6188134048599654,0.4012552563852136,0.0,False,"{""+1"": 0.1348173351489709, ""+2"": 0.0016237018299512598, ""-1"": 0.2175581484747517, ""-2"": 0.02142089547110105, ""0"": 0.6188134048599653, ""<=-3"": 0.001094306120015931, "">=+3"": 0.0046722080952437215}","{""10"": 0.0016237018299512602, ""11"": 0.0031967739599035997, ""12"": 0.0007377170676700614, ""13"": 0.0007377170676700614, ""5"": 0.0010943061200159312, ""6"": 0.021420895471101053, ""7"": 0.21755814847475174, ""8"": 0.6188134048599654, ""9"": 0.13481733514897093}",shadow_trade,confidence_passed,8,0.8472432597159452,True,0.045580604445333045,"{""8"": 0.8472432597159452, ""9"": 0.14913062676370537, ""10"": 0.00019530411272598475, ""11"": 0.0023429917905721394, ""12"": 0.0005020696694083155, ""13"": 0.0005020696694083156, ""14"": 8.367827823471928e-05}",shadow_trade,confidence_passed,46-47,True,True,True,True
2026-01-11,26.6,-2.999999999999999,actual_high_f_converted_to_c,26.534473512877163,-3.0364036039571314,0,3,-3,-3,-3,0.5033339940990413,0.5033339940990413,0.5033339940990413,0.184734039995309,0.0,False,"{""+1"": 0.13860195293592661, ""+2"": 9.999999999989993e-13, ""-1"": 0.3185999541037323, ""-2"": 0.02962783589232255, ""0"": 0.5033339940990413, ""<=-3"": 0.0007531663330150557, "">=+3"": 0.009083096634962078}","{""-1"": 9.999999999989993e-13, ""-2"": 0.13860195293592661, ""-3"": 0.5033339940990413, ""-4"": 0.3185999541037323, ""-5"": 0.02962783589232255, ""-6"": 0.0007531663330150557, ""0"": 0.00621475032918458, ""1"": 0.0014341731528887491, ""2"": 0.0014341731528887491}",shadow_trade,confidence_passed,-3,0.6153691893734848,True,0.22521049888982478,"{""-4"": 0.12364456580156419, ""-3"": 0.6153691893734848, ""-2"": 0.2488508302067191, ""-1"": 0.00680016739396905, ""0"": 0.001867336528491974, ""1"": 0.0016005741672788347, ""2"": 0.0016005741672788347, ""3"": 0.00026676236121313913}",shadow_trade,confidence_passed,26-27,True,True,True,True
2026-01-12,39.2,4.000000000000002,actual_high_f_converted_to_c,34.96504700228925,1.6472483346051408,2,5,2,4,3,0.2930197144912366,0.0702597327035608,0.2930197144912366,0.036964943776156,0.1151043847631437,True,"{""+1"": 0.29301971449123665, ""+2"": 0.07025973270356085, ""-1"": 0.25605477071508065, ""-2"": 0.12475250648310653, ""0"": 0.17791532972809293, ""<=-3"": 0.0015575087393839835, "">=+3"": 0.07644043713953841}","{""-1"": 0.0015575087393839835, ""0"": 0.12475250648310653, ""1"": 0.25605477071508065, ""2"": 0.17791532972809293, ""3"": 0.29301971449123665, ""4"": 0.07025973270356085, ""5"": 0.052301351727052595, ""6"": 0.012069542706242905, ""7"": 0.012069542706242905}",no_trade,tail_allocation_ambiguous,0,0.2608850411504681,False,0.6602180533515911,"{""-1"": 0.026971930057955718, ""0"": 0.26503946766362085, ""1"": 0.0772396784141299, ""2"": 0.10087488523469154, ""3"": 0.14786379980213074, ""4"": 0.2608850411504681, ""5"": 0.04658661449115502, ""6"": 0.03726929159292401, ""7"": 0.03726929159292401}",no_trade,tail_allocation_ambiguous,32-33,False,False,False,False
2026-01-13,37.4,2.999999999999999,actual_high_f_converted_to_c,37.422409764739264,3.012449869299591,0,3,3,3,3,0.709847204418509,0.709847204418509,0.709847204418509,0.5779926756284163,0.0,False,"{""+1"": 0.12791883455471992, ""+2"": 0.004892055208913244, ""-1"": 0.13185452879009277, ""-2"": 0.017781746265258747, ""0"": 0.709847204418509, ""<=-3"": 0.0009336081308598525, "">=+3"": 0.0067720226316465345}","{""0"": 0.0009336081308598525, ""1"": 0.017781746265258747, ""2"": 0.13185452879009277, ""3"": 0.709847204418509, ""4"": 0.12791883455471992, ""5"": 0.004892055208913244, ""6"": 0.004633489169021314, ""7"": 0.0010692667313126107, ""8"": 0.0010692667313126107}",shadow_trade,confidence_passed,3,0.967078655111025,True,0.002048020844772996,"{""3"": 0.967078655111025, ""4"": 0.03103052763863733, ""5"": 0.000968467372124204, ""6"": 0.0005534099269281167, ""7"": 0.00018446997564270553, ""8"": 0.00018446997564270553}",shadow_trade,confidence_passed,36-37,True,True,True,True
2026-01-14,35.6,2.000000000000001,actual_high_f_converted_to_c,34.3265624935806,1.2925347186558866,1,4,1,2,1,0.2755304122848178,0.2377166361567293,0.2755304122848178,0.0373097842701842,0.0,True,"{""+1"": 0.2377166361567293, ""+2"": 0.0839804770693654, ""-1"": 0.2382206280146336, ""-2"": 0.09442974527670724, ""0"": 0.27553041228481784, ""<=-3"": 0.0018640740708530954, "">=+3"": 0.06825802712689351}","{""-1"": 0.09442974527670724, ""-2"": 0.0018640740708530954, ""0"": 0.2382206280146336, ""1"": 0.27553041228481784, ""2"": 0.2377166361567293, ""3"": 0.0839804770693654, ""4"": 0.046702860665769244, ""5"": 0.010777583230562132, ""6"": 0.010777583230562132}",no_trade,tail_allocation_ambiguous,3,0.18288303936956782,False,0.8317237779953099,"{""-2"": 0.00018928839704526282, ""-1"": 0.09588539537024472, ""0"": 0.10769996220190657, ""1"": 0.23705865130546835, ""2"": 0.18288303936956782, ""3"": 0.28913258857845286, ""4"": 0.05229064486638869, ""5"": 0.004357553738865724, ""6"": 0.02614532243319434, ""7"": 0.004357553738865724}",no_trade,tail_allocation_ambiguous,34-35,False,False,False,False
2026-01-15,48.2,9.000000000000002,actual_high_f_converted_to_c,47.47411006142968,8.596727811905376,0,3,9,9,9,0.4940053850595725,0.4940053850595725,0.4940053850595725,0.2701199115995296,0.0,False,"{""+1"": 0.19468143427596782, ""+2"": 0.015042727621504133, ""-1"": 0.223885473460043, ""-2"": 0.0640198151585645, ""0"": 0.49400538505957264, ""<=-3"": 0.0010829608222516782, "">=+3"": 0.007282203602096483}","{""10"": 0.19468143427596776, ""11"": 0.01504272762150413, ""12"": 0.004982560359329172, ""13"": 0.001149821621383655, ""14"": 0.001149821621383655, ""6"": 0.001082960822251678, ""7"": 0.06401981515856449, ""8"": 0.22388547346004295, ""9"": 0.49400538505957253}",shadow_trade,confidence_passed,9,0.5725266298900192,True,0.28627349819925857,"{""8"": 0.3043443348895364, ""9"": 0.5725266298900192, ""10"": 0.10381535519966743, ""11"": 0.00989237269413298, ""12"": 0.005652784395986377, ""13"": 0.0018842614653287923, ""14"": 0.0018842614653287923}",shadow_trade,confidence_passed,48-49,True,True,True,True
2026-01-16,42.8,5.999999999999998,actual_high_f_converted_to_c,40.92862904729998,4.96034947072221,1,4,5,6,5,0.3462307836118964,0.231777789703402,0.3462307836118964,0.0335749987909572,0.0,False,"{""+1"": 0.23177778970340202, ""+2"": 0.013774797992742728, ""-1"": 0.31265578482093914, ""-2"": 0.06414733063363753, ""0"": 0.3462307836118964, ""<=-3"": 0.001325740477738368, "">=+3"": 0.030087772759643763}","{""10"": 0.004750700962049015, ""2"": 0.001325740477738368, ""3"": 0.06414733063363753, ""4"": 0.31265578482093914, ""5"": 0.3462307836118964, ""6"": 0.23177778970340202, ""7"": 0.013774797992742728, ""8"": 0.020586370835545733, ""9"": 0.004750700962049015}",no_trade,top_probability_below_threshold,4,0.20530310464213208,False,0.8357948380448271,"{""2"": 0.0002366742426952474, ""3"": 0.1317465432856833, ""4"": 0.3329378936360545, ""5"": 0.27148489730799735, ""6"": 0.20530310464213208, ""7"": 0.04792858239303306, ""8"": 0.006217382695442643, ""9"": 0.002072460898480881, ""10"": 0.0015543456738606608, ""11"": 0.0005181152246202203}",no_trade,top_two_margin_below_threshold,40-41,False,False,False,False
2026-01-17,35.6,2.000000000000001,actual_high_f_converted_to_c,36.396470842951366,2.442483801639648,0,3,2,2,2,0.5678077203576762,0.5678077203576762,0.5678077203576762,0.3286270378635011,0.0,False,"{""+1"": 0.13675765887874577, ""+2"": 0.01170576450188425, ""-1"": 0.23918068249417507, ""-2"": 0.0301147420004626, ""0"": 0.5678077203576761, ""<=-3"": 0.0013499490034417638, "">=+3"": 0.013083482763614342}","{""-1"": 0.001349949003441764, ""0"": 0.030114742000462602, ""1"": 0.2391806824941751, ""2"": 0.5678077203576762, ""3"": 0.1367576588787458, ""4"": 0.011705764501884252, ""5"": 0.00895185662773613, ""6"": 0.0020658130679391067, ""7"": 0.0020658130679391067}",shadow_trade,confidence_passed,3,0.3126605985720654,False,0.8640622314952671,"{""2"": 0.3126605985720654, ""3"": 0.6240403941464717, ""4"": 0.04567696177398144, ""5"": 0.009025925747734368, ""6"": 0.005157671855848211, ""7"": 0.0017192239519494036, ""8"": 0.0017192239519494036}",shadow_trade,confidence_passed,36-37,True,True,True,True
2026-01-18,35.6,2.000000000000001,actual_high_f_converted_to_c,35.73164796717966,2.0731377595442564,0,3,2,2,1,0.3629817233900314,0.3626129662209144,0.3629817233900314,0.000368757169117,0.000368757169117,True,"{""+1"": 0.18587371948128872, ""+2"": 0.005931173227248791, ""-1"": 0.36298172339003143, ""-2"": 0.05835480527173765, ""0"": 0.3626129662209144, ""<=-3"": 0.0011095873312725328, "">=+3"": 0.023136025077506495}","{""-1"": 0.0011095873312725328, ""0"": 0.05835480527173765, ""1"": 0.36298172339003143, ""2"": 0.3626129662209144, ""3"": 0.18587371948128872, ""4"": 0.005931173227248791, ""5"": 0.015829911895136023, ""6"": 0.0036530565911852358, ""7"": 0.0036530565911852358}",no_trade,tail_allocation_ambiguous,1,0.32109819313261306,False,0.6692513129512224,"{""-1"": 0.00016660976249732504, ""0"": 0.007830658837374277, ""1"": 0.3734520418041376, ""2"": 0.32109819313261306, ""3"": 0.26096050683487937, ""4"": 0.02612921522152821, ""5"": 0.0036269710424395914, ""6"": 0.003108832322091078, ""7"": 0.003108832322091078, ""8"": 0.0005181387203485131}",no_trade,tail_allocation_ambiguous,34-35,False,True,True,False
2026-01-19,32.0,0.0,actual_high_f_converted_to_c,32.01917413025819,0.010652294587885,0,3,0,0,0,0.615010829458597,0.615010829458597,0.615010829458597,0.3680442173482679,0.0,False,"{""+1"": 0.11228637351733213, ""+2"": 9.999999999990017e-13, ""-1"": 0.24696661211032905, ""-2"": 0.01744606726688445, ""0"": 0.615010829458597, ""<=-3"": 0.0006567547049681857, "">=+3"": 0.00763336294088915}","{""-1"": 0.24696661211032905, ""-2"": 0.01744606726688445, ""-3"": 0.0006567547049681857, ""0"": 0.615010829458597, ""1"": 0.11228637351733213, ""2"": 9.999999999990017e-13, ""3"": 0.005222827275345208, ""4"": 0.001205267832771971, ""5"": 0.001205267832771971}",shadow_trade,confidence_passed,0,0.833873738521355,True,0.053387928092859825,"{""0"": 0.833873738521355, ""1"": 0.16052573043554502, ""2"": 0.004587728922441659, ""3"": 0.0006076812723949578, ""4"": 0.00020256042413165258, ""5"": 0.00015192031809873943, ""6"": 5.064010603291315e-05}",shadow_trade,confidence_passed,32-33,True,True,True,True
2026-01-20,21.2,-6.0,actual_high_f_converted_to_c,21.50429132222092,-5.830949265432821,0,3,-6,-6,-6,0.3975239801946253,0.3975239801946253,0.3975239801946253,0.1357215701614499,0.0,False,"{""+1"": 0.25871469231076843, ""+2"": 0.004726228012125528, ""-1"": 0.2618024100331754, ""-2"": 0.04683653838602841, ""0"": 0.39752398019462537, ""<=-3"": 0.0009839874475001673, "">=+3"": 0.029412163615776664}","{""-1"": 0.004644025834069999, ""-2"": 0.004644025834069999, ""-3"": 0.020124111947636664, ""-4"": 0.004726228012125528, ""-5"": 0.25871469231076843, ""-6"": 0.3975239801946253, ""-7"": 0.2618024100331754, ""-8"": 0.04683653838602841, ""-9"": 0.0009839874475001673}",no_trade,top_probability_below_threshold,-6,0.5002771335382685,True,0.3149544944180942,"{""-9"": 9.853934464634087e-05, ""-8"": 0.05304258503363212, ""-7"": 0.14536898902500228, ""-6"": 0.5002771335382685, ""-5"": 0.16571200785668141, ""-4"": 0.11693480067063655, ""-3"": 0.011139566718679633, ""-2"": 0.0037131889062265444, ""-1"": 0.0037131889062265444}",shadow_trade,confidence_passed,20-21,True,True,True,True
2026-01-21,21.2,-6.0,actual_high_f_converted_to_c,20.94280882358357,-6.142883986898017,0,3,-6,-6,-6,0.511354151777369,0.511354151777369,0.511354151777369,0.2876854486293294,0.0,False,"{""+1"": 0.21589125420347333, ""+2"": 9.999999999989997e-13, ""-1"": 0.22366870314803958, ""-2"": 0.03075317502812791, ""0"": 0.5113541517773689, ""<=-3"": 0.0006800859137025965, "">=+3"": 0.017652629928287648}","{""-1"": 0.00278725735709805, ""-2"": 0.00278725735709805, ""-3"": 0.01207811521409155, ""-4"": 9.99999999999e-13, ""-5"": 0.21589125420347335, ""-6"": 0.511354151777369, ""-7"": 0.2236687031480396, ""-8"": 0.030753175028127914, ""-9"": 0.0006800859137025966}",shadow_trade,confidence_passed,-6,0.5614921806488872,True,0.2832026809202378,"{""-9"": 9.566261315470387e-05, ""-8"": 0.04459965973736717, ""-7"": 0.2815655894393809, ""-6"": 0.5614921806488872, ""-5"": 0.09771686493841766, ""-4"": 0.009165410980163203, ""-3"": 0.003218778985577478, ""-2"": 0.001072926328525826, ""-1"": 0.001072926328525826}",shadow_trade,confidence_passed,20-21,True,True,True,True
2026-01-22,23.0,-5.0,actual_high_f_converted_to_c,22.45692942040832,-5.3017058775509325,0,3,-5,-5,-5,0.3635445686673551,0.3635445686673551,0.3635445686673551,0.0707823176230342,0.0,False,"{""+1"": 0.2927622510443208, ""+2"": 0.021149040476165136, ""-1"": 0.2102183920454167, ""-2"": 0.06873042066540257, ""0"": 0.363544568667355, ""<=-3"": 0.0010310518035699934, "">=+3"": 0.042564275297769676}","{""-1"": 0.006720675047016266, ""-2"": 0.029122925203737153, ""-3"": 0.02114904047616514, ""-4"": 0.29276225104432085, ""-5"": 0.3635445686673551, ""-6"": 0.21021839204541673, ""-7"": 0.06873042066540258, ""-8"": 0.0010310518035699936, ""0"": 0.006720675047016266}",no_trade,top_probability_below_threshold,-4,0.18053225459767,False,0.8772945712265101,"{""-8"": 0.0005242945868785749, ""-7"": 0.22007269433845172, ""-6"": 0.09124946349569574, ""-5"": 0.18053225459767, ""-4"": 0.37800316302376047, ""-3"": 0.0665837705580664, ""-2"": 0.03782061563968632, ""-1"": 0.012606871879895438, ""0"": 0.009455153909921578, ""1"": 0.00315171796997386}",no_trade,tail_allocation_ambiguous,24-25,False,True,True,True
2026-01-23,30.2,-1.0000000000000004,actual_high_f_converted_to_c,32.018323125900665,0.0101795143892581,-1,2,0,-1,0,0.3711553277546928,0.181648098222726,0.3711553277546928,0.072490190158711,0.0,False,"{""+1"": 0.2986651375959818, ""+2"": 0.04711366130033909, ""-1"": 0.181648098222726, ""-2"": 0.05046842299147225, ""0"": 0.37115532775469284, ""<=-3"": 0.0016743718327503197, "">=+3"": 0.04927498030203777}","{""-1"": 0.181648098222726, ""-2"": 0.05046842299147225, ""-3"": 0.0016743718327503197, ""0"": 0.37115532775469284, ""1"": 0.2986651375959818, ""2"": 0.04711366130033909, ""3"": 0.03371446020665742, ""4"": 0.0077802600476901745, ""5"": 0.0077802600476901745}",no_trade,top_probability_below_threshold,1,0.28408200604192313,False,0.6658928753407956,"{""-3"": 0.0003177187509910743, ""-2"": 0.05783548123408479, ""-1"": 0.28408200604192313, ""0"": 0.24525532794740212, ""1"": 0.2877770231488998, ""2"": 0.07826830141399801, ""3"": 0.027878484877620673, ""4"": 0.009292828292540224, ""5"": 0.006969621219405168, ""6"": 0.0023232070731350565}",shadow_trade,confidence_passed,32-33,False,False,False,False
2026-01-24,28.4,-2.000000000000001,actual_high_f_converted_to_c,28.99604784994031,-1.6688623055887162,0,3,-2,-2,-2,0.5781025634907376,0.5781025634907376,0.5781025634907376,0.3462103891620578,0.0,False,"{""+1"": 0.14852364865842235, ""+2"": 9.999999999990028e-13, ""-1"": 0.23189217432867984, ""-2"": 0.026414953995462908, ""0"": 0.5781025634907376, ""<=-3"": 0.0008373365347920612, "">=+3"": 0.014229322990905206}","{""-1"": 0.14852364865842235, ""-2"": 0.5781025634907376, ""-3"": 0.23189217432867984, ""-4"": 0.026414953995462908, ""-5"": 0.0008373365347920612, ""0"": 9.999999999990028e-13, ""1"": 0.009735852572724616, ""2"": 0.0022467352090902956, ""3"": 0.0022467352090902956}",shadow_trade,confidence_passed,-2,0.572673337465442,True,0.2865711466026265,"{""-3"": 0.10697425702100392, ""-2"": 0.572673337465442, ""-1"": 0.3039571471704566, ""0"": 0.00046255912501993193, ""1"": 0.010880867758687143, ""2"": 0.0023316145197186736, ""3"": 0.0023316145197186736, ""4"": 0.00038860241995311226}",shadow_trade,confidence_passed,28-29,True,True,True,True
2026-01-25,26.6,-2.999999999999999,actual_high_f_converted_to_c,27.011049949525223,-2.771638916930432,0,3,-3,-3,-3,0.4961131203607895,0.4961131203607895,0.4961131203607895,0.2348967672745549,0.0,False,"{""+1"": 0.19862506177182587, ""+2"": 9.999999999990022e-13, ""-1"": 0.2612163530862345, ""-2"": 0.02889924779975702, ""0"": 0.4961131203607894, ""<=-3"": 0.0008878303674064726, "">=+3"": 0.014258386612986632}","{""-1"": 9.999999999990024e-13, ""-2"": 0.1986250617718259, ""-3"": 0.4961131203607895, ""-4"": 0.26121635308623453, ""-5"": 0.028899247799757024, ""-6"": 0.0008878303674064727, ""0"": 0.009755738208885591, ""1"": 0.002251324202050521, ""2"": 0.002251324202050521}",shadow_trade,confidence_passed,-3,0.5838904122816158,True,0.2637456262761924,"{""-5"": 0.005853169886606353, ""-4"": 0.13305804415325365, ""-3"": 0.5838904122816158, ""-2"": 0.26989230634188416, ""-1"": 0.0037421320509620584, ""0"": 0.0012473773499873115, ""1"": 0.0010691805857034097, ""2"": 0.0010691805857034097, ""3"": 0.00017819676428390161}",shadow_trade,confidence_passed,26-27,True,True,True,True
2026-01-26,30.2,-1.0000000000000004,actual_high_f_converted_to_c,32.36494282661837,0.202746014787982,-1,2,0,-1,0,0.3198115261195373,0.2407597258008217,0.3198115261195373,0.0790518003187155,0.0,False,"{""+1"": 0.2320597821368202, ""+2"": 0.07863636718948874, ""-1"": 0.24075972580082167, ""-2"": 0.08304893745631647, ""0"": 0.3198115261195372, ""<=-3"": 0.0014607790995653236, "">=+3"": 0.04422288219745028}","{""-1"": 0.2407597258008217, ""-2"": 0.08304893745631649, ""-3"": 0.0014607790995653238, ""0"": 0.3198115261195373, ""1"": 0.23205978213682021, ""2"": 0.07863636718948876, ""3"": 0.03025776150351862, ""4"": 0.006982560346965835, ""5"": 0.006982560346965835}",no_trade,top_probability_below_threshold,-1,0.29465768551590965,True,0.6314259016584408,"{""-3"": 0.0001564405767903709, ""-2"": 0.06147841646821846, ""-1"": 0.29465768551590965, ""0"": 0.20567233351436776, ""1"": 0.2486621925357277, ""2"": 0.16012814110648807, ""3"": 0.01754687416949884, ""4"": 0.005848958056499614, ""5"": 0.00438671854237471, ""6"": 0.0014622395141249034}",shadow_trade,confidence_passed,32-33,False,False,False,False
2026-01-27,30.2,-1.0000000000000004,actual_high_f_converted_to_c,30.71671896949452,-0.7129339058363766,0,3,-1,-1,-1,0.5536911927972239,0.5536911927972239,0.5536911927972239,0.3102388576510092,0.0,False,"{""+1"": 0.16698521774852707, ""+2"": 9.99999999999001e-13, ""-1"": 0.2434523351462147, ""-2"": 0.024276758255820798, ""0"": 0.5536911927972239, ""<=-3"": 0.0008857898706310394, "">=+3"": 0.010708706180582532}","{""-1"": 0.5536911927972239, ""-2"": 0.24345233514621467, ""-3"": 0.024276758255820794, ""-4"": 0.0008857898706310393, ""0"": 0.16698521774852707, ""1"": 9.99999999999001e-13, ""2"": 0.007327009491977521, ""3"": 0.0016908483443025047, ""4"": 0.0016908483443025047}",shadow_trade,confidence_passed,-1,0.6337926685875499,True,0.20015460400665328,"{""-2"": 0.2352067672262447, ""-1"": 0.6337926685875499, ""0"": 0.10009725734850955, ""1"": 0.026384165472740882, ""2"": 0.002711484818973038, ""3"": 0.0009038282729910127, ""4"": 0.0009038282729910127}",shadow_trade,confidence_passed,30-31,True,True,True,True
2026-01-28,28.4,-2.000000000000001,actual_high_f_converted_to_c,28.43727713610832,-1.9792904799398217,0,3,-2,-2,-2,0.4698883589686067,0.4698883589686067,0.4698883589686067,0.2365881040121851,0.0,False,"{""+1"": 0.2333002549564216, ""+2"": 0.016914108119928304, ""-1"": 0.20235883998099194, ""-2"": 0.04846449692174327, ""0"": 0.46988835896860676, ""<=-3"": 0.0009674288339834864, "">=+3"": 0.028106512218324775}","{""-1"": 0.23330025495642157, ""-2"": 0.4698883589686067, ""-3"": 0.2023588399809919, ""-4"": 0.04846449692174326, ""-5"": 0.0009674288339834863, ""0"": 0.016914108119928304, ""1"": 0.01923077151780116, ""2"": 0.0044378703502618065, ""3"": 0.0044378703502618065}",shadow_trade,confidence_passed,-2,0.5582520697073681,True,0.2689988245161197,"{""-5"": 8.269552066902248e-05, ""-4"": 0.04555698397509805, ""-3"": 0.16110364648864717, ""-2"": 0.5582520697073681, ""-1"": 0.2136841504550353, ""0"": 0.010920232461386096, ""1"": 0.00624013283507777, ""2"": 0.0020800442783592563, ""3"": 0.0020800442783592563}",shadow_trade,confidence_passed,28-29,True,True,True,True
2026-01-29,30.2,-1.0000000000000004,actual_high_f_converted_to_c,29.94268440109903,-1.1429531105005393,0,3,-1,-1,-1,0.6000230576277372,0.6000230576277372,0.6000230576277372,0.3914213973608216,0.0,False,"{""+1"": 0.14199119406913252, ""+2"": 0.00019996303205657362, ""-1"": 0.2086016602669156, ""-2"": 0.030765227108217823, ""0"": 0.6000230576277372, ""<=-3"": 0.000915986492347365, "">=+3"": 0.017502911403592895}","{""-1"": 0.6000230576277372, ""-2"": 0.2086016602669156, ""-3"": 0.030765227108217823, ""-4"": 0.000915986492347365, ""0"": 0.14199119406913252, ""1"": 0.00019996303205657362, ""2"": 0.011975676223510928, ""3"": 0.0027636175900409834, ""4"": 0.0027636175900409834}",shadow_trade,confidence_passed,-1,0.5567319211762596,True,0.32787595370762884,"{""-3"": 0.021944071881234414, ""-2"": 0.35750496396980264, ""-1"": 0.5567319211762596, ""0"": 0.055427196563687296, ""1"": 0.004298262795352714, ""2"": 0.002456150168198086, ""3"": 0.0008187167227326951, ""4"": 0.0008187167227326951}",shadow_trade,confidence_passed,30-31,True,True,True,True
2026-01-30,26.6,-2.999999999999999,actual_high_f_converted_to_c,25.17793390735354,-3.7900367181369217,1,4,-4,-3,-4,0.5161238295186344,0.2188047917134383,0.5161238295186344,0.2973190378051961,0.0,False,"{""+1"": 0.2188047917134384, ""+2"": 9.999999999989993e-13, ""-1"": 0.21595202833832716, ""-2"": 0.026300993182677656, ""0"": 0.5161238295186344, ""<=-3"": 0.0007839848061806863, "">=+3"": 0.02203437243974165}","{""-1"": 0.01507614956403376, ""-2"": 9.999999999989993e-13, ""-3"": 0.21880479171343836, ""-4"": 0.5161238295186344, ""-5"": 0.21595202833832713, ""-6"": 0.026300993182677652, ""-7"": 0.0007839848061806862, ""0"": 0.003479111437853944, ""1"": 0.003479111437853944}",shadow_trade,confidence_passed,-4,0.3495994441319581,False,0.6577011435735581,"{""-6"": 0.035632616120512564, ""-5"": 0.09929270422998089, ""-4"": 0.4712585551876373, ""-3"": 0.3495994441319581, ""-2"": 0.03807559358784149, ""-1"": 0.003684652045241795, ""0"": 0.0003070543371034829, ""1"": 0.0018423260226208974, ""2"": 0.0003070543371034829}",shadow_trade,confidence_passed,24-25,False,False,False,False
2026-01-31,30.2,-1.0000000000000004,actual_high_f_converted_to_c,31.940070316391093,-0.0332942686716148,-1,2,0,-1,0,0.5141645821152097,0.1980506284270766,0.5141645821152097,0.3050694514554701,0.0,False,"{""+1"": 0.20909513065973948, ""+2"": 0.006255123322038344, ""-1"": 0.19805062842707663, ""-2"": 0.04241170112645985, ""0"": 0.5141645821152095, ""<=-3"": 0.00107065300414988, "">=+3"": 0.028952181345326178}","{""-1"": 0.19805062842707666, ""-2"": 0.04241170112645986, ""-3"": 0.0010706530041498803, ""0"": 0.5141645821152097, ""1"": 0.2090951306597395, ""2"": 0.006255123322038345, ""3"": 0.01980938723627581, ""4"": 0.004571397054525186, ""5"": 0.004571397054525186}",shadow_trade,confidence_passed,1,0.33887985497147866,False,0.6080251052945012,"{""-3"": 0.00020965555817677864, ""-2"": 0.06731403353976548, ""-1"": 0.33887985497147866, ""0"": 0.17705762728434637, ""1"": 0.3655848568335556, ""2"": 0.036356307965553614, ""3"": 0.008758598308274065, ""4"": 0.0029195327694246887, ""5"": 0.0021896495770685163, ""6"": 0.0007298831923561722}",shadow_trade,confidence_passed,32-33,False,False,False,False
2026-02-01,32.0,0.0,actual_high_f_converted_to_c,35.074208534533305,1.7078936302962806,-2,1,2,0,2,0.5019521264926332,0.0316522636239767,0.5019521264926332,0.2492047402361287,0.0,False,"{""+1"": 0.2527473862565045, ""+2"": 0.005938822030311908, ""-1"": 0.18197655541884517, ""-2"": 0.03165226362397678, ""0"": 0.5019521264926332, ""<=-3"": 0.0010857563699476767, "">=+3"": 0.0246470898077808}","{""-1"": 0.0010857563699476767, ""0"": 0.03165226362397678, ""1"": 0.18197655541884517, ""2"": 0.5019521264926332, ""3"": 0.2527473862565045, ""4"": 0.005938822030311908, ""5"": 0.016863798289534233, ""6"": 0.003891645759123284, ""7"": 0.003891645759123284}",shadow_trade,confidence_passed,2,0.02371236697370715,False,1.359440164212027,"{""-1"": 0.006879198848042889, ""0"": 0.02371236697370715, ""1"": 0.31597278001103374, ""2"": 0.5455317309218296, ""3"": 0.09330023583536372, ""4"": 0.009973249938552173, ""5"": 0.0017809374890271736, ""6"": 0.0014247499912217391, ""7"": 0.0014247499912217391}",shadow_trade,confidence_passed,34-35,False,False,False,False
2026-02-02,32.0,0.0,actual_high_f_converted_to_c,32.44986322485137,0.2499240138063167,0,3,0,0,0,0.564553988987968,0.564553988987968,0.564553988987968,0.3525681984828627,0.0,False,"{""+1"": 0.2119857905051054, ""+2"": 0.007924313259261571, ""-1"": 0.17160806047100707, ""-2"": 0.028005501864339588, ""0"": 0.564553988987968, ""<=-3"": 0.0008426237471432787, "">=+3"": 0.015079721165174979}","{""-1"": 0.17160806047100707, ""-2"": 0.028005501864339585, ""-3"": 0.0008426237471432786, ""0"": 0.564553988987968, ""1"": 0.21198579050510538, ""2"": 0.007924313259261571, ""3"": 0.010317703955119722, ""4"": 0.002381008605027628, ""5"": 0.002381008605027628}",shadow_trade,confidence_passed,0,0.4577637634643814,True,0.43425655542601754,"{""-1"": 0.2118183758117504, ""0"": 0.4577637634643814, ""1"": 0.30824476472757756, ""2"": 0.018692548243582185, ""3"": 0.0020883286516251206, ""4"": 0.0006961095505417068, ""5"": 0.0005220821629062801, ""6"": 0.0001740273876354267}",shadow_trade,confidence_passed,32-33,True,True,True,True
2026-02-03,37.4,2.999999999999999,actual_high_f_converted_to_c,38.95791359765535,3.865507554252972,-1,2,4,3,4,0.5479596822644544,0.1211051745939683,0.5479596822644544,0.3069017574201701,0.0,False,"{""+1"": 0.24105792484428426, ""+2"": 0.015539893943051176, ""-1"": 0.12110517459396838, ""-2"": 0.04968826413581917, ""0"": 0.5479596822644544, ""<=-3"": 0.0013567357273368548, "">=+3"": 0.023292324491085818}","{""1"": 0.0013567357273368548, ""2"": 0.04968826413581917, ""3"": 0.12110517459396838, ""4"": 0.5479596822644544, ""5"": 0.24105792484428426, ""6"": 0.015539893943051176, ""7"": 0.01593685359916398, ""8"": 0.0036777354459609185, ""9"": 0.0036777354459609185}",shadow_trade,confidence_passed,4,0.17395391417799858,False,0.9523371240863366,"{""1"": 0.00027238613068693984, ""2"": 0.054291217449151635, ""3"": 0.17395391417799858, ""4"": 0.4576403186554716, ""5"": 0.2324765198626293, ""6"": 0.05750557211302247, ""7"": 0.014316042966623626, ""8"": 0.004772014322207876, ""9"": 0.004772014322207876}",shadow_trade,confidence_passed,38-39,False,False,False,False
2026-02-04,44.6,7.000000000000001,actual_high_f_converted_to_c,44.87532651910239,7.152959177279104,0,3,7,7,8,0.3294147292650334,0.2757620315102833,0.3294147292650334,0.05365269775475,0.05365269775475,False,"{""+1"": 0.3294147292650334, ""+2"": 0.020866959159998564, ""-1"": 0.2726794870201902, ""-2"": 0.08258742161241804, ""0"": 0.27576203151028333, ""<=-3"": 0.001849914510737793, "">=+3"": 0.016839456921338716}","{""10"": 0.011521733683021227, ""11"": 0.0026588616191587445, ""12"": 0.0026588616191587445, ""4"": 0.0018499145107377928, ""5"": 0.08258742161241804, ""6"": 0.2726794870201902, ""7"": 0.27576203151028333, ""8"": 0.3294147292650334, ""9"": 0.020866959159998564}",no_trade,top_probability_below_threshold,7,0.37909886688046524,True,0.5424344536140647,"{""4"": 0.0009911151018764178, ""5"": 0.046582409788191635, ""6"": 0.15986017080002005, ""7"": 0.37909886688046524, ""8"": 0.3575849394808548, ""9"": 0.03438119920632214, ""10"": 0.0075254545597944235, ""11"": 0.006450389622680934, ""12"": 0.006450389622680934, ""13"": 0.001075064937113489}",no_trade,tail_allocation_ambiguous,44-45,True,True,True,False
2026-02-05,46.4,8.0,actual_high_f_converted_to_c,48.68152829434303,9.26751571907946,-1,2,9,8,8,0.3548255547055914,0.3548255547055914,0.3548255547055914,0.0699112479941097,0.0699112479941097,False,"{""+1"": 0.2081039534309548, ""+2"": 0.02578699418121399, ""-1"": 0.3548255547055914, ""-2"": 0.1153972248030223, ""0"": 0.2849143067114817, ""<=-3"": 0.0020609164649252345, "">=+3"": 0.008911049702810498}","{""10"": 0.20810395343095484, ""11"": 0.025786994181213992, ""12"": 0.006097034007186131, ""13"": 0.001407007847812184, ""14"": 0.001407007847812184, ""6"": 0.002060916464925235, ""7"": 0.11539722480302231, ""8"": 0.35482555470559146, ""9"": 0.28491430671148177}",no_trade,top_probability_below_threshold,9,0.26327331305396684,False,0.728718503792401,"{""7"": 0.08478034862116919, ""8"": 0.26327331305396684, ""9"": 0.3702528048070215, ""10"": 0.1906619400969841, ""11"": 0.07185912142768305, ""12"": 0.011503483195905191, ""13"": 0.0038344943986350633, ""14"": 0.0038344943986350633}",shadow_trade,confidence_passed,48-49,False,False,False,True
2026-02-06,24.8,-4.0,actual_high_f_converted_to_c,25.45083294290002,-3.6384261428333216,0,3,-4,-4,-4,0.5406380039630087,0.5406380039630087,0.5406380039630087,0.2879343638754362,0.0,False,"{""+1"": 0.15369599947460302, ""+2"": 0.0033345769121621007, ""-1"": 0.2527036400875724, ""-2"": 0.033423274312489044, ""0"": 0.5406380039630087, ""<=-3"": 0.0009130097137636235, "">=+3"": 0.01529149553640123}","{""-1"": 0.010462602209116632, ""-2"": 0.0033345769121621007, ""-3"": 0.15369599947460302, ""-4"": 0.5406380039630087, ""-5"": 0.2527036400875724, ""-6"": 0.033423274312489044, ""-7"": 0.0009130097137636235, ""0"": 0.0024144466636422993, ""1"": 0.0024144466636422993}",shadow_trade,confidence_passed,-4,0.6661700007235781,True,0.21079854264745704,"{""-4"": 0.6661700007235781, ""-3"": 0.3148085955061764, ""-2"": 0.015703980931164947, ""-1"": 0.0019904537034483244, ""0"": 0.000165871141954027, ""1"": 0.000995226851724162, ""2"": 0.000165871141954027}",shadow_trade,confidence_passed,24-25,True,True,True,True
2026-02-07,23.0,-5.0,actual_high_f_converted_to_c,21.894856802146823,-5.613968443251763,1,4,-6,-5,-6,0.5116834370461321,0.1742764422045018,0.5116834370461321,0.2500573572352961,0.0,False,"{""+1"": 0.17427644220450184, ""+2"": 9.999999999990011e-13, ""-1"": 0.2616260798108359, ""-2"": 0.03029888378967461, ""0"": 0.511683437046132, ""<=-3"": 0.0007251568697597648, "">=+3"": 0.021390000278095872}","{""-1"": 0.0033773684649625064, ""-2"": 0.0033773684649625064, ""-3"": 0.014635263348170863, ""-4"": 9.999999999990013e-13, ""-5"": 0.17427644220450186, ""-6"": 0.5116834370461321, ""-7"": 0.26162607981083597, ""-8"": 0.030298883789674613, ""-9"": 0.0007251568697597649}",shadow_trade,confidence_passed,-6,0.178498877176826,False,0.9919081892535723,"{""-8"": 0.0046599494668973715, ""-7"": 0.1990043602410086, ""-6"": 0.5191155344209158, ""-5"": 0.178498877176826, ""-4"": 0.08881840946551114, ""-3"": 0.006762935083110952, ""-2"": 0.0014492003749523468, ""-1"": 0.0014492003749523468, ""0"": 0.00024153339582539115}",shadow_trade,confidence_passed,22-23,True,True,False,False
2026-02-08,24.8,-4.0,actual_high_f_converted_to_c,22.22841229641472,-5.428659835325157,1,4,-5,-4,-4,0.3273460790884722,0.3273460790884722,0.3273460790884722,0.0103740677788675,0.0103740677788675,True,"{""+1"": 0.32734607908847224, ""+2"": 0.013017367265399642, ""-1"": 0.22794403704171737, ""-2"": 0.05882472997762578, ""0"": 0.3169720113096047, ""<=-3"": 0.0011087377584690916, "">=+3"": 0.054787037558711206}","{""-1"": 0.008650584877691242, ""-2"": 0.03748586780332872, ""-3"": 0.013017367265399642, ""-4"": 0.32734607908847224, ""-5"": 0.3169720113096047, ""-6"": 0.22794403704171737, ""-7"": 0.05882472997762578, ""-8"": 0.0011087377584690916, ""0"": 0.008650584877691242}",no_trade,tail_allocation_ambiguous,-4,0.34210297737175765,True,0.5346322218689252,"{""-8"": 0.00544593821336669, ""-7"": 0.15287514840159228, ""-6"": 0.22962748548577971, ""-5"": 0.11774825221221888, ""-4"": 0.34210297737175765, ""-3"": 0.10394159884946283, ""-2"": 0.02227319975345632, ""-1"": 0.02227319975345632, ""0"": 0.0037121999589093866}",no_trade,tail_allocation_ambiguous,22-23,False,False,False,True
2026-02-09,35.6,2.000000000000001,actual_high_f_converted_to_c,34.6892516883794,1.4940287157663334,1,4,1,2,2,0.3701317732022667,0.3701317732022667,0.3701317732022667,0.0313426396652855,0.0313426396652855,False,"{""+1"": 0.37013177320226676, ""+2"": 0.04323184636840907, ""-1"": 0.15793691665870987, ""-2"": 0.061347714803366434, ""0"": 0.33878913353698126, ""<=-3"": 0.0015327293835242224, "">=+3"": 0.02702988604674239}","{""-1"": 0.061347714803366434, ""-2"": 0.0015327293835242224, ""0"": 0.15793691665870987, ""1"": 0.33878913353698126, ""2"": 0.37013177320226676, ""3"": 0.04323184636840907, ""4"": 0.018494132558297426, ""5"": 0.0042678767442224826, ""6"": 0.0042678767442224826}",no_trade,top_probability_below_threshold,2,0.3563731942144247,True,0.5111989950349564,"{""-1"": 0.0442787079108049, ""0"": 0.08329985917137572, ""1"": 0.17227906227991407, ""2"": 0.3563731942144247, ""3"": 0.22703976081388952, ""4"": 0.07971764968459885, ""5"": 0.014235294586535507, ""6"": 0.011388235669228405, ""7"": 0.011388235669228405}",no_trade,tail_allocation_ambiguous,34-35,False,False,False,True
2026-02-10,37.4,2.999999999999999,actual_high_f_converted_to_c,37.27456327722734,2.930312931792965,0,3,3,3,3,0.3708168423157989,0.3708168423157989,0.3708168423157989,0.0755101824598115,0.0,False,"{""+1"": 0.2502654976142556, ""+2"": 0.007386890963516995, ""-1"": 0.29530665985598736, ""-2"": 0.06251716638094341, ""0"": 0.3708168423157989, ""<=-3"": 0.0007983380524673176, "">=+3"": 0.01290860481703037}","{""0"": 0.0007983380524673175, ""1"": 0.06251716638094341, ""2"": 0.29530665985598736, ""3"": 0.3708168423157989, ""4"": 0.2502654976142556, ""5"": 0.007386890963516994, ""6"": 0.008832203295862883, ""7"": 0.0020382007605837422, ""8"": 0.0020382007605837422}",no_trade,top_probability_below_threshold,3,0.3657948621427793,True,0.565959767770831,"{""1"": 0.029438301138906855, ""2"": 0.25044945658733664, ""3"": 0.3657948621427793, ""4"": 0.31558312261467436, ""5"": 0.018989737219558742, ""6"": 0.013484062641678958, ""7"": 0.002889441994645491, ""8"": 0.0028894419946454905, ""9"": 0.0004815736657742485}",no_trade,switch_advantage_below_threshold,36-37,True,False,True,True
2026-02-11,39.2,4.000000000000002,actual_high_f_converted_to_c,39.35314382921483,4.08507990511935,0,3,4,4,4,0.3358664143172112,0.3358664143172112,0.3358664143172112,0.0507645979938669,0.0,False,"{""+1"": 0.2713672881427594, ""+2"": 0.02617486763544193, ""-1"": 0.2851018163233443, ""-2"": 0.06335266435264797, ""0"": 0.3358664143172112, ""<=-3"": 0.0010457491855379029, "">=+3"": 0.017091200043057347}","{""1"": 0.0010457491855379029, ""2"": 0.06335266435264797, ""3"": 0.2851018163233443, ""4"": 0.3358664143172112, ""5"": 0.2713672881427594, ""6"": 0.02617486763544193, ""7"": 0.01169397897682871, ""8"": 0.0026986105331143176, ""9"": 0.0026986105331143176}",no_trade,top_probability_below_threshold,3,0.38385328575354505,False,0.6044185867764933,"{""2"": 0.0431166157858546, ""3"": 0.4629222808096355, ""4"": 0.38385328575354505, ""5"": 0.0918584794770409, ""6"": 0.01330378443763254, ""7"": 0.002967332241774843, ""8"": 0.000989110747258281, ""9"": 0.000989110747258281}",shadow_trade,confidence_passed,38-39,True,True,True,True
2026-02-12,44.6,7.000000000000001,actual_high_f_converted_to_c,42.471265868148194,5.817369926748997,1,4,6,7,6,0.3508923180070178,0.3280808765928096,0.3508923180070178,0.0228114414142081,0.0,False,"{""+1"": 0.32808087659280966, ""+2"": 0.04956257455783605, ""-1"": 0.16451363245450548, ""-2"": 0.08891701176587341, ""0"": 0.3508923180070178, ""<=-3"": 0.001397521801194013, "">=+3"": 0.016636064820763602}","{""10"": 0.0026267470769626737, ""11"": 0.0026267470769626737, ""3"": 0.001397521801194013, ""4"": 0.08891701176587341, ""5"": 0.16451363245450548, ""6"": 0.3508923180070178, ""7"": 0.32808087659280966, ""8"": 0.04956257455783605, ""9"": 0.011382570666838255}",no_trade,top_probability_below_threshold,6,0.359346582924034,False,0.5870127554991218,"{""3"": 0.0011605415134512526, ""4"": 0.20326435116834274, ""5"": 0.015025145787474157, ""6"": 0.3659144868257194, ""7"": 0.359346582924034, ""8"": 0.028508161790993282, ""9"": 0.016068437993991103, ""10"": 0.0013390364994992584, ""11"": 0.00803421899699555, ""12"": 0.0013390364994992584}",no_trade,tail_allocation_ambiguous,42-43,False,False,False,False
2026-02-13,48.2,9.000000000000002,actual_high_f_converted_to_c,49.26445494846716,9.591363860259534,-1,2,10,9,11,0.3228583491342372,0.2801380868166582,0.3228583491342372,0.042720262317579,0.0844293585455464,False,"{""+1"": 0.3228583491342372, ""+2"": 0.035843976302550214, ""-1"": 0.2801380868166582, ""-2"": 0.1073553826170406, ""0"": 0.23842899058869083, ""<=-3"": 0.0022239994394813735, "">=+3"": 0.013151215101341585}","{""10"": 0.23842899058869083, ""11"": 0.3228583491342372, ""12"": 0.035843976302550214, ""13"": 0.008998199806181086, ""14"": 0.0020765076475802503, ""15"": 0.0020765076475802503, ""7"": 0.0022239994394813735, ""8"": 0.1073553826170406, ""9"": 0.2801380868166582}",no_trade,top_probability_below_threshold,9,0.5318984622621248,True,0.2832601432563504,"{""7"": 0.01912049890707024, ""8"": 0.14441525605315525, ""9"": 0.5318984622621248, ""10"": 0.1636550628728371, ""11"": 0.12662005462785442, ""12"": 0.009759478725727577, ""13"": 0.0020913168697987666, ""14"": 0.0020913168697987666, ""15"": 0.0003485528116331278}",shadow_trade,confidence_passed,48-49,True,True,False,False
2026-02-14,51.8,10.999999999999998,actual_high_f_converted_to_c,51.44477971427025,10.802655396816805,0,3,11,11,12,0.3268209709006308,0.3160767472255801,0.3268209709006308,0.0107442236750507,0.0107442236750507,True,"{""+1"": 0.32682097090063084, ""+2"": 0.03842647283920677, ""-1"": 0.22350051729871934, ""-2"": 0.07914706039280149, ""0"": 0.3160767472255801, ""<=-3"": 0.002275536399568233, "">=+3"": 0.013752694943493215}","{""10"": 0.22350051729871934, ""11"": 0.3160767472255801, ""12"": 0.32682097090063084, ""13"": 0.03842647283920677, ""14"": 0.00940973864554799, ""15"": 0.002171478148972613, ""16"": 0.002171478148972613, ""8"": 0.002275536399568233, ""9"": 0.07914706039280149}",no_trade,tail_allocation_ambiguous,11,0.47912803625933087,True,0.36825133058880555,"{""8"": 0.007580554554961205, ""9"": 0.11873357358198834, ""10"": 0.25625904307722064, ""11"": 0.47912803625933087, ""12"": 0.1307330527268549, ""13"": 0.005166846692439868, ""14"": 0.0011071814340942573, ""15"": 0.0005535907170471287, ""16"": 0.0007381209560628383}",shadow_trade,confidence_passed,50-51,False,False,True,False
2026-02-15,46.4,8.0,actual_high_f_converted_to_c,47.58376062995876,8.657644794421534,-1,2,9,8,9,0.4040853420310134,0.3399295189276632,0.4040853420310134,0.0641558231033501,0.0,False,"{""+1"": 0.18676300178644709, ""+2"": 0.012189292159052161, ""-1"": 0.3399295189276632, ""-2"": 0.047866986117655275, ""0"": 0.4040853420310134, ""<=-3"": 0.001979020527606679, "">=+3"": 0.007186838450562114}","{""10"": 0.1867630017864471, ""11"": 0.012189292159052163, ""12"": 0.0049173105188056575, ""13"": 0.0011347639658782285, ""14"": 0.0011347639658782285, ""6"": 0.0019790205276066794, ""7"": 0.04786698611765528, ""8"": 0.33992951892766327, ""9"": 0.40408534203101343}",shadow_trade,confidence_passed,8,0.43488490189765794,True,0.4825518587257183,"{""7"": 0.05126137222917101, ""8"": 0.43488490189765794, ""9"": 0.38944538578926124, ""10"": 0.0907171179040761, ""11"": 0.025315745219408943, ""12"": 0.005025286176254867, ""13"": 0.0016750953920849558, ""14"": 0.0016750953920849558}",no_trade,top_two_margin_below_threshold,46-47,True,False,False,False
2026-02-16,41.0,5.0,actual_high_f_converted_to_c,39.68937513054783,4.271875072526573,1,4,4,5,4,0.3962215916290958,0.2855369572199672,0.3962215916290958,0.1106846344091285,0.0,False,"{""+1"": 0.28553695721996725, ""+2"": 0.01206454442508558, ""-1"": 0.22895680702438437, ""-2"": 0.04592109119782561, ""0"": 0.39622159162909587, ""<=-3"": 0.0017656515084286666, "">=+3"": 0.029533356995212635}","{""1"": 0.0017656515084286664, ""2"": 0.04592109119782561, ""3"": 0.22895680702438434, ""4"": 0.3962215916290958, ""5"": 0.28553695721996725, ""6"": 0.012064544425085578, ""7"": 0.02020703373356654, ""8"": 0.004663161630823047, ""9"": 0.004663161630823047}",no_trade,top_probability_below_threshold,4,0.21061203285561172,False,0.8490216516665814,"{""2"": 0.013816946587361765, ""3"": 0.1662776067012277, ""4"": 0.4197034211819834, ""5"": 0.21061203285561172, ""6"": 0.14442349770532398, ""7"": 0.030845411197994162, ""8"": 0.006609730970998748, ""9"": 0.006609730970998748, ""10"": 0.0011016218284997915}",shadow_trade,confidence_passed,40-41,True,True,False,False
2026-02-17,39.2,4.000000000000002,actual_high_f_converted_to_c,40.72553996121372,4.847522200674288,-1,2,5,4,5,0.5078467981624923,0.2182296323493967,0.5078467981624923,0.2896171658130956,0.0,False,"{""+1"": 0.207350407573368, ""+2"": 0.008179081326106976, ""-1"": 0.21822963234939674, ""-2"": 0.04378557001354723, ""0"": 0.5078467981624923, ""<=-3"": 0.0012703219040255402, "">=+3"": 0.013338188671063128}","{""10"": 0.0021060297901678623, ""2"": 0.0012703219040255402, ""3"": 0.04378557001354723, ""4"": 0.21822963234939674, ""5"": 0.5078467981624923, ""6"": 0.207350407573368, ""7"": 0.008179081326106976, ""8"": 0.009126129090727403, ""9"": 0.0021060297901678623}",shadow_trade,confidence_passed,5,0.251949893409257,False,0.7351228158911846,"{""3"": 0.11124446820728051, ""4"": 0.251949893409257, ""5"": 0.28889881653614186, ""6"": 0.27788879742745576, ""7"": 0.04765852121452561, ""8"": 0.013415701923203537, ""9"": 0.004471900641067845, ""10"": 0.0033539254808008837, ""11"": 0.0011179751602669612}",shadow_trade,confidence_passed,40-41,False,False,False,False
2026-02-18,42.8,5.999999999999998,actual_high_f_converted_to_c,41.31724829015046,5.176249050083588,1,4,5,6,5,0.5289705007533507,0.1721467745172558,0.5289705007533507,0.2837395093942311,0.0,False,"{""+1"": 0.17214677451725577, ""+2"": 0.005722203762068009, ""-1"": 0.2452309913591196, ""-2"": 0.03630275742609211, ""0"": 0.5289705007533506, ""<=-3"": 0.0010598002569243152, "">=+3"": 0.01056697192518944}","{""10"": 0.0016684692513457013, ""2"": 0.0010598002569243154, ""3"": 0.03630275742609212, ""4"": 0.24523099135911966, ""5"": 0.5289705007533507, ""6"": 0.1721467745172558, ""7"": 0.00572220376206801, ""8"": 0.0072300334224980395, ""9"": 0.0016684692513457013}",shadow_trade,confidence_passed,5,0.23497477209636775,False,0.8724383647870642,"{""4"": 0.35574734649956613, ""5"": 0.4007124967192268, ""6"": 0.23497477209636775, ""7"": 0.00684287168776391, ""8"": 0.0010335077982452608, ""9"": 0.00034450259941508696, ""10"": 0.0002583769495613152, ""11"": 8.612564985377174e-05}",shadow_trade,confidence_passed,40-41,False,False,False,False
2026-02-19,41.0,5.0,actual_high_f_converted_to_c,42.1270855947895,5.626158663771943,-1,2,6,5,6,0.5007260513413885,0.1789384245796828,0.5007260513413885,0.2474108409251487,0.0,False,"{""+1"": 0.2533152104162397, ""+2"": 0.010913973137976587, ""-1"": 0.1789384245796828, ""-2"": 0.03919692759386929, ""0"": 0.5007260513413885, ""<=-3"": 0.0013781146652895877, "">=+3"": 0.015531298265553549}","{""10"": 0.0024523102524558233, ""11"": 0.0024523102524558233, ""3"": 0.0013781146652895877, ""4"": 0.03919692759386929, ""5"": 0.1789384245796828, ""6"": 0.5007260513413885, ""7"": 0.2533152104162397, ""8"": 0.010913973137976587, ""9"": 0.010626677760641901}",shadow_trade,confidence_passed,6,0.24801997971703793,False,0.8173149576255346,"{""3"": 0.02003072358573787, ""4"": 0.11163382091079654, ""5"": 0.24801997971703793, ""6"": 0.4714007808299757, ""7"": 0.12865725904796999, ""8"": 0.013834346474085274, ""9"": 0.0029645028158754153, ""10"": 0.0014822514079377077, ""11"": 0.0019763352105836105}",shadow_trade,confidence_passed,42-43,False,False,False,False
2026-02-20,51.8,10.999999999999998,actual_high_f_converted_to_c,49.78227003100088,9.879038906111598,1,4,10,11,10,0.3353366246535378,0.3202239026518159,0.3353366246535378,0.0151127220017219,0.0,True,"{""+1"": 0.32022390265181594, ""+2"": 0.03010852190064518, ""-1"": 0.22394805122478814, ""-2"": 0.07110804090370626, ""0"": 0.33533662465353786, ""<=-3"": 0.002303178497516599, "">=+3"": 0.01697168016799011}","{""10"": 0.33533662465353786, ""11"": 0.32022390265181594, ""12"": 0.03010852190064518, ""13"": 0.01161220222020376, ""14"": 0.0026797389738931754, ""15"": 0.0026797389738931754, ""7"": 0.002303178497516599, ""8"": 0.07110804090370626, ""9"": 0.22394805122478814}",no_trade,tail_allocation_ambiguous,11,0.3419135646278514,True,0.5640026044634564,"{""7"": 0.0007007016941386705, ""8"": 0.09701038268466705, ""9"": 0.2618177692359719, ""10"": 0.22466560711608632, ""11"": 0.3419135646278514, ""12"": 0.046629144146080076, ""13"": 0.016357698297122778, ""14"": 0.0054525660990409255, ""15"": 0.004089424574280694, ""16"": 0.0013631415247602314}",shadow_trade,confidence_passed,50-51,False,False,False,False
2026-02-21,60.8,16.0,actual_high_f_converted_to_c,59.1650585037729,15.091699168762725,1,4,15,16,15,0.3705684126563934,0.295621321541777,0.3705684126563934,0.0749470911146164,0.0,False,"{""+1"": 0.29562132154177706, ""+2"": 0.04366912703869697, ""-1"": 0.19902615905401125, ""-2"": 0.07944690436446344, ""0"": 0.37056841265639345, ""<=-3"": 0.003970368328742979, "">=+3"": 0.007697707015914996}","{""12"": 0.003970368328742978, ""13"": 0.07944690436446343, ""14"": 0.1990261590540112, ""15"": 0.3705684126563934, ""16"": 0.295621321541777, ""17"": 0.043669127038696964, ""18"": 0.005266852168783943, ""19"": 0.0012154274235655254, ""20"": 0.0012154274235655254}",no_trade,top_probability_below_threshold,14,0.29173704567886016,False,0.7176587536830829,"{""12"": 0.0009234386864344648, ""13"": 0.043401618263419844, ""14"": 0.3558427456329344, ""15"": 0.29573329867536735, ""16"": 0.29173704567886016, ""17"": 0.0063316808376258785, ""18"": 0.0036181033352147875, ""19"": 0.0012060344450715958, ""20"": 0.0009045258338036968, ""21"": 0.00030150861126789896}",shadow_trade,confidence_passed,58-59,False,False,False,False
2026-02-23,39.2,4.000000000000002,actual_high_f_converted_to_c,39.87115412330863,4.372863401838127,0,3,4,4,4,0.5307576239374682,0.5307576239374682,0.5307576239374682,0.2663149066243599,0.0,False,"{""+1"": 0.16705639907924924, ""+2"": 0.0005387947173626784, ""-1"": 0.2644427173131082, ""-2"": 0.024794927972718865, ""0"": 0.5307576239374681, ""<=-3"": 0.0010001840015598788, "">=+3"": 0.011409352978532974}","{""1"": 0.001000184001559879, ""2"": 0.02479492797271887, ""3"": 0.26444271731310826, ""4"": 0.5307576239374682, ""5"": 0.16705639907924927, ""6"": 0.0005387947173626785, ""7"": 0.007806399406364668, ""8"": 0.0018014767860841541, ""9"": 0.0018014767860841541}",shadow_trade,confidence_passed,4,0.46080112357015157,True,0.39934737173966345,"{""3"": 0.20435441301576665, ""4"": 0.46080112357015157, ""5"": 0.24640067523963477, ""6"": 0.07798842354324542, ""7"": 0.007140249016430357, ""8"": 0.0015300533606636478, ""9"": 0.0015300533606636476, ""10"": 0.00025500889344394126}",shadow_trade,confidence_passed,40-41,False,False,True,True
2026-02-24,41.0,5.0,actual_high_f_converted_to_c,42.2142490722635,5.674582817924166,-1,2,6,5,6,0.3306909742388555,0.2470387948140721,0.3306909742388555,0.0047963648791787,0.0,True,"{""+1"": 0.3258946093596767, ""+2"": 0.011971866104786223, ""-1"": 0.24703879481407204, ""-2"": 0.05769326391561724, ""0"": 0.33069097423885546, ""<=-3"": 0.0015028982247983216, "">=+3"": 0.025207593342193912}","{""10"": 0.003980146317188514, ""11"": 0.003980146317188514, ""3"": 0.001502898224798322, ""4"": 0.05769326391561726, ""5"": 0.2470387948140721, ""6"": 0.3306909742388555, ""7"": 0.32589460935967673, ""8"": 0.011971866104786226, ""9"": 0.017247300707816892}",no_trade,tail_allocation_ambiguous,6,0.1509717905631387,False,0.9997792082088742,"{""3"": 0.016677240932716823, ""4"": 0.22033395054160154, ""5"": 0.1509717905631387, ""6"": 0.4605064606565424, ""7"": 0.1337151500813749, ""8"": 0.012152961031451677, ""9"": 0.0026042059353110734, ""10"": 0.0013021029676555365, ""11"": 0.001736137290207382}",shadow_trade,confidence_passed,42-43,False,False,False,False
2026-02-25,50.0,10.0,actual_high_f_converted_to_c,49.063675410682464,9.47981967260137,1,4,9,10,9,0.3421525466385937,0.2662569812030373,0.3421525466385937,0.0758955654355564,0.0,False,"{""+1"": 0.2662569812030373, ""+2"": 0.05366529478859518, ""-1"": 0.22699580717228887, ""-2"": 0.08255182001516471, ""0"": 0.34215254663859374, ""<=-3"": 0.002390781790406526, "">=+3"": 0.02598676839191374}","{""10"": 0.2662569812030373, ""11"": 0.05366529478859518, ""12"": 0.017780420478677825, ""13"": 0.004103173956617959, ""14"": 0.004103173956617959, ""6"": 0.002390781790406526, ""7"": 0.08255182001516471, ""8"": 0.22699580717228887, ""9"": 0.34215254663859374}",no_trade,top_probability_below_threshold,9,0.09239809102306629,False,1.0469702100479914,"{""7"": 0.03521783188533368, ""8"": 0.17718960748657298, ""9"": 0.3273350559946009, ""10"": 0.09239809102306629, ""11"": 0.28233967679213795, ""12"": 0.058403722705172495, ""13"": 0.012515083436822678, ""14"": 0.012515083436822677, ""15"": 0.0020858472394704466}",shadow_trade,confidence_passed,48-49,False,False,False,False
2026-02-26,51.8,10.999999999999998,actual_high_f_converted_to_c,52.68738044810837,11.492989137837984,0,3,11,11,11,0.4378463402734908,0.4378463402734908,0.4378463402734908,0.1971626049451567,0.0,False,"{""+1"": 0.21273982598397123, ""+2"": 0.028073295706992657, ""-1"": 0.2406837353283341, ""-2"": 0.0671640466144088, ""0"": 0.4378463402734908, ""<=-3"": 0.0023706623073792557, "">=+3"": 0.01112209378542327}","{""10"": 0.2406837353283341, ""11"": 0.4378463402734908, ""12"": 0.21273982598397123, ""13"": 0.028073295706992657, ""14"": 0.007609853642658026, ""15"": 0.0017561200713826213, ""16"": 0.0017561200713826213, ""8"": 0.0023706623073792557, ""9"": 0.0671640466144088}",shadow_trade,confidence_passed,11,0.47359225556082263,True,0.36451652456730277,"{""9"": 0.05722747087184886, ""10"": 0.08130560768036556, ""11"": 0.47359225556082263, ""12"": 0.255479960513179, ""13"": 0.10963646325170014, ""14"": 0.013654945273250264, ""15"": 0.0011379121061041886, ""16"": 0.006827472636625131, ""17"": 0.0011379121061041886}",shadow_trade,confidence_passed,52-53,True,True,True,True
2026-02-27,55.4,13.0,actual_high_f_converted_to_c,55.81217332715342,13.2289851817519,0,3,13,13,14,0.3694679165168439,0.3320868089170019,0.3694679165168439,0.037381107599842,0.037381107599842,False,"{""+1"": 0.3694679165168439, ""+2"": 0.03436313257601394, ""-1"": 0.18810557809667458, ""-2"": 0.0602639772085868, ""0"": 0.3320868089170019, ""<=-3"": 0.003416671904758251, "">=+3"": 0.01229591478012077}","{""10"": 0.0034166719047582506, ""11"": 0.06026397720858679, ""12"": 0.18810557809667455, ""13"": 0.3320868089170019, ""14"": 0.3694679165168439, ""15"": 0.03436313257601394, ""16"": 0.008412994323240526, ""17"": 0.001941460228440121, ""18"": 0.001941460228440121}",no_trade,top_probability_below_threshold,14,0.4078112808613985,False,0.5304322115639385,"{""11"": 0.06777059967836915, ""12"": 0.05272537220199916, ""13"": 0.4078112808613985, ""14"": 0.4137303967175512, ""15"": 0.013029166876454825, ""16"": 0.03068607664874054, ""17"": 0.006575587853301543, ""18"": 0.006575587853301543, ""19"": 0.0010959313088835907}",shadow_trade,confidence_passed,56-57,False,False,True,False
2026-02-28,53.6,12.0,actual_high_f_converted_to_c,53.10620409130552,11.72566893961418,0,3,12,12,11,0.3423554706500671,0.2200076043571127,0.3423554706500671,0.0813678631650891,0.1223478662929543,False,"{""+1"": 0.26098760748497807, ""+2"": 0.044111701574357634, ""-1"": 0.34235547065006716, ""-2"": 0.10761997147553216, ""0"": 0.22000760435711278, ""<=-3"": 0.0030705442841850736, "">=+3"": 0.021847100173767196}","{""10"": 0.10761997147553216, ""11"": 0.34235547065006716, ""12"": 0.22000760435711278, ""13"": 0.26098760748497807, ""14"": 0.044111701574357634, ""15"": 0.01494801590836703, ""16"": 0.0034495421327000834, ""17"": 0.0034495421327000834, ""9"": 0.0030705442841850736}",no_trade,top_probability_below_threshold,13,0.09775462496482666,False,1.0195333112997311,"{""9"": 0.0439168574645718, ""10"": 0.15977040802029505, ""11"": 0.18379029430083946, ""12"": 0.09775462496482666, ""13"": 0.36466458071968966, ""14"": 0.10250952602033576, ""15"": 0.018305272503631384, ""16"": 0.014644218002905107, ""17"": 0.014644218002905107}",no_trade,tail_allocation_ambiguous,50-51,False,False,True,False
2026-03-01,53.6,12.0,actual_high_f_converted_to_c,56.079059828505606,13.377255460280892,-1,2,13,12,13,0.4072679241942289,0.2665570614106071,0.4072679241942289,0.1407108627836218,0.0,False,"{""+1"": 0.2383567223274499, ""+2"": 0.0209187536375356, ""-1"": 0.2665570614106071, ""-2"": 0.053547833913092265, ""0"": 0.40726792419422897, ""<=-3"": 0.0023340693007202194, "">=+3"": 0.011017635216366025}","{""10"": 0.0023340693007202194, ""11"": 0.053547833913092265, ""12"": 0.2665570614106071, ""13"": 0.40726792419422897, ""14"": 0.2383567223274499, ""15"": 0.0209187536375356, ""16"": 0.007538381990145175, ""17"": 0.001739626613110425, ""18"": 0.001739626613110425}",shadow_trade,confidence_passed,13,0.1595720837595411,False,1.0621697596934387,"{""11"": 0.020517051348642665, ""12"": 0.1595720837595411, ""13"": 0.530146135961465, ""14"": 0.27253356032499837, ""15"": 0.005773770153261808, ""16"": 0.007824564796549995, ""17"": 0.0016766924564035706, ""18"": 0.0016766924564035703, ""19"": 0.0002794487427339284}",shadow_trade,confidence_passed,56-57,False,False,False,False
2026-03-02,42.8,5.999999999999998,actual_high_f_converted_to_c,44.05266041189489,6.695922451052717,-1,2,7,6,6,0.4093815273615588,0.4093815273615588,0.4093815273615588,0.0611508628080149,0.0611508628080149,False,"{""+1"": 0.18306769232162362, ""+2"": 0.002920464360083008, ""-1"": 0.40938152736155886, ""-2"": 0.04557767052315256, ""0"": 0.3482306645535439, ""<=-3"": 0.0009082247892018275, "">=+3"": 0.009913756090836221}","{""10"": 0.006783096272677414, ""11"": 0.0015653299090794032, ""12"": 0.0015653299090794032, ""4"": 0.0009082247892018274, ""5"": 0.04557767052315256, ""6"": 0.4093815273615588, ""7"": 0.3482306645535439, ""8"": 0.18306769232162362, ""9"": 0.002920464360083008}",no_trade,switch_advantage_below_threshold,7,0.39497208930946576,False,0.5642686431666045,"{""6"": 0.39497208930946576, ""7"": 0.40643606375133173, ""8"": 0.18130090823128348, ""9"": 0.011808445946871499, ""10"": 0.0021086510619413392, ""11"": 0.0016869208495530713, ""12"": 0.0016869208495530713}",no_trade,top_two_margin_below_threshold,44-45,False,False,False,True
2026-03-03,50.0,10.0,actual_high_f_converted_to_c,48.095475781063605,8.941930989479781,1,4,9,10,10,0.4009305432006507,0.4009305432006507,0.4009305432006507,0.0454860886717135,0.0454860886717135,False,"{""+1"": 0.4009305432006507, ""+2"": 0.02652776227637527, ""-1"": 0.1500503989551668, ""-2"": 0.04389298803188569, ""0"": 0.35544445452893714, ""<=-3"": 0.001815312246197687, "">=+3"": 0.02133854076078678}","{""10"": 0.4009305432006507, ""11"": 0.02652776227637527, ""12"": 0.01460005420474885, ""13"": 0.003369243278018965, ""14"": 0.003369243278018965, ""6"": 0.001815312246197687, ""7"": 0.04389298803188569, ""8"": 0.1500503989551668, ""9"": 0.35544445452893714}",no_trade,switch_advantage_below_threshold,9,0.2006272882168647,False,0.9038033906193536,"{""6"": 0.0003371194599957005, ""7"": 0.04570554376177284, ""8"": 0.2905357659155339, ""9"": 0.4212099145140265, ""10"": 0.2006272882168647, ""11"": 0.028525179715033194, ""12"": 0.007835513050063926, ""13"": 0.002611837683354642, ""14"": 0.002611837683354642}",shadow_trade,confidence_passed,48-49,False,False,False,True
2026-03-04,48.2,9.000000000000002,actual_high_f_converted_to_c,47.00517584403334,8.336208802240744,1,4,8,9,8,0.4547035059801994,0.2791816938158498,0.4547035059801994,0.1755218121643496,0.0,False,"{""+1"": 0.2791816938158498, ""+2"": 0.007967421287423223, ""-1"": 0.20779147246295224, ""-2"": 0.03561936877594574, ""0"": 0.45470350598019943, ""<=-3"": 0.001425414083737641, "">=+3"": 0.013311123593892003}","{""10"": 0.007967421287423223, ""11"": 0.009107610880031371, ""12"": 0.0021017563569303162, ""13"": 0.0021017563569303162, ""5"": 0.001425414083737641, ""6"": 0.03561936877594574, ""7"": 0.20779147246295224, ""8"": 0.45470350598019943, ""9"": 0.2791816938158498}",shadow_trade,confidence_passed,8,0.36101557343688817,False,0.6462332676401976,"{""6"": 0.00415783561845905, ""7"": 0.12677417367211666, ""8"": 0.4701965328535491, ""9"": 0.36101557343688817, ""10"": 0.026266689811048512, ""11"": 0.007914571927372688, ""12"": 0.0016959796987227188, ""13"": 0.0016959796987227188, ""14"": 0.00028266328312045313}",shadow_trade,confidence_passed,46-47,False,False,False,False
2026-03-05,50.0,10.0,actual_high_f_converted_to_c,48.165504137290185,8.98083563182788,1,4,9,10,9,0.4795264038003302,0.236916339634439,0.4795264038003302,0.2426100641658911,0.0,False,"{""+1"": 0.23691633963443906, ""+2"": 0.023910172409752184, ""-1"": 0.20561441865123853, ""-2"": 0.04208715601659839, ""0"": 0.47952640380033024, ""<=-3"": 0.0018313434626612275, "">=+3"": 0.01011416602498046}","{""10"": 0.23691633963443906, ""11"": 0.023910172409752184, ""12"": 0.006920218859197157, ""13"": 0.0015969735828916514, ""14"": 0.0015969735828916514, ""6"": 0.0018313434626612275, ""7"": 0.04208715601659839, ""8"": 0.20561441865123853, ""9"": 0.47952640380033024}",shadow_trade,confidence_passed,9,0.1486817005944461,False,1.0620654770977633,"{""7"": 0.01292890587087592, ""8"": 0.27669106353697237, ""9"": 0.5084525345644212, ""10"": 0.1486817005944461, ""11"": 0.04522430239996416, ""12"": 0.004812895819992127, ""13"": 0.0016042986066640424, ""14"": 0.0016042986066640424}",shadow_trade,confidence_passed,48-49,False,False,False,False
2026-03-06,39.2,4.000000000000002,actual_high_f_converted_to_c,41.07675862027294,5.042643677929411,-1,2,5,4,5,0.478488478188217,0.2613961358601394,0.478488478188217,0.2170923423280776,0.0,False,"{""+1"": 0.21684998270790876, ""+2"": 0.002969096394003018, ""-1"": 0.26139613586013943, ""-2"": 0.03244359953587217, ""0"": 0.47848847818821705, ""<=-3"": 0.0008153866337371473, "">=+3"": 0.00703732068012239}","{""10"": 0.00111115589686143, ""2"": 0.0008153866337371473, ""3"": 0.03244359953587217, ""4"": 0.26139613586013943, ""5"": 0.47848847818821705, ""6"": 0.21684998270790876, ""7"": 0.002969096394003018, ""8"": 0.00481500888639953, ""9"": 0.00111115589686143}",shadow_trade,confidence_passed,4,0.44909789421186935,True,0.4513401361828249,"{""4"": 0.44909789421186935, ""5"": 0.24724411270329327, ""6"": 0.2943788046456989, ""7"": 0.007564712350731789, ""8"": 0.0010286856530440426, ""9"": 0.0003428952176813475, ""10"": 0.00025717141326101064, ""11"": 8.572380442033688e-05}",shadow_trade,confidence_passed,40-41,False,False,False,False
2026-03-07,41.0,5.0,actual_high_f_converted_to_c,38.90876062554317,3.838200347523985,1,4,4,5,4,0.4190490171610497,0.2599963301507433,0.4190490171610497,0.1590526870103063,0.0,False,"{""+1"": 0.25999633015074336, ""+2"": 0.003246184422857534, ""-1"": 0.2535622005943175, ""-2"": 0.03948288352622509, ""0"": 0.41904901716104975, ""<=-3"": 0.0013859943788959725, "">=+3"": 0.023277389765910792}","{""1"": 0.0013859943788959725, ""2"": 0.03948288352622509, ""3"": 0.2535622005943175, ""4"": 0.4190490171610497, ""5"": 0.25999633015074336, ""6"": 0.0032461844228575338, ""7"": 0.015926635102991592, ""8"": 0.003675377331459598, ""9"": 0.003675377331459598}",shadow_trade,confidence_passed,4,0.16255480106472028,False,0.9964949770636875,"{""1"": 0.0001566253309798228, ""2"": 0.05878149821848012, ""3"": 0.30295814033211216, ""4"": 0.4467307685768564, ""5"": 0.16255480106472028, ""6"": 0.017913413849110483, ""7"": 0.006542851576644494, ""8"": 0.0021809505255481645, ""9"": 0.0021809505255481645}",no_trade,switch_advantage_below_threshold,40-41,True,False,False,False
2026-03-08,39.2,4.000000000000002,actual_high_f_converted_to_c,40.33521817920857,4.630676766226982,-1,2,5,4,5,0.4172447144146939,0.2674308697951162,0.4172447144146939,0.1498138446195777,0.0,False,"{""+1"": 0.2336399525824989, ""+2"": 0.008224665301766031, ""-1"": 0.26743086979511616, ""-2"": 0.058484935756285654, ""0"": 0.41724471441469385, ""<=-3"": 0.0012850141333493599, "">=+3"": 0.013689848016289925}","{""10"": 0.0021615549499405147, ""2"": 0.00128501413334936, ""3"": 0.05848493575628566, ""4"": 0.2674308697951162, ""5"": 0.4172447144146939, ""6"": 0.23363995258249892, ""7"": 0.008224665301766033, ""8"": 0.009366738116408898, ""9"": 0.0021615549499405147}",shadow_trade,confidence_passed,6,0.3393414421207698,False,0.6109799716160866,"{""3"": 0.0835145545925949, ""4"": 0.3393414421207698, ""5"": 0.1443201087640679, ""6"": 0.38120726691124096, ""7"": 0.03580560695781462, ""8"": 0.009486612392107123, ""9"": 0.0031622041307023743, ""10"": 0.0023716530980267807, ""11"": 0.0007905510326755936}",no_trade,tail_allocation_ambiguous,40-41,False,False,False,False
2026-03-09,44.6,7.000000000000001,actual_high_f_converted_to_c,46.12507215255848,7.84726230697693,-1,2,8,7,8,0.4710566767821721,0.1841287881202377,0.4710566767821721,0.1772630097127273,0.0,False,"{""+1"": 0.29379366706944476, ""+2"": 0.01202725359560903, ""-1"": 0.18412878812023772, ""-2"": 0.02758759273471102, ""0"": 0.4710566767821721, ""<=-3"": 0.0015475390561241475, "">=+3"": 0.009858482641701296}","{""10"": 0.01202725359560903, ""11"": 0.006745277596953519, ""12"": 0.0015566025223738887, ""13"": 0.0015566025223738887, ""5"": 0.0015475390561241475, ""6"": 0.02758759273471102, ""7"": 0.18412878812023772, ""8"": 0.4710566767821721, ""9"": 0.29379366706944476}",shadow_trade,confidence_passed,8,0.2770073793223825,False,0.7724682366016948,"{""6"": 0.020228378990172526, ""7"": 0.2770073793223825, ""8"": 0.4328226995570641, ""9"": 0.2486749453226728, ""10"": 0.010892647145411464, ""11"": 0.006224369797377978, ""12"": 0.0020747899324593264, ""13"": 0.0020747899324593264}",shadow_trade,confidence_passed,46-47,False,False,False,False
2026-03-10,44.6,7.000000000000001,actual_high_f_converted_to_c,44.52050927036967,6.955838483538707,0,3,7,7,7,0.5061399465540406,0.5061399465540406,0.5061399465540406,0.2057935479635496,0.0,False,"{""+1"": 0.14731969259273184, ""+2"": 0.002070546971927162, ""-1"": 0.3003463985904909, ""-2"": 0.03529252109822012, ""0"": 0.5061399465540405, ""<=-3"": 0.0013529267905970643, "">=+3"": 0.007477967401992333}","{""10"": 0.005116504011889492, ""11"": 0.0011807316950514211, ""12"": 0.0011807316950514211, ""4"": 0.0013529267905970645, ""5"": 0.03529252109822013, ""6"": 0.30034639859049095, ""7"": 0.5061399465540406, ""8"": 0.14731969259273187, ""9"": 0.0020705469719271624}",shadow_trade,confidence_passed,7,0.708635175056062,True,0.12482476673953154,"{""6"": 0.09880193558715611, ""7"": 0.708635175056062, ""8"": 0.17305443804435128, ""9"": 0.014643263134382384, ""10"": 0.0017028158623168766, ""11"": 0.0014595564534144656, ""12"": 0.0014595564534144656, ""13"": 0.00024325940890241096}",shadow_trade,confidence_passed,44-45,True,True,True,True
2026-03-11,42.8,5.999999999999998,actual_high_f_converted_to_c,45.71705785464681,7.620587697026006,-2,1,8,6,8,0.3742537963446443,0.0549979665491848,0.3742537963446443,0.0873033813684738,0.0,False,"{""+1"": 0.2869504149761704, ""+2"": 0.014916600834417608, ""-1"": 0.25587270889792213, ""-2"": 0.05499796654918489, ""0"": 0.3742537963446443, ""<=-3"": 0.0014696772180520237, "">=+3"": 0.011538835179608731}","{""10"": 0.014916600834417608, ""11"": 0.007894992491311238, ""12"": 0.001821921344148747, ""13"": 0.001821921344148747, ""5"": 0.0014696772180520237, ""6"": 0.05499796654918489, ""7"": 0.25587270889792213, ""8"": 0.3742537963446443, ""9"": 0.2869504149761704}",no_trade,top_probability_below_threshold,7,0.09673784376288215,False,1.105613521376928,"{""5"": 0.0004078116381616657, ""6"": 0.09673784376288215, ""7"": 0.41210262057930097, ""8"": 0.30152392499028413, ""9"": 0.16984612244110536, ""10"": 0.009927200203745897, ""11"": 0.005672685830711941, ""12"": 0.0018908952769039805, ""13"": 0.0018908952769039805}",no_trade,switch_advantage_below_threshold,44-45,False,False,False,False
2026-03-12,51.8,10.999999999999998,actual_high_f_converted_to_c,51.40757871197097,10.781988173317206,0,3,11,11,11,0.3593513292575709,0.3593513292575709,0.3593513292575709,0.0264624482722235,0.0,False,"{""+1"": 0.3328888809853473, ""+2"": 0.09216871008163138, ""-1"": 0.1303280666863391, ""-2"": 0.06492922719185588, ""0"": 0.35935132925757085, ""<=-3"": 0.002813446821028242, "">=+3"": 0.01752033897622719}","{""10"": 0.13032806668633912, ""11"": 0.3593513292575709, ""12"": 0.33288888098534736, ""13"": 0.0921687100816314, ""14"": 0.011987600352155448, ""15"": 0.0027663693120358723, ""16"": 0.0027663693120358723, ""8"": 0.0028134468210282426, ""9"": 0.0649292271918559}",no_trade,top_probability_below_threshold,11,0.3732529153038441,True,0.5251898963723641,"{""8"": 0.0016715272351206533, ""9"": 0.11748616816256174, ""10"": 0.037733329046232396, ""11"": 0.3732529153038441, ""12"": 0.32625478299649535, ""13"": 0.0990005545641795, ""14"": 0.026760433614939738, ""15"": 0.0022300361345783115, ""16"": 0.013380216807469867, ""17"": 0.0022300361345783115}",no_trade,tail_allocation_ambiguous,50-51,False,True,True,True
2026-03-13,51.8,10.999999999999998,actual_high_f_converted_to_c,52.71543534765797,11.50857519314332,-1,2,12,11,12,0.3895990696012262,0.1921554518970585,0.3895990696012262,0.0690905290516489,0.0,False,"{""+1"": 0.3205085405495772, ""+2"": 0.021630594389501916, ""-1"": 0.1921554518970585, ""-2"": 0.06138558130744596, ""0"": 0.38959906960122614, ""<=-3"": 0.0023616741500726013, "">=+3"": 0.012359088105117514}","{""10"": 0.06138558130744597, ""11"": 0.19215545189705854, ""12"": 0.38959906960122626, ""13"": 0.3205085405495773, ""14"": 0.02163059438950192, ""15"": 0.00845621817718567, ""16"": 0.0019514349639659237, ""17"": 0.0019514349639659237, ""9"": 0.0023616741500726017}",no_trade,top_probability_below_threshold,12,0.2870481100610015,False,0.7037599278282125,"{""9"": 0.04309508404943419, ""10"": 0.06440285281189197, ""11"": 0.2870481100610015, ""12"": 0.39379927536580694, ""13"": 0.18440514670335684, ""14"": 0.018609435810688767, ""15"": 0.003323113537622994, ""16"": 0.002658490830098395, ""17"": 0.002658490830098395}",shadow_trade,confidence_passed,52-53,True,True,False,False
2026-03-14,51.8,10.999999999999998,actual_high_f_converted_to_c,50.12209911505833,10.067832841699074,1,4,10,11,10,0.4342957093290963,0.2368599152915598,0.4342957093290963,0.1656314799137723,0.0,False,"{""+1"": 0.23685991529155986, ""+2"": 0.007685098848193484, ""-1"": 0.268664229415324, ""-2"": 0.03998010543877196, ""0"": 0.43429570932909634, ""<=-3"": 0.001650009102862503, "">=+3"": 0.01086493257419197}","{""10"": 0.43429570932909634, ""11"": 0.23685991529155986, ""12"": 0.007685098848193484, ""13"": 0.007433901234973454, ""14"": 0.0017155156696092584, ""15"": 0.0017155156696092584, ""7"": 0.001650009102862503, ""8"": 0.03998010543877196, ""9"": 0.268664229415324}",shadow_trade,confidence_passed,11,0.3547968645857599,True,0.5808449483510089,"{""8"": 0.04947414809076496, ""9"": 0.3014018202849108, ""10"": 0.2659766766076042, ""11"": 0.3547968645857599, ""12"": 0.022567897339738123, ""13"": 0.003469555854733233, ""14"": 0.001156518618244411, ""15"": 0.0008673889636833081, ""16"": 0.00028912965456110275}",shadow_trade,confidence_passed,50-51,False,False,False,False
2026-03-15,50.0,10.0,actual_high_f_converted_to_c,49.16252642361144,9.534736902006356,0,3,10,10,10,0.4479021671235447,0.4479021671235447,0.4479021671235447,0.1925485655756912,0.0,False,"{""+1"": 0.2393462453258228, ""+2"": 0.008871855957513478, ""-1"": 0.25535360154785336, ""-2"": 0.038666550319263686, ""0"": 0.44790216712354464, ""<=-3"": 0.0012121315191320203, "">=+3"": 0.008647448206869954}","{""10"": 0.4479021671235447, ""11"": 0.23934624532582283, ""12"": 0.00887185595751348, ""13"": 0.005916675088911022, ""14"": 0.0013653865589794666, ""15"": 0.0013653865589794666, ""7"": 0.0012121315191320205, ""8"": 0.03866655031926369, ""9"": 0.2553536015478534}",shadow_trade,confidence_passed,9,0.2015696338179248,False,0.9179588520282944,"{""8"": 0.14469577972126665, ""9"": 0.48202858889652017, ""10"": 0.2015696338179248, ""11"": 0.16478765631363415, ""12"": 0.004724720854105373, ""13"": 0.00101244018302258, ""14"": 0.00101244018302258, ""15"": 0.00016874003050376332}",shadow_trade,confidence_passed,48-49,False,False,True,True
2026-03-16,50.0,10.0,actual_high_f_converted_to_c,50.97267314234476,10.54037396796931,-1,2,11,10,11,0.4944206840487698,0.1940048833847905,0.4944206840487698,0.2481100546973716,0.0,False,"{""+1"": 0.24631062935139822, ""+2"": 0.01806334000507892, ""-1"": 0.19400488338479052, ""-2"": 0.035509982465509626, ""0"": 0.4944206840487698, ""<=-3"": 0.0020008635644380712, "">=+3"": 0.00968961718001492}","{""10"": 0.19400488338479052, ""11"": 0.4944206840487698, ""12"": 0.24631062935139822, ""13"": 0.01806334000507892, ""14"": 0.006629738070536525, ""15"": 0.0015299395547391978, ""16"": 0.0015299395547391978, ""8"": 0.0020008635644380712, ""9"": 0.035509982465509626}",shadow_trade,confidence_passed,11,0.2920077314247611,False,0.7333448557284167,"{""8"": 0.01102176622215867, ""9"": 0.10269692604372706, ""10"": 0.2920077314247611, ""11"": 0.4514153494844681, ""12"": 0.13264781306167395, ""13"": 0.006972965496827148, ""14"": 0.001494206892177246, ""15"": 0.0007471034460886229, ""16"": 0.000996137928118164}",shadow_trade,confidence_passed,50-51,True,True,False,False
2026-03-17,53.6,12.0,actual_high_f_converted_to_c,53.11018091461196,11.727878285895532,0,3,12,12,12,0.3953614597916905,0.3953614597916905,0.3953614597916905,0.1110716655129446,0.0,False,"{""+1"": 0.28428979427874584, ""+2"": 0.06002693581719347, ""-1"": 0.18282136771325297, ""-2"": 0.06394004858948754, ""0"": 0.3953614597916905, ""<=-3"": 0.002600022617490483, "">=+3"": 0.010960371192139181}","{""10"": 0.06394004858948754, ""11"": 0.18282136771325297, ""12"": 0.3953614597916905, ""13"": 0.28428979427874584, ""14"": 0.06002693581719347, ""15"": 0.007499201341989966, ""16"": 0.0017305849250746075, ""17"": 0.0017305849250746075, ""9"": 0.002600022617490483}",no_trade,top_probability_below_threshold,11,0.208768589968287,False,0.8565203736162841,"{""9"": 0.05298383839800613, ""10"": 0.019330660357800185, ""11"": 0.3572295102595508, ""12"": 0.208768589968287, ""13"": 0.31390627202952376, ""14"": 0.032631014917836626, ""15"": 0.005826966949613682, ""16"": 0.004661573559690946, ""17"": 0.004661573559690946}",shadow_trade,confidence_passed,52-53,False,False,True,True
2026-03-18,46.4,8.0,actual_high_f_converted_to_c,46.24882960977786,7.91601644987659,0,3,8,8,8,0.3522356916045914,0.3522356916045914,0.3522356916045914,0.0436363842696362,0.0,False,"{""+1"": 0.30859930733495516, ""+2"": 0.019895156801924278, ""-1"": 0.2551488990283348, ""-2"": 0.046357477379427525, ""0"": 0.3522356916045914, ""<=-3"": 0.0012127540139393878, "">=+3"": 0.016550713836827418}","{""10"": 0.019895156801924278, ""11"": 0.011324172625197708, ""12"": 0.0026132706058148553, ""13"": 0.0026132706058148553, ""5"": 0.0012127540139393878, ""6"": 0.046357477379427525, ""7"": 0.2551488990283348, ""8"": 0.3522356916045914, ""9"": 0.30859930733495516}",no_trade,top_probability_below_threshold,8,0.4661525712617233,True,0.4034386969542945,"{""6"": 0.046274322268131926, ""7"": 0.278289303240906, ""8"": 0.4661525712617233, ""9"": 0.1969869773368602, ""10"": 0.0062983742375597755, ""11"": 0.0035990709928913, ""12"": 0.0011996903309637668, ""13"": 0.0011996903309637668}",shadow_trade,confidence_passed,46-47,True,True,True,True
2026-03-19,48.2,9.000000000000002,actual_high_f_converted_to_c,47.598812998947736,8.666007221637631,0,3,9,9,9,0.4712531272434585,0.4712531272434585,0.4712531272434585,0.1800014018792571,0.0,False,"{""+1"": 0.18299415099864536, ""+2"": 0.004798950484630432, ""-1"": 0.2912517253642013, ""-2"": 0.04172963237882599, ""0"": 0.4712531272434584, ""<=-3"": 0.001370888027628303, "">=+3"": 0.0066015255026101085}","{""10"": 0.18299415099864538, ""11"": 0.004798950484630433, ""12"": 0.00451683323862797, ""13"": 0.00104234613199107, ""14"": 0.00104234613199107, ""6"": 0.0013708880276283033, ""7"": 0.041729632378825994, ""8"": 0.29125172536420135, ""9"": 0.4712531272434585}",shadow_trade,confidence_passed,9,0.4892003970629639,True,0.4369040496502702,"{""8"": 0.4100313133807997, ""9"": 0.4892003970629639, ""10"": 0.08821624342705647, ""11"": 0.008541303659345887, ""12"": 0.0024064454819004563, ""13"": 0.0008021484939668188, ""14"": 0.0008021484939668188}",shadow_trade,confidence_passed,48-49,True,True,True,True
2026-03-20,51.8,10.999999999999998,actual_high_f_converted_to_c,52.1333260918959,11.18518116216439,0,3,11,11,11,0.4008835606222914,0.4008835606222914,0.4008835606222914,0.0993630580894174,0.0,False,"{""+1"": 0.30152050253287405, ""+2"": 0.01781238053453391, ""-1"": 0.22804885221150573, ""-2"": 0.0417329854963956, ""0"": 0.4008835606222915, ""<=-3"": 0.0019269178398819713, "">=+3"": 0.008074800762517332}","{""10"": 0.2280488522115057, ""11"": 0.40088356062229147, ""12"": 0.30152050253287405, ""13"": 0.01781238053453391, ""14"": 0.005524863679617122, ""15"": 0.001274968541450105, ""16"": 0.001274968541450105, ""8"": 0.001926917839881971, ""9"": 0.0417329854963956}",shadow_trade,confidence_passed,11,0.48565637368862813,True,0.4113559746091077,"{""9"": 0.03450397724493129, ""10"": 0.07995292295062216, ""11"": 0.48565637368862813, ""12"": 0.37248157904111856, ""13"": 0.021578732316269368, ""14"": 0.0034958488550582865, ""15"": 0.0002913207379215239, ""16"": 0.0017479244275291433, ""17"": 0.0002913207379215239}",shadow_trade,confidence_passed,52-53,True,True,True,True
2026-03-21,51.8,10.999999999999998,actual_high_f_converted_to_c,52.06864057588943,11.14924476438302,0,3,11,11,11,0.3570260436981854,0.3570260436981854,0.3570260436981854,0.0154479920269536,0.0,False,"{""+1"": 0.3415780516712318, ""+2"": 0.026539255421810286, ""-1"": 0.21295687180081413, ""-2"": 0.04615076501905301, ""0"": 0.35702604369818547, ""<=-3"": 0.0028841197501158224, "">=+3"": 0.01286489263878948}","{""10"": 0.2129568718008141, ""11"": 0.35702604369818547, ""12"": 0.3415780516712318, ""13"": 0.026539255421810282, ""14"": 0.008802294963382275, ""15"": 0.0020312988377036018, ""16"": 0.0020312988377036018, ""8"": 0.0028841197501158224, ""9"": 0.04615076501905301}",no_trade,top_probability_below_threshold,12,0.38834852703031375,False,0.5621049545003389,"{""8"": 0.00041954980491653443, ""9"": 0.04380687405693874, ""10"": 0.0764498030952928, ""11"": 0.38834852703031375, ""12"": 0.4210197878649755, ""13"": 0.0532876266543416, ""14"": 0.010000698895932619, ""15"": 0.0008333915746610515, ""16"": 0.005000349447966309, ""17"": 0.0008333915746610515}",shadow_trade,confidence_passed,52-53,True,True,True,True
2026-03-22,60.8,16.0,actual_high_f_converted_to_c,57.90583850470368,14.392132502613158,2,5,14,16,14,0.4899717722291443,0.0164422125342318,0.4899717722291443,0.2487622982328228,0.0,False,"{""+1"": 0.1906221275913424, ""+2"": 0.01644221253423189, ""-1"": 0.2412094739963214, ""-2"": 0.04974261984930738, ""0"": 0.48997177222914423, ""<=-3"": 0.002365450188067442, "">=+3"": 0.009646343611585206}","{""11"": 0.0023654501880674425, ""12"": 0.04974261984930739, ""13"": 0.24120947399632142, ""14"": 0.4899717722291443, ""15"": 0.19062212759134242, ""16"": 0.016442212534231893, ""17"": 0.006600129839505669, ""18"": 0.0015231068860397695, ""19"": 0.0015231068860397695}",shadow_trade,confidence_passed,14,0.09590320699449087,False,1.1721433131518582,"{""12"": 0.02345174156108689, ""13"": 0.14260132221948854, ""14"": 0.5486796816417919, ""15"": 0.18105974167572175, ""16"": 0.09590320699449087, ""17"": 0.005671233302628292, ""18"": 0.0012152642791346338, ""19"": 0.0012152642791346336, ""20"": 0.00020254404652243898}",no_trade,switch_advantage_below_threshold,56-57,False,False,False,False
2026-03-23,59.0,15.0,actual_high_f_converted_to_c,59.39853001402736,15.221405563348531,0,3,15,15,15,0.3149232458830638,0.3149232458830638,0.3149232458830638,0.0265050715814992,0.0,False,"{""+1"": 0.18596186532711734, ""+2"": 0.07752343643014052, ""-1"": 0.2884181743015646, ""-2"": 0.11318003750280435, ""0"": 0.31492324588306386, ""<=-3"": 0.0032912225250260065, "">=+3"": 0.016702018030283296}","{""12"": 0.003291222525026006, ""13"": 0.11318003750280434, ""14"": 0.2884181743015646, ""15"": 0.31492324588306386, ""16"": 0.18596186532711734, ""17"": 0.07752343643014052, ""18"": 0.01142769654703594, ""19"": 0.002637160741623678, ""20"": 0.002637160741623678}",no_trade,top_probability_below_threshold,15,0.3247575003911057,True,0.6014662927419259,"{""12"": 0.0004908352958590892, ""13"": 0.07843276683136517, ""14"": 0.3083216063468739, ""15"": 0.3247575003911057, ""16"": 0.19414953607372107, ""17"": 0.08083102330746919, ""18"": 0.007810039052163534, ""19"": 0.002603346350721178, ""20"": 0.0019525097630408834, ""21"": 0.0006508365876802945}",shadow_trade,confidence_passed,58-59,True,True,True,True
2026-03-24,57.2,14.000000000000002,actual_high_f_converted_to_c,58.69423732103074,14.83013184501708,-1,2,15,14,15,0.4918627292426684,0.2307521563573944,0.4918627292426684,0.261110572885274,0.0,False,"{""+1"": 0.22005689453076674, ""+2"": 0.014208622415138568, ""-1"": 0.23075215635739438, ""-2"": 0.035567635548227845, ""0"": 0.49186272924266833, ""<=-3"": 0.002565377348957119, "">=+3"": 0.004986584556846896}","{""12"": 0.0025653773489571195, ""13"": 0.03556763554822785, ""14"": 0.23075215635739443, ""15"": 0.49186272924266844, ""16"": 0.2200568945307668, ""17"": 0.014208622415138572, ""18"": 0.0034118736441584034, ""19"": 0.0007873554563442469, ""20"": 0.0007873554563442469}",shadow_trade,confidence_passed,14,0.4450458691171416,True,0.42295106926043863,"{""13"": 0.06575011975578413, ""14"": 0.4450458691171416, ""15"": 0.22595442158848106, ""16"": 0.24368371428831526, ""17"": 0.014319682423337537, ""18"": 0.0031477156961642852, ""19"": 0.0010492385653880951, ""20"": 0.0007869289240410712, ""21"": 0.00026230964134702384}",shadow_trade,confidence_passed,58-59,False,False,False,False
2026-03-25,55.4,13.0,actual_high_f_converted_to_c,57.24523254953709,14.025129194187274,-1,2,14,13,14,0.3704367280705375,0.2940383719522319,0.3704367280705375,0.0763983561183056,0.0,False,"{""+1"": 0.22360367145249094, ""+2"": 0.03837002531862078, ""-1"": 0.2940383719522319, ""-2"": 0.061914093867424407, ""0"": 0.37043672807053757, ""<=-3"": 0.002596905140048734, "">=+3"": 0.00904020419864563}","{""11"": 0.002596905140048734, ""12"": 0.0619140938674244, ""13"": 0.2940383719522319, ""14"": 0.37043672807053757, ""15"": 0.2236036714524909, ""16"": 0.03837002531862078, ""17"": 0.006185402872757537, ""18"": 0.001427400662944047, ""19"": 0.001427400662944047}",no_trade,top_probability_below_threshold,13,0.4142319887702468,True,0.5158119588613613,"{""12"": 0.020674580277741644, ""13"": 0.4142319887702468, ""14"": 0.38705146779034416, ""15"": 0.14743579908333856, ""16"": 0.026591589772335215, ""17"": 0.002408744583596133, ""18"": 0.0008029148611987109, ""19"": 0.0008029148611987109}",shadow_trade,confidence_passed,56-57,False,False,False,False
2026-03-26,48.2,9.000000000000002,actual_high_f_converted_to_c,53.76446254492846,12.091368080515814,-3,0,12,9,11,0.472797084612206,0.002474293247256,0.472797084612206,0.2595468464973697,0.3704543318255414,False,"{""+1"": 0.2132502381148363, ""+2"": 0.05265935152975562, ""-1"": 0.47279708461220593, ""-2"": 0.13957609461508733, ""0"": 0.10234275278666455, ""<=-3"": 0.0024742932472560097, "">=+3"": 0.01690018509419416}","{""10"": 0.13957609461508735, ""11"": 0.472797084612206, ""12"": 0.10234275278666456, ""13"": 0.21325023811483632, ""14"": 0.05265935152975563, ""15"": 0.011563284538132849, ""16"": 0.0026684502780306573, ""17"": 0.0026684502780306573, ""9"": 0.00247429324725601}",shadow_trade,confidence_passed,11,0.0012035203497713497,False,1.3167679703702395,"{""9"": 0.0012035203497713497, ""10"": 0.05656545643925343, ""11"": 0.5022111126603039, ""12"": 0.1874278338089997, ""13"": 0.07654587493571571, ""14"": 0.15021987718899849, ""15"": 0.0090392136159351, ""16"": 0.007747897385087228, ""17"": 0.007747897385087227, ""18"": 0.0012913162308478715}",shadow_trade,confidence_passed,50-51,False,False,False,False
2026-03-27,55.4,13.0,actual_high_f_converted_to_c,51.910611168107295,11.061450648948496,2,5,11,13,10,0.390287137186657,0.0484853769063984,0.390287137186657,0.1665275827279528,0.1836519067703494,False,"{""+1"": 0.22375955445870419, ""+2"": 0.04848537690639844, ""-1"": 0.390287137186657, ""-2"": 0.11022938675171755, ""0"": 0.2066352304163075, ""<=-3"": 0.0017801005059343566, "">=+3"": 0.018823213774280975}","{""10"": 0.390287137186657, ""11"": 0.2066352304163075, ""12"": 0.22375955445870419, ""13"": 0.04848537690639844, ""14"": 0.012879041003455403, ""15"": 0.002972086385412785, ""16"": 0.002972086385412785, ""8"": 0.0017801005059343566, ""9"": 0.11022938675171755}",no_trade,top_probability_below_threshold,9,0.19502063612705112,False,0.8101942136782471,"{""8"": 0.0005456520137790343, ""9"": 0.25976729562887474, ""10"": 0.22412635936473102, ""11"": 0.16143736230218603, ""12"": 0.13475421655685976, ""13"": 0.19502063612705112, ""14"": 0.014609086803910976, ""15"": 0.0012174239003259145, ""16"": 0.007304543401955487, ""17"": 0.0012174239003259145}",no_trade,tail_allocation_ambiguous,54-55,True,False,False,False
2026-03-28,53.6,12.0,actual_high_f_converted_to_c,56.57430231810166,13.652390176723143,-2,1,14,12,13,0.4266836633721804,0.1707034011989667,0.4266836633721804,0.2559802621732136,0.3638930554485518,False,"{""+1"": 0.16383824106771674, ""+2"": 0.15114765640041694, ""-1"": 0.4266836633721804, ""-2"": 0.17070340119896676, ""0"": 0.06279060792362857, ""<=-3"": 0.004329639188614177, "">=+3"": 0.020506790848476494}","{""11"": 0.004329639188614177, ""12"": 0.17070340119896676, ""13"": 0.4266836633721804, ""14"": 0.06279060792362857, ""15"": 0.16383824106771674, ""16"": 0.15114765640041694, ""17"": 0.014030962159483918, ""18"": 0.0032379143444962884, ""19"": 0.0032379143444962884}",shadow_trade,confidence_passed,12,0.332276158505051,True,0.5712982514277755,"{""11"": 0.0021050519554215875, ""12"": 0.332276158505051, ""13"": 0.2314865560837343, ""14"": 0.057101543471494404, ""15"": 9.999999999970029e-13, ""16"": 0.2473776954671864, ""17"": 0.0777917967096674, ""18"": 0.025930598903222468, ""19"": 0.025930598903222468}",no_trade,tail_allocation_ambiguous,54-55,True,False,False,False
2026-03-29,62.6,17.0,actual_high_f_converted_to_c,62.129347054884256,16.738526141602364,0,3,17,17,17,0.3365445313300041,0.3365445313300041,0.3365445313300041,0.0881576317884481,0.0,False,"{""+1"": 0.16593066981468424, ""+2"": 0.10075687564521388, ""-1"": 0.24838689954155602, ""-2"": 0.13129262900883965, ""0"": 0.33654453133000417, ""<=-3"": 0.00483700690003808, "">=+3"": 0.012251387759663989}","{""14"": 0.00483700690003808, ""15"": 0.13129262900883965, ""16"": 0.248386899541556, ""17"": 0.33654453133000417, ""18"": 0.16593066981468424, ""19"": 0.10075687564521386, ""20"": 0.008382528467138519, ""21"": 0.0019344296462627348, ""22"": 0.0019344296462627348}",no_trade,top_probability_below_threshold,16,0.27516640307022033,False,0.707446060890549,"{""14"": 0.062015505176886976, ""15"": 0.03820954890571057, ""16"": 0.36346345702146465, ""17"": 0.27516640307022033, ""18"": 0.20792749224163826, ""19"": 0.03634372244766388, ""20"": 0.006489950437082836, ""21"": 0.005191960349666269, ""22"": 0.005191960349666269}",no_trade,switch_advantage_below_threshold,60-61,False,True,True,True
2026-03-30,64.4,18.000000000000004,actual_high_f_converted_to_c,63.98940209512967,17.771890052849816,0,3,18,18,17,0.3543961744783821,0.2199573406502896,0.3543961744783821,0.1170234502127039,0.1344388338280925,False,"{""+1"": 0.23737272426567815, ""+2"": 0.053227724652069326, ""-1"": 0.3543961744783821, ""-2"": 0.11023112065681163, ""0"": 0.2199573406502896, ""<=-3"": 0.004756131892975526, "">=+3"": 0.020058783403793603}","{""15"": 0.004756131892975526, ""16"": 0.11023112065681163, ""17"": 0.3543961744783821, ""18"": 0.2199573406502896, ""19"": 0.23737272426567815, ""20"": 0.053227724652069326, ""21"": 0.013724430749964045, ""22"": 0.0031671763269147794, ""23"": 0.0031671763269147794}",no_trade,top_probability_below_threshold,19,0.16369878163312454,False,0.8978647544855147,"{""15"": 0.001089191174277859, ""16"": 0.15929645884777507, ""17"": 0.2399339385375026, ""18"": 0.16369878163312454, ""19"": 0.3342474227980853, ""20"": 0.052107764565705574, ""21"": 0.02977586546611747, ""22"": 0.009925288488705823, ""23"": 0.009925288488705823}",no_trade,tail_allocation_ambiguous,66-67,False,True,True,False
2026-03-31,62.6,17.0,actual_high_f_converted_to_c,65.41248190578783,18.562489947659905,-2,1,19,17,20,0.3174766811613351,0.1353879412655541,0.3174766811613351,0.0704849359290175,0.1270049542879217,False,"{""+1"": 0.31747668116133515, ""+2"": 0.09306715170990555, ""-1"": 0.24699174523231762, ""-2"": 0.13538794126555412, ""0"": 0.19047172687341343, ""<=-3"": 0.004123299151612025, "">=+3"": 0.012481454605862224}","{""16"": 0.004123299151612025, ""17"": 0.13538794126555412, ""18"": 0.2469917452323176, ""19"": 0.1904717268734134, ""20"": 0.31747668116133515, ""21"": 0.09306715170990555, ""22"": 0.008539942625063628, ""23"": 0.0019707559903992984, ""24"": 0.0019707559903992984}",no_trade,top_probability_below_threshold,17,0.2828989471244,True,0.6240230047031301,"{""16"": 0.003505984416371168, ""17"": 0.2828989471244, ""18"": 0.16825886027532072, ""19"": 0.12812322473505736, ""20"": 0.14528741407380288, ""21"": 0.20484604951513036, ""22"": 0.04024771191595045, ""23"": 0.013415903971983481, ""24"": 0.013415903971983481}",no_trade,tail_allocation_ambiguous,62-63,True,False,False,False
2026-04-01,57.2,14.000000000000002,actual_high_f_converted_to_c,60.288555778112425,15.71586432117357,-2,1,16,14,16,0.409205583030067,0.0614862427915491,0.409205583030067,0.1156765723790505,0.0,False,"{""+1"": 0.19429766117130093, ""+2"": 0.030627608997509537, ""-1"": 0.29352901065101644, ""-2"": 0.06148624279154911, ""0"": 0.409205583030067, ""<=-3"": 0.002321145071041087, "">=+3"": 0.00853274828751586}","{""13"": 0.0023211450710410872, ""14"": 0.061486242791549114, ""15"": 0.2935290106510165, ""16"": 0.40920558303006704, ""17"": 0.19429766117130096, ""18"": 0.03062760899750954, ""19"": 0.005838196196721379, ""20"": 0.0013472760453972412, ""21"": 0.0013472760453972412}",shadow_trade,confidence_passed,16,0.2013663312605999,False,0.8577983495838694,"{""14"": 0.2013663312605999, ""15"": 0.304290978348074, ""16"": 0.3136145014507662, ""17"": 0.1702357705745995, ""18"": 0.0071655540060217805, ""19"": 0.0015354758584332385, ""20"": 0.0007677379292166192, ""21"": 0.0010236505722888256}",no_trade,switch_advantage_below_threshold,58-59,False,False,False,False
2026-04-02,57.2,14.000000000000002,actual_high_f_converted_to_c,59.44421616035895,15.246786755754972,-1,2,15,14,15,0.4224796969401995,0.1821862707443118,0.4224796969401995,0.1379770254363898,0.0,False,"{""+1"": 0.2845026715038097, ""+2"": 0.04232374950622201, ""-1"": 0.18218627074431182, ""-2"": 0.05953991895282318, ""0"": 0.4224796969401995, ""<=-3"": 0.0028015656276293415, "">=+3"": 0.006166126725004469}","{""12"": 0.0028015656276293415, ""13"": 0.05953991895282318, ""14"": 0.18218627074431182, ""15"": 0.4224796969401995, ""16"": 0.2845026715038097, ""17"": 0.04232374950622201, ""18"": 0.004218928811845163, ""19"": 0.0009735989565796529, ""20"": 0.0009735989565796529}",shadow_trade,confidence_passed,16,0.24405508557635913,False,0.8099870461880126,"{""13"": 0.025775979519569624, ""14"": 0.24405508557635913, ""15"": 0.33397187280149493, ""16"": 0.35372153310215243, ""17"": 0.03444388183394544, ""18"": 0.004818988299887035, ""19"": 0.0016063294332956785, ""20"": 0.0012047470749717588, ""21"": 0.0004015823583239197}",shadow_trade,confidence_passed,58-59,False,False,False,False
2026-04-03,66.2,19.0,actual_high_f_converted_to_c,61.619909154224665,16.45550508568037,3,6,16,19,17,0.3684674178486221,0.0061488561818409,0.3684674178486221,0.1370937495575596,0.1370937495575596,False,"{""+1"": 0.368467417848622, ""+2"": 0.06743977755320996, ""-1"": 0.22222491521771293, ""-2"": 0.09713205762515698, ""0"": 0.23137366829106246, ""<=-3"": 0.004375373660006508, "">=+3"": 0.008986789804229081}","{""13"": 0.004375373660006509, ""14"": 0.09713205762515699, ""15"": 0.22222491521771295, ""16"": 0.23137366829106248, ""17"": 0.3684674178486221, ""18"": 0.06743977755320997, ""19"": 0.0061488561818409514, ""20"": 0.0014189668111940657, ""21"": 0.0014189668111940657}",no_trade,top_probability_below_threshold,18,0.07830292743507106,False,1.069709243388324,"{""14"": 0.10896784884703103, ""15"": 0.007693386954379271, ""16"": 0.28814562340614036, ""17"": 0.1720041218683271, ""18"": 0.3085311608941968, ""19"": 0.07830292743507106, ""20"": 0.013982665613405545, ""21"": 0.011186132490724435, ""22"": 0.011186132490724435}",no_trade,tail_allocation_ambiguous,64-65,False,False,False,False
2026-04-04,60.8,16.0,actual_high_f_converted_to_c,61.83473198908149,16.574851105045273,-1,2,17,16,17,0.4241910676602054,0.3655852961353962,0.4241910676602054,0.0586057715248092,0.0,False,"{""+1"": 0.14409773197144568, ""+2"": 0.009119332671669323, ""-1"": 0.3655852961353962, ""-2"": 0.04963741133885424, ""0"": 0.4241910676602055, ""<=-3"": 0.0020375067179254636, "">=+3"": 0.005331653504503742}","{""14"": 0.0020375067179254636, ""15"": 0.049637411338854236, ""16"": 0.3655852961353962, ""17"": 0.4241910676602054, ""18"": 0.14409773197144568, ""19"": 0.009119332671669323, ""20"": 0.0036479734504499288, ""21"": 0.0008418400270269066, ""22"": 0.0008418400270269066}",shadow_trade,confidence_passed,17,0.3773814707968044,False,0.6106886757937362,"{""16"": 0.3773814707968044, ""17"": 0.44310451777785453, ""18"": 0.1629605445317958, ""19"": 0.011304806659006544, ""20"": 0.002018715474822597, ""21"": 0.0016149723798580774, ""22"": 0.0016149723798580774}",shadow_trade,confidence_passed,62-63,False,False,False,False
2026-04-05,53.6,12.0,actual_high_f_converted_to_c,55.000543081055895,12.778079489475497,-1,2,13,12,14,0.3666982402670949,0.219816253251899,0.3666982402670949,0.0433700531867192,0.0433700531867192,False,"{""+1"": 0.3666982402670949, ""+2"": 0.023437786991539873, ""-1"": 0.21981625325189905, ""-2"": 0.05295016120586426, ""0"": 0.32332818708037564, ""<=-3"": 0.0019056651588228446, "">=+3"": 0.011863706044403219}","{""10"": 0.0019056651588228448, ""11"": 0.052950161205864266, ""12"": 0.21981625325189907, ""13"": 0.3233281870803757, ""14"": 0.36669824026709497, ""15"": 0.023437786991539873, ""16"": 0.00811727255669694, ""17"": 0.00187321674385314, ""18"": 0.00187321674385314}",no_trade,top_probability_below_threshold,13,0.34635367988368426,False,0.6062685876893538,"{""10"": 0.000330593548402781, ""11"": 0.06069475861715781, ""12"": 0.34635367988368426, ""13"": 0.35884061051964944, ""14"": 0.21550388823755454, ""15"": 0.00936111836742864, ""16"": 0.005349210495673509, ""17"": 0.0017830701652245028, ""18"": 0.0017830701652245028}",no_trade,top_two_margin_below_threshold,56-57,False,True,False,False
2026-04-06,55.4,13.0,actual_high_f_converted_to_c,55.56993198050736,13.094406655837425,0,3,13,13,14,0.4117302435823584,0.2122275377220798,0.4117302435823584,0.1335717106036016,0.1995027058602785,False,"{""+1"": 0.4117302435823583, ""+2"": 0.029068541079023028, ""-1"": 0.27815853297875665, ""-2"": 0.05545680566222864, ""0"": 0.2122275377220798, ""<=-3"": 0.003064799684542652, "">=+3"": 0.010293539291010866}","{""10"": 0.0030647996845426526, ""11"": 0.055456805662228645, ""12"": 0.2781585329787567, ""13"": 0.21222753772207983, ""14"": 0.4117302435823584, ""15"": 0.02906854107902303, ""16"": 0.007042947935954804, ""17"": 0.0016252956775280316, ""18"": 0.0016252956775280316}",shadow_trade,confidence_passed,13,0.4309991651095045,True,0.4646232842132563,"{""10"": 0.0001839174211747212, ""11"": 0.02259176625306171, ""12"": 0.24733707791897067, ""13"": 0.4309991651095045, ""14"": 0.2811763482816227, ""15"": 0.009071859154365385, ""16"": 0.00518391951678022, ""17"": 0.0017279731722600732, ""18"": 0.0017279731722600732}",no_trade,switch_advantage_below_threshold,56-57,False,True,True,False
2026-04-07,51.8,10.999999999999998,actual_high_f_converted_to_c,53.51072097650753,11.950400542504182,-1,2,12,11,13,0.311391099720584,0.3062352800859784,0.311391099720584,0.0051558196346055,0.0230884891806766,True,"{""+1"": 0.31139109972058404, ""+2"": 0.017862135568879816, ""-1"": 0.30623528008597845, ""-2"": 0.06560015020632672, ""0"": 0.28830261053990736, ""<=-3"": 0.0019973369949779505, "">=+3"": 0.008611386883345758}","{""10"": 0.06560015020632672, ""11"": 0.30623528008597845, ""12"": 0.28830261053990736, ""13"": 0.31139109972058404, ""14"": 0.017862135568879816, ""15"": 0.005892001551762887, ""16"": 0.0013596926657914352, ""17"": 0.0013596926657914352, ""9"": 0.0019973369949779505}",no_trade,tail_allocation_ambiguous,12,0.18110835226441627,False,0.9505331783020079,"{""10"": 0.04513888306491981, ""11"": 0.18110835226441627, ""12"": 0.4096270912739644, ""13"": 0.33101239263445054, ""14"": 0.02261394783763348, ""15"": 0.004038204971005978, ""16"": 0.003230563976804782, ""17"": 0.003230563976804782}",no_trade,switch_advantage_below_threshold,54-55,False,True,False,False
2026-04-08,55.4,13.0,actual_high_f_converted_to_c,54.63927083201114,12.577372684450632,0,3,13,13,13,0.402991540610727,0.402991540610727,0.402991540610727,0.069810630938402,0.0,False,"{""+1"": 0.333180909672325, ""+2"": 0.012263207567157531, ""-1"": 0.20373702969382246, ""-2"": 0.036948737472959015, ""0"": 0.402991540610727, ""<=-3"": 0.001899928891515801, "">=+3"": 0.008978646091493231}","{""10"": 0.001899928891515801, ""11"": 0.036948737472959015, ""12"": 0.20373702969382246, ""13"": 0.402991540610727, ""14"": 0.333180909672325, ""15"": 0.012263207567157531, ""16"": 0.00614328416786379, ""17"": 0.0014176809618147207, ""18"": 0.0014176809618147207}",shadow_trade,confidence_passed,13,0.46514237860975616,True,0.4050654572985408,"{""10"": 0.00035594871356766516, ""11"": 0.05920054585585292, ""12"": 0.29823528599037186, ""13"": 0.46514237860975616, ""14"": 0.16268928196585652, ""15"": 0.007363603320890037, ""16"": 0.004207773326222878, ""17"": 0.0014025911087409593, ""18"": 0.0014025911087409593}",shadow_trade,confidence_passed,54-55,True,True,True,True
2026-04-09,53.6,12.0,actual_high_f_converted_to_c,56.71555093881044,13.730861632672465,-2,1,14,12,13,0.3174770570159817,0.0572590128105869,0.3174770570159817,0.0063305815004902,0.0308394360306495,True,"{""+1"": 0.3111464755154915, ""+2"": 0.01667108485296944, ""-1"": 0.3174770570159817, ""-2"": 0.057259012810586984, ""0"": 0.28663762098533213, ""<=-3"": 0.0018099167280511972, "">=+3"": 0.008998832091587004}","{""11"": 0.0018099167280511972, ""12"": 0.057259012810586984, ""13"": 0.3174770570159817, ""14"": 0.28663762098533213, ""15"": 0.3111464755154915, ""16"": 0.01667108485296944, ""17"": 0.0061570956416121606, ""18"": 0.0014208682249874215, ""19"": 0.0014208682249874215}",no_trade,tail_allocation_ambiguous,14,0.06652468558530772,False,1.18708693422598,"{""12"": 0.06652468558530772, ""13"": 0.3835287100177181, ""14"": 0.3871584250332712, ""15"": 0.13552586814081752, ""16"": 0.017849649185082916, ""17"": 0.005647597222681556, ""18"": 0.0018825324075605184, ""19"": 0.0018825324075605184}",no_trade,switch_advantage_below_threshold,58-59,False,False,False,False
2026-04-10,53.6,12.0,actual_high_f_converted_to_c,53.1706233165065,11.761457398059166,0,3,12,12,12,0.3837649903423349,0.3837649903423349,0.3837649903423349,0.0889083187539754,0.0,False,"{""+1"": 0.26895458047706655, ""+2"": 0.00637187061365566, ""-1"": 0.29485667158835943, ""-2"": 0.036522351502467285, ""0"": 0.3837649903423348, ""<=-3"": 0.001151453196878704, "">=+3"": 0.008378082279237342}","{""10"": 0.03652235150246729, ""11"": 0.2948566715883595, ""12"": 0.3837649903423349, ""13"": 0.2689545804770666, ""14"": 0.006371870613655662, ""15"": 0.005732372085793972, ""16"": 0.0013228550967216857, ""17"": 0.0013228550967216857, ""9"": 0.0011514531968787043}",no_trade,top_probability_below_threshold,13,0.38839136486078807,False,0.5755905141832615,"{""11"": 0.17865712153766058, ""12"": 0.38839136486078807, ""13"": 0.41155557993643116, ""14"": 0.014611857137155283, ""15"": 0.0026092602030634436, ""16"": 0.002087408162450755, ""17"": 0.002087408162450755}",no_trade,switch_advantage_below_threshold,54-55,True,False,True,True
2026-04-11,51.8,10.999999999999998,actual_high_f_converted_to_c,57.53246662257556,14.184703679208642,-3,0,14,11,15,0.3659331648080212,0.0025278309413634,0.3659331648080212,0.0827640539917696,0.1442336767113148,False,"{""+1"": 0.3659331648080212, ""+2"": 0.034223591785920604, ""-1"": 0.2831691108162515, ""-2"": 0.08043654889312533, ""0"": 0.2216994880967063, ""<=-3"": 0.002527830941363439, "">=+3"": 0.012010264658611618}","{""11"": 0.002527830941363439, ""12"": 0.08043654889312533, ""13"": 0.2831691108162515, ""14"": 0.2216994880967063, ""15"": 0.3659331648080212, ""16"": 0.034223591785920604, ""17"": 0.00821754950326058, ""18"": 0.0018963575776755185, ""19"": 0.0018963575776755185}",no_trade,top_probability_below_threshold,13,0.0003343541674345381,False,1.2354437218840517,"{""11"": 0.0003343541674345381, ""12"": 0.07420244317112214, ""13"": 0.30272285065051174, ""14"": 0.24288185219893388, ""15"": 0.2627877324004161, ""16"": 0.10412727887503945, ""17"": 0.007766093121925315, ""18"": 0.002588697707308438, ""19"": 0.002588697707308438}",no_trade,switch_advantage_below_threshold,58-59,False,False,False,False
2026-04-12,66.2,19.0,actual_high_f_converted_to_c,65.02756422879727,18.348646793776265,1,4,18,19,17,0.2732209117074842,0.1849329967302553,0.2732209117074842,0.0882879149772289,0.0928352656633438,False,"{""+1"": 0.18493299673025532, ""+2"": 0.17273878269560827, ""-1"": 0.2732209117074842, ""-2"": 0.16100268016146643, ""0"": 0.18038564604414042, ""<=-3"": 0.006812119344942193, "">=+3"": 0.020906863316103107}","{""15"": 0.006812119344942194, ""16"": 0.16100268016146646, ""17"": 0.27322091170748425, ""18"": 0.18038564604414045, ""19"": 0.18493299673025534, ""20"": 0.1727387826956083, ""21"": 0.01430469595312318, ""22"": 0.0033010836814899645, ""23"": 0.0033010836814899645}",no_trade,top_probability_below_threshold,18,1.999999999996003e-12,False,1.2106393526744355,"{""16"": 0.10851753660072727, ""17"": 0.15255339360675857, ""18"": 0.3454235692724993, ""19"": 1.999999999996003e-12, ""20"": 0.1842597873602989, ""21"": 0.1428995114247817, ""22"": 0.030621323876738927, ""23"": 0.030621323876738927, ""24"": 0.005103553979456488}",no_trade,tail_allocation_ambiguous,64-65,False,False,False,False
2026-04-13,68.0,20.0,actual_high_f_converted_to_c,71.50968283551362,21.949823797507563,-2,1,22,20,21,0.4124309506392211,0.1759494118778064,0.4124309506392211,0.2364815387614146,0.2514684068278504,False,"{""+1"": 0.13757995585267097, ""+2"": 0.09340081057483599, ""-1"": 0.41243095063922114, ""-2"": 0.17594941187780647, ""0"": 0.16096254381137065, ""<=-3"": 0.006490847832617887, "">=+3"": 0.013185479411476969}","{""19"": 0.006490847832617886, ""20"": 0.17594941187780647, ""21"": 0.4124309506392211, ""22"": 0.16096254381137065, ""23"": 0.13757995585267097, ""24"": 0.09340081057483599, ""25"": 0.009021643807852663, ""26"": 0.0020819178018121527, ""27"": 0.0020819178018121527}",shadow_trade,confidence_passed,21,0.12833372806391846,False,0.9895378500375496,"{""19"": 0.002730504852423797, ""20"": 0.12833372806391846, ""21"": 0.3405182531946777, ""22"": 0.2915194217683771, ""23"": 0.009728191172548207, ""24"": 0.16600060131883945, ""25"": 0.02140925487022537, ""26"": 0.018350789888764603, ""27"": 0.0183507898887646, ""28"": 0.003058464981460767}",no_trade,tail_allocation_ambiguous,68-69,True,False,False,False
2026-04-14,73.4,23.000000000000004,actual_high_f_converted_to_c,75.75618692890308,24.308992738279485,-1,2,24,23,23,0.3508684945801467,0.3508684945801467,0.3508684945801467,0.0155265057461281,0.0155265057461281,False,"{""+1"": 0.1524425465307873, ""+2"": 0.05803822254604508, ""-1"": 0.3508684945801467, ""-2"": 0.08722924837254474, ""0"": 0.3353419888340185, ""<=-3"": 0.005619284613982752, "">=+3"": 0.010460214522475022}","{""21"": 0.005619284613982752, ""22"": 0.08722924837254474, ""23"": 0.3508684945801467, ""24"": 0.3353419888340185, ""25"": 0.1524425465307873, ""26"": 0.05803822254604508, ""27"": 0.0071569888837987, ""28"": 0.0016516128193381613, ""29"": 0.0016516128193381613}",no_trade,top_probability_below_threshold,24,0.22691270977436376,False,0.846626414314227,"{""22"": 0.049187279261137896, ""23"": 0.22691270977436376, ""24"": 0.46779388757573126, ""25"": 0.09238622934873218, ""26"": 0.13717709571466175, ""27"": 0.018126789100254833, ""28"": 0.0038843119500546063, ""29"": 0.0038843119500546063, ""30"": 0.0006473853250091011}",shadow_trade,confidence_passed,74-75,False,False,False,True
2026-04-15,69.8,21.0,actual_high_f_converted_to_c,71.66527128058351,22.036261822546397,-1,2,22,21,21,0.4320023242884879,0.4320023242884879,0.4320023242884879,0.1949197832704194,0.1949197832704194,False,"{""+1"": 0.1645731767184441, ""+2"": 0.04245224535622498, ""-1"": 0.432002324288488, ""-2"": 0.11086180302866554, ""0"": 0.2370825410180685, ""<=-3"": 0.004484539220427464, "">=+3"": 0.008543370369681471}","{""19"": 0.004484539220427464, ""20"": 0.11086180302866552, ""21"": 0.43200232428848795, ""22"": 0.23708254101806847, ""23"": 0.1645731767184441, ""24"": 0.04245224535622498, ""25"": 0.005845463937150481, ""26"": 0.0013489532162654955, ""27"": 0.0013489532162654955}",shadow_trade,confidence_passed,21,0.457023668136731,True,0.4083929806187289,"{""20"": 0.05822032156272212, ""21"": 0.457023668136731, ""22"": 0.18364368116158805, ""23"": 0.27593085027348613, ""24"": 0.0171971075178838, ""25"": 0.003070912056764964, ""26"": 0.0024567296454119716, ""27"": 0.0024567296454119716}",no_trade,tail_allocation_ambiguous,68-69,False,True,False,True
2026-04-16,75.2,24.0,actual_high_f_converted_to_c,73.31109178899115,22.950606549439527,1,4,23,24,23,0.3390635443749288,0.2085581756806423,0.3390635443749288,0.0125699233817277,0.0,False,"{""+1"": 0.20855817568064236, ""+2"": 0.03947022746446336, ""-1"": 0.3264936209932011, ""-2"": 0.072565388446299, ""0"": 0.33906354437492886, ""<=-3"": 0.004579450429774146, "">=+3"": 0.009269592610691131}","{""20"": 0.004579450429774146, ""21"": 0.072565388446299, ""22"": 0.3264936209932011, ""23"": 0.33906354437492886, ""24"": 0.20855817568064236, ""25"": 0.03947022746446336, ""26"": 0.0063423528388939325, ""27"": 0.0014636198858985997, ""28"": 0.0014636198858985997}",no_trade,top_probability_below_threshold,22,0.20970541251049193,False,0.8971938774419255,"{""21"": 0.0348431796245853, ""22"": 0.3765971101884267, ""23"": 0.3597994483849979, ""24"": 0.20970541251049193, ""25"": 0.009759800856621065, ""26"": 0.005577029060926324, ""27"": 0.001859009686975441, ""28"": 0.001859009686975441}",shadow_trade,confidence_passed,72-73,False,False,False,False
2026-04-17,64.4,18.000000000000004,actual_high_f_converted_to_c,63.19638186835819,17.331323260198992,1,4,17,18,16,0.384453969458059,0.2593682713687248,0.384453969458059,0.1250856980893341,0.1458944661208449,False,"{""+1"": 0.2593682713687249, ""+2"": 0.03221287023147794, ""-1"": 0.38445396945805915, ""-2"": 0.07104805621316036, ""0"": 0.23855950333721412, ""<=-3"": 0.0028307967900781388, "">=+3"": 0.011526532601285498}","{""14"": 0.0028307967900781383, ""15"": 0.07104805621316035, ""16"": 0.38445396945805904, ""17"": 0.23855950333721407, ""18"": 0.25936827136872487, ""19"": 0.03221287023147793, ""20"": 0.007886574937721654, ""21"": 0.0018199788317819201, ""22"": 0.0018199788317819201}",no_trade,top_probability_below_threshold,17,0.22382562342349002,False,0.9032100143995994,"{""15"": 0.011360907572478466, ""16"": 0.23297301735361534, ""17"": 0.4953662360812039, ""18"": 0.22382562342349002, ""19"": 0.03100011446603418, ""20"": 0.0019159353861123746, ""21"": 0.0016422303309534636, ""22"": 0.0016422303309534638, ""23"": 0.00027370505515891065}",shadow_trade,confidence_passed,62-63,False,False,False,False
2026-04-18,69.8,21.0,actual_high_f_converted_to_c,68.70408918889004,20.391160660494464,1,4,20,21,19,0.5138943089557142,0.0335871999072966,0.5138943089557142,0.182335837823554,0.5138943089547142,False,"{""+1"": 0.03358719990729663, ""+2"": 0.09677492616421653, ""-1"": 0.5138943089557142, ""-2"": 0.33155847113216014, ""0"": 9.999999999990005e-13, ""<=-3"": 0.006901596303907168, "">=+3"": 0.017283497535705326}","{""17"": 0.006901596303907168, ""18"": 0.33155847113216014, ""19"": 0.5138943089557142, ""20"": 9.999999999990005e-13, ""21"": 0.03358719990729663, ""22"": 0.09677492616421653, ""23"": 0.011825550945482592, ""24"": 0.002728973295111367, ""25"": 0.002728973295111367}",shadow_trade,confidence_passed,19,2.0010930691667975e-12,False,1.2516666665011167,"{""18"": 0.28250086449687917, ""19"": 0.3416560609506615, ""20"": 0.1576353783701204, ""21"": 2.0010930691667975e-12, ""22"": 0.17131096795001283, ""23"": 0.02813803693819502, ""24"": 0.009379345646065004, ""25"": 0.007034509234548753, ""26"": 0.0023448364115162515}",no_trade,tail_allocation_ambiguous,66-67,False,False,False,False
2026-04-19,75.2,24.0,actual_high_f_converted_to_c,71.7584085342494,22.088004741249662,2,5,22,24,21,0.55684866869027,0.0607147101721517,0.55684866869027,0.3842578688716993,0.4334970755315863,False,"{""+1"": 0.0672830851694686, ""+2"": 0.060714710172151735, ""-1"": 0.5568486686902702, ""-2"": 0.17259079981857076, ""0"": 0.12335159315868371, ""<=-3"": 0.005369311585596725, "">=+3"": 0.013841831405258498}","{""19"": 0.005369311585596724, ""20"": 0.17259079981857073, ""21"": 0.55684866869027, ""22"": 0.12335159315868369, ""23"": 0.06728308516946858, ""24"": 0.06071471017215172, ""25"": 0.009470726750966338, ""26"": 0.002185552327146078, ""27"": 0.002185552327146078}",shadow_trade,confidence_passed,21,0.07629161370046121,False,1.294683358360982,"{""20"": 0.01690631960780907, ""21"": 0.6101926564490417, ""22"": 0.26178840701994327, ""23"": 0.010723494782682233, ""24"": 0.07629161370046121, ""25"": 0.008434127954021882, ""26"": 0.007229252532018756, ""27"": 0.007229252532018756, ""28"": 0.001204875422003126}",no_trade,switch_advantage_below_threshold,70-71,False,False,False,False
2026-04-20,59.0,15.0,actual_high_f_converted_to_c,59.99806258876726,15.55447921598181,-1,2,16,15,16,0.4575683994240249,0.3136621245719966,0.4575683994240249,0.1439062748520282,0.0,False,"{""+1"": 0.18048176460093796, ""+2"": 0.005250033746476164, ""-1"": 0.31366212457199655, ""-2"": 0.032458612812770966, ""0"": 0.4575683994240248, ""<=-3"": 0.0016919319033115163, "">=+3"": 0.008887132940481976}","{""13"": 0.0016919319033115168, ""14"": 0.03245861281277097, ""15"": 0.3136621245719966, ""16"": 0.4575683994240249, ""17"": 0.18048176460093798, ""18"": 0.005250033746476165, ""19"": 0.006080669906645564, ""20"": 0.001403231516918207, ""21"": 0.001403231516918207}",shadow_trade,confidence_passed,16,0.32577811589510697,False,0.7158296136007156,"{""15"": 0.32577811589510697, ""16"": 0.47496405503422223, ""17"": 0.18869969667843808, ""18"": 0.007210431877622334, ""19"": 0.0015450925452047857, ""20"": 0.0007725462726023927, ""21"": 0.0010300616968031903}",shadow_trade,confidence_passed,60-61,False,False,False,False
2026-04-21,57.2,14.000000000000002,actual_high_f_converted_to_c,58.81424750461069,14.896804169228156,-1,2,15,14,15,0.4173064453145329,0.243698863229484,0.4173064453145329,0.1464398294793926,0.0,False,"{""+1"": 0.2708666158351403, ""+2"": 0.016464760794341886, ""-1"": 0.243698863229484, ""-2"": 0.04146100166727529, ""0"": 0.4173064453145329, ""<=-3"": 0.001792784870900289, "">=+3"": 0.00840952828832537}","{""12"": 0.001792784870900289, ""13"": 0.04146100166727529, ""14"": 0.243698863229484, ""15"": 0.4173064453145329, ""16"": 0.2708666158351403, ""17"": 0.016464760794341886, ""18"": 0.005753887776222622, ""19"": 0.001327820256051374, ""20"": 0.001327820256051374}",shadow_trade,confidence_passed,16,0.2979292410052484,False,0.6456703666546257,"{""13"": 0.1388327292505204, ""14"": 0.2979292410052484, ""15"": 0.1471647870632735, ""16"": 0.32551974227208447, ""17"": 0.0760422027556135, ""18"": 0.008706778591955832, ""19"": 0.0029022595306519433, ""20"": 0.0021766946479889575, ""21"": 0.0007255648826629859}",no_trade,top_two_margin_below_threshold,58-59,False,False,False,False
2026-04-22,64.4,18.000000000000004,actual_high_f_converted_to_c,60.12217388882935,15.62342993823853,2,5,16,18,16,0.3630444186388351,0.0188028892684549,0.3630444186388351,0.0829283024327984,0.0,False,"{""+1"": 0.276796370214719, ""+2"": 0.01880288926845492, ""-1"": 0.2801161162060367, ""-2"": 0.0479652036394268, ""0"": 0.36304441863883513, ""<=-3"": 0.0020703026087196545, "">=+3"": 0.011204699423807812}","{""13"": 0.0020703026087196545, ""14"": 0.0479652036394268, ""15"": 0.2801161162060367, ""16"": 0.36304441863883513, ""17"": 0.276796370214719, ""18"": 0.01880288926845492, ""19"": 0.007666373289973766, ""20"": 0.001769163066917023, ""21"": 0.001769163066917023}",no_trade,top_probability_below_threshold,17,0.020402504589483506,False,1.2103837445633245,"{""14"": 0.1883248184968304, ""15"": 0.17786014566296404, ""16"": 0.2767915102640586, ""17"": 0.3271484295701176, ""18"": 0.020402504589483506, ""19"": 0.004371965269175037, ""20"": 0.0021859826345875183, ""21"": 0.002914643512783358}",no_trade,tail_allocation_ambiguous,62-63,False,False,False,False
2026-04-23,71.6,22.0,actual_high_f_converted_to_c,70.45686299324682,21.36492388513712,1,4,21,22,22,0.3373782862858079,0.3373782862858079,0.3373782862858079,0.1253205650103105,0.154884030058666,False,"{""+1"": 0.33737828628580785, ""+2"": 0.10392157627673597, ""-1"": 0.21205772127549738, ""-2"": 0.14059932222634275, ""0"": 0.18249425622714185, ""<=-3"": 0.0054319997327280075, "">=+3"": 0.01811683797574613}","{""18"": 0.005431999732728008, ""19"": 0.14059932222634278, ""20"": 0.2120577212754974, ""21"": 0.18249425622714188, ""22"": 0.3373782862858079, ""23"": 0.10392157627673598, ""24"": 0.012395731246563145, ""25"": 0.0028605533645914946, ""26"": 0.0028605533645914946}",no_trade,top_probability_below_threshold,23,0.02526301451349574,False,1.1492310305732634,"{""19"": 0.16178624735766542, ""20"": 0.15486105992271368, ""21"": 0.13280232820739343, ""22"": 0.02526301451349574, ""23"": 0.3370412540987263, ""24"": 0.12855830939512564, ""25"": 0.02295684096341529, ""26"": 0.018365472770732232, ""27"": 0.018365472770732232}",no_trade,tail_allocation_ambiguous,72-73,True,False,False,True
2026-04-24,71.6,22.0,actual_high_f_converted_to_c,71.05947213882189,21.69970674378994,0,3,22,22,21,0.3917512653744991,0.3519437941595148,0.3917512653744991,0.0398074712149843,0.0398074712149843,False,"{""+1"": 0.1587292614255801, ""+2"": 0.024129123475257804, ""-1"": 0.39175126537449906, ""-2"": 0.05959305721255593, ""0"": 0.35194379415951477, ""<=-3"": 0.0037863447004051745, "">=+3"": 0.010067153652187006}","{""19"": 0.0037863447004051753, ""20"": 0.05959305721255594, ""21"": 0.39175126537449917, ""22"": 0.3519437941595148, ""23"": 0.15872926142558014, ""24"": 0.02412912347525781, ""25"": 0.006888052498864795, ""26"": 0.0015895505766611064, ""27"": 0.0015895505766611064}",no_trade,top_probability_below_threshold,21,0.3259749722574522,False,0.7264952977665531,"{""20"": 0.0356433939995238, ""21"": 0.505505711056539, ""22"": 0.3259749722574522, ""23"": 0.12384792146268542, ""24"": 0.006165464250399789, ""25"": 0.0011009757589999622, ""26"": 0.0008807806071999698, ""27"": 0.0008807806071999698}",shadow_trade,confidence_passed,70-71,False,False,True,False
2026-04-25,69.8,21.0,actual_high_f_converted_to_c,69.84741957159582,21.02634420644212,0,3,21,21,21,0.4201942545467835,0.4201942545467835,0.4201942545467835,0.1017088413336083,0.0,False,"{""+1"": 0.16507729093838738, ""+2"": 0.02704547009856444, ""-1"": 0.3184854132131751, ""-2"": 0.05650432626672571, ""0"": 0.42019425454678344, ""<=-3"": 0.003465578382874424, "">=+3"": 0.009227666553489278}","{""18"": 0.0034655783828744244, ""19"": 0.05650432626672572, ""20"": 0.31848541321317514, ""21"": 0.4201942545467835, ""22"": 0.1650772909383874, ""23"": 0.027045470098564443, ""24"": 0.006313666589229506, ""25"": 0.0014569999821298862, ""26"": 0.0014569999821298862}",shadow_trade,confidence_passed,21,0.48239655624462613,True,0.3396075600046936,"{""19"": 0.11815179387355022, ""20"": 0.16568816833000977, ""21"": 0.48239655624462613, ""22"": 0.1633040901485464, ""23"": 0.05967107509639569, ""24"": 0.006472989784123107, ""25"": 0.0005394158153435921, ""26"": 0.003236494892061553, ""27"": 0.0005394158153435921}",no_trade,switch_advantage_below_threshold,68-69,False,True,True,True
2026-04-26,69.8,21.0,actual_high_f_converted_to_c,69.0683750082124,20.59354167122911,0,3,21,21,21,0.3912995269168527,0.3912995269168527,0.3912995269168527,0.007858190302173,0.0,False,"{""+1"": 0.13619217316689922, ""+2"": 0.018317754351728575, ""-1"": 0.38344133661467966, ""-2"": 0.060875564043090136, ""0"": 0.3912995269168527, ""<=-3"": 0.0028245114257446895, "">=+3"": 0.007049133481004848}","{""18"": 0.00282451142574469, ""19"": 0.06087556404309014, ""20"": 0.3834413366146797, ""21"": 0.39129952691685277, ""22"": 0.13619217316689924, ""23"": 0.01831775435172858, ""24"": 0.0048230913291085805, ""25"": 0.001113021075948134, ""26"": 0.001113021075948134}",no_trade,top_probability_below_threshold,21,0.4413787564721552,True,0.4828748121872217,"{""20"": 0.3774761860475756, ""21"": 0.4413787564721552, ""22"": 0.168055714991162, ""23"": 0.008939063163292743, ""24"": 0.001915513534991302, ""25"": 0.000957756767495651, ""26"": 0.0012770090233275347}",shadow_trade,confidence_passed,68-69,False,False,True,True
2026-04-27,64.4,18.000000000000004,actual_high_f_converted_to_c,67.02201982389019,19.456677679938995,-1,2,19,18,19,0.4073932580340759,0.3296862596334771,0.4073932580340759,0.0777069984005988,0.0,False,"{""+1"": 0.1958426618437915, ""+2"": 0.016156223245898292, ""-1"": 0.3296862596334772, ""-2"": 0.03795695181406679, ""0"": 0.40739325803407606, ""<=-3"": 0.002868502190632173, "">=+3"": 0.010096143238058096}","{""16"": 0.0028685021906321726, ""17"": 0.03795695181406678, ""18"": 0.32968625963347714, ""19"": 0.40739325803407594, ""20"": 0.19584266184379145, ""21"": 0.01615622324589829, ""22"": 0.006907887478671327, ""23"": 0.0015941278796933831, ""24"": 0.0015941278796933831}",shadow_trade,confidence_passed,19,0.21148490673195433,False,0.9482889620239706,"{""18"": 0.21148490673195433, ""19"": 0.5449649696505249, ""20"": 0.1474446985197905, ""21"": 0.08817059412853524, ""22"": 0.0054189089545723075, ""23"": 0.0011611947759797804, ""24"": 0.0011611947759797802, ""25"": 0.0001935324626632967}",shadow_trade,confidence_passed,66-67,False,False,False,False
2026-04-28,59.0,15.0,actual_high_f_converted_to_c,61.76131992764599,16.534066626469993,-2,1,17,15,17,0.3985937221158586,0.0503222221093422,0.3985937221158586,0.137683084757766,0.0,False,"{""+1"": 0.2609106373580925, ""+2"": 0.02439585547544773, ""-1"": 0.25482770785387443, ""-2"": 0.05032222210934222, ""0"": 0.3985937221158586, ""<=-3"": 0.002197940230587948, "">=+3"": 0.008751914856796583}","{""14"": 0.002197940230587948, ""15"": 0.05032222210934222, ""16"": 0.25482770785387443, ""17"": 0.3985937221158586, ""18"": 0.2609106373580925, ""19"": 0.02439585547544773, ""20"": 0.005988152270439767, ""21"": 0.0013818812931784077, ""22"": 0.0013818812931784077}",no_trade,top_probability_below_threshold,16,0.0547280296864914,False,1.1945969877678484,"{""15"": 0.0547280296864914, ""16"": 0.3726726701443049, ""17"": 0.3660969059681383, ""18"": 0.16520530989406995, ""19"": 0.02820288684380177, ""20"": 0.00503622979353603, ""21"": 0.004028983834828824, ""22"": 0.004028983834828824}",no_trade,tail_allocation_ambiguous,60-61,False,False,False,False
2026-04-29,66.2,19.0,actual_high_f_converted_to_c,64.46697690018868,18.037209388993716,1,4,18,19,18,0.3271016497688973,0.2594888607080231,0.3271016497688973,0.0590110847674172,0.0,False,"{""+1"": 0.2594888607080231, ""+2"": 0.050331483712838423, ""-1"": 0.26809056500148, ""-2"": 0.08181561035056319, ""0"": 0.3271016497688973, ""<=-3"": 0.0028824164921845688, "">=+3"": 0.010289413966013471}","{""15"": 0.0028824164921845688, ""16"": 0.08181561035056319, ""17"": 0.26809056500148, ""18"": 0.3271016497688973, ""19"": 0.2594888607080231, ""20"": 0.05033148371283842, ""21"": 0.007040125345167111, ""22"": 0.0016246443104231795, ""23"": 0.0016246443104231795}",no_trade,top_probability_below_threshold,18,0.23003588054711338,False,0.8647063098482356,"{""16"": 0.029768790558756707, ""17"": 0.2996077486550754, ""18"": 0.42559139784347366, ""19"": 0.23003588054711338, ""20"": 0.007680971470907306, ""21"": 0.004389126554804175, ""22"": 0.001463042184934725, ""23"": 0.001463042184934725}",shadow_trade,confidence_passed,64-65,False,False,False,False
2026-04-30,66.2,19.0,actual_high_f_converted_to_c,67.52687960276143,19.73715533486746,-1,2,20,19,19,0.343428306009328,0.343428306009328,0.343428306009328,0.0128449465175217,0.0128449465175217,False,"{""+1"": 0.22402823184373344, ""+2"": 0.023890289332187037, ""-1"": 0.34342830600932794, ""-2"": 0.06793751403798397, ""0"": 0.33058335949180623, ""<=-3"": 0.0031340381522284577, "">=+3"": 0.0069982611327328095}","{""17"": 0.003134038152228458, ""18"": 0.06793751403798398, ""19"": 0.343428306009328, ""20"": 0.3305833594918063, ""21"": 0.22402823184373347, ""22"": 0.02389028933218704, ""23"": 0.004788283932922449, ""24"": 0.0011049885999051805, ""25"": 0.0011049885999051805}",no_trade,top_probability_below_threshold,19,0.35036858555239475,True,0.5739257817151402,"{""18"": 0.07101241655601323, ""19"": 0.35036858555239475, ""20"": 0.28637465412341945, ""21"": 0.25288491949562614, ""22"": 0.02928645084089313, ""23"": 0.006043784058991975, ""24"": 0.0020145946863306587, ""25"": 0.0015109460147479938, ""26"": 0.0005036486715826647}",no_trade,top_two_margin_below_threshold,68-69,False,False,False,True
2026-05-01,66.2,19.0,actual_high_f_converted_to_c,67.76138389017251,19.867435494540285,-1,2,20,19,19,0.3741041313217126,0.3741041313217126,0.3741041313217126,0.1052898593865155,0.1459286802611745,False,"{""+1"": 0.268814271935197, ""+2"": 0.0298194335788487, ""-1"": 0.3741041313217126, ""-2"": 0.08380319851374109, ""0"": 0.22817545106053805, ""<=-3"": 0.0040326724081419804, "">=+3"": 0.011250841181820622}","{""17"": 0.0040326724081419804, ""18"": 0.08380319851374109, ""19"": 0.3741041313217126, ""20"": 0.22817545106053805, ""21"": 0.268814271935197, ""22"": 0.0298194335788487, ""23"": 0.0076979439665088465, ""24"": 0.0017764486076558875, ""25"": 0.0017764486076558875}",no_trade,top_probability_below_threshold,19,0.2564030140075365,True,0.6951914245130867,"{""17"": 0.0011971998826585206, ""18"": 0.16181706174927235, ""19"": 0.2564030140075365, ""20"": 0.2073387454765997, ""21"": 0.2515507852912534, ""22"": 0.09776652205200893, ""23"": 0.014356002924402363, ""24"": 0.004785334308134121, ""25"": 0.003589000731100591, ""26"": 0.0011963335770335303}",no_trade,tail_allocation_ambiguous,68-69,False,False,False,True
2026-05-02,64.4,18.000000000000004,actual_high_f_converted_to_c,65.56090493550411,18.64494718639117,-1,2,19,18,19,0.3787176141185294,0.2532495312820538,0.3787176141185294,0.0823997641577032,0.0,False,"{""+1"": 0.2963178499608261, ""+2"": 0.02088323993462951, ""-1"": 0.25324953128205385, ""-2"": 0.043236918388312895, ""0"": 0.37871761411852944, ""<=-3"": 0.002876635431273478, "">=+3"": 0.00471821088437465}","{""16"": 0.002876635431273478, ""17"": 0.043236918388312895, ""18"": 0.25324953128205385, ""19"": 0.3787176141185294, ""20"": 0.2963178499608261, ""21"": 0.02088323993462951, ""22"": 0.003228249552466866, ""23"": 0.0007449806659538921, ""24"": 0.0007449806659538921}",no_trade,top_probability_below_threshold,19,0.36587475814355946,False,0.5882366791088769,"{""17"": 0.03222649714527577, ""18"": 0.36587475814355946, ""19"": 0.40392247914706103, ""20"": 0.14015883938825183, ""21"": 0.047293895424162145, ""22"": 0.0063141184510139125, ""23"": 0.002104706150337971, ""24"": 0.002104706150337971}",no_trade,top_two_margin_below_threshold,66-67,False,False,False,False
2026-05-03,59.0,15.0,actual_high_f_converted_to_c,57.84063567015504,14.355908705641689,1,4,14,15,14,0.424783015031598,0.2886017581038772,0.424783015031598,0.1361812569277207,0.0,False,"{""+1"": 0.2886017581038772, ""+2"": 0.008914540825005013, ""-1"": 0.23570718331585097, ""-2"": 0.03265687354434366, ""0"": 0.424783015031598, ""<=-3"": 0.0013393950292351902, "">=+3"": 0.007997234150089974}","{""11"": 0.0013393950292351902, ""12"": 0.03265687354434366, ""13"": 0.23570718331585097, ""14"": 0.424783015031598, ""15"": 0.2886017581038772, ""16"": 0.008914540825005013, ""17"": 0.0054717917869036665, ""18"": 0.0012627211815931538, ""19"": 0.0012627211815931538}",shadow_trade,confidence_passed,14,0.32008337965732325,False,0.7654120042726705,"{""14"": 0.5341786191363136, ""15"": 0.32008337965732325, ""16"": 0.13302717032199096, ""17"": 0.008680567433229796, ""18"": 0.0018601215928349562, ""19"": 0.0018601215928349562, ""20"": 0.0003100202654724927}",shadow_trade,confidence_passed,58-59,True,True,False,False
2026-05-04,64.4,18.000000000000004,actual_high_f_converted_to_c,65.45526694336921,18.586259412982898,-1,2,19,18,20,0.3195857528597969,0.233408522909585,0.3195857528597969,0.0288295171328253,0.0288295171328253,False,"{""+1"": 0.31958575285979696, ""+2"": 0.053137334692116345, ""-1"": 0.233408522909585, ""-2"": 0.09075933075611552, ""0"": 0.29075623572697157, ""<=-3"": 0.003010224546030726, "">=+3"": 0.009342598509383848}","{""16"": 0.003010224546030726, ""17"": 0.09075933075611552, ""18"": 0.233408522909585, ""19"": 0.29075623572697157, ""20"": 0.31958575285979696, ""21"": 0.053137334692116345, ""22"": 0.006392304243262633, ""23"": 0.0014751471330606075, ""24"": 0.0014751471330606075}",no_trade,top_probability_below_threshold,19,0.2988929861234537,False,0.6851141951420947,"{""16"": 0.018328916118202285, ""17"": 0.1333989335694703, ""18"": 0.2988929861234537, ""19"": 0.4058211696358983, ""20"": 0.09852524629299496, ""21"": 0.030754071982425652, ""22"": 0.006590158281948353, ""23"": 0.006590158281948353, ""24"": 0.0010983597136580588}",no_trade,switch_advantage_below_threshold,66-67,False,True,False,False
2026-05-05,64.4,18.000000000000004,actual_high_f_converted_to_c,65.23778054178881,18.46543363432712,0,3,18,18,19,0.3346301530058596,0.3194713037663394,0.3346301530058596,0.0151588492395201,0.0151588492395201,False,"{""+1"": 0.3346301530058595, ""+2"": 0.03928934217758511, ""-1"": 0.22359464308190977, ""-2"": 0.07059081586472638, ""0"": 0.31947130376633937, ""<=-3"": 0.0029727102165153494, "">=+3"": 0.009451031887064459}","{""15"": 0.00297271021651535, ""16"": 0.07059081586472639, ""17"": 0.2235946430819098, ""18"": 0.3194713037663394, ""19"": 0.3346301530058596, ""20"": 0.03928934217758512, ""21"": 0.006466495501675684, ""22"": 0.0014922681926943884, ""23"": 0.0014922681926943884}",no_trade,top_probability_below_threshold,19,0.3075733026601234,False,0.698607028957292,"{""16"": 0.01917649388589272, ""17"": 0.11924293263540714, ""18"": 0.3075733026601234, ""19"": 0.44643732571139766, ""20"": 0.06624897225369006, ""21"": 0.02821920097311443, ""22"": 0.006046971637095949, ""23"": 0.006046971637095949, ""24"": 0.001007828606182658}",no_trade,switch_advantage_below_threshold,66-67,False,True,True,False
2026-05-06,69.8,21.0,actual_high_f_converted_to_c,69.30223110446394,20.72346172470219,0,3,21,21,21,0.3911924436770022,0.3911924436770022,0.3911924436770022,0.1077198369131332,0.0,False,"{""+1"": 0.28347260676386904, ""+2"": 0.02852630488421273, ""-1"": 0.23133029711076958, ""-2"": 0.05608627587525573, ""0"": 0.39119244367700223, ""<=-3"": 0.0031037496284469497, "">=+3"": 0.0062883220604437835}","{""18"": 0.0031037496284469497, ""19"": 0.05608627587525573, ""20"": 0.23133029711076958, ""21"": 0.39119244367700223, ""22"": 0.28347260676386904, ""23"": 0.02852630488421273, ""24"": 0.004302536146619431, ""25"": 0.0009928929569121762, ""26"": 0.0009928929569121762}",no_trade,top_probability_below_threshold,21,0.4639611554472772,True,0.4070930500621904,"{""19"": 0.09307162491946605, ""20"": 0.30775490374451797, ""21"": 0.4639611554472772, ""22"": 0.12787870886170985, ""23"": 0.0050083169940685944, ""24"": 0.0010732107844432701, ""25"": 0.0005366053922216351, ""26"": 0.0007154738562955134}",shadow_trade,confidence_passed,68-69,False,False,True,True
2026-05-07,64.4,18.000000000000004,actual_high_f_converted_to_c,65.18889605518103,18.438275586211684,0,3,18,18,18,0.4043648107973516,0.4043648107973516,0.4043648107973516,0.1194053810964637,0.0,False,"{""+1"": 0.2449987095976107, ""+2"": 0.012629918327177714, ""-1"": 0.2849594297008879, ""-2"": 0.046631778630178866, ""0"": 0.4043648107973517, ""<=-3"": 0.0019076011915680746, "">=+3"": 0.004507751755225147}","{""15"": 0.0019076011915680744, ""16"": 0.046631778630178866, ""17"": 0.2849594297008879, ""18"": 0.40436481079735165, ""19"": 0.24499870959761066, ""20"": 0.012629918327177712, ""21"": 0.0030842512009435215, ""22"": 0.0007117502771408126, ""23"": 0.0007117502771408126}",shadow_trade,confidence_passed,18,0.5850921998993867,True,0.33252920611586295,"{""18"": 0.5850921998993867, ""19"": 0.4003524631837059, ""20"": 0.009150831299249226, ""21"": 0.0036908818852299935, ""22"": 0.0007909032611207131, ""23"": 0.0007909032611207129, ""24"": 0.0001318172101867855}",shadow_trade,confidence_passed,64-65,True,True,True,True
2026-05-08,68.0,20.0,actual_high_f_converted_to_c,65.97148476710049,18.873047092833605,1,4,19,20,19,0.4175996370166501,0.3483381823844548,0.4175996370166501,0.0692614546321953,0.0,False,"{""+1"": 0.3483381823844548, ""+2"": 0.016631802189612088, ""-1"": 0.1675805999137553, ""-2"": 0.03759216816423305, ""0"": 0.41759963701665015, ""<=-3"": 0.0024542430015737087, "">=+3"": 0.00980336732972099}","{""16"": 0.0024542430015737087, ""17"": 0.03759216816423305, ""18"": 0.1675805999137553, ""19"": 0.4175996370166501, ""20"": 0.3483381823844548, ""21"": 0.016631802189612088, ""22"": 0.006707567120335415, ""23"": 0.001547900104692788, ""24"": 0.001547900104692788}",shadow_trade,confidence_passed,19,0.21910750842721066,False,0.8886399250773115,"{""16"": 0.00026006563406169575, ""17"": 0.038689643707140765, ""18"": 0.22345099514238498, ""19"": 0.4756557465499282, ""20"": 0.21910750842721066, ""21"": 0.03367865275998757, ""22"": 0.005494432667571688, ""23"": 0.0018314775558572294, ""24"": 0.0018314775558572294}",shadow_trade,confidence_passed,66-67,False,False,False,False
2026-05-09,68.0,20.0,actual_high_f_converted_to_c,67.95647704376056,19.975820579866976,0,3,20,20,20,0.5404803382045689,0.5404803382045689,0.5404803382045689,0.2982871683956837,0.0,False,"{""+1"": 0.16924108503414564, ""+2"": 0.009613626907357764, ""-1"": 0.24219316980888514, ""-2"": 0.029907857624411283, ""0"": 0.5404803382045689, ""<=-3"": 0.00218536830504934, "">=+3"": 0.006378554115581926}","{""17"": 0.00218536830504934, ""18"": 0.029907857624411283, ""19"": 0.24219316980888514, ""20"": 0.5404803382045689, ""21"": 0.16924108503414564, ""22"": 0.009613626907357764, ""23"": 0.0043642738685560544, ""24"": 0.0010071401235129357, ""25"": 0.0010071401235129357}",shadow_trade,confidence_passed,19,0.2679372957320733,False,0.8002383526592691,"{""19"": 0.414998337894189, ""20"": 0.2679372957320733, ""21"": 0.3032445959979373, ""22"": 0.01183057662599658, ""23"": 0.0011935162498822802, ""24"": 0.00039783874996076, ""25"": 0.00029837906247057004, ""26"": 9.945968749019e-05}",shadow_trade,confidence_passed,68-69,True,True,True,True
2026-05-10,71.6,22.0,actual_high_f_converted_to_c,69.44176607604726,20.800981153359587,1,4,21,22,21,0.4239638487389382,0.2399029563875233,0.4239638487389382,0.1840608923514148,0.0,False,"{""+1"": 0.23990295638752338, ""+2"": 0.03268007956785295, ""-1"": 0.23920818969906196, ""-2"": 0.053884424316116494, ""0"": 0.4239638487389382, ""<=-3"": 0.0028165875424340774, "">=+3"": 0.0075439137480728564}","{""18"": 0.0028165875424340774, ""19"": 0.053884424316116494, ""20"": 0.23920818969906196, ""21"": 0.4239638487389382, ""22"": 0.23990295638752338, ""23"": 0.03268007956785295, ""24"": 0.0051616251960498495, ""25"": 0.0011911442760115037, ""26"": 0.0011911442760115037}",shadow_trade,confidence_passed,21,0.20252117857881238,False,0.9235352181643612,"{""19"": 0.12544852748423768, ""20"": 0.1695702153825331, ""21"": 0.49297682476841564, ""22"": 0.20252117857881238, ""23"": 0.006476368439220369, ""24"": 0.0013877932369757936, ""25"": 0.0006938966184878967, ""26"": 0.0009251954913171956}",no_trade,top_two_margin_below_threshold,68-69,False,False,False,False
2026-05-12,71.6,22.0,actual_high_f_converted_to_c,68.29835359614722,20.16575199785957,2,5,20,22,20,0.3736214220330315,0.0250698522285888,0.3736214220330315,0.0657915636162921,0.0,False,"{""+1"": 0.22585643961748605, ""+2"": 0.02506985222858881, ""-1"": 0.3078298584167393, ""-2"": 0.058735758111734364, ""0"": 0.3736214220330315, ""<=-3"": 0.002367128759235948, "">=+3"": 0.00651954083318392}","{""17"": 0.0023671287592359484, ""18"": 0.05873575811173437, ""19"": 0.3078298584167394, ""20"": 0.37362142203303156, ""21"": 0.22585643961748608, ""22"": 0.025069852228588815, ""23"": 0.004460738464810051, ""24"": 0.001029401184186935, ""25"": 0.001029401184186935}",no_trade,top_probability_below_threshold,19,0.0615484089468727,False,1.2020878499016103,"{""19"": 0.38446453479503284, ""20"": 0.16256354935108494, ""21"": 0.38357580848011763, ""22"": 0.0615484089468727, ""23"": 0.004708619056135125, ""24"": 0.001569539685378375, ""25"": 0.0011771547640337813, ""26"": 0.00039238492134459373}",no_trade,switch_advantage_below_threshold,66-67,False,False,False,False
2026-05-13,69.8,21.0,actual_high_f_converted_to_c,69.66370510600112,20.924280614445067,0,3,21,21,21,0.4572841193047489,0.4572841193047489,0.4572841193047489,0.1919198532100288,0.0,False,"{""+1"": 0.22373981699780024, ""+2"": 0.014648185200883575, ""-1"": 0.26536426609472, ""-2"": 0.031525371693469584, ""0"": 0.4572841193047489, ""<=-3"": 0.002606653987424989, "">=+3"": 0.004831586720952506}","{""18"": 0.0026066539874249894, ""19"": 0.03152537169346959, ""20"": 0.2653642660947201, ""21"": 0.45728411930474894, ""22"": 0.22373981699780027, ""23"": 0.014648185200883576, ""24"": 0.003305822493283294, ""25"": 0.0007628821138346062, ""26"": 0.0007628821138346062}",shadow_trade,confidence_passed,21,0.6406906531431041,True,0.19131636214930317,"{""20"": 0.1197409802411951, ""21"": 0.6406906531431041, ""22"": 0.2181095676026572, ""23"": 0.017179572849768638, ""24"": 0.002567535697964946, ""25"": 0.0002139613081637455, ""26"": 0.0012837678489824728, ""27"": 0.0002139613081637455}",shadow_trade,confidence_passed,70-71,True,True,True,True
2026-05-14,78.8,26.0,actual_high_f_converted_to_c,79.83243033971908,26.573572410955045,-1,2,27,26,26,0.4696241875985268,0.4696241875985268,0.4696241875985268,0.1860536944455184,0.4057090618381491,False,"{""+1"": 0.0016834563195907146, ""+2"": 0.15502085511108693, ""-1"": 0.4696241875985268, ""-2"": 0.28357049315300836, ""0"": 0.06391512576037778, ""<=-3"": 0.008201353831631897, "">=+3"": 0.017984528225777417}","{""24"": 0.008201353831631899, ""25"": 0.2835704931530084, ""26"": 0.46962418759852687, ""27"": 0.06391512576037779, ""28"": 0.0016834563195907148, ""29"": 0.15502085511108696, ""30"": 0.01230520352290034, ""31"": 0.00283966235143854, ""32"": 0.00283966235143854}",shadow_trade,confidence_passed,25,0.2523723776213097,False,0.7346878204368358,"{""24"": 0.07748834043534893, ""25"": 0.35626989344235355, ""26"": 0.2523723776213097, ""27"": 0.18613070675707927, ""28"": 1.9999999999920044e-12, ""29"": 0.08723617289691318, ""30"": 0.015577888017305924, ""31"": 0.012462310413844739, ""32"": 0.012462310413844739}",shadow_trade,confidence_passed,76-77,False,False,False,True
2026-05-15,77.0,25.0,actual_high_f_converted_to_c,78.72114164834221,25.95618980463456,-1,2,26,25,25,0.4861289685444746,0.4861289685444746,0.4861289685444746,0.1692181088225207,0.1692181088225207,False,"{""+1"": 0.07938976779485978, ""+2"": 0.031633814343978744, ""-1"": 0.4861289685444746, ""-2"": 0.07302357860491006, ""0"": 0.3169108597219539, ""<=-3"": 0.00469902426891189, "">=+3"": 0.008213986720911112}","{""23"": 0.00469902426891189, ""24"": 0.07302357860491006, ""25"": 0.4861289685444746, ""26"": 0.3169108597219539, ""27"": 0.07938976779485978, ""28"": 0.031633814343978744, ""29"": 0.005620096177465498, ""30"": 0.001296945271722807, ""31"": 0.001296945271722807}",no_trade,switch_advantage_below_threshold,26,0.3550146492777716,False,0.7057888280318027,"{""25"": 0.3550146492777716, ""26"": 0.5321086398614948, ""27"": 0.07406711027050379, ""28"": 0.03385268269296246, ""29"": 0.0029741507383604223, ""30"": 0.0002478458948633685, ""31"": 0.0014870753691802107, ""32"": 0.0002478458948633685}",shadow_trade,confidence_passed,78-79,False,False,False,True
2026-05-16,77.0,25.0,actual_high_f_converted_to_c,78.00043838699655,25.55579910388697,-1,2,26,25,25,0.551993322825144,0.551993322825144,0.551993322825144,0.3119121898900175,0.3119121898900175,False,"{""+1"": 0.07001540720054611, ""+2"": 0.03545807730452903, ""-1"": 0.551993322825144, ""-2"": 0.08962302473624462, ""0"": 0.24008113293512648, ""<=-3"": 0.0044901340646489344, "">=+3"": 0.008338900933760897}","{""23"": 0.0044901340646489344, ""24"": 0.08962302473624462, ""25"": 0.551993322825144, ""26"": 0.24008113293512648, ""27"": 0.07001540720054611, ""28"": 0.03545807730452903, ""29"": 0.005705563796783771, ""30"": 0.0013166685684885624, ""31"": 0.0013166685684885624}",shadow_trade,confidence_passed,26,0.344490982197637,False,0.6791659052272078,"{""25"": 0.344490982197637, ""26"": 0.46943685477470376, ""27"": 0.1702252557538735, ""28"": 0.010822278138195108, ""29"": 0.002319059601041809, ""30"": 0.0011595298005209044, ""31"": 0.0015460397340278725}",shadow_trade,confidence_passed,78-79,False,False,False,True
2026-05-17,77.0,25.0,actual_high_f_converted_to_c,74.57623846886108,23.653465816033933,1,4,24,25,23,0.5688748018716031,0.0854028617443397,0.5688748018716031,0.3389264819466047,0.3389264819466047,False,"{""+1"": 0.0854028617443397, ""+2"": 0.03125058493203272, ""-1"": 0.5688748018716031, ""-2"": 0.0714347594119863, ""0"": 0.22994831992499837, ""<=-3"": 0.004384423551018093, "">=+3"": 0.008704248564021728}","{""21"": 0.004384423551018093, ""22"": 0.0714347594119863, ""23"": 0.5688748018716031, ""24"": 0.22994831992499837, ""25"": 0.0854028617443397, ""26"": 0.03125058493203272, ""27"": 0.005955538491172761, ""28"": 0.0013743550364244833, ""29"": 0.0013743550364244833}",shadow_trade,confidence_passed,23,1.2303471327109567e-12,False,1.471145044407215,"{""23"": 0.6332287160489394, ""24"": 0.23457150870322196, ""25"": 1.2303471327109567e-12, ""26"": 0.1229007622540305, ""27"": 0.005579407795546709, ""28"": 0.0018598025985155696, ""29"": 0.0018598025985155696}",no_trade,top_two_margin_below_threshold,74-75,False,False,False,False
2026-05-18,80.6,27.0,actual_high_f_converted_to_c,80.54006454718095,26.96670252621164,0,3,27,27,26,0.5265020433344856,0.2746301076418107,0.5265020433344856,0.2518719356926749,0.2518719356926749,False,"{""+1"": 0.08990217604817527, ""+2"": 0.023225703711799838, ""-1"": 0.5265020433344856, ""-2"": 0.07424424341474614, ""0"": 0.2746301076418107, ""<=-3"": 0.005904503544042261, "">=+3"": 0.005591222304940245}","{""24"": 0.005904503544042261, ""25"": 0.07424424341474614, ""26"": 0.5265020433344856, ""27"": 0.2746301076418107, ""28"": 0.08990217604817527, ""29"": 0.023225703711799838, ""30"": 0.0038255731560117466, ""31"": 0.0008828245744642491, ""32"": 0.0008828245744642491}",shadow_trade,confidence_passed,27,0.48429586713169726,True,0.4146542807284462,"{""26"": 0.3638210220573542, ""27"": 0.48429586713169726, ""28"": 0.12622982932133864, ""29"": 0.019836936773608288, ""30"": 0.002035720650600573, ""31"": 0.001744903414800491, ""32"": 0.001744903414800491, ""33"": 0.0002908172358000818}",shadow_trade,confidence_passed,80-81,True,True,True,False
2026-05-19,73.4,23.000000000000004,actual_high_f_converted_to_c,77.06453831554491,25.03585461974717,-2,1,25,23,24,0.349751569073786,0.0555671116003104,0.349751569073786,0.04559809768656,0.04559809768656,False,"{""+1"": 0.24699665576845387, ""+2"": 0.028973185957181888, ""-1"": 0.34975156907378596, ""-2"": 0.05556711160031047, ""0"": 0.3041534713872259, ""<=-3"": 0.0037268187680685725, "">=+3"": 0.010831187444973222}","{""22"": 0.003726818768068573, ""23"": 0.05556711160031048, ""24"": 0.349751569073786, ""25"": 0.304153471387226, ""26"": 0.2469966557684539, ""27"": 0.02897318595718189, ""28"": 0.007410812462350101, ""29"": 0.0017101874913115617, ""30"": 0.0017101874913115617}",no_trade,top_probability_below_threshold,26,0.07014155759191994,False,1.1102803474151557,"{""23"": 0.07014155759191994, ""24"": 0.2586189030585219, ""25"": 0.22525818849146398, ""26"": 0.3468920897896479, ""27"": 0.08732523887499843, ""28"": 0.007058413316068671, ""29"": 0.0023528044386895565, ""30"": 0.0017646033290171672, ""31"": 0.0005882011096723891}",no_trade,top_two_margin_below_threshold,78-79,False,False,False,False
2026-05-20,68.0,20.0,actual_high_f_converted_to_c,68.04074502679866,20.022636125999256,0,3,20,20,20,0.502332529270632,0.502332529270632,0.502332529270632,0.2264949417629412,0.0,False,"{""+1"": 0.2758375875076908, ""+2"": 0.009960985383518403, ""-1"": 0.1820843457188115, ""-2"": 0.02203276647842966, ""0"": 0.502332529270632, ""<=-3"": 0.0016803290252779264, "">=+3"": 0.006071456615639819}","{""17"": 0.0016803290252779264, ""18"": 0.02203276647842966, ""19"": 0.1820843457188115, ""20"": 0.502332529270632, ""21"": 0.2758375875076908, ""22"": 0.009960985383518403, ""23"": 0.004154154526490403, ""24"": 0.0009586510445747082, ""25"": 0.0009586510445747082}",shadow_trade,confidence_passed,20,0.4969588586109374,True,0.48512945696592746,"{""20"": 0.4969588586109374, ""21"": 0.4813542440763904, ""22"": 0.01936130644039171, ""23"": 0.0013953545233683024, ""24"": 0.0004651181744561007, ""25"": 0.00034883863084207554, ""26"": 0.00011627954361402518}",shadow_trade,confidence_passed,68-69,True,True,True,True
2026-05-21,68.0,20.0,actual_high_f_converted_to_c,65.08837309235791,18.3824294957544,2,5,18,20,19,0.3357833642411549,0.0205927104665156,0.3357833642411549,0.0021108969021486,0.0021108969021486,True,"{""+1"": 0.3357833642411549, ""+2"": 0.020592710466515698, ""-1"": 0.25476812167599105, ""-2"": 0.04538986795869327, ""0"": 0.3336724673390063, ""<=-3"": 0.001500260282498834, "">=+3"": 0.008293208036139952}","{""15"": 0.001500260282498834, ""16"": 0.04538986795869327, ""17"": 0.25476812167599105, ""18"": 0.3336724673390063, ""19"": 0.3357833642411549, ""20"": 0.020592710466515698, ""21"": 0.005674300235253652, ""22"": 0.0013094539004431503, ""23"": 0.0013094539004431503}",no_trade,tail_allocation_ambiguous,19,0.051932105306010716,False,1.2547565594818462,"{""17"": 0.10353267062696886, ""18"": 0.38569039751022655, ""19"": 0.44308130925914163, ""20"": 0.051932105306010716, ""21"": 0.010765328886201506, ""22"": 0.0023068561899003224, ""23"": 0.0023068561899003224, ""24"": 0.0003844760316500538}",no_trade,switch_advantage_below_threshold,66-67,False,False,False,False
2026-05-22,78.8,26.0,actual_high_f_converted_to_c,77.73194273000334,25.40663485000185,1,4,25,26,24,0.3745342531125671,0.259665017701778,0.3745342531125671,0.1148692354107891,0.1233084718783933,False,"{""+1"": 0.259665017701778, ""+2"": 0.02117173535600137, ""-1"": 0.37453425311256716, ""-2"": 0.07673115833087044, ""0"": 0.25122578123417383, ""<=-3"": 0.00591816413933355, "">=+3"": 0.010753890125275627}","{""22"": 0.00591816413933355, ""23"": 0.07673115833087044, ""24"": 0.37453425311256716, ""25"": 0.25122578123417383, ""26"": 0.259665017701778, ""27"": 0.02117173535600137, ""28"": 0.007357924822557008, ""29"": 0.0016979826513593094, ""30"": 0.0016979826513593094}",no_trade,top_probability_below_threshold,27,0.05282030430757885,False,1.0822427836662207,"{""23"": 0.19794761002770725, ""24"": 0.1416839898169343, ""25"": 0.24320427340752032, ""26"": 0.05282030430757885, ""27"": 0.24364907755062207, ""28"": 0.08242567943682545, ""29"": 0.017662645593605454, ""30"": 0.008831322796802725, ""31"": 0.011775097062403634}",no_trade,tail_allocation_ambiguous,76-77,False,True,False,False
2026-05-23,73.4,23.000000000000004,actual_high_f_converted_to_c,72.5011329143178,22.50062939684322,0,3,23,23,22,0.4005061905328624,0.0224572699586996,0.4005061905328624,0.0203134462694347,0.3780489205741627,False,"{""+1"": 0.38019274426342775, ""+2"": 0.038644618812955334, ""-1"": 0.40050619053286246, ""-2"": 0.14263531112333808, ""0"": 0.022457269958699684, ""<=-3"": 0.0051913972163221125, "">=+3"": 0.010372468092394725}","{""20"": 0.0051913972163221125, ""21"": 0.14263531112333808, ""22"": 0.4005061905328624, ""23"": 0.022457269958699684, ""24"": 0.3801927442634277, ""25"": 0.038644618812955334, ""26"": 0.0070969518526911276, ""27"": 0.0016377581198517984, ""28"": 0.0016377581198517984}",no_trade,top_two_margin_below_threshold,23,0.44431792052610086,True,0.3998425386201418,"{""19"": 0.0006664140073472589, ""20"": 0.03132145834532117, ""21"": 0.21482215251595319, ""22"": 0.17435793434363459, ""23"": 0.44431792052610086, ""24"": 0.11585804159991021, ""25"": 0.006529627531606486, ""26"": 0.0055968235985198456, ""27"": 0.005596823598519845, ""28"": 0.0009328039330866409}",no_trade,switch_advantage_below_threshold,74-75,False,True,True,False
2026-05-24,77.0,25.0,actual_high_f_converted_to_c,78.96130423040533,26.0896134613363,-1,2,26,25,26,0.4851893792718542,0.2180877214091403,0.4851893792718542,0.2671016578627139,0.0,False,"{""+1"": 0.2059264577385554, ""+2"": 0.03843434118563297, ""-1"": 0.21808772140914032, ""-2"": 0.04095217948465001, ""0"": 0.4851893792718542, ""<=-3"": 0.004339319536707408, "">=+3"": 0.007070601373459515}","{""23"": 0.004339319536707409, ""24"": 0.04095217948465002, ""25"": 0.21808772140914034, ""26"": 0.48518937927185424, ""27"": 0.2059264577385554, ""28"": 0.03843434118563298, ""29"": 0.0048377798871038795, ""30"": 0.0011164107431778183, ""31"": 0.0011164107431778183}",shadow_trade,confidence_passed,26,0.11034565562042305,False,1.1571745013972798,"{""24"": 0.04435562347444346, ""25"": 0.11034565562042305, ""26"": 0.5522590258425142, ""27"": 0.23847819750633956, ""28"": 0.04233603826059056, ""29"": 0.0073352755774134925, ""30"": 0.0006112729647844578, ""31"": 0.0036676377887067462, ""32"": 0.0006112729647844578}",shadow_trade,confidence_passed,78-79,False,False,False,False
2026-05-25,80.6,27.0,actual_high_f_converted_to_c,81.4117010968852,27.45094505382511,0,3,27,27,27,0.4414249714575831,0.4414249714575831,0.4414249714575831,0.2207929804340234,0.0,False,"{""+1"": 0.21942547724279998, ""+2"": 0.053590951731630816, ""-1"": 0.22063199102355965, ""-2"": 0.053577423093644994, ""0"": 0.4414249714575831, ""<=-3"": 0.0051443251781835295, "">=+3"": 0.006204860272597909}","{""24"": 0.0051443251781835295, ""25"": 0.053577423093644994, ""26"": 0.22063199102355965, ""27"": 0.4414249714575831, ""28"": 0.21942547724279998, ""29"": 0.053590951731630816, ""30"": 0.004245430712830149, ""31"": 0.0009797147798838804, ""32"": 0.0009797147798838804}",shadow_trade,confidence_passed,28,0.3800545317496016,False,0.6100662296897316,"{""26"": 1.0755470131724771e-12, ""27"": 0.3800545317496016, ""28"": 0.4561658978732019, ""29"": 0.13138216761390495, ""30"": 0.016593791658696018, ""31"": 0.00948216666211201, ""32"": 0.003160722220704003, ""33"": 0.003160722220704003}",shadow_trade,confidence_passed,82-83,False,False,True,True
2026-05-26,82.4,28.000000000000004,actual_high_f_converted_to_c,82.76134078990819,28.20074488328233,0,3,28,28,28,0.3463871540987941,0.3463871540987941,0.3463871540987941,0.0354324157621326,0.0,False,"{""+1"": 0.23205770075433532, ""+2"": 0.03853420753232261, ""-1"": 0.3109547383366616, ""-2"": 0.0617181407352181, ""0"": 0.3463871540987942, ""<=-3"": 0.004228825033397833, "">=+3"": 0.00611923350927045}","{""25"": 0.0042288250333978325, ""26"": 0.061718140735218086, ""27"": 0.31095473833666154, ""28"": 0.34638715409879417, ""29"": 0.23205770075433527, ""30"": 0.038534207532322604, ""31"": 0.00418684398002715, ""32"": 0.0009661947646216498, ""33"": 0.0009661947646216498}",no_trade,top_probability_below_threshold,28,0.49849059241854243,True,0.34159876356749547,"{""27"": 0.10386645298297459, ""28"": 0.49849059241854243, ""29"": 0.26352473872707377, ""30"": 0.09532146346783367, ""31"": 0.026495343104880914, ""32"": 0.005677573522474482, ""33"": 0.00567757352247448, ""34"": 0.0009462622537457469}",shadow_trade,confidence_passed,82-83,True,True,True,True
2026-05-27,77.0,25.0,actual_high_f_converted_to_c,75.12649020474763,23.95916122485979,1,4,24,25,23,0.3364026656149018,0.2683885848037463,0.3364026656149018,0.0151800699003919,0.0151800699003919,False,"{""+1"": 0.26838858480374633, ""+2"": 0.014313693649136552, ""-1"": 0.3364026656149018, ""-2"": 0.0497949275848767, ""0"": 0.32122259571450984, ""<=-3"": 0.0027175487582589163, "">=+3"": 0.007159983874569922}","{""21"": 0.0027175487582589163, ""22"": 0.04979492758487669, ""23"": 0.3364026656149018, ""24"": 0.32122259571450984, ""25"": 0.26838858480374633, ""26"": 0.01431369364913655, ""27"": 0.004898936335232052, ""28"": 0.001130523769668935, ""29"": 0.001130523769668935}",no_trade,top_probability_below_threshold,23,0.11380815680201067,False,1.1618457895425849,"{""23"": 0.5087078312737179, ""24"": 0.3418345901800046, ""25"": 0.11380815680201067, ""26"": 0.029281755268446442, ""27"": 0.003820599885492249, ""28"": 0.001273533295164083, ""29"": 0.001273533295164083}",no_trade,top_two_margin_below_threshold,74-75,False,False,False,False
2026-05-28,73.4,23.000000000000004,actual_high_f_converted_to_c,72.55809426301451,22.532274590563617,0,3,23,23,24,0.340049767290692,0.1806362322327837,0.340049767290692,0.0081264702254686,0.1594135350579082,True,"{""+1"": 0.34004976729069203, ""+2"": 0.044381949997679186, ""-1"": 0.33192329706522333, ""-2"": 0.09128857855675455, ""0"": 0.18063623223278377, ""<=-3"": 0.0035680241111564217, "">=+3"": 0.008152150745710865}","{""20"": 0.003568024111156421, ""21"": 0.09128857855675454, ""22"": 0.3319232970652233, ""23"": 0.18063623223278374, ""24"": 0.340049767290692, ""25"": 0.04438194999767918, ""26"": 0.005577787352328486, ""27"": 0.0012871816966911888, ""28"": 0.0012871816966911888}",no_trade,tail_allocation_ambiguous,24,0.21832026245710096,False,0.7799162552511674,"{""20"": 0.0017521235407094039, ""21"": 0.22807439085066017, ""22"": 0.22980291346131482, ""23"": 0.21832026245710096, ""24"": 0.24923161023997148, ""25"": 0.037297382645246444, ""26"": 0.021312790082997968, ""27"": 0.007104263360999321, ""28"": 0.007104263360999321}",shadow_trade,confidence_passed,72-73,True,True,True,False
2026-05-29,77.0,25.0,actual_high_f_converted_to_c,74.76279322341313,23.757107346340625,1,4,24,25,25,0.3296078137931053,0.3296078137931053,0.3296078137931053,0.0117577934325131,0.0117577934325131,False,"{""+1"": 0.3296078137931052, ""+2"": 0.06313053938808551, ""-1"": 0.23243666811079244, ""-2"": 0.040688929784645764, ""0"": 0.31785002036059207, ""<=-3"": 0.004582145584766108, "">=+3"": 0.011703882978012782}","{""21"": 0.004582145584766109, ""22"": 0.04068892978464577, ""23"": 0.23243666811079247, ""24"": 0.3178500203605921, ""25"": 0.3296078137931053, ""26"": 0.06313053938808552, ""27"": 0.008007919932324538, ""28"": 0.0018479815228441237, ""29"": 0.0018479815228441237}",no_trade,top_probability_below_threshold,23,0.08990498651909529,False,1.1047575279304422,"{""21"": 0.000540618258858615, ""22"": 0.03708877194271504, ""23"": 0.3617659608000836, ""24"": 0.3539850427135851, ""25"": 0.08990498651909529, ""26"": 0.13695592576355706, ""27"": 0.011855216401263172, ""28"": 0.003951738800421057, ""29"": 0.003951738800421057}",no_trade,top_two_margin_below_threshold,74-75,False,False,False,True
2026-05-30,75.2,24.0,actual_high_f_converted_to_c,76.2716902161018,24.59538345338989,-1,2,25,24,25,0.3927397103432452,0.2766165125206856,0.3927397103432452,0.1161231978225595,0.0,False,"{""+1"": 0.20340821460223146, ""+2"": 0.05039918822548972, ""-1"": 0.27661651252068564, ""-2"": 0.06511550288751133, ""0"": 0.3927397103432452, ""<=-3"": 0.0036105640696854095, "">=+3"": 0.008110307351151258}","{""22"": 0.0036105640696854095, ""23"": 0.06511550288751133, ""24"": 0.27661651252068564, ""25"": 0.3927397103432452, ""26"": 0.20340821460223146, ""27"": 0.05039918822548972, ""28"": 0.005549157661314019, ""29"": 0.0012805748449186197, ""30"": 0.0012805748449186197}",no_trade,top_probability_below_threshold,24,0.5149636948118346,True,0.31406335421758474,"{""23"": 0.15937895704547664, ""24"": 0.5149636948118346, ""25"": 0.10343562693877102, ""26"": 0.20633437569709556, ""27"": 0.010849894492463978, ""28"": 0.0023249773912422805, ""29"": 0.002324977391242281, ""30"": 0.0003874962318737135}",no_trade,tail_allocation_ambiguous,76-77,False,False,False,False
2026-05-31,80.6,27.0,actual_high_f_converted_to_c,80.46789808175299,26.92661004541833,0,3,27,27,27,0.3943196322734006,0.3943196322734006,0.3943196322734006,0.0444220370281246,0.0,False,"{""+1"": 0.1449837882188943, ""+2"": 0.03220705940014945, ""-1"": 0.34989759524527597, ""-2"": 0.06864339489098095, ""0"": 0.39431963227340067, ""<=-3"": 0.004394351465577873, "">=+3"": 0.005554178505720899}","{""24"": 0.004394351465577873, ""25"": 0.06864339489098095, ""26"": 0.34989759524527597, ""27"": 0.39431963227340067, ""28"": 0.1449837882188943, ""29"": 0.03220705940014945, ""30"": 0.0038002273986511414, ""31"": 0.0008769755535348787, ""32"": 0.0008769755535348787}",no_trade,top_probability_below_threshold,27,0.5531236197173814,True,0.2774428295812004,"{""26"": 0.17584144934550752, ""27"": 0.5531236197173814, ""28"": 0.20963712899530154, ""29"": 0.053452161203521434, ""30"": 0.002780974258400834, ""31"": 0.0023836922214864288, ""32"": 0.002383692221486429, ""33"": 0.0003972820369144048}",shadow_trade,confidence_passed,80-81,True,True,True,True
2026-06-01,77.0,25.0,actual_high_f_converted_to_c,79.01954571212035,26.12196984006686,-1,2,26,25,26,0.4313643387582135,0.3188029101522452,0.4313643387582135,0.1125614286059682,0.0,False,"{""+1"": 0.18791802159227455, ""+2"": 0.015060510057561767, ""-1"": 0.3188029101522452, ""-2"": 0.036425004791830515, ""0"": 0.43136433875821345, ""<=-3"": 0.0037831804538550635, "">=+3"": 0.006646034194019295}","{""23"": 0.003783180453855064, ""24"": 0.03642500479183052, ""25"": 0.31880291015224527, ""26"": 0.4313643387582135, ""27"": 0.18791802159227458, ""28"": 0.015060510057561769, ""29"": 0.004547286553802676, ""30"": 0.0010493738201083098, ""31"": 0.0010493738201083098}",shadow_trade,confidence_passed,26,0.1657277744488484,False,1.0835003754106554,"{""25"": 0.1657277744488484, ""26"": 0.5666757497896572, ""27"": 0.25750223130552297, ""28"": 0.007664029847686474, ""29"": 0.0014581287649709665, ""30"": 0.00012151073041424721, ""31"": 0.0007290643824854831, ""32"": 0.00012151073041424721}",shadow_trade,confidence_passed,78-79,False,False,False,False
2026-06-02,84.2,29.0,actual_high_f_converted_to_c,83.17478808044578,28.43043782246988,1,4,28,29,27,0.3611070122328363,0.1405355944595129,0.3611070122328363,0.0574989742449604,0.0574989742449604,False,"{""+1"": 0.14053559445951294, ""+2"": 0.07773511904808404, ""-1"": 0.36110701223283637, ""-2"": 0.10279358831662003, ""0"": 0.3036080379878759, ""<=-3"": 0.005130881980129452, "">=+3"": 0.009089765974941396}","{""25"": 0.005130881980129451, ""26"": 0.10279358831662, ""27"": 0.3611070122328363, ""28"": 0.30360803798787583, ""29"": 0.1405355944595129, ""30"": 0.07773511904808403, ""31"": 0.006219313561802007, ""32"": 0.0014352262065696938, ""33"": 0.0014352262065696938}",no_trade,top_probability_below_threshold,28,0.09656342958026107,False,1.1000854487179872,"{""27"": 0.2103485374823323, ""28"": 0.443814842484485, ""29"": 0.09656342958026107, ""30"": 0.2040241542225395, ""31"": 0.03090178084026099, ""32"": 0.0066218101800559264, ""33"": 0.0066218101800559264, ""34"": 0.0011036350300093211}",shadow_trade,confidence_passed,82-83,False,False,False,False
2026-06-03,80.6,27.0,actual_high_f_converted_to_c,80.38680440946344,26.881558005257464,0,3,27,27,26,0.4211713609267367,0.2929647691326397,0.4211713609267367,0.128206591794097,0.128206591794097,False,"{""+1"": 0.13694228704718242, ""+2"": 0.05004802396139496, ""-1"": 0.4211713609267367, ""-2"": 0.08752287547576297, ""0"": 0.2929647691326397, ""<=-3"": 0.0038361218675454505, "">=+3"": 0.007514561588737842}","{""24"": 0.0038361218675454505, ""25"": 0.08752287547576297, ""26"": 0.4211713609267367, ""27"": 0.2929647691326397, ""28"": 0.13694228704718242, ""29"": 0.05004802396139496, ""30"": 0.005141542139662734, ""31"": 0.001186509724537554, ""32"": 0.001186509724537554}",no_trade,switch_advantage_below_threshold,28,0.3946733810584273,False,0.5825930948692478,"{""26"": 0.1058234377368219, ""27"": 0.3946733810584273, ""28"": 0.4514638457157242, ""29"": 0.03280735106567673, ""30"": 0.005858455547442273, ""31"": 0.0046867644379538186, ""32"": 0.0046867644379538186}",no_trade,switch_advantage_below_threshold,82-83,False,True,True,False
2026-06-04,78.8,26.0,actual_high_f_converted_to_c,79.6586195317907,26.477010850994837,0,3,26,26,26,0.4883070065612948,0.4883070065612948,0.4883070065612948,0.2027868906791787,0.0,False,"{""+1"": 0.16612158390710388, ""+2"": 0.014925272493632687, ""-1"": 0.28552011588211607, ""-2"": 0.03800244126072305, ""0"": 0.4883070065612948, ""<=-3"": 0.003929636816064064, "">=+3"": 0.0031939430790655587}","{""23"": 0.003929636816064064, ""24"": 0.03800244126072305, ""25"": 0.28552011588211607, ""26"": 0.4883070065612948, ""27"": 0.16612158390710388, ""28"": 0.014925272493632687, ""29"": 0.002185329475150119, ""30"": 0.0005043068019577198, ""31"": 0.0005043068019577198}",shadow_trade,confidence_passed,27,0.37572602144827605,False,0.6701230241712833,"{""26"": 0.37572602144827605, ""27"": 0.5210574863210318, ""28"": 0.0941431493006976, ""29"": 0.006196429318045076, ""30"": 0.001106505235365192, ""31"": 0.0008852041882921536, ""32"": 0.0008852041882921536}",shadow_trade,confidence_passed,80-81,False,False,True,True
2026-06-05,73.4,23.000000000000004,actual_high_f_converted_to_c,73.02370274842183,22.79094597134546,0,3,23,23,24,0.3553122752188654,0.3206066687236908,0.3553122752188654,0.0347056064951745,0.0347056064951745,False,"{""+1"": 0.3553122752188654, ""+2"": 0.026045303860628144, ""-1"": 0.23707400055572855, ""-2"": 0.04711674218281959, ""0"": 0.3206066687236908, ""<=-3"": 0.003179353181812172, "">=+3"": 0.010665656276455302}","{""20"": 0.003179353181812172, ""21"": 0.04711674218281959, ""22"": 0.23707400055572855, ""23"": 0.3206066687236908, ""24"": 0.3553122752188654, ""25"": 0.026045303860628144, ""26"": 0.007297554294416786, ""27"": 0.001684050991019258, ""28"": 0.001684050991019258}",no_trade,top_probability_below_threshold,23,0.41154550046995975,True,0.48120455033895315,"{""20"": 0.0004570009803587191, ""21"": 0.06299528992896075, ""22"": 0.29700555098501225, ""23"": 0.41154550046995975, ""24"": 0.20633142240545738, ""25"": 0.011096827800860376, ""26"": 0.006341044457634502, ""27"": 0.0021136814858781668, ""28"": 0.0021136814858781668}",no_trade,top_two_margin_below_threshold,72-73,True,True,True,False
2026-06-06,75.2,24.0,actual_high_f_converted_to_c,79.02054771935263,26.122526510751463,-2,1,26,24,26,0.355475683197743,0.0534074524613524,0.355475683197743,0.0430910582228646,0.0,False,"{""+1"": 0.31238462497487834, ""+2"": 0.060001546279275175, ""-1"": 0.19906376281852425, ""-2"": 0.05340745246135249, ""0"": 0.35547568319774303, ""<=-3"": 0.0050018963402177485, "">=+3"": 0.014665033928008983}","{""23"": 0.0050018963402177485, ""24"": 0.05340745246135249, ""25"": 0.19906376281852425, ""26"": 0.35547568319774303, ""27"": 0.31238462497487834, ""28"": 0.060001546279275175, ""29"": 0.010033970582321937, ""30"": 0.0023155316728435235, ""31"": 0.0023155316728435235}",no_trade,top_probability_below_threshold,26,0.04904449841690556,False,1.202627942975266,"{""23"": 0.0007026503960685961, ""24"": 0.04904449841690556, ""25"": 0.11895542351774979, ""26"": 0.4147021808115805, ""27"": 0.3268237164561564, ""28"": 0.0723222889716781, ""29"": 0.010469544857916643, ""30"": 0.0008724620714930535, ""31"": 0.005234772428958321, ""32"": 0.0008724620714930535}",shadow_trade,confidence_passed,78-79,False,False,False,False
2026-06-07,75.2,24.0,actual_high_f_converted_to_c,77.20054255078205,25.11141252821225,-1,2,25,24,26,0.3705641749664551,0.3263457408829843,0.3705641749664551,0.0442184340834708,0.1772819119984875,False,"{""+1"": 0.3705641749664551, ""+2"": 0.026743219292142274, ""-1"": 0.3263457408829843, ""-2"": 0.06778400056278044, ""0"": 0.19328226296796755, ""<=-3"": 0.004556968714986675, "">=+3"": 0.01072363261268375}","{""22"": 0.004556968714986675, ""23"": 0.06778400056278044, ""24"": 0.3263457408829843, ""25"": 0.19328226296796752, ""26"": 0.3705641749664551, ""27"": 0.02674321929214227, ""28"": 0.0073372223139415126, ""29"": 0.0016932051493711183, ""30"": 0.0016932051493711183}",no_trade,top_probability_below_threshold,26,0.28099280202644594,False,0.8123522796700415,"{""23"": 0.05134193360770607, ""24"": 0.28099280202644594, ""25"": 0.08287659818375849, ""26"": 0.5334078555704711, ""27"": 0.03523793548959657, ""28"": 0.009685725073213105, ""29"": 0.003228575024404368, ""30"": 0.002421431268303276, ""31"": 0.000807143756101092}",shadow_trade,confidence_passed,78-79,False,False,False,False
2026-06-08,75.2,24.0,actual_high_f_converted_to_c,74.76863235880361,23.760351310446453,0,3,24,24,24,0.3338207787904059,0.3338207787904059,0.3338207787904059,0.0137387199699447,0.0,False,"{""+1"": 0.3200820588204612, ""+2"": 0.03844234440395013, ""-1"": 0.23244877462624922, ""-2"": 0.06254831298769836, ""0"": 0.33382077879040595, ""<=-3"": 0.003756280717563842, "">=+3"": 0.008901449653671279}","{""21"": 0.003756280717563842, ""22"": 0.06254831298769836, ""23"": 0.23244877462624922, ""24"": 0.33382077879040595, ""25"": 0.3200820588204612, ""26"": 0.03844234440395013, ""27"": 0.006090465552511928, ""28"": 0.0014054920505796756, ""29"": 0.0014054920505796756}",no_trade,top_probability_below_threshold,24,0.3563199408844575,True,0.5394437107901161,"{""21"": 0.0006695304527575227, ""22"": 0.08932627794185566, ""23"": 0.26397958923456255, ""24"": 0.3563199408844575, ""25"": 0.20937398553216352, ""26"": 0.05835063871848552, ""27"": 0.013188022341430669, ""28"": 0.004396007447143556, ""29"": 0.004396007447143556}",no_trade,tail_allocation_ambiguous,74-75,True,True,True,True
2026-06-09,77.0,25.0,actual_high_f_converted_to_c,76.73753105936592,24.85418392186996,0,3,25,25,25,0.4198331010002538,0.4198331010002538,0.4198331010002538,0.0905839022735522,0.0,False,"{""+1"": 0.1840387362932991, ""+2"": 0.014049744218096067, ""-1"": 0.32924919872670155, ""-2"": 0.04332422143218595, ""0"": 0.4198331010002539, ""<=-3"": 0.0032920390826741723, "">=+3"": 0.006212959246789396}","{""22"": 0.003292039082674172, ""23"": 0.04332422143218595, ""24"": 0.32924919872670155, ""25"": 0.41983310100025384, ""26"": 0.1840387362932991, ""27"": 0.014049744218096065, ""28"": 0.004250972116224323, ""29"": 0.0009809935652825362, ""30"": 0.0009809935652825362}",shadow_trade,confidence_passed,24,0.20473035431259792,False,0.9209058012570488,"{""24"": 0.42079036967039546, ""25"": 0.20473035431259792, ""26"": 0.33195831557165945, ""27"": 0.0340702552530203, ""28"": 0.005070423115396133, ""29"": 0.0016901410384653774, ""30"": 0.001267605778849033, ""31"": 0.00042253525961634446}",shadow_trade,confidence_passed,76-77,True,True,True,True
2026-06-10,73.4,23.000000000000004,actual_high_f_converted_to_c,74.3533394740274,23.52963304112633,-1,2,24,23,24,0.4109955505779367,0.2049009640968926,0.4109955505779367,0.1224038310553591,0.0,False,"{""+1"": 0.28859171952257756, ""+2"": 0.03529380560743562, ""-1"": 0.20490096409689262, ""-2"": 0.050400411736712274, ""0"": 0.41099555057793674, ""<=-3"": 0.0032047358096332075, "">=+3"": 0.006612812648811952}","{""21"": 0.0032047358096332075, ""22"": 0.050400411736712274, ""23"": 0.20490096409689262, ""24"": 0.41099555057793674, ""25"": 0.28859171952257756, ""26"": 0.03529380560743562, ""27"": 0.004524556022871336, ""28"": 0.0010441283129703082, ""29"": 0.0010441283129703082}",shadow_trade,confidence_passed,23,0.44115532128490187,True,0.49815265365478606,"{""22"": 0.09472865297153428, ""23"": 0.44115532128490187, ""24"": 0.41934927520700077, ""25"": 0.030150046788495675, ""26"": 0.009982139145021643, ""27"": 0.002139029816790352, ""28"": 0.0021390298167903517, ""29"": 0.0003565049694650587}",shadow_trade,confidence_passed,74-75,False,False,False,False
2026-06-11,73.4,23.000000000000004,actual_high_f_converted_to_c,75.05308738897588,23.91838188276438,-1,2,24,23,24,0.4161126061653726,0.2012837879822782,0.4161126061653726,0.0965358092869389,0.0,False,"{""+1"": 0.31957679687843366, ""+2"": 0.02183520130392404, ""-1"": 0.2012837879822783, ""-2"": 0.03175541664156223, ""0"": 0.41611260616537266, ""<=-3"": 0.0030608467354202853, "">=+3"": 0.006375344293008802}","{""21"": 0.003060846735420285, ""22"": 0.03175541664156223, ""23"": 0.20128378798227828, ""24"": 0.4161126061653726, ""25"": 0.31957679687843366, ""26"": 0.02183520130392404, ""27"": 0.004362077674163917, ""28"": 0.0010066333094224424, ""29"": 0.0010066333094224424}",shadow_trade,confidence_passed,24,0.32450764318792513,False,0.7178289299842702,"{""22"": 0.013222800981425293, ""23"": 0.32450764318792513, ""24"": 0.4935275280077782, ""25"": 0.1288625375798968, ""26"": 0.03428431539416585, ""27"": 0.0033571049092852483, ""28"": 0.0011190349697617493, ""29"": 0.0011190349697617493}",no_trade,top_two_margin_below_threshold,74-75,False,False,False,False
2026-06-12,75.2,24.0,actual_high_f_converted_to_c,76.44030179975478,24.68905655541932,-1,2,25,24,25,0.4632857952887631,0.1555334336666033,0.4632857952887631,0.1685138630907178,0.0,False,"{""+1"": 0.29477193219804526, ""+2"": 0.03457130220065838, ""-1"": 0.15553343366660335, ""-2"": 0.043761492064117606, ""0"": 0.4632857952887631, ""<=-3"": 0.0032371890917356487, "">=+3"": 0.004838855490076704}","{""22"": 0.0032371890917356487, ""23"": 0.043761492064117606, ""24"": 0.15553343366660335, ""25"": 0.4632857952887631, ""26"": 0.29477193219804526, ""27"": 0.03457130220065838, ""28"": 0.003310795861631429, ""29"": 0.0007640298142226374, ""30"": 0.0007640298142226374}",shadow_trade,confidence_passed,24,0.449538531592339,True,0.41901033966758866,"{""23"": 0.06189423368870203, ""24"": 0.449538531592339, ""25"": 0.22703857593901208, ""26"": 0.2459709398243195, ""27"": 0.010624783677013814, ""28"": 0.0022767393593601027, ""29"": 0.0022767393593601027, ""30"": 0.0003794565598933505}",shadow_trade,confidence_passed,76-77,False,False,False,False
2026-06-13,80.6,27.0,actual_high_f_converted_to_c,81.28753499963487,27.38196388868604,0,3,27,27,27,0.4262544817308555,0.4262544817308555,0.4262544817308555,0.1895298431525344,0.0,False,"{""+1"": 0.23672463857832107, ""+2"": 0.04433813753186477, ""-1"": 0.22627144109244346, ""-2"": 0.052680565185881496, ""0"": 0.4262544817308555, ""<=-3"": 0.004475500300359926, "">=+3"": 0.009255235580273798}","{""24"": 0.004475500300359926, ""25"": 0.052680565185881496, ""26"": 0.22627144109244346, ""27"": 0.4262544817308555, ""28"": 0.23672463857832107, ""29"": 0.04433813753186477, ""30"": 0.0063325296075557565, ""31"": 0.0014613529863590207, ""32"": 0.0014613529863590207}",shadow_trade,confidence_passed,27,0.4355368590901927,True,0.4628495807401688,"{""25"": 0.01583413248570015, ""26"": 0.14288069679532886, ""27"": 0.4355368590901927, ""28"": 0.34775284801077677, ""29"": 0.05117721901762261, ""30"": 0.0023863856101326167, ""31"": 0.0020454733801136714, ""32"": 0.0020454733801136714, ""33"": 0.0003409122300189453}",shadow_trade,confidence_passed,80-81,True,True,True,True
2026-06-14,78.8,26.0,actual_high_f_converted_to_c,79.36144735861657,26.31191519923143,0,3,26,26,26,0.4052966149343433,0.4052966149343433,0.4052966149343433,0.1147128209154744,0.0,False,"{""+1"": 0.22160400253482487, ""+2"": 0.023484502922570875, ""-1"": 0.29058379401886886, ""-2"": 0.05001054871347209, ""0"": 0.4052966149343433, ""<=-3"": 0.003156445520991147, "">=+3"": 0.0058640913549288685}","{""23"": 0.003156445520991147, ""24"": 0.05001054871347209, ""25"": 0.29058379401886886, ""26"": 0.4052966149343433, ""27"": 0.22160400253482487, ""28"": 0.023484502922570875, ""29"": 0.004012273032319752, ""30"": 0.0009259091613045581, ""31"": 0.0009259091613045581}",shadow_trade,confidence_passed,26,0.445553931215465,True,0.46036982770290696,"{""25"": 0.13108433741579584, ""26"": 0.445553931215465, ""27"": 0.36455438538670076, ""28"": 0.053512865251689336, ""29"": 0.003176688438209481, ""30"": 0.0002647240365174568, ""31"": 0.0015883442191047404, ""32"": 0.0002647240365174568}",shadow_trade,confidence_passed,78-79,True,True,True,True
2026-06-15,82.4,28.000000000000004,actual_high_f_converted_to_c,83.28892847056719,28.4938491503151,0,3,28,28,27,0.4226420327396479,0.2972107684457347,0.4226420327396479,0.1254312642939132,0.1254312642939132,False,"{""+1"": 0.11403351855570364, ""+2"": 0.055659679302049465, ""-1"": 0.42264203273964795, ""-2"": 0.09621187453384104, ""0"": 0.2972107684457347, ""<=-3"": 0.005125315337257242, "">=+3"": 0.009116811085765945}","{""25"": 0.005125315337257242, ""26"": 0.09621187453384104, ""27"": 0.42264203273964795, ""28"": 0.2972107684457347, ""29"": 0.11403351855570364, ""30"": 0.055659679302049465, ""31"": 0.006237818111313542, ""32"": 0.0014394964872262018, ""33"": 0.0014394964872262018}",no_trade,switch_advantage_below_threshold,28,0.4032698070644321,True,0.48603133835836926,"{""27"": 0.30701749510534715, ""28"": 0.4032698070644321, ""29"": 0.11344191158152188, ""30"": 0.14986723791850629, ""31"": 0.018031691542570553, ""32"": 0.003863933901979404, ""33"": 0.003863933901979404, ""34"": 0.0006439889836632339}",shadow_trade,confidence_passed,82-83,True,True,True,False
2026-06-16,84.2,29.0,actual_high_f_converted_to_c,82.21638139623703,27.897989664576123,1,4,28,29,28,0.3741455387214899,0.2001429039614669,0.3741455387214899,0.0840198273625176,0.0,False,"{""+1"": 0.20014290396146697, ""+2"": 0.05860443836797257, ""-1"": 0.29012571135897225, ""-2"": 0.061783951042685206, ""0"": 0.3741455387214899, ""<=-3"": 0.004398512547693748, "">=+3"": 0.010798943999719356}","{""25"": 0.004398512547693748, ""26"": 0.061783951042685206, ""27"": 0.29012571135897225, ""28"": 0.3741455387214899, ""29"": 0.20014290396146697, ""30"": 0.05860443836797257, ""31"": 0.007388751157702717, ""32"": 0.0017050964210083193, ""33"": 0.0017050964210083193}",no_trade,top_probability_below_threshold,28,0.2970630616198104,False,0.6948558234982334,"{""26"": 0.04228647867335067, ""27"": 0.271933826347973, ""28"": 0.3528853819231181, ""29"": 0.2970630616198104, ""30"": 0.018352592198797677, ""31"": 0.010487195542170102, ""32"": 0.0034957318473900333, ""33"": 0.0034957318473900333}",shadow_trade,confidence_passed,82-83,False,False,False,False
2026-06-17,86.0,30.0,actual_high_f_converted_to_c,85.9324870573341,29.96249280963006,0,3,30,30,30,0.5234337861179803,0.5234337861179803,0.5234337861179803,0.2547037011094005,0.0,False,"{""+1"": 0.1412012085889442, ""+2"": 0.024758165350030663, ""-1"": 0.2687300850085798, ""-2"": 0.03241173686468857, ""0"": 0.5234337861179804, ""<=-3"": 0.0048789693407674814, "">=+3"": 0.004586048729009057}","{""27"": 0.004878969340767481, ""28"": 0.03241173686468856, ""29"": 0.26873008500857976, ""30"": 0.5234337861179803, ""31"": 0.14120120858894417, ""32"": 0.024758165350030656, ""33"": 0.0031378228145851434, ""34"": 0.0007241129572119561, ""35"": 0.0007241129572119561}",shadow_trade,confidence_passed,29,0.2754803262771987,False,0.7836094010475674,"{""29"": 0.44593562562315675, ""30"": 0.2754803262771987, ""31"": 0.24247534287261918, ""32"": 0.03194364657971836, ""33"": 0.0024990351883842194, ""34"": 0.0008330117294614065, ""35"": 0.0006247587970960548, ""36"": 0.00020825293236535162}",no_trade,tail_allocation_ambiguous,86-87,True,True,True,True
2026-06-18,82.4,28.000000000000004,actual_high_f_converted_to_c,82.03431531035383,27.796841839085463,0,3,28,28,28,0.37771591363592,0.37771591363592,0.37771591363592,0.0868220736400651,0.0,False,"{""+1"": 0.24583566419608105, ""+2"": 0.026862967597722828, ""-1"": 0.29089383999585483, ""-2"": 0.0462923667669114, ""0"": 0.37771591363592005, ""<=-3"": 0.003887318519528838, "">=+3"": 0.008511929287980998}","{""25"": 0.0038873185195288378, ""26"": 0.0462923667669114, ""27"": 0.29089383999585483, ""28"": 0.37771591363592, ""29"": 0.24583566419608102, ""30"": 0.026862967597722824, ""31"": 0.005823951618092262, ""32"": 0.0013439888349443682, ""33"": 0.0013439888349443682}",no_trade,top_probability_below_threshold,28,0.4554944995708305,True,0.4443545785159762,"{""26"": 0.03403330686399643, ""27"": 0.35543519558197895, ""28"": 0.4554944995708305, ""29"": 0.14254333329588587, ""30"": 0.006399194108133525, ""31"": 0.0036566823475048713, ""32"": 0.0012188941158349572, ""33"": 0.0012188941158349572}",shadow_trade,confidence_passed,82-83,True,True,True,True
2026-06-19,87.8,31.0,actual_high_f_converted_to_c,86.1904091768321,30.105782876017837,1,4,30,31,30,0.4034011520636185,0.1477587743147926,0.4034011520636185,0.0751002334281109,0.0,False,"{""+1"": 0.14775877431479265, ""+2"": 0.044569225316176166, ""-1"": 0.32830091863550753, ""-2"": 0.06291545285815292, ""0"": 0.4034011520636185, ""<=-3"": 0.004850003551147511, "">=+3"": 0.008204473260604792}","{""27"": 0.004850003551147511, ""28"": 0.06291545285815292, ""29"": 0.32830091863550753, ""30"": 0.4034011520636185, ""31"": 0.14775877431479265, ""32"": 0.044569225316176166, ""33"": 0.005613586967782226, ""34"": 0.001295443146411283, ""35"": 0.001295443146411283}",shadow_trade,confidence_passed,30,0.19252224553382158,False,0.9088602309575717,"{""29"": 0.3249616656940185, ""30"": 0.37644843495844993, ""31"": 0.19252224553382158, ""32"": 0.09744111743151534, ""33"": 0.005175921829316787, ""34"": 0.0017253072764389287, ""35"": 0.0012939804573291966, ""36"": 0.00043132681910973224}",shadow_trade,confidence_passed,86-87,False,False,False,False
2026-06-20,75.2,24.0,actual_high_f_converted_to_c,75.5341932170996,24.185662898388664,0,3,24,24,24,0.3575665668966653,0.3575665668966653,0.3575665668966653,0.003039717422462,0.0,True,"{""+1"": 0.21315023174769893, ""+2"": 0.020144925674651492, ""-1"": 0.3545268494742033, ""-2"": 0.04655989573849228, ""0"": 0.3575665668966653, ""<=-3"": 0.002367633189715224, "">=+3"": 0.005683897278573415}","{""21"": 0.002367633189715224, ""22"": 0.04655989573849228, ""23"": 0.3545268494742033, ""24"": 0.3575665668966653, ""25"": 0.21315023174769893, ""26"": 0.020144925674651492, ""27"": 0.0038889823484975997, ""28"": 0.0008974574650379075, ""29"": 0.0008974574650379075}",no_trade,tail_allocation_ambiguous,24,0.6565199188675359,True,0.17204954921962898,"{""24"": 0.6565199188675359, ""25"": 0.19865959521975363, ""26"": 0.11949175198777058, ""27"": 0.01729767194873946, ""28"": 0.0037066439890155976, ""29"": 0.003706643989015597, ""30"": 0.0006177739981692664}",no_trade,top_two_margin_below_threshold,74-75,True,False,True,True
2026-06-21,80.6,27.0,actual_high_f_converted_to_c,79.73495002826925,26.51941668237181,0,3,27,27,27,0.4525695745075026,0.4525695745075026,0.4525695745075026,0.1878916418222273,0.0,False,"{""+1"": 0.21347788169384355, ""+2"": 0.019235840101510294, ""-1"": 0.2646779326852753, ""-2"": 0.03978402474392716, ""0"": 0.4525695745075026, ""<=-3"": 0.003434802278009628, "">=+3"": 0.006819943989931401}","{""24"": 0.003434802278009628, ""25"": 0.03978402474392716, ""26"": 0.2646779326852753, ""27"": 0.4525695745075026, ""28"": 0.21347788169384355, ""29"": 0.019235840101510294, ""30"": 0.004666277466795169, ""31"": 0.001076833261568116, ""32"": 0.001076833261568116}",shadow_trade,confidence_passed,27,0.4172733241070211,True,0.5028038049530409,"{""25"": 0.05214215396785181, ""26"": 0.3780105385686579, ""27"": 0.4172733241070211, ""28"": 0.13194610004470445, ""29"": 0.014087334944619823, ""30"": 0.0025155955258249684, ""31"": 0.0020124764206599748, ""32"": 0.0020124764206599748}",no_trade,top_two_margin_below_threshold,80-81,True,True,True,True
2026-06-22,80.6,27.0,actual_high_f_converted_to_c,80.72754055511136,27.07085586395076,0,3,27,27,27,0.4601199691976262,0.4601199691976262,0.4601199691976262,0.1737594534453938,0.0,False,"{""+1"": 0.18886600685188185, ""+2"": 0.01712394530607777, ""-1"": 0.2863605157522324, ""-2"": 0.03912667887072562, ""0"": 0.46011996919762627, ""<=-3"": 0.003379945484815461, "">=+3"": 0.005022938536640514}","{""24"": 0.003379945484815461, ""25"": 0.03912667887072562, ""26"": 0.2863605157522324, ""27"": 0.46011996919762627, ""28"": 0.18886600685188185, ""29"": 0.01712394530607777, ""30"": 0.0034367474198066677, ""31"": 0.0007930955584169232, ""32"": 0.0007930955584169232}",shadow_trade,confidence_passed,27,0.5589752109636006,True,0.2968503454100545,"{""26"": 0.13588373815989974, ""27"": 0.5589752109636006, ""28"": 0.2893294567766369, ""29"": 0.01300596749927636, ""30"": 0.0009819693102052678, ""31"": 0.0008416879801759438, ""32"": 0.0008416879801759438, ""33"": 0.00014028133002932396}",shadow_trade,confidence_passed,80-81,True,True,True,True
2026-06-23,86.0,30.0,actual_high_f_converted_to_c,86.81572823272083,30.453182351511572,0,3,30,30,30,0.3864228043861724,0.3864228043861724,0.3864228043861724,0.1452427934960749,0.0,False,"{""+1"": 0.23528280802889343, ""+2"": 0.05273600409862463, ""-1"": 0.24118001089009738, ""-2"": 0.07182420969487302, ""0"": 0.3864228043861723, ""<=-3"": 0.0065759471361861435, "">=+3"": 0.005978215765152924}","{""27"": 0.006575947136186144, ""28"": 0.07182420969487303, ""29"": 0.2411800108900974, ""30"": 0.3864228043861724, ""31"": 0.23528280802889345, ""32"": 0.05273600409862464, ""33"": 0.004090358155104633, ""34"": 0.000943928805024146, ""35"": 0.000943928805024146}",no_trade,top_probability_below_threshold,31,0.2829360437375133,False,0.69581322246498,"{""28"": 0.0924769931256838, ""29"": 0.0439501732832284, ""30"": 0.2829360437375133, ""31"": 0.38307727381304146, ""32"": 0.15297551312793495, ""33"": 0.030447611745188962, ""34"": 0.00652448823111192, ""35"": 0.00326224411555596, ""36"": 0.00434965882074128}",shadow_trade,confidence_passed,86-87,True,True,True,True
2026-06-24,84.2,29.0,actual_high_f_converted_to_c,82.97682110072117,28.32045616706732,1,4,28,29,28,0.3949478741177798,0.2886648895465095,0.3949478741177798,0.1062829845712703,0.0,False,"{""+1"": 0.2886648895465095, ""+2"": 0.03721205127950556, ""-1"": 0.20914747005788414, ""-2"": 0.054399494183376765, ""0"": 0.3949478741177798, ""<=-3"": 0.004573145870106599, "">=+3"": 0.011055074944837635}","{""25"": 0.004573145870106599, ""26"": 0.054399494183376765, ""27"": 0.20914747005788414, ""28"": 0.3949478741177798, ""29"": 0.2886648895465095, ""30"": 0.03721205127950556, ""31"": 0.0075639986464678555, ""32"": 0.0017455381491848897, ""33"": 0.0017455381491848897}",no_trade,top_probability_below_threshold,29,0.4586080779360877,True,0.4012022534771653,"{""26"": 0.019554639893196724, ""27"": 0.14121030172529792, ""28"": 0.29003499962863444, ""29"": 0.4586080779360877, ""30"": 0.05477069000982519, ""31"": 0.02446332055109326, ""32"": 0.005242140118091412, ""33"": 0.005242140118091412, ""34"": 0.0008736900196819022}",no_trade,switch_advantage_below_threshold,84-85,True,False,False,False
2026-06-25,78.8,26.0,actual_high_f_converted_to_c,79.77431108047676,26.5412839335982,-1,2,27,26,27,0.4070263336292211,0.2960120032440661,0.4070263336292211,0.1110143303851549,0.0,False,"{""+1"": 0.20279138854919526, ""+2"": 0.027719218041205362, ""-1"": 0.2960120032440662, ""-2"": 0.05661009567353804, ""0"": 0.4070263336292212, ""<=-3"": 0.003142423643294644, "">=+3"": 0.006698537219479525}","{""24"": 0.0031424236432946433, ""25"": 0.05661009567353802, ""26"": 0.2960120032440661, ""27"": 0.4070263336292211, ""28"": 0.2027913885491952, ""29"": 0.027719218041205355, ""30"": 0.00458320967648599, ""31"": 0.0010576637714967668, ""32"": 0.0010576637714967668}",shadow_trade,confidence_passed,26,0.41867889830417815,True,0.5042675436868342,"{""25"": 0.058760454792605214, ""26"": 0.41867889830417815, ""27"": 0.3845043129594353, ""28"": 0.12210514652047665, ""29"": 0.010893493850061761, ""30"": 0.0019452667589396, ""31"": 0.0015562134071516799, ""32"": 0.0015562134071516799}",no_trade,top_two_margin_below_threshold,78-79,True,False,False,False
2026-06-26,77.0,25.0,actual_high_f_converted_to_c,78.90277625511698,26.05709791950943,-1,2,26,25,26,0.4978568952449987,0.1627591182692037,0.4978568952449987,0.2280091464392044,0.0,False,"{""+1"": 0.2698477488057943, ""+2"": 0.028028422005825577, ""-1"": 0.16275911826920378, ""-2"": 0.03094408090986845, ""0"": 0.4978568952449987, ""<=-3"": 0.0034580516766596903, "">=+3"": 0.007105683087649546}","{""23"": 0.0034580516766596903, ""24"": 0.03094408090986845, ""25"": 0.16275911826920378, ""26"": 0.4978568952449987, ""27"": 0.2698477488057943, ""28"": 0.028028422005825577, ""29"": 0.0048617831652339, ""30"": 0.001121949961207823, ""31"": 0.001121949961207823}",shadow_trade,confidence_passed,26,0.06352249383194529,False,1.1942344936541578,"{""24"": 0.0624868608038282, ""25"": 0.06352249383194529, ""26"": 0.3988603402019759, ""27"": 0.38654645435501955, ""28"": 0.06812985767554056, ""29"": 0.012272395879014263, ""30"": 0.0010226996565845217, ""31"": 0.00613619793950713, ""32"": 0.0010226996565845217}",no_trade,tail_allocation_ambiguous,78-79,False,False,False,False
2026-06-27,82.4,28.000000000000004,actual_high_f_converted_to_c,84.90189069315426,29.389939273974587,-1,2,29,28,29,0.4511014744949673,0.319490622133543,0.4511014744949673,0.1316108523614242,0.0,False,"{""+1"": 0.14119781144912105, ""+2"": 0.023781699038819885, ""-1"": 0.31949062213354307, ""-2"": 0.05375862699132572, ""0"": 0.4511014744949673, ""<=-3"": 0.0041254534648517156, "">=+3"": 0.006544312427371304}","{""26"": 0.0041254534648517156, ""27"": 0.05375862699132572, ""28"": 0.31949062213354307, ""29"": 0.4511014744949673, ""30"": 0.14119781144912105, ""31"": 0.023781699038819885, ""32"": 0.004477687450306682, ""33"": 0.0010333124885323112, ""34"": 0.0010333124885323112}",shadow_trade,confidence_passed,29,0.21688169182348652,False,0.8623462180627952,"{""28"": 0.21688169182348652, ""29"": 0.4512075122938918, ""30"": 0.14670002753194147, ""31"": 0.15309098410492442, ""32"": 0.02193546241173565, ""33"": 0.0047004562310862105, ""34"": 0.0047004562310862105, ""35"": 0.0007834093718477017}",shadow_trade,confidence_passed,84-85,False,False,False,False
2026-06-28,80.6,27.0,actual_high_f_converted_to_c,82.30075254559522,27.94486252533068,-1,2,28,27,28,0.4600297254062189,0.258065942198554,0.4600297254062189,0.2019637832076648,0.0,False,"{""+1"": 0.19031481827091104, ""+2"": 0.029291798461115275, ""-1"": 0.25806594219855405, ""-2"": 0.05292013705936737, ""0"": 0.4600297254062189, ""<=-3"": 0.0035201334732580794, "">=+3"": 0.005857445130575253}","{""25"": 0.0035201334732580794, ""26"": 0.05292013705936737, ""27"": 0.25806594219855405, ""28"": 0.4600297254062189, ""29"": 0.19031481827091104, ""30"": 0.029291798461115275, ""31"": 0.004007725615656752, ""32"": 0.0009248597574592505, ""33"": 0.0009248597574592505}",shadow_trade,confidence_passed,28,0.21611065065362953,False,0.9506299012661156,"{""27"": 0.21611065065362953, ""28"": 0.5292841717352027, ""29"": 0.23639792385109176, ""30"": 0.00932566656003898, ""31"": 0.005328952320022275, ""32"": 0.001776317440007425, ""33"": 0.001776317440007425}",shadow_trade,confidence_passed,82-83,False,False,False,False
2026-06-29,78.8,26.0,actual_high_f_converted_to_c,80.47878232861095,26.932656849228305,-1,2,27,26,27,0.3501101865232208,0.237847682866599,0.3501101865232208,0.1112025554884074,0.0,False,"{""+1"": 0.23890763103481344, ""+2"": 0.07219847820755979, ""-1"": 0.23784768286659907, ""-2"": 0.08897572772863847, ""0"": 0.35011018652322085, ""<=-3"": 0.0043459028209154, "">=+3"": 0.007614390818252933}","{""24"": 0.0043459028209154, ""25"": 0.08897572772863847, ""26"": 0.23784768286659907, ""27"": 0.35011018652322085, ""28"": 0.23890763103481344, ""29"": 0.07219847820755979, ""30"": 0.0052098463493309545, ""31"": 0.0012022722344609894, ""32"": 0.0012022722344609894}",no_trade,top_probability_below_threshold,27,0.2929447794316148,False,0.7138608189632727,"{""25"": 0.03491876278151283, ""26"": 0.2929447794316148, ""27"": 0.3611217415731681, ""28"": 0.28635880281072706, ""29"": 0.016838184763008874, ""30"": 0.0030068187076801554, ""31"": 0.0024054549661441244, ""32"": 0.0024054549661441244}",shadow_trade,confidence_passed,80-81,False,False,False,False
2026-06-30,82.4,28.000000000000004,actual_high_f_converted_to_c,82.56258679745751,28.09032599858751,0,3,28,28,28,0.4069854765807533,0.4069854765807533,0.4069854765807533,0.0915818781826633,0.0,False,"{""+1"": 0.18565836069383332, ""+2"": 0.027926073291454023, ""-1"": 0.31540359839808996, ""-2"": 0.0531441818717817, ""0"": 0.40698547658075335, ""<=-3"": 0.004625308887105442, "">=+3"": 0.006257000276982179}","{""25"": 0.004625308887105442, ""26"": 0.0531441818717817, ""27"": 0.31540359839808996, ""28"": 0.40698547658075335, ""29"": 0.18565836069383332, ""30"": 0.027926073291454023, ""31"": 0.004281105452672017, ""32"": 0.0009879474121550808, ""33"": 0.0009879474121550808}",shadow_trade,confidence_passed,28,0.524928356989535,True,0.2994340616824141,"{""27"": 0.14176077928521083, ""28"": 0.524928356989535, ""29"": 0.21221723824156685, ""30"": 0.0901065920446501, ""31"": 0.02116187649495223, ""32"": 0.004534687820346907, ""33"": 0.004534687820346907, ""34"": 0.0007557813033911511}",shadow_trade,confidence_passed,82-83,True,True,True,True
2026-07-01,86.0,30.0,actual_high_f_converted_to_c,87.23545970011503,30.686366500063905,-1,2,31,30,31,0.4025232920858616,0.2634398852447653,0.4025232920858616,0.1390834068410962,0.0,False,"{""+1"": 0.1939664960444167, ""+2"": 0.04808404889501104, ""-1"": 0.2634398852447653, ""-2"": 0.0803106724832081, ""0"": 0.40252329208586163, ""<=-3"": 0.0049028596615947615, "">=+3"": 0.006772745585142563}","{""28"": 0.0049028596615947615, ""29"": 0.0803106724832081, ""30"": 0.2634398852447653, ""31"": 0.4025232920858616, ""32"": 0.19396649604441668, ""33"": 0.048084048895011035, ""34"": 0.004633983821413333, ""35"": 0.0010693808818646152, ""36"": 0.0010693808818646152}",shadow_trade,confidence_passed,31,0.13490958907435877,False,1.0123113820852683,"{""29"": 0.17748859463171965, ""30"": 0.13490958907435877, ""31"": 0.41543835366394716, ""32"": 0.24379106782000987, ""33"": 0.0193762696263173, ""34"": 0.004152057777067993, ""35"": 0.0020760288885339965, ""36"": 0.002768038518045329}",shadow_trade,confidence_passed,86-87,True,True,False,False
2026-07-02,82.4,28.000000000000004,actual_high_f_converted_to_c,80.69496756997611,27.052759761097843,1,4,27,28,27,0.3997202409658787,0.2868294451217013,0.3997202409658787,0.1128907958441775,0.0,False,"{""+1"": 0.2868294451217012, ""+2"": 0.01712767218495706, ""-1"": 0.2445835324018638, ""-2"": 0.042033481255706384, ""0"": 0.3997202409658787, ""<=-3"": 0.0036569175882186214, "">=+3"": 0.0060487104816741135}","{""24"": 0.003656917588218622, ""25"": 0.04203348125570639, ""26"": 0.24458353240186384, ""27"": 0.39972024096587877, ""28"": 0.2868294451217013, ""29"": 0.017127672184957064, ""30"": 0.004138591382198078, ""31"": 0.000955059549738018, ""32"": 0.000955059549738018}",no_trade,top_probability_below_threshold,28,0.45416461576631617,True,0.43788992129492765,"{""25"": 0.019204239586544262, ""26"": 0.14322567197316602, ""27"": 0.34390969835349705, ""28"": 0.45416461576631617, ""29"": 0.027442003945852993, ""30"": 0.004218819631118253, ""31"": 0.003616131112387073, ""32"": 0.0036161311123870726, ""33"": 0.0006026885187311789}",no_trade,switch_advantage_below_threshold,82-83,True,False,False,False
2026-07-03,82.4,28.000000000000004,actual_high_f_converted_to_c,81.11485339642174,27.28602966467874,1,4,27,28,27,0.4826129429074317,0.2574698746171027,0.4826129429074317,0.2251430682903289,0.0,False,"{""+1"": 0.2574698746171027, ""+2"": 0.01856325157581637, ""-1"": 0.20063815367420668, ""-2"": 0.032831048138823316, ""0"": 0.4826129429074317, ""<=-3"": 0.003175091660632344, "">=+3"": 0.004709637425986869}","{""24"": 0.0031750916606323445, ""25"": 0.03283104813882332, ""26"": 0.2006381536742067, ""27"": 0.48261294290743173, ""28"": 0.25746987461710275, ""29"": 0.018563251575816373, ""30"": 0.003222383501991016, ""31"": 0.0007436269619979268, ""32"": 0.0007436269619979268}",shadow_trade,confidence_passed,27,0.40861173666784395,False,0.5964058371437785,"{""26"": 0.06285786490282498, ""27"": 0.49176478899583276, ""28"": 0.40861173666784395, ""29"": 0.029420858663833274, ""30"": 0.002570662769382789, ""31"": 0.0022034252308995327, ""32"": 0.0022034252308995327, ""33"": 0.00036723753848325546}",shadow_trade,confidence_passed,80-81,False,False,False,False
2026-07-04,82.4,28.000000000000004,actual_high_f_converted_to_c,81.92303238183706,27.73501798990948,0,3,28,28,28,0.5519565830779698,0.5519565830779698,0.5519565830779698,0.3529426114393237,0.0,False,"{""+1"": 0.19459190056891387, ""+2"": 0.01743656290738831, ""-1"": 0.19901397163864606, ""-2"": 0.030278241992243268, ""0"": 0.5519565830779697, ""<=-3"": 0.003071633878369729, "">=+3"": 0.0036511059364689523}","{""25"": 0.0030716338783697296, ""26"": 0.03027824199224327, ""27"": 0.1990139716386461, ""28"": 0.5519565830779698, ""29"": 0.1945919005689139, ""30"": 0.017436562907388313, ""31"": 0.0024981251144261256, ""32"": 0.0005764904110214136, ""33"": 0.0005764904110214136}",shadow_trade,confidence_passed,28,0.571060050198471,True,0.2860751508736745,"{""27"": 0.29310558627221434, ""28"": 0.571060050198471, ""29"": 0.1270692193750898, ""30"": 0.004489464078993243, ""31"": 0.0025654080451389958, ""32"": 0.000855136015046332, ""33"": 0.000855136015046332}",shadow_trade,confidence_passed,82-83,True,True,True,True
2026-07-05,80.6,27.0,actual_high_f_converted_to_c,82.33233565168962,27.96240869538312,-1,2,28,27,28,0.3904412706214943,0.2303767234544721,0.3904412706214943,0.1232145909697913,0.0,False,"{""+1"": 0.2672266796517029, ""+2"": 0.04292929940093765, ""-1"": 0.23037672345447213, ""-2"": 0.059056479234737565, ""0"": 0.39044127062149425, ""<=-3"": 0.0033968098715703153, "">=+3"": 0.0065727377650851545}","{""25"": 0.0033968098715703157, ""26"": 0.05905647923473757, ""27"": 0.23037672345447216, ""28"": 0.3904412706214943, ""29"": 0.26722667965170294, ""30"": 0.042929299400937655, ""31"": 0.0044971363655845805, ""32"": 0.0010378006997502876, ""33"": 0.0010378006997502876}",no_trade,top_probability_below_threshold,28,0.28084312120262545,False,0.7793086104175657,"{""26"": 0.026886927415309632, ""27"": 0.28084312120262545, ""28"": 0.4666608105241958, ""29"": 0.20861636991484167, ""30"": 0.00870361438545311, ""31"": 0.004973493934544634, ""32"": 0.0016578313115148781, ""33"": 0.0016578313115148781}",shadow_trade,confidence_passed,82-83,False,False,False,False
2026-07-06,82.4,28.000000000000004,actual_high_f_converted_to_c,80.30258065665906,26.834767031477256,1,4,27,28,27,0.3956861685273333,0.2997941760586523,0.3956861685273333,0.095891992468681,0.0,False,"{""+1"": 0.2997941760586522, ""+2"": 0.032657648923716795, ""-1"": 0.2091352086469674, ""-2"": 0.05275158665462221, ""0"": 0.3956861685273333, ""<=-3"": 0.002588645546339861, "">=+3"": 0.007386565642368039}","{""24"": 0.0025886455463398615, ""25"": 0.052751586654622214, ""26"": 0.20913520864696744, ""27"": 0.39568616852733335, ""28"": 0.2997941760586523, ""29"": 0.0326576489237168, ""30"": 0.005053965965830765, ""31"": 0.0011662998382686379, ""32"": 0.0011662998382686379}",no_trade,top_probability_below_threshold,27,0.3051884327483005,False,0.6896499143488165,"{""25"": 0.027016072858919115, ""26"": 0.18581189034574858, ""27"": 0.4098306906336071, ""28"": 0.3051884327483005, ""29"": 0.060218231609525406, ""30"": 0.004177138631364773, ""31"": 0.0035804045411698057, ""32"": 0.003580404541169806, ""33"": 0.0005967340901949677}",shadow_trade,confidence_passed,80-81,False,False,False,False
2026-07-07,86.0,30.0,actual_high_f_converted_to_c,86.27637884274539,30.153543801525213,0,3,30,30,30,0.5222241446849748,0.5222241446849748,0.5222241446849748,0.3259399989895555,0.0,False,"{""+1"": 0.19628414569541927, ""+2"": 0.04054732399524799, ""-1"": 0.18668977010151944, ""-2"": 0.043895889427966524, ""0"": 0.5222241446849748, ""<=-3"": 0.0043568937332209, "">=+3"": 0.006001832361651058}","{""27"": 0.0043568937332209, ""28"": 0.043895889427966524, ""29"": 0.18668977010151944, ""30"": 0.5222241446849748, ""31"": 0.19628414569541927, ""32"": 0.04054732399524799, ""33"": 0.004106516879024408, ""34"": 0.0009476577413133249, ""35"": 0.0009476577413133249}",shadow_trade,confidence_passed,29,0.2817725043555343,False,0.7638174106321167,"{""29"": 0.40160781506227416, ""30"": 0.2817725043555343, ""31"": 0.29392066762963603, ""32"": 0.016496297812899595, ""33"": 0.003721629083793575, ""34"": 0.0012405430279311918, ""35"": 0.0009304072709483938, ""36"": 0.00031013575698279796}",shadow_trade,confidence_passed,86-87,True,True,True,True
2026-07-08,82.4,28.000000000000004,actual_high_f_converted_to_c,83.10363087525954,28.39090604181085,0,3,28,28,28,0.5249825001725393,0.5249825001725393,0.5249825001725393,0.282972498831727,0.0,False,"{""+1"": 0.2420100013408123, ""+2"": 0.018806859316781426, ""-1"": 0.1782305535506111, ""-2"": 0.027820752703675122, ""0"": 0.5249825001725393, ""<=-3"": 0.0031786941704111693, "">=+3"": 0.004970638745169536}","{""25"": 0.0031786941704111693, ""26"": 0.027820752703675122, ""27"": 0.1782305535506111, ""28"": 0.5249825001725393, ""29"": 0.2420100013408123, ""30"": 0.018806859316781426, ""31"": 0.0034009633519581036, ""32"": 0.0007848376966057162, ""33"": 0.0007848376966057162}",shadow_trade,confidence_passed,28,0.6552630174886702,True,0.21297333174982944,"{""28"": 0.6552630174886702, ""29"": 0.3051793016229248, ""30"": 0.030943648660798063, ""31"": 0.005882753716414541, ""32"": 0.0012605900820888301, ""33"": 0.0012605900820888301, ""34"": 0.000210098347014805}",shadow_trade,confidence_passed,82-83,True,True,True,True
2026-07-09,80.6,27.0,actual_high_f_converted_to_c,79.22120778838462,26.234004326880346,1,4,26,27,26,0.3969807018635354,0.2530037475775393,0.3969807018635354,0.1276783437418911,0.0,False,"{""+1"": 0.2530037475775393, ""+2"": 0.02508379740100636, ""-1"": 0.26930235812164427, ""-2"": 0.046422651682173424, ""0"": 0.3969807018635354, ""<=-3"": 0.0022805799221959915, "">=+3"": 0.0069261634319052875}","{""23"": 0.0022805799221959915, ""24"": 0.046422651682173424, ""25"": 0.26930235812164427, ""26"": 0.3969807018635354, ""27"": 0.2530037475775393, ""28"": 0.02508379740100636, ""29"": 0.004738953927093091, ""30"": 0.001093604752406098, ""31"": 0.001093604752406098}",no_trade,top_probability_below_threshold,26,0.3799085531543932,False,0.5899887744955286,"{""25"": 0.135911006749963, ""26"": 0.42955003712019313, ""27"": 0.3799085531543932, ""28"": 0.04979663315154494, ""29"": 0.0029002618943434304, ""30"": 0.00024168849119528586, ""31"": 0.001450130947171715, ""32"": 0.00024168849119528586}",no_trade,top_two_margin_below_threshold,78-79,False,False,False,False
2026-07-10,82.4,28.000000000000004,actual_high_f_converted_to_c,83.601643887758,28.66757993764333,-1,2,29,28,29,0.4435205543806846,0.2945892445048927,0.4435205543806846,0.1489313098757919,0.0,False,"{""+1"": 0.1948351459495546, ""+2"": 0.01580719235865589, ""-1"": 0.2945892445048926, ""-2"": 0.04343194232080859, ""0"": 0.4435205543806845, ""<=-3"": 0.003055494069210018, "">=+3"": 0.004760426416193572}","{""26"": 0.003055494069210019, ""27"": 0.0434319423208086, ""28"": 0.2945892445048927, ""29"": 0.44352055438068466, ""30"": 0.19483514594955464, ""31"": 0.015807192358655898, ""32"": 0.0032571338637113925, ""33"": 0.0007516462762410905, ""34"": 0.0007516462762410905}",shadow_trade,confidence_passed,29,0.4210293245388522,False,0.596969261219012,"{""28"": 0.4210293245388522, ""29"": 0.5080192730505103, ""30"": 0.060178846380457035, ""31"": 0.0071720972635104805, ""32"": 0.0021602752600019884, ""33"": 0.0007200917533339961, ""34"": 0.0007200917533339961}",shadow_trade,confidence_passed,84-85,False,False,False,False
2026-07-11,89.6,32.0,actual_high_f_converted_to_c,90.66075376473152,32.58930764707307,-1,2,33,32,33,0.4062275295734375,0.3027690844524224,0.4062275295734375,0.1034584451210151,0.0,False,"{""+1"": 0.1942279879417978, ""+2"": 0.032093036218011246, ""-1"": 0.30276908445242234, ""-2"": 0.05284732657647615, ""0"": 0.4062275295734375, ""<=-3"": 0.005703106662586218, "">=+3"": 0.0061319285752686825}","{""30"": 0.005703106662586219, ""31"": 0.05284732657647616, ""32"": 0.3027690844524224, ""33"": 0.40622752957343755, ""34"": 0.19422798794179783, ""35"": 0.03209303621801125, ""36"": 0.004195530077815415, ""37"": 0.0009681992487266341, ""38"": 0.0009681992487266341}",shadow_trade,confidence_passed,32,0.4521073355624652,True,0.4528033310307761,"{""31"": 0.04385591548862636, ""32"": 0.4521073355624652, ""33"": 0.3724339990231743, ""34"": 0.10859182202874004, ""35"": 0.011786085020411629, ""36"": 0.006734905725949502, ""37"": 0.0022449685753165006, ""38"": 0.0022449685753165006}",shadow_trade,confidence_passed,90-91,True,True,False,False
2026-07-12,93.2,34.0,actual_high_f_converted_to_c,93.46289665361668,34.146053696453706,0,3,34,34,34,0.4537769633614357,0.4537769633614357,0.4537769633614357,0.1686428213175795,0.0,False,"{""+1"": 0.14385588670933783, ""+2"": 0.04756225006862489, ""-1"": 0.28513414204385623, ""-2"": 0.05770898826835513, ""0"": 0.4537769633614358, ""<=-3"": 0.005808369235514088, "">=+3"": 0.006153400312876231}","{""31"": 0.005808369235514087, ""32"": 0.05770898826835512, ""33"": 0.2851341420438562, ""34"": 0.4537769633614357, ""35"": 0.1438558867093378, ""36"": 0.04756225006862488, ""37"": 0.0042102212667047886, ""38"": 0.0009715895230857204, ""39"": 0.0009715895230857204}",shadow_trade,confidence_passed,34,0.49515526293675627,True,0.40922454896229626,"{""33"": 0.3836210191137698, ""34"": 0.49515526293675627, ""35"": 0.07264292582798519, ""36"": 0.04362876953232476, ""37"": 0.002971213553498409, ""38"": 0.000990404517832803, ""39"": 0.000990404517832803}",shadow_trade,confidence_passed,92-93,True,True,True,True
2026-07-13,89.6,32.0,actual_high_f_converted_to_c,91.34106143689117,32.96725635382842,-1,2,33,32,33,0.3906699038640739,0.2885508534847276,0.3906699038640739,0.1021190503793462,0.0,False,"{""+1"": 0.21632610098811375, ""+2"": 0.03379645332169473, ""-1"": 0.2885508534847276, ""-2"": 0.05996569226972002, ""0"": 0.3906699038640738, ""<=-3"": 0.004943674319703548, "">=+3"": 0.005747321751966324}","{""30"": 0.004943674319703549, ""31"": 0.05996569226972003, ""32"": 0.28855085348472764, ""33"": 0.3906699038640739, ""34"": 0.2163261009881138, ""35"": 0.03379645332169474, ""36"": 0.0039323780408190645, ""37"": 0.0009074718555736301, ""38"": 0.0009074718555736301}",no_trade,top_probability_below_threshold,32,0.4407204785130778,True,0.5159799183223073,"{""31"": 0.014187577627874306, ""32"": 0.4407204785130778, ""33"": 0.43981595388479355, ""34"": 0.0975978266588248, ""35"": 0.0039327177957078335, ""36"": 0.002247267311833048, ""37"": 0.0007490891039443491, ""38"": 0.0007490891039443491}",shadow_trade,confidence_passed,90-91,True,True,False,False
2026-07-14,89.6,32.0,actual_high_f_converted_to_c,89.12519925223033,31.73622180679463,0,3,32,32,32,0.4241108940440534,0.4241108940440534,0.4241108940440534,0.112140776597896,0.0,False,"{""+1"": 0.17800911906245606, ""+2"": 0.023670081908669344, ""-1"": 0.31197011744615744, ""-2"": 0.05411516279276098, ""0"": 0.42411089404405344, ""<=-3"": 0.003879425716704966, "">=+3"": 0.004245199029197745}","{""29"": 0.003879425716704966, ""30"": 0.05411516279276098, ""31"": 0.31197011744615744, ""32"": 0.42411089404405344, ""33"": 0.17800911906245606, ""34"": 0.023670081908669344, ""35"": 0.0029046098620826677, ""36"": 0.0006702945835575387, ""37"": 0.0006702945835575387}",shadow_trade,confidence_passed,32,0.569481527752082,True,0.3197554671730259,"{""31"": 0.3613465872156806, ""32"": 0.569481527752082, ""33"": 0.06172703415584782, ""34"": 0.005084288403387975, ""35"": 0.0009079086434621384, ""36"": 0.0007263269147697107, ""37"": 0.0007263269147697107}",shadow_trade,confidence_passed,88-89,False,False,True,True
2026-07-15,82.4,28.000000000000004,actual_high_f_converted_to_c,80.45124883717398,26.917360465096653,1,4,27,28,27,0.3449208540534526,0.2673931020272783,0.3449208540534526,0.0775277520261743,0.0,False,"{""+1"": 0.2673931020272783, ""+2"": 0.060818174377076255, ""-1"": 0.23991123821387236, ""-2"": 0.07650326449924351, ""0"": 0.34492085405345263, ""<=-3"": 0.0030612576479034388, "">=+3"": 0.00739210918117352}","{""24"": 0.0030612576479034388, ""25"": 0.07650326449924351, ""26"": 0.23991123821387236, ""27"": 0.34492085405345263, ""28"": 0.2673931020272783, ""29"": 0.060818174377076255, ""30"": 0.005057758913434514, ""31"": 0.001167175133869503, ""32"": 0.001167175133869503}",no_trade,top_probability_below_threshold,27,0.268865268622814,False,0.7433523515181526,"{""25"": 0.038193700693514826, ""26"": 0.16180760210902465, ""27"": 0.4130201232702371, ""28"": 0.268865268622814, ""29"": 0.10243691463334229, ""30"": 0.005486736734873514, ""31"": 0.004702917201320155, ""32"": 0.004702917201320154, ""33"": 0.000783819533553359}",shadow_trade,confidence_passed,80-81,False,False,False,False
2026-07-16,82.4,28.000000000000004,actual_high_f_converted_to_c,84.39054770422901,29.10585983568278,-1,2,29,28,29,0.4528227319325152,0.2492641953620654,0.4528227319325152,0.2035585365704497,0.0,False,"{""+1"": 0.20219279175263852, ""+2"": 0.02761935707816998, ""-1"": 0.2492641953620654, ""-2"": 0.0595697923446956, ""0"": 0.45282273193251515, ""<=-3"": 0.003401345885247654, "">=+3"": 0.005129785644667576}","{""26"": 0.0034013458852476543, ""27"": 0.05956979234469561, ""28"": 0.24926419536206543, ""29"": 0.4528227319325152, ""30"": 0.20219279175263855, ""31"": 0.027619357078169985, ""32"": 0.0035098533358251843, ""33"": 0.0008099661544211963, ""34"": 0.0008099661544211963}",shadow_trade,confidence_passed,29,0.1262757333688998,False,1.0996160025854251,"{""28"": 0.1262757333688998, ""29"": 0.5163181723360519, ""30"": 0.24801935322384092, ""31"": 0.088942496393712, ""32"": 0.01396192319438705, ""33"": 0.00299184068451151, ""34"": 0.00299184068451151, ""35"": 0.0004986401140852517}",shadow_trade,confidence_passed,84-85,False,False,False,False
2026-07-17,87.8,31.0,actual_high_f_converted_to_c,86.13184252894189,30.07324584941216,1,4,30,31,30,0.3475736918938237,0.2165946086178505,0.3475736918938237,0.0402914750014746,0.0,False,"{""+1"": 0.21659460861785051, ""+2"": 0.04785868304367046, ""-1"": 0.30728221689234914, ""-2"": 0.06666813050159838, ""0"": 0.34757369189382376, ""<=-3"": 0.004527362897213448, "">=+3"": 0.009495306153494323}","{""27"": 0.004527362897213448, ""28"": 0.06666813050159838, ""29"": 0.30728221689234914, ""30"": 0.34757369189382376, ""31"": 0.21659460861785051, ""32"": 0.04785868304367046, ""33"": 0.006496788420811906, ""34"": 0.001499258866341209, ""35"": 0.001499258866341209}",no_trade,top_probability_below_threshold,29,0.2528395116468891,False,0.7141212661729076,"{""28"": 0.08084343441896254, ""29"": 0.27715215783171565, ""30"": 0.23141262170328317, ""31"": 0.2528395116468891, ""32"": 0.13707665882684947, ""33"": 0.012405369343380102, ""34"": 0.0041351231144600336, ""35"": 0.003101342335845025, ""36"": 0.0010337807786150084}",shadow_trade,confidence_passed,86-87,False,False,False,False
2026-07-18,78.8,26.0,actual_high_f_converted_to_c,78.58456809750214,25.88031560972341,0,3,26,26,26,0.4087413116836831,0.4087413116836831,0.4087413116836831,0.1429156264162226,0.0,False,"{""+1"": 0.2355616609992882, ""+2"": 0.027864052045620456, ""-1"": 0.2658256852674604, ""-2"": 0.05223310181633112, ""0"": 0.40874131168368305, ""<=-3"": 0.002972551568306447, "">=+3"": 0.0068016366193102175}","{""23"": 0.0029725515683064474, ""24"": 0.052233101816331125, ""25"": 0.2658256852674605, ""26"": 0.4087413116836831, ""27"": 0.23556166099928824, ""28"": 0.02786405204562046, ""29"": 0.004653751371106992, ""30"": 0.0010739426241016135, ""31"": 0.0010739426241016135}",shadow_trade,confidence_passed,26,0.561024834537951,True,0.2558349501748486,"{""25"": 0.11654030424913743, ""26"": 0.561024834537951, ""27"": 0.1917597822856872, ""28"": 0.11238355692479872, ""29"": 0.01097491320145542, ""30"": 0.0009145761001212848, ""31"": 0.005487456600727709, ""32"": 0.0009145761001212848}",shadow_trade,confidence_passed,78-79,True,True,True,True
2026-07-20,80.6,27.0,actual_high_f_converted_to_c,76.17687307598548,24.54270726443638,2,5,25,27,25,0.4369005706949002,0.0264991239706196,0.4369005706949002,0.1759173409913936,0.0,False,"{""+1"": 0.2263783379361878, ""+2"": 0.026499123970619685, ""-1"": 0.2609832297035066, ""-2"": 0.038384085993855684, ""0"": 0.43690057069490024, ""<=-3"": 0.0019025462481472315, "">=+3"": 0.008952105452782761}","{""22"": 0.0019025462481472315, ""23"": 0.038384085993855684, ""24"": 0.2609832297035066, ""25"": 0.43690057069490024, ""26"": 0.2263783379361878, ""27"": 0.026499123970619685, ""28"": 0.006125124783482942, ""29"": 0.0014134903346499097, ""30"": 0.0014134903346499097}",shadow_trade,confidence_passed,24,0.014031560580004456,False,1.34679334506425,"{""24"": 0.5073660908204247, ""25"": 0.28983744834710595, ""26"": 0.18225024712603427, ""27"": 0.014031560580004456, ""28"": 0.0030067629814295267, ""29"": 0.0030067629814295263, ""30"": 0.0005011271635715878}",shadow_trade,confidence_passed,76-77,False,False,False,False
2026-07-21,80.6,27.0,actual_high_f_converted_to_c,81.19254097117808,27.32918942843226,0,3,27,27,27,0.5103080004635204,0.5103080004635204,0.5103080004635204,0.2717844216802993,0.0,False,"{""+1"": 0.2385235787832211, ""+2"": 0.012699450252464998, ""-1"": 0.19937409195283615, ""-2"": 0.032052950010489904, ""0"": 0.5103080004635204, ""<=-3"": 0.002080847201101022, "">=+3"": 0.0049610813363663644}","{""24"": 0.002080847201101022, ""25"": 0.032052950010489904, ""26"": 0.19937409195283615, ""27"": 0.5103080004635204, ""28"": 0.2385235787832211, ""29"": 0.012699450252464998, ""30"": 0.0033944240722506703, ""31"": 0.0007833286320578469, ""32"": 0.0007833286320578469}",shadow_trade,confidence_passed,28,0.4618103998049768,False,0.552002594321108,"{""27"": 0.4618103998049768, ""28"": 0.5117553768009051, ""29"": 0.02128106153009189, ""30"": 0.0018036066524091602, ""31"": 0.0015459485592078516, ""32"": 0.0015459485592078514, ""33"": 0.0002576580932013086}",no_trade,top_two_margin_below_threshold,82-83,False,True,True,True
2026-07-22,80.6,27.0,actual_high_f_converted_to_c,81.10700275432538,27.281668196847438,0,3,27,27,27,0.4361140635861968,0.4361140635861968,0.4361140635861968,0.1820678952462778,0.0,False,"{""+1"": 0.25404616833991894, ""+2"": 0.011544825072059802, ""-1"": 0.24480884250778337, ""-2"": 0.04441789968547761, ""0"": 0.43611406358619687, ""<=-3"": 0.0025560785691325356, "">=+3"": 0.006512122239431001}","{""24"": 0.0025560785691325356, ""25"": 0.04441789968547761, ""26"": 0.24480884250778334, ""27"": 0.4361140635861968, ""28"": 0.25404616833991894, ""29"": 0.011544825072059802, ""30"": 0.004455662584873842, ""31"": 0.0010282298272785788, ""32"": 0.0010282298272785788}",shadow_trade,confidence_passed,28,0.3171341275311197,False,0.7168040502899956,"{""26"": 0.16028966607607753, ""27"": 0.3171341275311197, ""28"": 0.4723376763484385, ""29"": 0.04094181401664137, ""30"": 0.0032538506097030376, ""31"": 0.0027890148083168894, ""32"": 0.002789014808316889, ""33"": 0.00046483580138614823}",no_trade,switch_advantage_below_threshold,82-83,False,True,True,True
2026-07-23,86.0,30.0,actual_high_f_converted_to_c,84.33829320630004,29.07682955905557,1,4,29,30,29,0.4385378997507724,0.2036164914898378,0.4385378997507724,0.1794686334335237,0.0,False,"{""+1"": 0.20361649148983776, ""+2"": 0.031966749708781446, ""-1"": 0.25906926631724864, ""-2"": 0.05884173457400453, ""0"": 0.43853789975077234, ""<=-3"": 0.00300686002674677, "">=+3"": 0.004960998132608436}","{""26"": 0.0030068600267467703, ""27"": 0.05884173457400454, ""28"": 0.2590692663172487, ""29"": 0.4385378997507724, ""30"": 0.2036164914898378, ""31"": 0.03196674970878145, ""32"": 0.0033943671433636674, ""33"": 0.0007833154946223847, ""34"": 0.0007833154946223847}",shadow_trade,confidence_passed,29,0.171788267910906,False,1.0247013641604004,"{""28"": 0.15898351443045147, ""29"": 0.5513555572976817, ""30"": 0.171788267910906, ""31"": 0.09622395261218132, ""32"": 0.014784483340629971, ""33"": 0.0031681035729921375, ""34"": 0.003168103572992137, ""35"": 0.0005280172621653562}",shadow_trade,confidence_passed,84-85,False,False,False,False
2026-07-24,87.8,31.0,actual_high_f_converted_to_c,86.66343262092181,30.36857367828989,1,4,30,31,30,0.5308512849758401,0.1657175685313501,0.5308512849758401,0.2798519106987266,0.0,False,"{""+1"": 0.1657175685313501, ""+2"": 0.01044848213447169, ""-1"": 0.2509993742771135, ""-2"": 0.03569417245381446, ""0"": 0.5308512849758401, ""<=-3"": 0.0032058793744442764, "">=+3"": 0.0030832382529658716}","{""27"": 0.0032058793744442764, ""28"": 0.03569417245381446, ""29"": 0.2509993742771135, ""30"": 0.5308512849758401, ""31"": 0.1657175685313501, ""32"": 0.01044848213447169, ""33"": 0.0021095840678187544, ""34"": 0.00048682709257355863, ""35"": 0.00048682709257355863}",shadow_trade,confidence_passed,31,0.5860442673405664,True,0.30448101257079374,"{""30"": 0.361853028352403, ""31"": 0.5860442673405664, ""32"": 0.04656883059656784, ""33"": 0.0037792308266574744, ""34"": 0.0008098351771408873, ""35"": 0.00040491758857044366, ""36"": 0.000539890118093925}",shadow_trade,confidence_passed,86-87,False,False,False,False
2026-07-25,87.8,31.0,actual_high_f_converted_to_c,87.28199630460577,30.712220169225425,0,3,31,31,31,0.5201067161719495,0.5201067161719495,0.5201067161719495,0.2739777196986082,0.0,False,"{""+1"": 0.17690599088806358, ""+2"": 0.014401720393903422, ""-1"": 0.24612899647334127, ""-2"": 0.0355109003485048, ""0"": 0.5201067161719494, ""<=-3"": 0.0031197627579521154, "">=+3"": 0.003825912966285372}","{""28"": 0.003119762757952116, ""29"": 0.035510900348504806, ""30"": 0.2461289964733413, ""31"": 0.5201067161719495, ""32"": 0.1769059908880636, ""33"": 0.014401720393903424, ""34"": 0.002617729924300518, ""35"": 0.0006040915209924272, ""36"": 0.0006040915209924272}",shadow_trade,confidence_passed,31,0.6033016970536894,True,0.25666656863454024,"{""30"": 0.30204950733671365, ""31"": 0.6033016970536894, ""32"": 0.08972705030996424, ""33"": 0.003361191911944274, ""34"": 0.0007202554097023443, ""35"": 0.00036012770485117213, ""36"": 0.0004801702731348962}",shadow_trade,confidence_passed,86-87,False,False,True,True
