contract_date,actual_high_f,actual_high_c,actual_high_c_source,point_prediction_f,point_prediction_c,offset_c,offset_class_c,point_bucket_c,actual_bucket_c,recommended_bucket_c,recommended_bucket_probability_c,actual_bucket_probability_c,market_top_probability_c,market_top_two_margin_c,market_switch_advantage_c,market_tail_ambiguity_c,celsius_offset_probabilities,market_bucket_probabilities_c,market_probability_decision,market_probability_decision_reason,old_mapped_recommended_bucket_c,old_mapped_actual_bucket_probability_c,old_mapped_hit,old_mapped_market_brier,old_mapped_market_bucket_probabilities_c,probability_decision,probability_decision_reason,recommended_bucket,recommended_hit,point_hit,nearest_celsius_point_hit,new_celsius_hit
2026-01-01,48.2,9.000000000000002,actual_high_f_converted_to_c,48.12869395160675,8.960385528670416,0,3,9,9,9,0.6166671116226857,0.6166671116226857,0.6166671116226857,0.4311027602699048,0.0,False,"{""+1"": 0.18556435135278088, ""+2"": 0.03067126669728963, ""-1"": 0.14362849143927728, ""-2"": 0.01601392151392766, ""0"": 0.6166671116226857, ""<=-3"": 0.0021653402319874453, "">=+3"": 0.005289517142051435}","{""10"": 0.18556435135278088, ""11"": 0.03067126669728963, ""12"": 0.005289517142051435, ""5"": 0.0006014833977742904, ""6"": 0.001563856834213155, ""7"": 0.01601392151392766, ""8"": 0.14362849143927728, ""9"": 0.6166671116226857}",shadow_trade,confidence_passed,9,0.5076543501580159,True,0.3405035128665927,"{""8"": 0.2736189280794138, ""9"": 0.5076543501580159, ""10"": 0.11203469144204169, ""11"": 0.10328892952991149, ""12"": 0.003403100790617184}",shadow_trade,confidence_passed,48-49,True,True,True,True
2026-01-02,48.2,9.000000000000002,actual_high_f_converted_to_c,46.11727768305791,7.842932046143281,1,4,8,9,8,0.6570290477928401,0.1392661468542063,0.6570290477928401,0.4976983038321591,0.0,False,"{""+1"": 0.13926614685420638, ""+2"": 0.020914143453639802, ""-1"": 0.15933074396068103, ""-2"": 0.015266563483183776, ""0"": 0.6570290477928401, ""<=-3"": 0.002360889071359562, "">=+3"": 0.005832465384089439}","{""10"": 0.020914143453639802, ""11"": 0.005832465384089439, ""4"": 0.0006558025198221005, ""5"": 0.0017050865515374613, ""6"": 0.015266563483183775, ""7"": 0.15933074396068103, ""8"": 0.6570290477928401, ""9"": 0.13926614685420638}",shadow_trade,confidence_passed,8,0.17139666626119932,False,1.0462856846771507,"{""7"": 0.2454763349612168, ""8"": 0.5461912526851691, ""9"": 0.17139666626119932, ""10"": 0.03324217148317331, ""11"": 0.0036935746092414787}",shadow_trade,confidence_passed,46-47,False,False,False,False
2026-01-03,48.2,9.000000000000002,actual_high_f_converted_to_c,49.42991614510703,9.683286747281684,-1,2,10,9,10,0.5046437129674417,0.1149580965116738,0.5046437129674417,0.2052779168440034,0.0,False,"{""+1"": 0.2993657961234383, ""+2"": 0.06917934346070621, ""-1"": 0.11495809651167388, ""-2"": 0.005924339616201538, ""0"": 0.5046437129674417, ""<=-3"": 0.001827394979505681, "">=+3"": 0.004101316341032665}","{""10"": 0.5046437129674417, ""11"": 0.2993657961234383, ""12"": 0.06917934346070621, ""13"": 0.004101316341032665, ""6"": 0.0005076097165293558, ""7"": 0.0013197852629763251, ""8"": 0.0059243396162015375, ""9"": 0.11495809651167387}",shadow_trade,confidence_passed,9,0.2969769878552234,True,0.6509693778106947,"{""8"": 0.06378314760262972, ""9"": 0.2969769878552234, ""10"": 0.2625917932420595, ""11"": 0.2703945462149817, ""12"": 0.102861890923252, ""13"": 0.003391634161853626}",shadow_trade,confidence_passed,50-51,False,False,False,False
2026-01-04,51.8,10.999999999999998,actual_high_f_converted_to_c,51.51650317783046,10.842501765461366,0,3,11,11,11,0.5252086533110873,0.5252086533110873,0.5252086533110873,0.2775086526338813,0.0,False,"{""+1"": 0.247700000677206, ""+2"": 0.02579864424684259, ""-1"": 0.19384642478607783, ""-2"": 0.0030440523530342882, ""0"": 0.5252086533110873, ""<=-3"": 0.0013719208724602971, "">=+3"": 0.0030303037532916446}","{""10"": 0.19384642478607783, ""11"": 0.5252086533110873, ""12"": 0.247700000677206, ""13"": 0.02579864424684259, ""14"": 0.0030303037532916446, ""7"": 0.00038108913123897144, ""8"": 0.0009908317412213256, ""9"": 0.0030440523530342882}",shadow_trade,confidence_passed,11,0.5252179114744815,True,0.32153938097879825,"{""10"": 0.1120510399723155, ""11"": 0.5252179114744815, ""12"": 0.2770405297488814, ""13"": 0.08248757394892886, ""14"": 0.0032029448553928656}",no_trade,top_two_margin_below_threshold,52-53,True,True,True,True
2026-01-05,57.2,14.000000000000002,actual_high_f_converted_to_c,55.60598577278552,13.1144365404364,1,4,13,14,13,0.4460718175075152,0.2588202458641832,0.4460718175075152,0.187251571643332,0.0,False,"{""+1"": 0.2588202458641831, ""+2"": 0.09898318292555094, ""-1"": 0.1606081202425754, ""-2"": 0.022812942114084907, ""0"": 0.4460718175075152, ""<=-3"": 0.00878965468503956, "">=+3"": 0.003914036661050748}","{""10"": 0.00634808393919524, ""11"": 0.02281294211408491, ""12"": 0.16060812024257543, ""13"": 0.44607181750751523, ""14"": 0.2588202458641832, ""15"": 0.09898318292555096, ""16"": 0.003914036661050749, ""9"": 0.002441570745844323}",shadow_trade,confidence_passed,13,0.230309289641895,False,0.797243745886074,"{""9"": 0.00410819236393418, ""10"": 0.007189336636884816, ""11"": 0.024649154183605082, ""12"": 0.19745605705771407, ""13"": 0.3900972045931824, ""14"": 0.230309289641895, ""15"": 0.10695699970817835, ""16"": 0.03923376581460607}",no_trade,top_probability_below_threshold,56-57,True,True,False,False
2026-01-06,51.8,10.999999999999998,actual_high_f_converted_to_c,51.09084448775423,10.606024715419014,0,3,11,11,11,0.6887735995877633,0.6887735995877633,0.6887735995877633,0.5269698804658832,0.0,False,"{""+1"": 0.16180371912188002, ""+2"": 0.02223186646521798, ""-1"": 0.11995740018607902, ""-2"": 0.0038348012642649442, ""0"": 0.6887735995877632, ""<=-3"": 0.0006548154119733195, "">=+3"": 0.0027437979628214025}","{""10"": 0.11995740018607903, ""11"": 0.6887735995877633, ""12"": 0.16180371912188005, ""13"": 0.022231866465217985, ""14"": 0.002743797962821403, ""7"": 0.00018189316999258877, ""8"": 0.0004729222419807308, ""9"": 0.0038348012642649447}",shadow_trade,confidence_passed,11,0.5694081313580082,True,0.2683698403543295,"{""10"": 0.18250910428451778, ""11"": 0.5694081313580082, ""12"": 0.2211968783726404, ""13"": 0.026885885984833616}",shadow_trade,confidence_passed,50-51,False,False,True,True
2026-01-07,44.6,7.000000000000001,actual_high_f_converted_to_c,45.06390639991718,7.257725777731768,0,3,7,7,7,0.5882847094455057,0.5882847094455057,0.5882847094455057,0.4176378195097773,0.0,False,"{""+1"": 0.16198155880505066, ""+2"": 0.03962410469832575, ""-1"": 0.1706468899357284, ""-2"": 0.02906346118817903, ""0"": 0.5882847094455057, ""<=-3"": 0.0034667396360800176, "">=+3"": 0.006932536291130359}","{""10"": 0.006932536291130358, ""3"": 0.0009629832322444493, ""4"": 0.002503756403835568, ""5"": 0.029063461188179027, ""6"": 0.1706468899357284, ""7"": 0.5882847094455057, ""8"": 0.16198155880505066, ""9"": 0.03962410469832575}",shadow_trade,confidence_passed,7,0.4708982474046432,True,0.3978959855506497,"{""6"": 0.09360189064107742, ""7"": 0.4708982474046432, ""8"": 0.3053067638221268, ""9"": 0.12632834466045403, ""10"": 0.0038647534716985846}",shadow_trade,confidence_passed,44-45,True,True,True,True
2026-01-08,53.6,12.0,actual_high_f_converted_to_c,53.128775763739526,11.73820875763307,0,3,12,12,12,0.4906668920510099,0.4906668920510099,0.4906668920510099,0.184417550778181,0.0,False,"{""+1"": 0.3062493412728288, ""+2"": 0.054823235379332584, ""-1"": 0.1306688224062533, ""-2"": 0.012587041594107066, ""0"": 0.4906668920510098, ""<=-3"": 0.0015860959145568298, "">=+3"": 0.0034185713819115133}","{""10"": 0.01258704159410707, ""11"": 0.13066882240625333, ""12"": 0.4906668920510099, ""13"": 0.3062493412728289, ""14"": 0.0548232353793326, ""15"": 0.003418571381911514, ""8"": 0.00044058219848800844, ""9"": 0.0011455137160688218}",shadow_trade,confidence_passed,12,0.39023245567538567,True,0.5128779229924526,"{""10"": 0.056893738049250804, ""11"": 0.22902972417774978, ""12"": 0.39023245567538567, ""13"": 0.2902428463373612, ""14"": 0.03360123576025253}",shadow_trade,confidence_passed,52-53,False,False,True,True
2026-01-09,48.2,9.000000000000002,actual_high_f_converted_to_c,49.7085250728968,9.838069484942666,-1,2,10,9,10,0.5876018888487623,0.1898596738585486,0.5876018888487623,0.3968674894768943,0.0,False,"{""+1"": 0.19073439937186798, ""+2"": 0.02289725241694842, ""-1"": 0.1898596738585486, ""-2"": 0.0046597116105752115, ""0"": 0.5876018888487622, ""<=-3"": 0.0011663799761212341, "">=+3"": 0.0030806939171762917}","{""10"": 0.5876018888487623, ""11"": 0.190734399371868, ""12"": 0.022897252416948424, ""13"": 0.003080693917176292, ""6"": 0.000323994437811454, ""7"": 0.0008423855383097804, ""8"": 0.004659711610575212, ""9"": 0.18985967385854863}",shadow_trade,confidence_passed,9,0.321295879843972,True,0.6428036501220326,"{""9"": 0.321295879843972, ""10"": 0.2883260108220389, ""11"": 0.30324399060987367, ""12"": 0.08406016818812007, ""13"": 0.003073950535995306}",shadow_trade,confidence_passed,50-51,False,False,False,False
2026-01-10,60.8,16.0,actual_high_f_converted_to_c,59.63354889133858,15.35197160629921,1,4,15,16,15,0.4404106840152995,0.3376309203328638,0.4404106840152995,0.1027797636824356,0.0,False,"{""+1"": 0.33763092033286385, ""+2"": 0.07119390848775227, ""-1"": 0.1400675324453601, ""-2"": 0.0064312090481196665, ""0"": 0.4404106840152996, ""<=-3"": 0.002363542900701731, "">=+3"": 0.001902202769902925}","{""11"": 0.0006565396946393696, ""12"": 0.0017070032060623607, ""13"": 0.006431209048119665, ""14"": 0.14006753244536008, ""15"": 0.4404106840152995, ""16"": 0.3376309203328638, ""17"": 0.07119390848775226, ""18"": 0.0019022027699029246}",no_trade,top_two_margin_below_threshold,16,0.3353441452040504,True,0.5775266793931639,"{""12"": 0.004346208307048836, ""13"": 0.014901285624167437, ""14"": 0.14672852752219356, ""15"": 0.18870654420992036, ""16"": 0.3353441452040504, ""17"": 0.278147506114123, ""18"": 0.03182578301849636}",no_trade,top_probability_below_threshold,60-61,True,True,False,False
2026-01-11,60.8,16.0,actual_high_f_converted_to_c,61.421972368391366,16.345540204661873,0,3,16,16,16,0.707219835945739,0.707219835945739,0.707219835945739,0.5428605228826215,0.0,False,"{""+1"": 0.1048197095425842, ""+2"": 0.014841986202048782, ""-1"": 0.1643593130631175, ""-2"": 0.0028938842684442813, ""0"": 0.7072198359457391, ""<=-3"": 0.002315643157909111, "">=+3"": 0.0035496278201572347}","{""12"": 0.0006432342105303086, ""13"": 0.0016724089473788022, ""14"": 0.002893884268444281, ""15"": 0.16435931306311746, ""16"": 0.707219835945739, ""17"": 0.10481970954258417, ""18"": 0.014841986202048778, ""19"": 0.003549627820157234}",shadow_trade,confidence_passed,17,0.36121347632727346,False,0.7155405900045737,"{""16"": 0.36121347632727346, ""17"": 0.5474228375342326, ""18"": 0.0883839656877384, ""19"": 0.0029797204507556094}",shadow_trade,confidence_passed,62-63,False,True,True,True
2026-01-12,48.2,9.000000000000002,actual_high_f_converted_to_c,48.70083287699593,9.278240487219962,0,3,9,9,9,0.5903354226659193,0.5903354226659193,0.5903354226659193,0.3622176435193172,0.0,False,"{""+1"": 0.2281177791466021, ""+2"": 0.027142933803856857, ""-1"": 0.1468525850044138, ""-2"": 0.003537395067956362, ""0"": 0.5903354226659193, ""<=-3"": 0.0010692562374733379, "">=+3"": 0.0029446280737783215}","{""10"": 0.22811777914660208, ""11"": 0.027142933803856854, ""12"": 0.002944628073778321, ""5"": 0.00029701562152037166, ""6"": 0.0007722406159529661, ""7"": 0.0035373950679563615, ""8"": 0.1468525850044138, ""9"": 0.5903354226659193}",shadow_trade,confidence_passed,9,0.48793557266261284,True,0.34276380147500807,"{""8"": 0.12344912435944577, ""9"": 0.48793557266261284, ""10"": 0.17564900161665972, ""11"": 0.1832433060310779, ""12"": 0.029722995330203793}",shadow_trade,confidence_passed,48-49,True,True,True,True
2026-01-13,60.8,16.0,actual_high_f_converted_to_c,59.84349377554986,15.468607653083255,1,4,15,16,15,0.4754183467829688,0.2858236446972625,0.4754183467829688,0.1895947020857063,0.0,False,"{""+1"": 0.2858236446972625, ""+2"": 0.01798147912753516, ""-1"": 0.21025017216875852, ""-2"": 0.00729233975072418, ""0"": 0.4754183467829689, ""<=-3"": 0.0010922142002111057, "">=+3"": 0.002141803272539596}","{""11"": 0.00030339283339197385, ""12"": 0.0007888213668191318, ""13"": 0.007292339750724179, ""14"": 0.2102501721687585, ""15"": 0.47541834678296885, ""16"": 0.2858236446972625, ""17"": 0.01798147912753516, ""18"": 0.002141803272539596}",shadow_trade,confidence_passed,16,0.3894053437930578,True,0.48934748137334727,"{""14"": 0.15578297654733086, ""15"": 0.21368753530325277, ""16"": 0.3894053437930578, ""17"": 0.21415833856513294, ""18"": 0.02696580579122558}",no_trade,top_probability_below_threshold,60-61,True,True,False,False
2026-01-14,51.8,10.999999999999998,actual_high_f_converted_to_c,51.19854908881949,10.665860604899716,0,3,11,11,11,0.643272121357782,0.643272121357782,0.643272121357782,0.4681122559600928,0.0,False,"{""+1"": 0.17515986539768919, ""+2"": 0.021409537576613725, ""-1"": 0.14810629361590033, ""-2"": 0.00654767610102913, ""0"": 0.643272121357782, ""<=-3"": 0.001224154554662293, "">=+3"": 0.004280351396323363}","{""10"": 0.14810629361590033, ""11"": 0.643272121357782, ""12"": 0.17515986539768919, ""13"": 0.021409537576613725, ""14"": 0.004280351396323363, ""7"": 0.00034004293185063695, ""8"": 0.0008841116228116559, ""9"": 0.006547676101029129}",shadow_trade,confidence_passed,11,0.5650297814304663,True,0.2722355472007314,"{""10"": 0.20338066142997066, ""11"": 0.5650297814304663, ""12"": 0.20198033776203164, ""13"": 0.029609219377531366}",shadow_trade,confidence_passed,50-51,False,False,True,True
2026-01-15,55.4,13.0,actual_high_f_converted_to_c,56.65236241065993,13.695756894811074,-1,2,14,13,14,0.3930441227487308,0.149794125988673,0.3930441227487308,0.0345810649403485,0.0,False,"{""+1"": 0.3584630578083822, ""+2"": 0.07957507573211649, ""-1"": 0.14979412598867303, ""-2"": 0.00958797785338217, ""0"": 0.39304412274873074, ""<=-3"": 0.006823155684896108, "">=+3"": 0.002712484183819141}","{""10"": 0.0018953210235822524, ""11"": 0.004927834661313856, ""12"": 0.009587977853382171, ""13"": 0.14979412598867306, ""14"": 0.3930441227487308, ""15"": 0.3584630578083823, ""16"": 0.0795750757321165, ""17"": 0.0027124841838191416}",no_trade,top_probability_below_threshold,13,0.3137791670051282,True,0.6069503588433451,"{""10"": 0.0008964075589929415, ""11"": 0.012549705825901182, ""12"": 0.08589313834218815, ""13"": 0.3137791670051282, ""14"": 0.2943944426272742, ""15"": 0.14594031227432622, ""16"": 0.14331179042913872, ""17"": 0.003235035937050447}",no_trade,tail_allocation_ambiguous,56-57,False,False,False,False
2026-01-16,60.8,16.0,actual_high_f_converted_to_c,60.77696780897077,15.987204338317095,0,3,16,16,16,0.5597640306927189,0.5597640306927189,0.5597640306927189,0.3068599656004268,0.0,False,"{""+1"": 0.25290406509229196, ""+2"": 0.01471490799595891, ""-1"": 0.16645336326585847, ""-2"": 0.0027317889754041582, ""0"": 0.5597640306927187, ""<=-3"": 0.0010214937401995523, "">=+3"": 0.0024103502375681}","{""12"": 0.0002837482611665424, ""13"": 0.0007377454790330101, ""14"": 0.0027317889754041587, ""15"": 0.1664533632658585, ""16"": 0.5597640306927189, ""17"": 0.252904065092292, ""18"": 0.014714907995958912, ""19"": 0.0024103502375681005}",shadow_trade,confidence_passed,16,0.5021727288947866,True,0.3777746666012096,"{""15"": 0.08631862797410968, ""16"": 0.5021727288947866, ""17"": 0.34385339029452977, ""18"": 0.06519638934082381, ""19"": 0.0024588634957501765}",shadow_trade,confidence_passed,60-61,True,True,True,True
2026-01-17,53.6,12.0,actual_high_f_converted_to_c,59.07859970437981,15.043666502433233,-3,0,15,12,16,0.367883988332406,0.0060206566254511,0.367883988332406,0.1163952258460916,0.1163952258460916,False,"{""+1"": 0.36788398833240604, ""+2"": 0.10379870475930068, ""-1"": 0.20641677552776252, ""-2"": 0.05728104788438417, ""0"": 0.2514887624863144, ""<=-3"": 0.00833629378908618, "">=+3"": 0.004794427220746119}","{""11"": 0.00231563716363505, ""12"": 0.006020656625451129, ""13"": 0.057281047884384165, ""14"": 0.2064167755277625, ""15"": 0.2514887624863144, ""16"": 0.36788398833240604, ""17"": 0.10379870475930067, ""18"": 0.004794427220746119}",no_trade,top_probability_below_threshold,16,0.01413214295185738,False,1.2288896295077922,"{""11"": 0.0010094387822755272, ""12"": 0.01413214295185738, ""13"": 0.10311811253104922, ""14"": 0.3248602439739735, ""15"": 0.06384741240827226, ""16"": 0.3366787457249693, ""17"": 0.15278698548782904, ""18"": 0.0035669181397737105}",no_trade,top_probability_below_threshold,60-61,False,False,False,False
2026-01-18,53.6,12.0,actual_high_f_converted_to_c,53.89588051220463,12.164378062335905,0,3,12,12,12,0.6262554226905377,0.6262554226905377,0.6262554226905377,0.4452423891239575,0.0,False,"{""+1"": 0.1605834136706531, ""+2"": 0.01895682644705143, ""-1"": 0.1810130335665802, ""-2"": 0.008195487443342423, ""0"": 0.6262554226905377, ""<=-3"": 0.0017661799193317007, "">=+3"": 0.003229636262503472}","{""10"": 0.008195487443342423, ""11"": 0.1810130335665802, ""12"": 0.6262554226905377, ""13"": 0.1605834136706531, ""14"": 0.01895682644705143, ""15"": 0.003229636262503472, ""8"": 0.0004906055331476947, ""9"": 0.001275574386184006}",shadow_trade,confidence_passed,12,0.4967609991535393,True,0.3688893880561179,"{""11"": 0.10059810154224978, ""12"": 0.4967609991535393, ""13"": 0.3130899103033521, ""14"": 0.08651837592943484, ""15"": 0.0030326130714239787}",shadow_trade,confidence_passed,54-55,True,True,True,True
2026-01-19,55.4,13.0,actual_high_f_converted_to_c,53.104581057152046,11.72476725397336,1,4,12,13,12,0.4220963849093354,0.2548323922008125,0.4220963849093354,0.1672639927085229,0.0,False,"{""+1"": 0.25483239220081244, ""+2"": 0.035737806342340535, ""-1"": 0.24418168274307073, ""-2"": 0.03396138807591975, ""0"": 0.4220963849093354, ""<=-3"": 0.004322416683070427, "">=+3"": 0.004867929045450638}","{""10"": 0.03396138807591976, ""11"": 0.24418168274307075, ""12"": 0.42209638490933543, ""13"": 0.2548323922008125, ""14"": 0.03573780634234054, ""15"": 0.004867929045450639, ""8"": 0.0012006713008528968, ""9"": 0.0031217453822175315}",no_trade,top_probability_below_threshold,12,0.21805376127971884,False,0.8658102943694674,"{""10"": 0.061034150633615204, ""11"": 0.27630486272913873, ""12"": 0.4165496383643333, ""13"": 0.21805376127971884, ""14"": 0.02805758699319393}",no_trade,top_probability_below_threshold,52-53,False,False,False,False
2026-01-20,48.2,9.000000000000002,actual_high_f_converted_to_c,48.88332320961666,9.37962400534259,0,3,9,9,9,0.6087643493484893,0.6087643493484893,0.6087643493484893,0.3310406605990634,0.0,False,"{""+1"": 0.08787574020771595, ""+2"": 0.006525551269277157, ""-1"": 0.27772368874942593, ""-2"": 0.011153165433643754, ""0"": 0.6087643493484893, ""<=-3"": 0.002879568247953103, "">=+3"": 0.005077936743494805}","{""10"": 0.08787574020771595, ""11"": 0.006525551269277156, ""12"": 0.005077936743494805, ""5"": 0.0007998800688758618, ""6"": 0.0020796881790772406, ""7"": 0.011153165433643754, ""8"": 0.27772368874942593, ""9"": 0.6087643493484893}",shadow_trade,confidence_passed,9,0.6275176698217217,True,0.19867732564083757,"{""9"": 0.6275176698217217, ""10"": 0.2009318979484724, ""11"": 0.13499836277125632, ""12"": 0.03655206945854949}",shadow_trade,confidence_passed,48-49,True,True,True,True
2026-01-21,42.8,5.999999999999998,actual_high_f_converted_to_c,42.3004038796739,5.722446599818834,0,3,6,6,6,0.5837460253008483,0.5837460253008483,0.5837460253008483,0.4057251163575004,0.0,False,"{""+1"": 0.17802090894334788, ""+2"": 0.04341173980217213, ""-1"": 0.1719170287851577, ""-2"": 0.012418573144067135, ""0"": 0.5837460253008483, ""<=-3"": 0.002738824258101792, "">=+3"": 0.0077468997663050435}","{""2"": 0.0007607845161393867, ""3"": 0.001978039741962405, ""4"": 0.012418573144067135, ""5"": 0.1719170287851577, ""6"": 0.5837460253008483, ""7"": 0.17802090894334788, ""8"": 0.04341173980217213, ""9"": 0.0077468997663050435}",shadow_trade,confidence_passed,6,0.4614102886138328,True,0.38068275132366475,"{""4"": 0.12696278951793427, ""5"": 0.15864424652963177, ""6"": 0.4614102886138328, ""7"": 0.21954027700436765, ""8"": 0.0334423983342335}",shadow_trade,confidence_passed,42-43,True,True,True,True
2026-01-22,42.8,5.999999999999998,actual_high_f_converted_to_c,42.904179117507695,6.057877287504275,0,3,6,6,6,0.5747403336857809,0.5747403336857809,0.5747403336857809,0.3459788412088193,0.0,False,"{""+1"": 0.15826827306321778, ""+2"": 0.020501378552771277, ""-1"": 0.22876149247696168, ""-2"": 0.011240299382994203, ""0"": 0.5747403336857809, ""<=-3"": 0.001856352783268456, "">=+3"": 0.004631870055005717}","{""2"": 0.0005156535509079045, ""3"": 0.0013406992323605517, ""4"": 0.011240299382994203, ""5"": 0.22876149247696168, ""6"": 0.5747403336857809, ""7"": 0.15826827306321778, ""8"": 0.020501378552771277, ""9"": 0.004631870055005717}",shadow_trade,confidence_passed,6,0.5116425273299842,True,0.34264184514245005,"{""5"": 0.10400509525438391, ""6"": 0.5116425273299842, ""7"": 0.29248328554359565, ""8"": 0.08815614495748166, ""9"": 0.003712946914554567}",shadow_trade,confidence_passed,42-43,True,True,True,True
2026-01-23,46.4,8.0,actual_high_f_converted_to_c,46.595364083992806,8.108535602218225,0,3,8,8,8,0.4956124869164983,0.4956124869164983,0.4956124869164983,0.2063461760317295,0.0,False,"{""+1"": 0.28926631088476873, ""+2"": 0.04928354763465116, ""-1"": 0.15199223668287962, ""-2"": 0.0069380068110942465, ""0"": 0.49561248691649834, ""<=-3"": 0.002850748971522378, "">=+3"": 0.004056662098585496}","{""10"": 0.049283547634651155, ""11"": 0.004056662098585496, ""4"": 0.0007918747143117715, ""5"": 0.002058874257210606, ""6"": 0.006938006811094246, ""7"": 0.15199223668287962, ""8"": 0.4956124869164983, ""9"": 0.28926631088476873}",shadow_trade,confidence_passed,8,0.45055877586473314,True,0.41208332853376145,"{""6"": 0.008292472484730999, ""7"": 0.15469573739630538, ""8"": 0.45055877586473314, ""9"": 0.28353046697932555, ""10"": 0.06746256126864465, ""11"": 0.035459986006260324}",shadow_trade,confidence_passed,46-47,True,True,True,True
2026-01-24,51.8,10.999999999999998,actual_high_f_converted_to_c,51.338413369501055,10.743562983056142,0,3,11,11,11,0.4868323042695806,0.4868323042695806,0.4868323042695806,0.1603707786846802,0.0,False,"{""+1"": 0.32646152558490027, ""+2"": 0.042081840405970614, ""-1"": 0.13547034804041647, ""-2"": 0.004745910047120106, ""0"": 0.4868323042695805, ""<=-3"": 0.0011024923467478633, "">=+3"": 0.003305579305264072}","{""10"": 0.1354703480404165, ""11"": 0.4868323042695806, ""12"": 0.3264615255849003, ""13"": 0.04208184040597062, ""14"": 0.0033055793052640726, ""7"": 0.0003062478740966288, ""8"": 0.0007962444726512348, ""9"": 0.004745910047120107}",no_trade,top_two_margin_below_threshold,11,0.5029309401877181,True,0.36707735684611964,"{""10"": 0.1622036724613807, ""11"": 0.5029309401877181, ""12"": 0.3045863692380478, ""13"": 0.03027901811285338}",no_trade,tail_allocation_ambiguous,52-53,True,False,True,True
2026-01-25,44.6,7.000000000000001,actual_high_f_converted_to_c,45.3559445816655,7.419969212036388,0,3,7,7,7,0.5733004409780601,0.5733004409780601,0.5733004409780601,0.3297787301709135,0.0,False,"{""+1"": 0.2435217108071466, ""+2"": 0.04973274457345282, ""-1"": 0.1187658488858624, ""-2"": 0.006936915695672231, ""0"": 0.5733004409780602, ""<=-3"": 0.0022090189596115656, "">=+3"": 0.005533320100194294}","{""10"": 0.005533320100194293, ""3"": 0.0006136163776698793, ""4"": 0.001595402581941686, ""5"": 0.006936915695672229, ""6"": 0.11876584888586238, ""7"": 0.5733004409780601, ""8"": 0.24352171080714655, ""9"": 0.04973274457345281}",shadow_trade,confidence_passed,7,0.4130767540631536,True,0.5296530172577392,"{""6"": 0.060358175615508616, ""7"": 0.4130767540631536, ""8"": 0.41102907339847317, ""9"": 0.11213632012844324, ""10"": 0.0033996767944214842}",no_trade,tail_allocation_ambiguous,44-45,True,True,True,True
2026-01-26,46.4,8.0,actual_high_f_converted_to_c,45.55258577349991,7.52921431861106,0,3,8,8,8,0.5381749346607156,0.5381749346607156,0.5381749346607156,0.3108778120036172,0.0,False,"{""+1"": 0.2272971226570984, ""+2"": 0.03345530323486055, ""-1"": 0.18930602589296927, ""-2"": 0.0051568637795506, ""0"": 0.5381749346607156, ""<=-3"": 0.0021428783445296413, "">=+3"": 0.004466871430275925}","{""10"": 0.03345530323486055, ""11"": 0.004466871430275925, ""4"": 0.0005952439845915671, ""5"": 0.0015476343599380743, ""6"": 0.0051568637795506, ""7"": 0.18930602589296927, ""8"": 0.5381749346607156, ""9"": 0.2272971226570984}",shadow_trade,confidence_passed,8,0.4372789740843157,True,0.4494914531191716,"{""6"": 0.05830896876868926, ""7"": 0.3285171637319122, ""8"": 0.4372789740843157, ""9"": 0.14375712827008236, ""10"": 0.028923988630500448, ""11"": 0.00321377651450005}",shadow_trade,confidence_passed,46-47,True,True,True,True
2026-01-27,46.4,8.0,actual_high_f_converted_to_c,47.12574141014688,8.40318967230382,0,3,8,8,8,0.5057315490073211,0.5057315490073211,0.5057315490073211,0.2742873577241128,0.0,False,"{""+1"": 0.23144419128320823, ""+2"": 0.051336265083526796, ""-1"": 0.16905372922858758, ""-2"": 0.031888740624589906, ""0"": 0.5057315490073211, ""<=-3"": 0.004756754938888055, "">=+3"": 0.00578876983387829}","{""10"": 0.051336265083526796, ""11"": 0.00578876983387829, ""4"": 0.0013213208163577932, ""5"": 0.003435434122530262, ""6"": 0.031888740624589906, ""7"": 0.16905372922858758, ""8"": 0.5057315490073211, ""9"": 0.23144419128320823}",shadow_trade,confidence_passed,8,0.403885858970318,True,0.49271106879278587,"{""6"": 0.008362278327776694, ""7"": 0.15110698883976906, ""8"": 0.403885858970318, ""9"": 0.32811543066290266, ""10"": 0.07555666869831001, ""11"": 0.032972774500923646}",no_trade,top_two_margin_below_threshold,46-47,True,True,True,True
2026-01-28,46.4,8.0,actual_high_f_converted_to_c,47.00101926526423,8.333899591813463,0,3,8,8,8,0.617733973177473,0.617733973177473,0.617733973177473,0.4495916558379709,0.0,False,"{""+1"": 0.16156083945119581, ""+2"": 0.02689718339380735, ""-1"": 0.16814231733950216, ""-2"": 0.017212284371600384, ""0"": 0.617733973177473, ""<=-3"": 0.0024012920887896984, "">=+3"": 0.006052110177631672}","{""10"": 0.02689718339380735, ""11"": 0.006052110177631672, ""4"": 0.0006670255802193607, ""5"": 0.0017342665085703377, ""6"": 0.017212284371600384, ""7"": 0.16814231733950216, ""8"": 0.617733973177473, ""9"": 0.16156083945119581}",shadow_trade,confidence_passed,8,0.468627187285668,True,0.40408911885259385,"{""7"": 0.11327825321938603, ""8"": 0.468627187285668, ""9"": 0.3222479830819324, ""10"": 0.06313914182693679, ""11"": 0.032707434586076674}",shadow_trade,confidence_passed,46-47,True,True,True,True
2026-01-29,46.4,8.0,actual_high_f_converted_to_c,46.361309112124914,7.978505062291619,0,3,8,8,8,0.6080234278401158,0.6080234278401158,0.6080234278401158,0.4053580694252705,0.0,False,"{""+1"": 0.2026653584148452, ""+2"": 0.03143393314837225, ""-1"": 0.14545568540461287, ""-2"": 0.005833862572871441, ""0"": 0.6080234278401158, ""<=-3"": 0.0013818216767096376, "">=+3"": 0.005205910942472835}","{""10"": 0.03143393314837225, ""11"": 0.005205910942472835, ""4"": 0.00038383935464156603, ""5"": 0.0009979823220680716, ""6"": 0.005833862572871441, ""7"": 0.14545568540461287, ""8"": 0.6080234278401158, ""9"": 0.2026653584148452}",shadow_trade,confidence_passed,8,0.5715664166031871,True,0.26439048181050795,"{""7"": 0.17200476794349362, ""8"": 0.5715664166031871, ""9"": 0.22453354655090144, ""10"": 0.028705742012176152, ""11"": 0.003189526890241795}",shadow_trade,confidence_passed,46-47,True,True,True,True
2026-01-30,48.2,9.000000000000002,actual_high_f_converted_to_c,47.82054085756183,8.78918936531213,0,3,9,9,9,0.6072371461923867,0.6072371461923867,0.6072371461923867,0.4224509240154418,0.0,False,"{""+1"": 0.18478622217694488, ""+2"": 0.01890966228161382, ""-1"": 0.18070669672726616, ""-2"": 0.0042006081023481245, ""0"": 0.6072371461923868, ""<=-3"": 0.0011653062453950151, "">=+3"": 0.00299435827404544}","{""10"": 0.18478622217694485, ""11"": 0.018909662281613816, ""12"": 0.002994358274045439, ""5"": 0.00032369617927639305, ""6"": 0.0008416100661186219, ""7"": 0.004200608102348124, ""8"": 0.18070669672726614, ""9"": 0.6072371461923867}",shadow_trade,confidence_passed,9,0.4834560550926628,True,0.38308448208046436,"{""8"": 0.30688467264281394, ""9"": 0.4834560550926628, ""10"": 0.12256876262698536, ""11"": 0.08399987600454754, ""12"": 0.0030906336329904003}",shadow_trade,confidence_passed,48-49,True,True,True,True
2026-01-31,48.2,9.000000000000002,actual_high_f_converted_to_c,47.71981064175961,8.733228134310894,0,3,9,9,9,0.5871471075990804,0.5871471075990804,0.5871471075990804,0.3835334646765708,0.0,False,"{""+1"": 0.17791925619463608, ""+2"": 0.02206178407740192, ""-1"": 0.2036136429225096, ""-2"": 0.004069001167191111, ""0"": 0.5871471075990804, ""<=-3"": 0.0012855097088565472, "">=+3"": 0.0039036983303243162}","{""10"": 0.17791925619463608, ""11"": 0.02206178407740192, ""12"": 0.0039036983303243162, ""5"": 0.0003570860302379298, ""6"": 0.0009284236786186174, ""7"": 0.004069001167191111, ""8"": 0.2036136429225096, ""9"": 0.5871471075990804}",shadow_trade,confidence_passed,9,0.4704885283154362,True,0.41037386789051716,"{""8"": 0.3329597221281642, ""9"": 0.4704885283154362, ""10"": 0.11149330928606402, ""11"": 0.0817788414016917, ""12"": 0.003279598868643887}",shadow_trade,confidence_passed,48-49,True,True,True,True
2026-02-01,48.2,9.000000000000002,actual_high_f_converted_to_c,49.42244698517969,9.679137213988716,-1,2,10,9,10,0.4995861923756412,0.1312131444882086,0.4995861923756412,0.2078189752398171,0.0,False,"{""+1"": 0.2917672171358241, ""+2"": 0.061816012640045534, ""-1"": 0.13121314448820862, ""-2"": 0.008367540534390377, ""0"": 0.4995861923756412, ""<=-3"": 0.0021774850712013034, "">=+3"": 0.0050724077546888645}","{""10"": 0.4995861923756412, ""11"": 0.2917672171358241, ""12"": 0.061816012640045534, ""13"": 0.0050724077546888645, ""6"": 0.0006048569642225843, ""7"": 0.001572628106978719, ""8"": 0.008367540534390377, ""9"": 0.13121314448820862}",shadow_trade,confidence_passed,9,0.39391211109366864,True,0.48920204125501754,"{""8"": 0.10693689086344349, ""9"": 0.39391211109366864, ""10"": 0.21632348813038055, ""11"": 0.2501162430832382, ""12"": 0.03271126682926917}",no_trade,tail_allocation_ambiguous,48-49,True,True,False,False
2026-02-02,50.0,10.0,actual_high_f_converted_to_c,49.91730389179825,9.954057717665693,0,3,10,10,10,0.5684951385372942,0.5684951385372942,0.5684951385372942,0.3592381594495087,0.0,False,"{""+1"": 0.18922935418654074, ""+2"": 0.018213083905207424, ""-1"": 0.2092569790877854, ""-2"": 0.009360213608433535, ""0"": 0.5684951385372942, ""<=-3"": 0.0016298414526521034, "">=+3"": 0.0038153892220866084}","{""10"": 0.5684951385372942, ""11"": 0.18922935418654072, ""12"": 0.018213083905207424, ""13"": 0.003815389222086608, ""6"": 0.0004527337368478065, ""7"": 0.0011771077158042968, ""8"": 0.009360213608433535, ""9"": 0.20925697908778537}",shadow_trade,confidence_passed,9,0.2924370541854078,False,0.699324412854152,"{""9"": 0.3184403068794172, ""10"": 0.2924370541854078, ""11"": 0.2997730916905765, ""12"": 0.08602259231166237, ""13"": 0.0033269549329361615}",shadow_trade,confidence_passed,50-51,True,True,True,True
2026-02-03,50.0,10.0,actual_high_f_converted_to_c,49.29357638600813,9.607542436671189,0,3,10,10,10,0.5695293952024013,0.5695293952024013,0.5695293952024013,0.3683158417986922,0.0,False,"{""+1"": 0.20121355340370908, ""+2"": 0.03913456340880432, ""-1"": 0.1733255636795755, ""-2"": 0.009541214993992186, ""0"": 0.5695293952024013, ""<=-3"": 0.0023134111121202432, "">=+3"": 0.004942298199397299}","{""10"": 0.5695293952024013, ""11"": 0.20121355340370906, ""12"": 0.03913456340880432, ""13"": 0.004942298199397299, ""6"": 0.0006426141978111787, ""7"": 0.0016707969143090644, ""8"": 0.009541214993992186, ""9"": 0.1733255636795755}",shadow_trade,confidence_passed,9,0.2372355669807976,False,0.8066523575219464,"{""8"": 0.10778906574170305, ""9"": 0.4037333514165543, ""10"": 0.2372355669807976, ""11"": 0.22221914517025934, ""12"": 0.029022870690685723}",no_trade,tail_allocation_ambiguous,48-49,False,False,True,True
2026-02-04,48.2,9.000000000000002,actual_high_f_converted_to_c,48.61555326263964,9.230862923688688,0,3,9,9,9,0.4246611351427758,0.4246611351427758,0.4246611351427758,0.1637758889445628,0.0,False,"{""+1"": 0.260885246198213, ""+2"": 0.04254205353930279, ""-1"": 0.24636658841894252, ""-2"": 0.01585120466937906, ""0"": 0.4246611351427758, ""<=-3"": 0.004756131963934872, "">=+3"": 0.004937640067451862}","{""10"": 0.26088524619821307, ""11"": 0.0425420535393028, ""12"": 0.004937640067451863, ""5"": 0.001321147767759687, ""6"": 0.0034349841961751858, ""7"": 0.015851204669379063, ""8"": 0.24636658841894254, ""9"": 0.42466113514277587}",no_trade,top_probability_below_threshold,9,0.4173647977620585,True,0.4396801016242802,"{""7"": 0.010881959060648235, ""8"": 0.22099135570864256, ""9"": 0.4173647977620585, ""10"": 0.1581858536895144, ""11"": 0.15831703310762438, ""12"": 0.03425900067151195}",shadow_trade,confidence_passed,48-49,True,True,True,True
2026-02-05,51.8,10.999999999999998,actual_high_f_converted_to_c,52.96937204497826,11.649651136099031,-1,2,12,11,12,0.5204226370095397,0.2211624034234921,0.5204226370095397,0.2977769932611718,0.0,False,"{""+1"": 0.22264564374836796, ""+2"": 0.018994699054727945, ""-1"": 0.22116240342349217, ""-2"": 0.010775828894274309, ""0"": 0.5204226370095397, ""<=-3"": 0.0020235931090974986, "">=+3"": 0.0039751947605004626}","{""10"": 0.010775828894274309, ""11"": 0.22116240342349217, ""12"": 0.5204226370095397, ""13"": 0.22264564374836796, ""14"": 0.018994699054727945, ""15"": 0.0039751947605004626, ""8"": 0.0005621091969715274, ""9"": 0.001461483912125971}",shadow_trade,confidence_passed,12,0.29999774853567845,False,0.7084350787153402,"{""10"": 0.04311993400233079, ""11"": 0.29999774853567845, ""12"": 0.41173832822254375, ""13"": 0.21475756641446056, ""14"": 0.030386422824986443}",shadow_trade,confidence_passed,52-53,True,True,False,False
2026-02-06,57.2,14.000000000000002,actual_high_f_converted_to_c,57.08590986648551,13.93661659249195,0,3,14,14,14,0.4661360406216722,0.4661360406216722,0.4661360406216722,0.2435612112154355,0.0,False,"{""+1"": 0.22257482940623663, ""+2"": 0.05364661718501042, ""-1"": 0.1906273807966662, ""-2"": 0.051141271376123114, ""0"": 0.4661360406216722, ""<=-3"": 0.011850203122443895, "">=+3"": 0.004023657491847494}","{""10"": 0.0032917230895677494, ""11"": 0.008558480032876148, ""12"": 0.05114127137612312, ""13"": 0.19062738079666622, ""14"": 0.46613604062167224, ""15"": 0.22257482940623666, ""16"": 0.053646617185010424, ""17"": 0.004023657491847495}",shadow_trade,confidence_passed,13,0.23512008479370805,False,0.7762693335923829,"{""9"": 0.0031378380184871164, ""10"": 0.0007844595046217791, ""11"": 0.010982433064704908, ""12"": 0.08289430950604093, ""13"": 0.3676559067000415, ""14"": 0.23512008479370805, ""15"": 0.19907361490148331, ""16"": 0.09702191545527154, ""17"": 0.0033294380556408622}",shadow_trade,confidence_passed,56-57,True,True,True,True
2026-02-07,46.4,8.0,actual_high_f_converted_to_c,46.33501016956623,7.963894538647906,0,3,8,8,8,0.6805173971360543,0.6805173971360543,0.6805173971360543,0.5054279205845588,0.0,False,"{""+1"": 0.0954254784434613, ""+2"": 0.027390885157882017, ""-1"": 0.1750894765514955, ""-2"": 0.010986883795562563, ""0"": 0.6805173971360542, ""<=-3"": 0.002941691057590899, "">=+3"": 0.0076481878579534365}","{""10"": 0.02739088515788202, ""11"": 0.007648187857953437, ""4"": 0.000817136404886361, ""5"": 0.0021245546527045383, ""6"": 0.010986883795562565, ""7"": 0.17508947655149554, ""8"": 0.6805173971360543, ""9"": 0.09542547844346132}",shadow_trade,confidence_passed,8,0.6921226185271108,True,0.16568276938134044,"{""8"": 0.6921226185271108, ""9"": 0.2631630762550559, ""10"": 0.040242874696050035, ""11"": 0.004471430521783338}",shadow_trade,confidence_passed,46-47,True,True,True,True
2026-02-08,39.2,4.000000000000002,actual_high_f_converted_to_c,39.18225516404652,3.990141757803624,0,3,4,4,4,0.6240361304194142,0.6240361304194142,0.6240361304194142,0.5125423513499596,0.0,False,"{""+1"": 0.11149377906945457, ""+2"": 0.10496838333883449, ""-1"": 0.10722047077339537, ""-2"": 0.03480331717530205, ""0"": 0.6240361304194142, ""<=-3"": 0.005938411070751661, "">=+3"": 0.011539508152847726}","{""0"": 0.0016495586307643502, ""1"": 0.004288852439987311, ""2"": 0.03480331717530205, ""3"": 0.10722047077339537, ""4"": 0.6240361304194142, ""5"": 0.11149377906945457, ""6"": 0.10496838333883449, ""7"": 0.011539508152847726}",shadow_trade,confidence_passed,4,0.6161782880693939,True,0.2213836346357977,"{""4"": 0.6161782880693939, ""5"": 0.15039581494353516, ""6"": 0.22671704442140794, ""7"": 0.006708852565663039}",no_trade,tail_allocation_ambiguous,40-41,False,True,True,True
2026-02-09,48.2,9.000000000000002,actual_high_f_converted_to_c,46.58777853183503,8.104321406575016,1,4,8,9,8,0.3808387094009854,0.3739406544083459,0.3808387094009854,0.0068980549926394,0.0,False,"{""+1"": 0.3739406544083459, ""+2"": 0.08203974323965343, ""-1"": 0.15234661906183977, ""-2"": 0.0051606535150378035, ""0"": 0.38083870940098535, ""<=-3"": 0.0018177193327126855, "">=+3"": 0.0038559010414250115}","{""10"": 0.08203974323965345, ""11"": 0.003855901041425012, ""4"": 0.0005049220368646349, ""5"": 0.0013127972958480508, ""6"": 0.005160653515037804, ""7"": 0.1523466190618398, ""8"": 0.3808387094009854, ""9"": 0.37394065440834595}",no_trade,top_probability_below_threshold,8,0.31408405100609693,False,0.6598671735180869,"{""6"": 0.008008437775018609, ""7"": 0.14230026306471688, ""8"": 0.39658700259970214, ""9"": 0.31408405100609693, ""10"": 0.10213235079715961, ""11"": 0.036887894757305854}",no_trade,top_probability_below_threshold,46-47,False,False,False,False
2026-02-10,51.8,10.999999999999998,actual_high_f_converted_to_c,54.13968020679684,12.299822337109354,-1,2,12,11,12,0.3534650738827852,0.107574092911023,0.3534650738827852,0.1834323858429791,0.0,False,"{""+1"": 0.16091406415134651, ""+2"": 0.17003268803980612, ""-1"": 0.10757409291102303, ""-2"": 0.1498678233035191, ""0"": 0.3534650738827852, ""<=-3"": 0.05381428183452373, "">=+3"": 0.0043319758769962005}","{""10"": 0.14986782330351914, ""11"": 0.10757409291102304, ""12"": 0.35346507388278525, ""13"": 0.16091406415134654, ""14"": 0.17003268803980615, ""15"": 0.004331975876996201, ""8"": 0.01494841162070104, ""9"": 0.0388658702138227}",no_trade,top_probability_below_threshold,13,0.1578841876888956,False,0.9089225512702348,"{""7"": 0.0021454344818139077, ""8"": 0.00858173792725563, ""9"": 0.03003608274539471, ""10"": 0.03647238619083643, ""11"": 0.1578841876888956, ""12"": 0.23585747681900038, ""13"": 0.3067261769061531, ""14"": 0.21846855453443115, ""15"": 0.0038279627062191702}",no_trade,top_probability_below_threshold,56-57,False,False,False,False
2026-02-11,55.4,13.0,actual_high_f_converted_to_c,56.09696320148314,13.387201778601744,0,3,13,13,13,0.7297613977628481,0.7297613977628481,0.7297613977628481,0.6196203547075854,0.0,False,"{""+1"": 0.0860038494253764, ""+2"": 0.04252116185322217, ""-1"": 0.1101410430552627, ""-2"": 0.017921142318936375, ""0"": 0.7297613977628481, ""<=-3"": 0.010089079204545048, "">=+3"": 0.0035623263798092186}","{""10"": 0.007286557203282535, ""11"": 0.017921142318936375, ""12"": 0.1101410430552627, ""13"": 0.7297613977628481, ""14"": 0.0860038494253764, ""15"": 0.04252116185322217, ""16"": 0.0035623263798092186, ""9"": 0.0028025220012625135}",shadow_trade,confidence_passed,13,0.5869297377804048,True,0.259978724477458,"{""13"": 0.5869297377804048, ""14"": 0.2790760586482077, ""15"": 0.10228883694642087, ""16"": 0.0317053666249666}",shadow_trade,confidence_passed,56-57,False,False,True,True
2026-02-12,50.0,10.0,actual_high_f_converted_to_c,50.843214690783405,10.468452605990782,0,3,10,10,10,0.5867264427692219,0.5867264427692219,0.5867264427692219,0.3957796337081552,0.0,False,"{""+1"": 0.19094680906106667, ""+2"": 0.025755881626285664, ""-1"": 0.1836651162596581, ""-2"": 0.006717320970123675, ""0"": 0.5867264427692218, ""<=-3"": 0.0019719976491444635, "">=+3"": 0.0042164316644995575}","{""10"": 0.5867264427692219, ""11"": 0.1909468090610667, ""12"": 0.025755881626285667, ""13"": 0.004216431664499558, ""6"": 0.0005477771247623511, ""7"": 0.0014242205243821127, ""8"": 0.0067173209701236756, ""9"": 0.18366511625965812}",shadow_trade,confidence_passed,11,0.20513584267302346,False,0.8768906964049086,"{""9"": 0.1534588119432498, ""10"": 0.20513584267302346, ""11"": 0.43684796832647615, ""12"": 0.1721859598010375, ""13"": 0.032371417256213085}",shadow_trade,confidence_passed,50-51,True,True,True,True
2026-02-13,50.0,10.0,actual_high_f_converted_to_c,49.74344136287793,9.857467423821072,0,3,10,10,10,0.4510442424729704,0.4510442424729704,0.4510442424729704,0.1935973946571731,0.0,False,"{""+1"": 0.22814479804776924, ""+2"": 0.03922790167536049, ""-1"": 0.2574468478157973, ""-2"": 0.01398284350337275, ""0"": 0.4510442424729704, ""<=-3"": 0.0040147719049833394, "">=+3"": 0.006138594579746475}","{""10"": 0.4510442424729704, ""11"": 0.22814479804776924, ""12"": 0.03922790167536049, ""13"": 0.006138594579746475, ""6"": 0.0011152144180509276, ""7"": 0.0028995574869324116, ""8"": 0.01398284350337275, ""9"": 0.2574468478157973}",shadow_trade,confidence_passed,9,0.20754505005887053,False,0.8328395129589324,"{""8"": 0.07654267766694539, ""9"": 0.32562318152094394, ""10"": 0.20754505005887053, ""11"": 0.28875436332610915, ""12"": 0.09784015122274758, ""13"": 0.0036945762043834205}",no_trade,top_probability_below_threshold,50-51,True,True,True,True
2026-02-14,57.2,14.000000000000002,actual_high_f_converted_to_c,56.23482977745604,13.463794320808912,1,4,13,14,13,0.4378318928048519,0.3417101345033176,0.4378318928048519,0.0961217583015343,0.0,False,"{""+1"": 0.3417101345033176, ""+2"": 0.06549944665741547, ""-1"": 0.1409643507974768, ""-2"": 0.00790090380833397, ""0"": 0.4378318928048519, ""<=-3"": 0.00228158489367758, "">=+3"": 0.0038116865349265582}","{""10"": 0.0016478113121004747, ""11"": 0.007900903808333972, ""12"": 0.14096435079747682, ""13"": 0.43783189280485196, ""14"": 0.34171013450331766, ""15"": 0.06549944665741549, ""16"": 0.0038116865349265587, ""9"": 0.0006337735815771057}",no_trade,top_two_margin_below_threshold,13,0.37800844209334117,False,0.5611177558112034,"{""11"": 0.005087314271576469, ""12"": 0.08523048048804291, ""13"": 0.39271230934993184, ""14"": 0.37800844209334117, ""15"": 0.10869833389892421, ""16"": 0.030263119898183456}",no_trade,top_probability_below_threshold,56-57,True,True,False,False
2026-02-15,62.6,17.0,actual_high_f_converted_to_c,61.83967151310708,16.577595285059488,0,3,17,17,17,0.3963631895004502,0.3963631895004502,0.3963631895004502,0.130132554263146,0.0,False,"{""+1"": 0.26006073904991345, ""+2"": 0.04046738387950613, ""-1"": 0.26623063523730417, ""-2"": 0.028637999074032975, ""0"": 0.39636318950045024, ""<=-3"": 0.004594092904185776, "">=+3"": 0.003645960354607292}","{""13"": 0.0012761369178293821, ""14"": 0.0033179559863563937, ""15"": 0.028637999074032975, ""16"": 0.26623063523730417, ""17"": 0.39636318950045024, ""18"": 0.26006073904991345, ""19"": 0.04046738387950613, ""20"": 0.003645960354607292}",no_trade,top_probability_below_threshold,17,0.3257831682516349,True,0.6103723662074528,"{""13"": 0.006168612218763033, ""14"": 0.0185058366562891, ""15"": 0.07971696305584274, ""16"": 0.3060502485086205, ""17"": 0.3257831682516349, ""18"": 0.23340924077552055, ""19"": 0.030365930533329206}",no_trade,tail_allocation_ambiguous,62-63,True,True,True,True
2026-02-16,55.4,13.0,actual_high_f_converted_to_c,56.433056922936245,13.573920512742358,-1,2,14,13,14,0.522286001602428,0.2258574704582401,0.522286001602428,0.2964285311441879,0.0,False,"{""+1"": 0.2035285586404741, ""+2"": 0.03179937147254298, ""-1"": 0.22585747045824014, ""-2"": 0.006707398905151266, ""0"": 0.522286001602428, ""<=-3"": 0.0018964159348826574, "">=+3"": 0.007924782986280902}","{""10"": 0.0005267822041340716, ""11"": 0.0013696337307485859, ""12"": 0.006707398905151266, ""13"": 0.22585747045824014, ""14"": 0.522286001602428, ""15"": 0.2035285586404741, ""16"": 0.03179937147254298, ""17"": 0.007924782986280902}",shadow_trade,confidence_passed,13,0.41823148250221737,True,0.5180139962661597,"{""13"": 0.41823148250221737, ""14"": 0.405330975262068, ""15"": 0.09886570329651406, ""16"": 0.07402131659503096, ""17"": 0.0035505223441696138}",shadow_trade,confidence_passed,56-57,False,False,False,False
2026-02-17,48.2,9.000000000000002,actual_high_f_converted_to_c,47.70584458583913,8.725469214355073,0,3,9,9,9,0.5602834650142294,0.5602834650142294,0.5602834650142294,0.3462630598583401,0.0,False,"{""+1"": 0.21402040515588922, ""+2"": 0.035297599422506765, ""-1"": 0.17509115772924316, ""-2"": 0.007349459214155529, ""0"": 0.5602834650142293, ""<=-3"": 0.002616429737067993, "">=+3"": 0.005341483726907819}","{""10"": 0.21402040515588927, ""11"": 0.03529759942250677, ""12"": 0.00534148372690782, ""5"": 0.0007267860380744427, ""6"": 0.0018896436989935509, ""7"": 0.007349459214155531, ""8"": 0.1750911577292432, ""9"": 0.5602834650142294}",shadow_trade,confidence_passed,9,0.41591557020728664,True,0.4691190912227765,"{""7"": 0.0550653900240903, ""8"": 0.32294937770049337, ""9"": 0.41591557020728664, ""10"": 0.10923875898943813, ""11"": 0.09321921254099774, ""12"": 0.0036116905376937705}",no_trade,top_two_margin_below_threshold,48-49,True,True,True,True
2026-02-18,51.8,10.999999999999998,actual_high_f_converted_to_c,51.86553103129705,11.036406128498363,0,3,11,11,11,0.5191687028136928,0.5191687028136928,0.5191687028136928,0.3051714118102483,0.0,False,"{""+1"": 0.2139972910034444, ""+2"": 0.029275998922049497, ""-1"": 0.21233454331498644, ""-2"": 0.01704628420131659, ""0"": 0.5191687028136927, ""<=-3"": 0.0036046020353154313, "">=+3"": 0.004572577709194916}","{""10"": 0.21233454331498647, ""11"": 0.5191687028136928, ""12"": 0.21399729100344442, ""13"": 0.0292759989220495, ""14"": 0.004572577709194917, ""7"": 0.0010012783431431755, ""8"": 0.0026033236921722564, ""9"": 0.017046284201316594}",shadow_trade,confidence_passed,11,0.43878204286587563,True,0.41459822549510617,"{""9"": 0.08231385480184081, ""10"": 0.11798895839152748, ""11"": 0.43878204286587563, ""12"": 0.2654644740214198, ""13"": 0.09193428727227132, ""14"": 0.0035163826470649214}",no_trade,top_probability_below_threshold,52-53,True,True,True,True
2026-02-19,50.0,10.0,actual_high_f_converted_to_c,50.905131925440855,10.502851069689363,-1,2,11,10,11,0.5300221389619602,0.221257857856796,0.5300221389619602,0.3087642811051641,0.0,False,"{""+1"": 0.20898020405409742, ""+2"": 0.025922601870113828, ""-1"": 0.22125785785679608, ""-2"": 0.00861807980777152, ""0"": 0.5300221389619602, ""<=-3"": 0.002083139779264442, "">=+3"": 0.0031159776699965793}","{""10"": 0.22125785785679608, ""11"": 0.5300221389619602, ""12"": 0.20898020405409742, ""13"": 0.025922601870113828, ""14"": 0.0031159776699965793, ""7"": 0.0005786499386845672, ""8"": 0.0015044898405798747, ""9"": 0.00861807980777152}",shadow_trade,confidence_passed,11,0.1922509481344526,False,0.9001122136387629,"{""9"": 0.14017041160947796, ""10"": 0.1922509481344526, ""11"": 0.4280697564273972, ""12"": 0.20942040389005515, ""13"": 0.030088479938617095}",shadow_trade,confidence_passed,50-51,True,True,False,False
2026-02-20,50.0,10.0,actual_high_f_converted_to_c,49.01825764099313,9.454587578329516,1,4,9,10,9,0.4174648974482934,0.2737822478066729,0.4174648974482934,0.1436826496416204,0.0,False,"{""+1"": 0.27378224780667293, ""+2"": 0.06408464592385177, ""-1"": 0.19572348815548657, ""-2"": 0.0364360473656592, ""0"": 0.4174648974482934, ""<=-3"": 0.007090357434679447, "">=+3"": 0.005418315865356645}","{""10"": 0.27378224780667293, ""11"": 0.06408464592385177, ""12"": 0.005418315865356645, ""5"": 0.001969543731855402, ""6"": 0.005120813702824045, ""7"": 0.0364360473656592, ""8"": 0.19572348815548657, ""9"": 0.4174648974482934}",no_trade,top_probability_below_threshold,9,0.18553957184923742,False,0.8863637381679594,"{""7"": 0.007883009241843679, ""8"": 0.1431720542919231, ""9"": 0.3539975466489978, ""10"": 0.18553957184923742, ""11"": 0.27569297509369206, ""12"": 0.03371484287430593}",no_trade,tail_allocation_ambiguous,48-49,False,False,False,False
2026-02-21,55.4,13.0,actual_high_f_converted_to_c,55.61602863580896,13.120015908782754,0,3,13,13,13,0.387654388215791,0.387654388215791,0.387654388215791,0.0902697998703068,0.0,False,"{""+1"": 0.29738458834548415, ""+2"": 0.03638961059624105, ""-1"": 0.2617509639942814, ""-2"": 0.009593716442421792, ""0"": 0.38765438821579107, ""<=-3"": 0.00376164502897802, "">=+3"": 0.003465087376802477}","{""10"": 0.002716743632039681, ""11"": 0.009593716442421792, ""12"": 0.2617509639942814, ""13"": 0.387654388215791, ""14"": 0.29738458834548415, ""15"": 0.03638961059624105, ""16"": 0.0034650873768024767, ""9"": 0.001044901396938339}",no_trade,top_probability_below_threshold,13,0.43283115472238765,True,0.4342998683778944,"{""11"": 0.011495422196817904, ""12"": 0.20622770055207998, ""13"": 0.43283115472238765, ""14"": 0.25492568589535075, ""15"": 0.06312249173780303, ""16"": 0.031397544895560736}",no_trade,top_probability_below_threshold,56-57,False,False,True,True
2026-02-22,64.4,18.000000000000004,actual_high_f_converted_to_c,61.81704092300707,16.56502273500393,1,4,17,18,17,0.401877361764795,0.2869103438641051,0.401877361764795,0.1149670179006898,0.0,False,"{""+1"": 0.2869103438641051, ""+2"": 0.0748610430386959, ""-1"": 0.17191073660375675, ""-2"": 0.04608790488722136, ""0"": 0.40187736176479494, ""<=-3"": 0.015076911900437582, "">=+3"": 0.003275697940988291}","{""13"": 0.0041880310834548845, ""14"": 0.010888880816982699, ""15"": 0.046087904887221365, ""16"": 0.17191073660375678, ""17"": 0.401877361764795, ""18"": 0.28691034386410513, ""19"": 0.07486104303869591, ""20"": 0.0032756979409882914}",no_trade,top_probability_below_threshold,16,0.27983927622906124,False,0.6868393599149061,"{""12"": 0.004642337371699003, ""13"": 0.009284674743398006, ""14"": 0.02785402423019402, ""15"": 0.08452032658115483, ""16"": 0.3157304720391446, ""17"": 0.24350828752410736, ""18"": 0.27983927622906124, ""19"": 0.0346206012812409}",no_trade,tail_allocation_ambiguous,60-61,False,False,False,False
2026-02-23,69.8,21.0,actual_high_f_converted_to_c,70.54178929577333,21.412105164318515,0,3,21,21,21,0.5937767155862869,0.5937767155862869,0.5937767155862869,0.3728960133958088,0.0,False,"{""+1"": 0.22088070219047806, ""+2"": 0.014768826284014698, ""-1"": 0.1664840388816904, ""-2"": 0.0013104899481116707, ""0"": 0.5937767155862868, ""<=-3"": 0.0007804503075611318, "">=+3"": 0.0019987768018572116}","{""17"": 0.0002167917521003144, ""18"": 0.0005636585554608174, ""19"": 0.001310489948111671, ""20"": 0.16648403888169042, ""21"": 0.5937767155862869, ""22"": 0.2208807021904781, ""23"": 0.0147688262840147, ""24"": 0.001998776801857212}",shadow_trade,confidence_passed,22,0.2740152312331026,False,0.8342503341902532,"{""21"": 0.2740152312331026, ""22"": 0.5251234619769201, ""23"": 0.17549451656300416, ""24"": 0.02536679022697314}",shadow_trade,confidence_passed,70-71,True,True,True,True
2026-02-24,60.8,16.0,actual_high_f_converted_to_c,60.24529453815136,15.691830298972976,0,3,16,16,16,0.4471418273354416,0.4471418273354416,0.4471418273354416,0.2067231229678205,0.0,False,"{""+1"": 0.24041870436762114, ""+2"": 0.05940012414983293, ""-1"": 0.2233814632154438, ""-2"": 0.019078803722584626, ""0"": 0.4471418273354416, ""<=-3"": 0.00502550240633348, "">=+3"": 0.0055535748027422905}","{""12"": 0.0013959728906481892, ""13"": 0.0036295295156852916, ""14"": 0.01907880372258463, ""15"": 0.22338146321544383, ""16"": 0.44714182733544167, ""17"": 0.24041870436762117, ""18"": 0.059400124149832936, ""19"": 0.005553574802742291}",shadow_trade,confidence_passed,16,0.39217965274157485,True,0.4877581744307107,"{""14"": 0.1540105628305301, ""15"": 0.16109563147132405, ""16"": 0.39217965274157485, ""17"": 0.2599369080424664, ""18"": 0.03277724491410465}",no_trade,top_probability_below_threshold,60-61,True,True,True,True
2026-02-25,53.6,12.0,actual_high_f_converted_to_c,53.88519738834116,12.158442993522868,0,3,12,12,12,0.6090207032135626,0.6090207032135626,0.6090207032135626,0.3839530458350101,0.0,False,"{""+1"": 0.12615645072280163, ""+2"": 0.012502827026544637, ""-1"": 0.22506765737855253, ""-2"": 0.01697078206477154, ""0"": 0.6090207032135626, ""<=-3"": 0.004359205820086419, "">=+3"": 0.0059223737736806194}","{""10"": 0.01697078206477154, ""11"": 0.22506765737855253, ""12"": 0.6090207032135626, ""13"": 0.12615645072280163, ""14"": 0.012502827026544637, ""15"": 0.0059223737736806194, ""8"": 0.0012108905055795607, ""9"": 0.0031483153145068577}",shadow_trade,confidence_passed,12,0.478091251116195,True,0.43386459110774866,"{""12"": 0.478091251116195, ""13"": 0.37714979247146097, ""14"": 0.13854708831198018, ""15"": 0.006211868100363927}",shadow_trade,confidence_passed,54-55,True,True,True,True
2026-02-26,53.6,12.0,actual_high_f_converted_to_c,53.366650312294965,11.870361284608316,0,3,12,12,12,0.3391987837450251,0.3391987837450251,0.3391987837450251,0.060531675361324,0.0,False,"{""+1"": 0.27866710838370107, ""+2"": 0.058168776619729606, ""-1"": 0.2764646953450796, ""-2"": 0.03511623994893766, ""0"": 0.33919878374502516, ""<=-3"": 0.00581440552933854, "">=+3"": 0.006569990428188494}","{""10"": 0.03511623994893765, ""11"": 0.27646469534507956, ""12"": 0.3391987837450251, ""13"": 0.278667108383701, ""14"": 0.05816877661972959, ""15"": 0.006569990428188492, ""8"": 0.001615112647038483, ""9"": 0.004199292882300055}",no_trade,top_probability_below_threshold,12,0.4181675613733984,True,0.45978309954945207,"{""10"": 0.06979756680452663, ""11"": 0.24295086645313665, ""12"": 0.4181675613733984, ""13"": 0.23738700279729985, ""14"": 0.03169700257163849}",no_trade,top_probability_below_threshold,52-53,False,False,True,True
2026-02-27,57.2,14.000000000000002,actual_high_f_converted_to_c,58.11568621651914,14.508714564732852,-1,2,15,14,15,0.4867239979881258,0.1780326359542781,0.4867239979881258,0.2156927321297425,0.0,False,"{""+1"": 0.27103126585838333, ""+2"": 0.03785321212594914, ""-1"": 0.17803263595427812, ""-2"": 0.018069689162801612, ""0"": 0.48672399798812593, ""<=-3"": 0.003620305099162005, "">=+3"": 0.0046688938113000275}","{""11"": 0.001005640305322779, ""12"": 0.002614664793839225, ""13"": 0.01806968916280161, ""14"": 0.1780326359542781, ""15"": 0.4867239979881258, ""16"": 0.2710312658583833, ""17"": 0.03785321212594913, ""18"": 0.004668893811300027}",shadow_trade,confidence_passed,14,0.41510629948331235,True,0.4484986231794872,"{""13"": 0.15939027405693773, ""14"": 0.41510629948331235, ""15"": 0.1651127668276557, ""16"": 0.22976653356023816, ""17"": 0.03062412607185611}",no_trade,top_probability_below_threshold,58-59,False,False,False,False
2026-02-28,69.8,21.0,actual_high_f_converted_to_c,67.98334821413954,19.9907490078553,1,4,20,21,20,0.3863556899896205,0.276115153946591,0.3863556899896205,0.1102405360430295,0.0,False,"{""+1"": 0.276115153946591, ""+2"": 0.04964247172927223, ""-1"": 0.16399789083421426, ""-2"": 0.09838808050636116, ""0"": 0.3863556899896205, ""<=-3"": 0.02312240815114897, "">=+3"": 0.002378304842791949}","{""16"": 0.006422891153096936, ""17"": 0.016699516998052034, ""18"": 0.09838808050636116, ""19"": 0.16399789083421426, ""20"": 0.3863556899896205, ""21"": 0.276115153946591, ""22"": 0.04964247172927223, ""23"": 0.002378304842791949}",no_trade,top_probability_below_threshold,21,0.278795271644253,True,0.6379778868169026,"{""15"": 0.00214212126476058, ""16"": 0.00856848505904232, ""17"": 0.029989697706648125, ""18"": 0.14109028286559708, ""19"": 0.20402976376942528, ""20"": 0.1699432870706927, ""21"": 0.278795271644253, ""22"": 0.16260648446671577, ""23"": 0.002834606152865224}",no_trade,tail_allocation_ambiguous,70-71,True,False,False,False
2026-03-01,60.8,16.0,actual_high_f_converted_to_c,60.11931082401519,15.621839346675106,0,3,16,16,16,0.5156730569596103,0.5156730569596103,0.5156730569596103,0.282737799408944,0.0,False,"{""+1"": 0.21235161440501127, ""+2"": 0.020907096836732097, ""-1"": 0.2329352575506662, ""-2"": 0.011647845210944868, ""0"": 0.5156730569596103, ""<=-3"": 0.0028617885272291814, "">=+3"": 0.003623340509806046}","{""12"": 0.0007949412575636616, ""13"": 0.00206684726966552, ""14"": 0.011647845210944868, ""15"": 0.2329352575506662, ""16"": 0.5156730569596103, ""17"": 0.21235161440501127, ""18"": 0.020907096836732097, ""19"": 0.003623340509806046}",shadow_trade,confidence_passed,16,0.42206607039366784,True,0.43905059394593876,"{""14"": 0.14719235960313665, ""15"": 0.21056977414783035, ""16"": 0.42206607039366784, ""17"": 0.19610896634664268, ""18"": 0.024062829508722485}",shadow_trade,confidence_passed,60-61,True,True,True,True
2026-03-02,55.4,13.0,actual_high_f_converted_to_c,56.09977585397267,13.388764363318153,0,3,13,13,13,0.652306983227895,0.652306983227895,0.652306983227895,0.4984962811696512,0.0,False,"{""+1"": 0.15381070205824382, ""+2"": 0.030967729505723404, ""-1"": 0.14126311612584164, ""-2"": 0.012639825003873287, ""0"": 0.652306983227895, ""<=-3"": 0.003846517603730338, "">=+3"": 0.005165126474692463}","{""10"": 0.002778040491583022, ""11"": 0.012639825003873286, ""12"": 0.14126311612584164, ""13"": 0.652306983227895, ""14"": 0.15381070205824382, ""15"": 0.0309677295057234, ""16"": 0.005165126474692463, ""9"": 0.0010684771121473161}",shadow_trade,confidence_passed,13,0.5292031397888974,True,0.35861166860231863,"{""13"": 0.5292031397888974, ""14"": 0.3603949291515388, ""15"": 0.07737287195100766, ""16"": 0.03302905910855616}",shadow_trade,confidence_passed,56-57,False,False,True,True
2026-03-03,53.6,12.0,actual_high_f_converted_to_c,53.6491406405152,12.027300355841778,0,3,12,12,12,0.7126567565435631,0.7126567565435631,0.7126567565435631,0.5442434775735379,0.0,False,"{""+1"": 0.09277839253868109, ""+2"": 0.014744076609937776, ""-1"": 0.1684132789700252, ""-2"": 0.0036271972335809558, ""0"": 0.712656756543563, ""<=-3"": 0.0032766640221246735, "">=+3"": 0.004503634082087178}","{""10"": 0.003627197233580956, ""11"": 0.16841327897002523, ""12"": 0.7126567565435631, ""13"": 0.0927783925386811, ""14"": 0.014744076609937777, ""15"": 0.0045036340820871785, ""8"": 0.0009101844505901872, ""9"": 0.0023664795715344867}",shadow_trade,confidence_passed,12,0.5275812588483608,True,0.3562832501140135,"{""12"": 0.5275812588483608, ""13"": 0.3433955612906738, ""14"": 0.12307685752937472, ""15"": 0.005946322331590643}",shadow_trade,confidence_passed,54-55,True,True,True,True
2026-03-04,60.8,16.0,actual_high_f_converted_to_c,58.212536006625626,14.562520003680902,1,4,15,16,15,0.3993551167249874,0.3923030972510258,0.3993551167249874,0.0070520194739616,0.0,False,"{""+1"": 0.39230309725102586, ""+2"": 0.1014860349693285, ""-1"": 0.09117548928230787, ""-2"": 0.009917760625403279, ""0"": 0.39935511672498747, ""<=-3"": 0.0022385228489248937, "">=+3"": 0.0035239782980221127}","{""11"": 0.0006218119024791371, ""12"": 0.0016167109464457566, ""13"": 0.009917760625403279, ""14"": 0.09117548928230787, ""15"": 0.39935511672498747, ""16"": 0.39230309725102586, ""17"": 0.1014860349693285, ""18"": 0.0035239782980221127}",no_trade,top_probability_below_threshold,14,0.30300058306948063,False,0.6575882289830522,"{""12"": 0.0076494777321718666, ""13"": 0.10893925573163427, ""14"": 0.3365538514043155, ""15"": 0.21372218941969892, ""16"": 0.30300058306948063, ""17"": 0.030134642642698772}",shadow_trade,confidence_passed,58-59,False,False,False,False
2026-03-05,60.8,16.0,actual_high_f_converted_to_c,59.565618090742895,15.314232272634944,1,4,15,16,15,0.4915623604123739,0.2595654499133874,0.4915623604123739,0.2319969104989864,0.0,False,"{""+1"": 0.25956544991338737, ""+2"": 0.025505999817051005, ""-1"": 0.21694392784386152, ""-2"": 0.0021790341991289037, ""0"": 0.49156236041237383, ""<=-3"": 0.0017649256003389176, "">=+3"": 0.0024783022138583724}","{""11"": 0.000490257111205255, ""12"": 0.001274668489133663, ""13"": 0.002179034199128904, ""14"": 0.21694392784386154, ""15"": 0.4915623604123739, ""16"": 0.2595654499133874, ""17"": 0.025505999817051008, ""18"": 0.002478302213858373}",shadow_trade,confidence_passed,16,0.39748123272695646,True,0.47731933311589747,"{""14"": 0.16819316486865807, ""15"": 0.23723222520946297, ""16"": 0.39748123272695646, ""17"": 0.17030844424157335, ""18"": 0.026784932953349206}",no_trade,top_probability_below_threshold,60-61,True,True,False,False
2026-03-06,55.4,13.0,actual_high_f_converted_to_c,57.00667353864935,13.892596410360747,-1,2,14,13,14,0.4782824042871695,0.1471155268457469,0.4782824042871695,0.2270335249714971,0.0,False,"{""+1"": 0.2512488793156723, ""+2"": 0.07308714258327996, ""-1"": 0.14711552684574689, ""-2"": 0.038881704672509725, ""0"": 0.4782824042871694, ""<=-3"": 0.00740670103575258, "">=+3"": 0.003977641259869021}","{""10"": 0.002057416954375717, ""11"": 0.005349284081376865, ""12"": 0.03888170467250973, ""13"": 0.1471155268457469, ""14"": 0.4782824042871695, ""15"": 0.25124887931567236, ""16"": 0.07308714258327997, ""17"": 0.003977641259869022}",shadow_trade,confidence_passed,13,0.31313971253851003,True,0.6149383235333303,"{""10"": 0.0006915458508169421, ""11"": 0.009681641911437189, ""12"": 0.075092024639197, ""13"": 0.31313971253851003, ""14"": 0.3064413860904519, ""15"": 0.1680601511421429, ""16"": 0.12355800733604651, ""17"": 0.0033355304913975647}",no_trade,top_probability_below_threshold,56-57,False,False,False,False
2026-03-07,60.8,16.0,actual_high_f_converted_to_c,61.994304255094086,16.66350236394116,-1,2,17,16,17,0.5798958052041618,0.2136893894770836,0.5798958052041618,0.3662064157270782,0.0,False,"{""+1"": 0.18191682095172598, ""+2"": 0.014932223242685087, ""-1"": 0.2136893894770836, ""-2"": 0.005400845104186482, ""0"": 0.5798958052041618, ""<=-3"": 0.0010620110768303492, "">=+3"": 0.003102904943326674}","{""13"": 0.00029500307689731925, ""14"": 0.00076700799993303, ""15"": 0.005400845104186482, ""16"": 0.2136893894770836, ""17"": 0.5798958052041618, ""18"": 0.18191682095172598, ""19"": 0.014932223242685087, ""20"": 0.003102904943326674}",shadow_trade,confidence_passed,17,0.22070438671802756,False,0.9363193735703756,"{""16"": 0.22070438671802756, ""17"": 0.5280970304525678, ""18"": 0.22198622805364504, ""19"": 0.02921235477575955}",shadow_trade,confidence_passed,62-63,False,False,False,False
2026-03-08,51.8,10.999999999999998,actual_high_f_converted_to_c,53.14992707799731,11.749959487776286,-1,2,12,11,12,0.6038932529222758,0.1362693148552081,0.6038932529222758,0.3834359847760622,0.0,False,"{""+1"": 0.22045726814621358, ""+2"": 0.031042024334007875, ""-1"": 0.1362693148552081, ""-2"": 0.004128521580091471, ""0"": 0.6038932529222758, ""<=-3"": 0.000976960630502899, "">=+3"": 0.0032326575317002905}","{""10"": 0.004128521580091471, ""11"": 0.1362693148552081, ""12"": 0.6038932529222758, ""13"": 0.22045726814621358, ""14"": 0.031042024334007875, ""15"": 0.0032326575317002905, ""8"": 0.000271377952917472, ""9"": 0.0007055826775854271}",shadow_trade,confidence_passed,12,0.1852195229330984,False,1.0191290175002805,"{""11"": 0.1852195229330984, ""12"": 0.5434227260844154, ""13"": 0.24323355450791492, ""14"": 0.0281241964745712}",no_trade,top_two_margin_below_threshold,52-53,True,True,False,False
2026-03-09,53.6,12.0,actual_high_f_converted_to_c,51.9593617499173,11.08853430550961,1,4,11,12,11,0.4893057788797496,0.2005484781463233,0.4893057788797496,0.2284405236709057,0.0,False,"{""+1"": 0.20054847814632332, ""+2"": 0.02412189802352828, ""-1"": 0.26086525520884385, ""-2"": 0.01691545659069782, ""0"": 0.48930577887974963, ""<=-3"": 0.0043003568503792175, "">=+3"": 0.003942776300477887}","{""10"": 0.26086525520884385, ""11"": 0.48930577887974963, ""12"": 0.20054847814632332, ""13"": 0.02412189802352828, ""14"": 0.003942776300477887, ""7"": 0.0011945435695497827, ""8"": 0.003105813280829435, ""9"": 0.01691545659069782}",shadow_trade,confidence_passed,11,0.3011373894474976,False,0.6873314017578275,"{""9"": 0.06797314869606558, ""10"": 0.12150626810195175, ""11"": 0.4134194802109163, ""12"": 0.3011373894474976, ""13"": 0.09280454868920379, ""14"": 0.003159164854364906}",no_trade,top_probability_below_threshold,52-53,False,False,False,False
2026-03-10,48.2,9.000000000000002,actual_high_f_converted_to_c,49.26255887278529,9.590310484880716,-1,2,10,9,10,0.5377788437475377,0.0866463436992941,0.5377788437475377,0.3266363834285462,0.0,False,"{""+1"": 0.21114246031899148, ""+2"": 0.11713941239831616, ""-1"": 0.08664634369929414, ""-2"": 0.028752403712388408, ""0"": 0.5377788437475377, ""<=-3"": 0.01111858272264077, "">=+3"": 0.007421953400831356}","{""10"": 0.5377788437475377, ""11"": 0.21114246031899148, ""12"": 0.11713941239831616, ""13"": 0.007421953400831356, ""6"": 0.0030884952007335475, ""7"": 0.008030087521907222, ""8"": 0.028752403712388408, ""9"": 0.08664634369929414}",shadow_trade,confidence_passed,9,0.40690684600340477,True,0.5086353742718926,"{""9"": 0.40690684600340477, ""10"": 0.23656938991864623, ""11"": 0.3149297486566045, ""12"": 0.04159401542134447}",no_trade,tail_allocation_ambiguous,50-51,False,True,False,False
2026-03-11,50.0,10.0,actual_high_f_converted_to_c,48.61642017163337,9.231344539796318,1,4,9,10,9,0.4318537021451483,0.2608767015346502,0.4318537021451483,0.170977000610498,0.0,False,"{""+1"": 0.26087670153465026, ""+2"": 0.05126542266297663, ""-1"": 0.2360694575848442, ""-2"": 0.009614467410504094, ""0"": 0.4318537021451483, ""<=-3"": 0.004445316812543565, "">=+3"": 0.005874931849332979}","{""10"": 0.26087670153465026, ""11"": 0.05126542266297663, ""12"": 0.005874931849332979, ""5"": 0.001234810225706546, ""6"": 0.003210506586837019, ""7"": 0.009614467410504094, ""8"": 0.2360694575848442, ""9"": 0.4318537021451483}",no_trade,top_two_margin_below_threshold,9,0.1420351090679638,False,0.9913491810515315,"{""7"": 0.009179560400640845, ""8"": 0.19627994015851355, ""9"": 0.42187871754432854, ""10"": 0.1420351090679638, ""11"": 0.1929643644657466, ""12"": 0.03766230836280675}",shadow_trade,confidence_passed,48-49,False,False,False,False
2026-03-12,53.6,12.0,actual_high_f_converted_to_c,52.289648969824256,11.27202720545792,1,4,11,12,11,0.4366452438136905,0.2964142898109456,0.4366452438136905,0.1402309540027449,0.0,False,"{""+1"": 0.2964142898109456, ""+2"": 0.06808926187605951, ""-1"": 0.17238779197567455, ""-2"": 0.017190142124947072, ""0"": 0.4366452438136906, ""<=-3"": 0.004496396682192262, "">=+3"": 0.004776873716490503}","{""10"": 0.17238779197567455, ""11"": 0.4366452438136905, ""12"": 0.2964142898109456, ""13"": 0.06808926187605951, ""14"": 0.004776873716490503, ""7"": 0.0012489990783867394, ""8"": 0.003247397603805522, ""9"": 0.017190142124947072}",no_trade,top_two_margin_below_threshold,11,0.3500260853474089,False,0.5930237769372073,"{""9"": 0.06198268684608857, ""10"": 0.07955384395272262, ""11"": 0.3805007259354891, ""12"": 0.3500260853474089, ""13"": 0.12488763211912077, ""14"": 0.0030490257991699628}",shadow_trade,confidence_passed,52-53,False,False,False,False
2026-03-13,48.2,9.000000000000002,actual_high_f_converted_to_c,47.78452757222277,8.769181984568206,0,3,9,9,9,0.4246830801697231,0.4246830801697231,0.4246830801697231,0.1405308672504912,0.0,False,"{""+1"": 0.24899761592136235, ""+2"": 0.025623300595550205, ""-1"": 0.28415221291923193, ""-2"": 0.007813112587658154, ""0"": 0.4246830801697231, ""<=-3"": 0.002821239384102503, "">=+3"": 0.005909438422371804}","{""10"": 0.24899761592136235, ""11"": 0.025623300595550205, ""12"": 0.005909438422371804, ""5"": 0.0007836776066951397, ""6"": 0.002037561777407363, ""7"": 0.007813112587658154, ""8"": 0.28415221291923193, ""9"": 0.4246830801697231}",no_trade,top_probability_below_threshold,8,0.3831146515493753,False,0.5626988078097893,"{""8"": 0.39832812991030075, ""9"": 0.3831146515493753, ""10"": 0.1218336089518654, ""11"": 0.09288606224315749, ""12"": 0.003837547345301114}",no_trade,top_probability_below_threshold,46-47,False,True,True,True
2026-03-14,55.4,13.0,actual_high_f_converted_to_c,55.324197930338144,12.957887739076746,0,3,13,13,13,0.4076575564018054,0.4076575564018054,0.4076575564018054,0.0761077014916533,0.0,False,"{""+1"": 0.33154985491015215, ""+2"": 0.062662510560183, ""-1"": 0.17829719616909237, ""-2"": 0.012118371043452042, ""0"": 0.40765755640180545, ""<=-3"": 0.0032179588377262446, "">=+3"": 0.004496552077588781}","{""10"": 0.0023240813828022877, ""11"": 0.012118371043452042, ""12"": 0.17829719616909237, ""13"": 0.40765755640180545, ""14"": 0.33154985491015215, ""15"": 0.062662510560183, ""16"": 0.004496552077588781, ""9"": 0.0008938774549239569}",no_trade,top_probability_below_threshold,13,0.4281274710581191,True,0.45476935041797306,"{""11"": 0.044288602453720766, ""12"": 0.22548294061148044, ""13"": 0.4281274710581191, ""14"": 0.2724040363510854, ""15"": 0.026727254573034872, ""16"": 0.00296969495255943}",no_trade,tail_allocation_ambiguous,56-57,False,True,True,True
2026-03-15,57.2,14.000000000000002,actual_high_f_converted_to_c,55.987357928146906,13.326309960081614,1,4,13,14,13,0.5031437210447862,0.1983856516487017,0.5031437210447862,0.2421078369840429,0.0,False,"{""+1"": 0.19838565164870173, ""+2"": 0.015976073354759677, ""-1"": 0.2610358840607433, ""-2"": 0.014952942906646397, ""0"": 0.5031437210447862, ""<=-3"": 0.002815480904017952, "">=+3"": 0.003690246080344793}","{""10"": 0.0020334028751240766, ""11"": 0.014952942906646397, ""12"": 0.2610358840607433, ""13"": 0.5031437210447862, ""14"": 0.19838565164870173, ""15"": 0.015976073354759677, ""16"": 0.003690246080344793, ""9"": 0.0007820780288938756}",shadow_trade,confidence_passed,13,0.3038738852664737,False,0.7347543308761428,"{""12"": 0.12607277677786777, ""13"": 0.4793206741460311, ""14"": 0.3038738852664737, ""15"": 0.059577268060904694, ""16"": 0.03115539574872272}",no_trade,top_two_margin_below_threshold,56-57,True,True,False,False
2026-03-16,53.6,12.0,actual_high_f_converted_to_c,53.83392514882077,12.129958416011538,0,3,12,12,12,0.4552528699750653,0.4552528699750653,0.4552528699750653,0.1470049458312272,0.0,False,"{""+1"": 0.16728580094726841, ""+2"": 0.025907281391913582, ""-1"": 0.30824792414383806, ""-2"": 0.028261177456891284, ""0"": 0.4552528699750653, ""<=-3"": 0.009628063734630326, "">=+3"": 0.005416882350393014}","{""10"": 0.028261177456891284, ""11"": 0.30824792414383806, ""12"": 0.4552528699750653, ""13"": 0.16728580094726841, ""14"": 0.025907281391913582, ""15"": 0.005416882350393014, ""8"": 0.002674462148508424, ""9"": 0.006953601586121902}",no_trade,top_two_margin_below_threshold,12,0.47725821607547686,True,0.3792117301900709,"{""11"": 0.13618692543161046, ""12"": 0.47725821607547686, ""13"": 0.27549162880838757, ""14"": 0.10721681985049351, ""15"": 0.003846409834031686}",no_trade,top_two_margin_below_threshold,52-53,False,True,True,True
2026-03-17,55.4,13.0,actual_high_f_converted_to_c,54.955230306068216,12.752905725593454,0,3,13,13,13,0.5147569733857169,0.5147569733857169,0.5147569733857169,0.2624696337813568,0.0,False,"{""+1"": 0.1843278959017095, ""+2"": 0.02261659458751848, ""-1"": 0.2522873396043601, ""-2"": 0.01709734814289254, ""0"": 0.5147569733857169, ""<=-3"": 0.003766940836453793, "">=+3"": 0.005146907541348739}","{""10"": 0.0027205683818832945, ""11"": 0.01709734814289254, ""12"": 0.2522873396043601, ""13"": 0.5147569733857169, ""14"": 0.1843278959017095, ""15"": 0.02261659458751848, ""16"": 0.005146907541348739, ""9"": 0.001046372454570498}",shadow_trade,confidence_passed,13,0.3944029684485113,True,0.5145460495930956,"{""11"": 0.05027835528906292, ""12"": 0.3245120884706789, ""13"": 0.3944029684485113, ""14"": 0.1976361520377704, ""15"": 0.029853392178578842, ""16"": 0.0033170435753976492}",shadow_trade,confidence_passed,54-55,True,True,True,True
2026-03-18,62.6,17.0,actual_high_f_converted_to_c,60.125379765987375,15.625210981104097,1,4,16,17,16,0.4631905396674816,0.2117442246089881,0.4631905396674816,0.1965319140880972,0.0,False,"{""+1"": 0.21174422460898817, ""+2"": 0.02622377233414503, ""-1"": 0.2666586255793843, ""-2"": 0.0233624266650987, ""0"": 0.46319053966748164, ""<=-3"": 0.005003321319893229, "">=+3"": 0.0038170898250090837}","{""12"": 0.0013898114777481192, ""13"": 0.0036135098421451097, ""14"": 0.0233624266650987, ""15"": 0.2666586255793843, ""16"": 0.4631905396674816, ""17"": 0.21174422460898815, ""18"": 0.026223772334145027, ""19"": 0.0038170898250090833}",shadow_trade,confidence_passed,16,0.19474437215941753,False,0.8785524518376706,"{""14"": 0.16907882031526658, ""15"": 0.21625437152297824, ""16"": 0.3924369682498948, ""17"": 0.19474437215941753, ""18"": 0.02748546775244277}",no_trade,top_probability_below_threshold,60-61,False,False,False,False
2026-03-19,64.4,18.000000000000004,actual_high_f_converted_to_c,62.47907359498255,16.932818663879193,1,4,17,18,17,0.5290400385367504,0.2451583650097798,0.5290400385367504,0.2838816735269706,0.0,False,"{""+1"": 0.2451583650097799, ""+2"": 0.05453244174235122, ""-1"": 0.15606112020529672, ""-2"": 0.005513983116571695, ""0"": 0.5290400385367504, ""<=-3"": 0.004744719793879582, "">=+3"": 0.004949331595370441}","{""13"": 0.0013179777205221063, ""14"": 0.003426742073357476, ""15"": 0.005513983116571695, ""16"": 0.15606112020529672, ""17"": 0.5290400385367504, ""18"": 0.24515836500977986, ""19"": 0.054532441742351216, ""20"": 0.004949331595370441}",shadow_trade,confidence_passed,17,0.26901168654063273,False,0.7777032028723743,"{""15"": 0.038999335319689604, ""16"": 0.22922067408895208, ""17"": 0.4341388945790703, ""18"": 0.26901168654063273, ""19"": 0.02862940947165532}",shadow_trade,confidence_passed,62-63,False,False,False,False
2026-03-20,55.4,13.0,actual_high_f_converted_to_c,55.580354207222285,13.100196781790158,0,3,13,13,13,0.5330373335868883,0.5330373335868883,0.5330373335868883,0.2464381430293278,0.0,False,"{""+1"": 0.12113093513710067, ""+2"": 0.036150998072581424, ""-1"": 0.2865991905575605, ""-2"": 0.010030824837699343, ""0"": 0.5330373335868883, ""<=-3"": 0.004983676227576118, "">=+3"": 0.008067041580593572}","{""10"": 0.003599321719916085, ""11"": 0.010030824837699343, ""12"": 0.2865991905575605, ""13"": 0.5330373335868883, ""14"": 0.12113093513710067, ""15"": 0.036150998072581424, ""16"": 0.008067041580593572, ""9"": 0.001384354507660033}",shadow_trade,confidence_passed,13,0.6306138343120922,True,0.20350600836476274,"{""13"": 0.6306138343120922, ""14"": 0.24240531892884784, ""15"": 0.07438681260550438, ""16"": 0.05259403415355568}",no_trade,top_probability_below_threshold,56-57,False,False,True,True
2026-03-21,59.0,15.0,actual_high_f_converted_to_c,57.40929527602711,14.116275153348392,1,4,14,15,14,0.3975770073854422,0.3344748832329822,0.3975770073854422,0.06310212415246,0.0,False,"{""+1"": 0.3344748832329822, ""+2"": 0.046963158605104804, ""-1"": 0.21007995156152945, ""-2"": 0.0046466147328996215, ""0"": 0.39757700738544216, ""<=-3"": 0.0023893420403712233, "">=+3"": 0.003869042441670415}","{""10"": 0.00066370612232534, ""11"": 0.0017256359180458838, ""12"": 0.004646614732899622, ""13"": 0.2100799515615295, ""14"": 0.39757700738544227, ""15"": 0.33447488323298225, ""16"": 0.04696315860510482, ""17"": 0.003869042441670416}",no_trade,top_probability_below_threshold,14,0.24536831920005475,False,0.7829956634576821,"{""12"": 0.03022118293430529, ""13"": 0.22212100946168806, ""14"": 0.38845653295502147, ""15"": 0.24536831920005475, ""16"": 0.11122199392654561, ""17"": 0.0026109615223848743}",no_trade,top_two_margin_below_threshold,58-59,True,False,False,False
2026-03-22,59.0,15.0,actual_high_f_converted_to_c,60.23984762238592,15.688804234658846,-1,2,16,15,16,0.4783094736446595,0.1614491546136836,0.4783094736446595,0.1859437271249521,0.0,False,"{""+1"": 0.2923657465197073, ""+2"": 0.049853816847098165, ""-1"": 0.1614491546136836, ""-2"": 0.009973349618581205, ""0"": 0.4783094736446595, ""<=-3"": 0.00430819857020659, "">=+3"": 0.003740260186063605}","{""12"": 0.0011967218250573863, ""13"": 0.0031114767451492042, ""14"": 0.009973349618581205, ""15"": 0.1614491546136836, ""16"": 0.4783094736446595, ""17"": 0.2923657465197073, ""18"": 0.049853816847098165, ""19"": 0.003740260186063605}",shadow_trade,confidence_passed,16,0.16952694210511116,False,0.93667440521447,"{""13"": 0.011052262653838693, ""14"": 0.11822692576608819, ""15"": 0.16952694210511116, ""16"": 0.3867390588579786, ""17"": 0.2873833372379978, ""18"": 0.027071473378985595}",no_trade,top_probability_below_threshold,60-61,False,False,False,False
2026-03-23,59.0,15.0,actual_high_f_converted_to_c,58.27467206012352,14.597040033401951,0,3,15,15,15,0.570137818005126,0.570137818005126,0.570137818005126,0.3673346848684444,0.0,False,"{""+1"": 0.20280313313668152, ""+2"": 0.04324650755806086, ""-1"": 0.16002714599537093, ""-2"": 0.010785989120603027, ""0"": 0.570137818005126, ""<=-3"": 0.007470040500499492, "">=+3"": 0.005529365683658185}","{""11"": 0.0020750112501387477, ""12"": 0.005395029250360744, ""13"": 0.010785989120603027, ""14"": 0.16002714599537093, ""15"": 0.570137818005126, ""16"": 0.2028031331366815, ""17"": 0.04324650755806086, ""18"": 0.005529365683658185}",shadow_trade,confidence_passed,14,0.26641988513900866,False,0.7978522993915038,"{""14"": 0.43191018328421665, ""15"": 0.26641988513900866, ""16"": 0.268443924287868, ""17"": 0.03322600728890676}",shadow_trade,confidence_passed,58-59,True,True,True,True
2026-03-24,60.8,16.0,actual_high_f_converted_to_c,60.53804137611644,15.8544674311758,0,3,16,16,16,0.4462389279278148,0.4462389279278148,0.4462389279278148,0.1570612065965406,0.0,False,"{""+1"": 0.28917772133127406, ""+2"": 0.019244387352476456, ""-1"": 0.23933534871406342, ""-2"": 0.0012913867214096031, ""0"": 0.4462389279278147, ""<=-3"": 0.001533035511416813, "">=+3"": 0.0031791924415447495}","{""12"": 0.0004258431976157815, ""13"": 0.0011071923138010317, ""14"": 0.0012913867214096033, ""15"": 0.23933534871406345, ""16"": 0.4462389279278148, ""17"": 0.2891777213312741, ""18"": 0.01924438735247646, ""19"": 0.00317919244154475}",no_trade,top_two_margin_below_threshold,16,0.4909070182937041,True,0.3776453104955848,"{""15"": 0.12217246377947953, ""16"": 0.4909070182937041, ""17"": 0.3140094303195128, ""18"": 0.0702460742034896, ""19"": 0.0026650134038140455}",shadow_trade,confidence_passed,60-61,True,True,True,True
2026-03-25,55.4,13.0,actual_high_f_converted_to_c,56.909192301585335,13.83844016754741,-1,2,14,13,14,0.5631495401979916,0.252525023107959,0.5631495401979916,0.3106245170900326,0.0,False,"{""+1"": 0.15075997760543244, ""+2"": 0.013061699374073431, ""-1"": 0.252525023107959, ""-2"": 0.010882242500306229, ""0"": 0.5631495401979916, ""<=-3"": 0.004151640032601824, "">=+3"": 0.005469877181635511}","{""10"": 0.0011532333423893955, ""11"": 0.0029984066902124283, ""12"": 0.010882242500306229, ""13"": 0.252525023107959, ""14"": 0.5631495401979916, ""15"": 0.15075997760543244, ""16"": 0.013061699374073431, ""17"": 0.005469877181635511}",shadow_trade,confidence_passed,14,0.3603576547703583,False,0.6243987794691506,"{""13"": 0.3603576547703583, ""14"": 0.442422157888012, ""15"": 0.11593170696510204, ""16"": 0.0778934996922096, ""17"": 0.003394980684318134}",shadow_trade,confidence_passed,56-57,False,False,False,False
2026-03-26,55.4,13.0,actual_high_f_converted_to_c,56.302348493582926,13.50130471865718,-1,2,14,13,14,0.6928524287452305,0.1336334665097721,0.6928524287452305,0.5592189622354583,0.0,False,"{""+1"": 0.13299788930198778, ""+2"": 0.027367522658380005, ""-1"": 0.13363346650977215, ""-2"": 0.00477587769141019, ""0"": 0.6928524287452306, ""<=-3"": 0.002384824345387227, "">=+3"": 0.005987990747832213}","{""10"": 0.0006624512070520074, ""11"": 0.001722373138335219, ""12"": 0.004775877691410189, ""13"": 0.13363346650977212, ""14"": 0.6928524287452305, ""15"": 0.13299788930198775, ""16"": 0.027367522658379998, ""17"": 0.005987990747832211}",shadow_trade,confidence_passed,13,0.5335677820404611,True,0.3470505880777157,"{""13"": 0.5335677820404611, ""14"": 0.34847903860866253, ""15"": 0.08240154984566242, ""16"": 0.03555162950521405}",shadow_trade,confidence_passed,56-57,False,False,False,False
2026-03-27,60.8,16.0,actual_high_f_converted_to_c,61.07642146849287,16.153567482496037,0,3,16,16,16,0.5915344810355023,0.5915344810355023,0.5915344810355023,0.383313765335664,0.0,False,"{""+1"": 0.20822071569983833, ""+2"": 0.030949349504395877, ""-1"": 0.15122193351283655, ""-2"": 0.011823764062148025, ""0"": 0.5915344810355023, ""<=-3"": 0.0021609395873660726, "">=+3"": 0.004088816597912962}","{""12"": 0.0006002609964905757, ""13"": 0.0015606785908754968, ""14"": 0.011823764062148023, ""15"": 0.15122193351283655, ""16"": 0.5915344810355023, ""17"": 0.2082207156998383, ""18"": 0.030949349504395873, ""19"": 0.004088816597912962}",shadow_trade,confidence_passed,16,0.48805444346220345,True,0.38701652159038613,"{""15"": 0.0777317804504102, ""16"": 0.48805444346220345, ""17"": 0.329358083666331, ""18"": 0.10198555825766362, ""19"": 0.0028701341633917427}",shadow_trade,confidence_passed,60-61,True,True,True,True
2026-03-28,64.4,18.000000000000004,actual_high_f_converted_to_c,65.26157048380709,18.47865026878172,0,3,18,18,18,0.4063576730761715,0.4063576730761715,0.4063576730761715,0.1665852193390712,0.0,False,"{""+1"": 0.22252263561042546, ""+2"": 0.05683285486543961, ""-1"": 0.23977245373710018, ""-2"": 0.05431776247918132, ""0"": 0.40635767307617143, ""<=-3"": 0.015922024000987637, "">=+3"": 0.004274596230694289}","{""14"": 0.0044227844447187895, ""15"": 0.011499239556268852, ""16"": 0.054317762479181325, ""17"": 0.2397724537371002, ""18"": 0.4063576730761715, ""19"": 0.22252263561042548, ""20"": 0.05683285486543962, ""21"": 0.0042745962306942895}",no_trade,top_probability_below_threshold,18,0.38791339477685527,True,0.5000787488353334,"{""15"": 0.009508824502551791, ""16"": 0.03260168400874899, ""17"": 0.1397962075358231, ""18"": 0.38791339477685527, ""19"": 0.3085843763500906, ""20"": 0.09332019220457817, ""21"": 0.028275320621352094}",no_trade,top_probability_below_threshold,64-65,True,True,True,True
2026-03-29,69.8,21.0,actual_high_f_converted_to_c,67.5522189937876,19.75123277432645,1,4,20,21,20,0.3867682981662151,0.2853284616015792,0.3867682981662151,0.1014398365646358,0.0,False,"{""+1"": 0.28532846160157926, ""+2"": 0.043417225744620695, ""-1"": 0.26421280078681164, ""-2"": 0.011301043485608786, ""0"": 0.38676829816621516, ""<=-3"": 0.005875625349891058, "">=+3"": 0.0030965448652733817}","{""16"": 0.001632118152747516, ""17"": 0.004243507197143542, ""18"": 0.011301043485608786, ""19"": 0.26421280078681164, ""20"": 0.3867682981662151, ""21"": 0.28532846160157926, ""22"": 0.043417225744620695, ""23"": 0.0030965448652733813}",no_trade,top_probability_below_threshold,19,0.27415018389459433,False,0.7111713354362886,"{""17"": 0.015217278029897415, ""18"": 0.1240842111816224, ""19"": 0.35540455998602405, ""20"": 0.2040557834917214, ""21"": 0.27415018389459433, ""22"": 0.027087983416140424}",no_trade,tail_allocation_ambiguous,68-69,False,False,False,False
2026-03-30,68.0,20.0,actual_high_f_converted_to_c,68.08557119392205,20.04753955217892,0,3,20,20,20,0.4637427720982053,0.4637427720982053,0.4637427720982053,0.1966098856950867,0.0,False,"{""+1"": 0.2671328864031186, ""+2"": 0.05713103912157118, ""-1"": 0.17021434409604563, ""-2"": 0.03024725093177627, ""0"": 0.46374277209820525, ""<=-3"": 0.008308200073081749, "">=+3"": 0.003223507276201135}","{""16"": 0.0023078333536338197, ""17"": 0.006000366719447931, ""18"": 0.030247250931776277, ""19"": 0.17021434409604566, ""20"": 0.46374277209820536, ""21"": 0.26713288640311866, ""22"": 0.05713103912157119, ""23"": 0.0032235072762011358}",shadow_trade,confidence_passed,21,0.19058068405876688,False,0.8501000683565137,"{""16"": 0.0007909383512850484, ""17"": 0.011073136917990679, ""18"": 0.07922574644230759, ""19"": 0.274917979018288, ""20"": 0.19058068405876688, ""21"": 0.3092529386577688, ""22"": 0.13159263343231611, ""23"": 0.0025659431212769254}",no_trade,top_probability_below_threshold,68-69,True,True,True,True
2026-03-31,69.8,21.0,actual_high_f_converted_to_c,68.57245160383934,20.318028668799634,1,4,20,21,20,0.5090017253761505,0.1459619459498702,0.5090017253761505,0.222507608806823,0.0,False,"{""+1"": 0.14596194594987022, ""+2"": 0.030601458432404128, ""-1"": 0.2864941165693274, ""-2"": 0.004125879597481674, ""0"": 0.5090017253761504, ""<=-3"": 0.02042466454334635, "">=+3"": 0.0033902095314197055}","{""16"": 0.0056735179287073206, ""17"": 0.014751146614639032, ""18"": 0.004125879597481675, ""19"": 0.28649411656932744, ""20"": 0.5090017253761505, ""21"": 0.14596194594987025, ""22"": 0.03060145843240413, ""23"": 0.003390209531419706}",shadow_trade,confidence_passed,21,0.2888408664490351,True,0.6512942569027453,"{""18"": 0.04704187084666645, ""19"": 0.2484448572923238, ""20"": 0.24899803003082827, ""21"": 0.2888408664490351, ""22"": 0.1368113229264409, ""23"": 0.029863052454705524}",shadow_trade,confidence_passed,68-69,False,False,False,False
2026-04-01,62.6,17.0,actual_high_f_converted_to_c,62.5997879806404,16.99988221146689,0,3,17,17,17,0.5135636019556773,0.5135636019556773,0.5135636019556773,0.2263608463680585,0.0,False,"{""+1"": 0.1649529542291758, ""+2"": 0.016599369373904025, ""-1"": 0.2872027555876188, ""-2"": 0.007098743495961069, ""0"": 0.5135636019556774, ""<=-3"": 0.0037495988799356446, "">=+3"": 0.00683297647772739}","{""13"": 0.0010415552444265677, ""14"": 0.002708043635509076, ""15"": 0.007098743495961068, ""16"": 0.28720275558761876, ""17"": 0.5135636019556773, ""18"": 0.16495295422917577, ""19"": 0.01659936937390402, ""20"": 0.006832976477727388}",shadow_trade,confidence_passed,18,0.41390057923926765,False,0.5561597618998916,"{""17"": 0.41390057923926765, ""18"": 0.43921526508769965, ""19"": 0.14033641318666923, ""20"": 0.006547742486363453}",no_trade,tail_allocation_ambiguous,64-65,False,True,True,True
2026-04-02,60.8,16.0,actual_high_f_converted_to_c,60.3823239315898,15.767957739772111,0,3,16,16,16,0.3895279113976059,0.3895279113976059,0.3895279113976059,0.068651448452151,0.0,False,"{""+1"": 0.3208764629454549, ""+2"": 0.14269346778907618, ""-1"": 0.09867571311592327, ""-2"": 0.027965359955084097, ""0"": 0.38952791139760595, ""<=-3"": 0.014836799851743906, "">=+3"": 0.005424284945111697}","{""12"": 0.004121333292151085, ""13"": 0.01071546655959282, ""14"": 0.027965359955084097, ""15"": 0.09867571311592327, ""16"": 0.38952791139760595, ""17"": 0.3208764629454549, ""18"": 0.14269346778907618, ""19"": 0.005424284945111697}",no_trade,top_probability_below_threshold,16,0.36751092403232505,True,0.5026914195214927,"{""12"": 0.0016938624845553776, ""13"": 0.023714074783775286, ""14"": 0.12932893375507412, ""15"": 0.09332211175249286, ""16"": 0.36751092403232505, ""17"": 0.2358312833347837, ""18"": 0.14498028917991473, ""19"": 0.0036185206770789117}",no_trade,top_probability_below_threshold,60-61,True,True,True,True
2026-04-03,66.2,19.0,actual_high_f_converted_to_c,66.48343133002871,19.15746185001595,0,3,19,19,19,0.5098035548141557,0.5098035548141557,0.5098035548141557,0.202249295823334,0.0,False,"{""+1"": 0.3075542589908217, ""+2"": 0.033371674012458497, ""-1"": 0.14337229535815543, ""-2"": 0.0019933083778328475, ""0"": 0.5098035548141557, ""<=-3"": 0.0013054712982470968, "">=+3"": 0.002599437148328618}","{""15"": 0.00036263091617974916, ""16"": 0.0009428403820673477, ""17"": 0.0019933083778328475, ""18"": 0.14337229535815543, ""19"": 0.5098035548141557, ""20"": 0.3075542589908217, ""21"": 0.033371674012458497, ""22"": 0.002599437148328618}",shadow_trade,confidence_passed,19,0.48943650012604084,True,0.35199904403686555,"{""18"": 0.20015160852106756, ""19"": 0.48943650012604084, ""20"": 0.19747264841845755, ""21"": 0.1107384295849895, ""22"": 0.002200813349444575}",shadow_trade,confidence_passed,66-67,True,True,True,True
2026-04-04,64.4,18.000000000000004,actual_high_f_converted_to_c,64.25946685062522,17.92192602812512,0,3,18,18,18,0.4508730002729098,0.4508730002729098,0.4508730002729098,0.1912491723989028,0.0,False,"{""+1"": 0.18225757756612326, ""+2"": 0.043803860275034724, ""-1"": 0.25962382787400695, ""-2"": 0.03607819176421456, ""0"": 0.45087300027290983, ""<=-3"": 0.021538766401347324, "">=+3"": 0.005824775846363356}","{""14"": 0.005982990667040924, ""15"": 0.015555775734306401, ""16"": 0.03607819176421456, ""17"": 0.25962382787400695, ""18"": 0.45087300027290983, ""19"": 0.18225757756612326, ""20"": 0.043803860275034724, ""21"": 0.005824775846363356}",shadow_trade,confidence_passed,18,0.40451717173492474,True,0.5124216625433831,"{""17"": 0.29200750868641895, ""18"": 0.40451717173492474, ""19"": 0.26736540416180005, ""20"": 0.03249892387517064, ""21"": 0.0036109915416856274}",shadow_trade,confidence_passed,64-65,True,True,True,True
2026-04-05,73.4,23.000000000000004,actual_high_f_converted_to_c,73.64763480553431,23.137574891963503,0,3,23,23,23,0.5025512086348298,0.5025512086348298,0.5025512086348298,0.2620723434782113,0.0,False,"{""+1"": 0.24047886515661854, ""+2"": 0.017271189400485727, ""-1"": 0.23243460311712816, ""-2"": 0.003511058309121127, ""0"": 0.5025512086348298, ""<=-3"": 0.0013356921788734149, "">=+3"": 0.002417383202943249}","{""19"": 0.0003710256052426153, ""20"": 0.0009646665736307996, ""21"": 0.003511058309121127, ""22"": 0.23243460311712816, ""23"": 0.5025512086348298, ""24"": 0.24047886515661854, ""25"": 0.017271189400485727, ""26"": 0.002417383202943249}",shadow_trade,confidence_passed,23,0.5440016149807041,True,0.2790906639332262,"{""22"": 0.14055858023685416, ""23"": 0.5440016149807041, ""24"": 0.21215888327080615, ""25"": 0.07460299752724295, ""26"": 0.028677923984392752}",no_trade,top_two_margin_below_threshold,72-73,True,False,True,True
2026-04-06,71.6,22.0,actual_high_f_converted_to_c,71.77161652694706,22.09534251497059,0,3,22,22,21,0.3542827760441858,0.3526946500217334,0.3542827760441858,0.0015881260224523,0.0015881260224523,True,"{""+1"": 0.22602260577393776, ""+2"": 0.022132267373469433, ""-1"": 0.35428277604418573, ""-2"": 0.026582159575435638, ""0"": 0.35269465002173334, ""<=-3"": 0.01529220026647604, "">=+3"": 0.002993340944762002}","{""18"": 0.004247833407354456, ""19"": 0.011044366859121585, ""20"": 0.02658215957543564, ""21"": 0.3542827760441858, ""22"": 0.3526946500217334, ""23"": 0.2260226057739378, ""24"": 0.022132267373469437, ""25"": 0.0029933409447620023}",no_trade,tail_allocation_ambiguous,22,0.37107996560430856,True,0.5177653297826799,"{""19"": 0.023296427416270277, ""20"": 0.02828851900547105, ""21"": 0.24707928277665608, ""22"": 0.37107996560430856, ""23"": 0.21942629745487296, ""24"": 0.10806593807025239, ""25"": 0.002763569672168753}",no_trade,top_probability_below_threshold,70-71,False,True,True,False
2026-04-07,66.2,19.0,actual_high_f_converted_to_c,66.10727744020011,18.94848746677784,0,3,19,19,19,0.5978828555184759,0.5978828555184759,0.5978828555184759,0.3222615306484365,0.0,False,"{""+1"": 0.0989187913676487, ""+2"": 0.006396680876889994, ""-1"": 0.2756213248700394, ""-2"": 0.013840833391428053, ""0"": 0.5978828555184759, ""<=-3"": 0.003242799199045465, "">=+3"": 0.004096714776472678}","{""15"": 0.0009007775552904069, ""16"": 0.002342021643755058, ""17"": 0.013840833391428052, ""18"": 0.2756213248700394, ""19"": 0.5978828555184759, ""20"": 0.09891879136764868, ""21"": 0.006396680876889993, ""22"": 0.004096714776472678}",shadow_trade,confidence_passed,19,0.7387641847177102,True,0.10336504203508048,"{""19"": 0.7387641847177102, ""20"": 0.16003399137778226, ""21"": 0.0974469783387408, ""22"": 0.003754845565766777}",shadow_trade,confidence_passed,66-67,True,True,True,True
2026-04-08,62.6,17.0,actual_high_f_converted_to_c,61.69918828198454,16.499549045546967,1,4,16,17,16,0.4576108942636228,0.1924871022309024,0.4576108942636228,0.1329770549095505,0.0,False,"{""+1"": 0.19248710223090237, ""+2"": 0.01401271572610796, ""-1"": 0.32463383935407214, ""-2"": 0.0055503445265339115, ""0"": 0.45761089426362267, ""<=-3"": 0.002637603875865978, "">=+3"": 0.0030675000228947823}","{""12"": 0.0007326677432961051, ""13"": 0.0019049361325698731, ""14"": 0.005550344526533912, ""15"": 0.3246338393540722, ""16"": 0.4576108942636228, ""17"": 0.19248710223090243, ""18"": 0.014012715726107964, ""19"": 0.003067500022894783}",no_trade,top_two_margin_below_threshold,17,0.3891612578304007,True,0.5427299801344319,"{""15"": 0.05388989884100444, ""16"": 0.37662204375508784, ""17"": 0.3891612578304007, ""18"": 0.15573339611712086, ""19"": 0.02459340345638624}",no_trade,top_probability_below_threshold,62-63,True,True,False,False
2026-04-09,66.2,19.0,actual_high_f_converted_to_c,66.47813929305528,19.154521829475154,0,3,19,19,19,0.5753758448266367,0.5753758448266367,0.5753758448266367,0.3504426549318448,0.0,False,"{""+1"": 0.2249331898947919, ""+2"": 0.021342580680926503, ""-1"": 0.1708096532253164, ""-2"": 0.0019036038723571067, ""0"": 0.5753758448266367, ""<=-3"": 0.0016992977185967821, "">=+3"": 0.003935829781374688}","{""15"": 0.00047202714405466167, ""16"": 0.0012272705745421204, ""17"": 0.0019036038723571065, ""18"": 0.1708096532253164, ""19"": 0.5753758448266367, ""20"": 0.22493318989479189, ""21"": 0.021342580680926503, ""22"": 0.003935829781374688}",shadow_trade,confidence_passed,19,0.6514181472580862,True,0.1850530014426626,"{""19"": 0.6514181472580862, ""20"": 0.21685453099616997, ""21"": 0.12848059995869407, ""22"": 0.0032467217870498135}",shadow_trade,confidence_passed,66-67,True,True,True,True
2026-04-10,68.0,20.0,actual_high_f_converted_to_c,68.8308141956866,20.46156344204811,0,3,20,20,20,0.4997839995452828,0.4997839995452828,0.4997839995452828,0.2441090744872774,0.0,False,"{""+1"": 0.20017476525391928, ""+2"": 0.020083441527366956, ""-1"": 0.25567492505800543, ""-2"": 0.014415463166738035, ""0"": 0.49978399954528296, ""<=-3"": 0.00612479577405789, "">=+3"": 0.003742609674629565}","{""16"": 0.0017013321594605247, ""17"": 0.004423463614597364, ""18"": 0.014415463166738031, ""19"": 0.2556749250580054, ""20"": 0.49978399954528285, ""21"": 0.20017476525391922, ""22"": 0.020083441527366953, ""23"": 0.003742609674629564}",shadow_trade,confidence_passed,21,0.23300177036488867,False,0.7973370533904126,"{""19"": 0.18554288648937062, ""20"": 0.23300177036488867, ""21"": 0.37863925338541465, ""22"": 0.17451665949947995, ""23"": 0.028299430260846078}",shadow_trade,confidence_passed,68-69,True,True,True,True
2026-04-11,77.0,25.0,actual_high_f_converted_to_c,74.09593017550547,23.38662787528082,2,5,23,25,23,0.406071910044426,0.0289781664701655,0.406071910044426,0.1022553871293385,0.0,False,"{""+1"": 0.3038165229150876, ""+2"": 0.028978166470165535, ""-1"": 0.23727083575368538, ""-2"": 0.016707456338800997, ""0"": 0.40607191004442617, ""<=-3"": 0.004245259184505023, "">=+3"": 0.0029098492933294744}","{""19"": 0.0011792386623625062, ""20"": 0.0030660205221425155, ""21"": 0.016707456338800993, ""22"": 0.23727083575368532, ""23"": 0.40607191004442605, ""24"": 0.30381652291508754, ""25"": 0.028978166470165528, ""26"": 0.002909849293329474}",no_trade,top_probability_below_threshold,23,0.07593107182100346,False,1.1591629139034263,"{""21"": 0.008687253764778764, ""22"": 0.1442147973174047, ""23"": 0.41249031113168866, ""24"": 0.3373152709752577, ""25"": 0.07593107182100346, ""26"": 0.0213612949898667}",no_trade,top_probability_below_threshold,74-75,False,False,False,False
2026-04-12,71.6,22.0,actual_high_f_converted_to_c,69.32380005204435,20.735444473357973,1,4,21,22,21,0.4780012736279897,0.2374773586027117,0.4780012736279897,0.2225390010783098,0.0,False,"{""+1"": 0.23747735860271169, ""+2"": 0.019273775590988963, ""-1"": 0.25546227254967985, ""-2"": 0.004272522130634669, ""0"": 0.47800127362798966, ""<=-3"": 0.002316193935542832, "">=+3"": 0.0031966035624522013}","{""17"": 0.0006433872043174534, ""18"": 0.0016728067312253788, ""19"": 0.00427252213063467, ""20"": 0.2554622725496799, ""21"": 0.4780012736279897, ""22"": 0.2374773586027117, ""23"": 0.019273775590988966, ""24"": 0.0031966035624522017}",shadow_trade,confidence_passed,21,0.23820285076513711,False,0.809625468204333,"{""19"": 0.11234305970046427, ""20"": 0.21745587982830575, ""21"": 0.4110264392097588, ""22"": 0.23820285076513711, ""23"": 0.020971770496334075}",no_trade,top_two_margin_below_threshold,68-69,False,False,False,False
2026-04-13,73.4,23.000000000000004,actual_high_f_converted_to_c,72.27947334486318,22.37748519159065,1,4,22,23,22,0.4376130032443744,0.2784673962192735,0.4376130032443744,0.1591456070251009,0.0,False,"{""+1"": 0.2784673962192736, ""+2"": 0.0377008159064989, ""-1"": 0.22556534996143277, ""-2"": 0.013127093549478828, ""0"": 0.4376130032443745, ""<=-3"": 0.0038805846099800876, "">=+3"": 0.003645756508961468}","{""18"": 0.001077940169438913, ""19"": 0.002802644440541174, ""20"": 0.013127093549478825, ""21"": 0.2255653499614327, ""22"": 0.4376130032443744, ""23"": 0.2784673962192735, ""24"": 0.037700815906498895, ""25"": 0.003645756508961467}",no_trade,top_two_margin_below_threshold,22,0.36443410069086707,False,0.588917033950244,"{""20"": 0.009056927050212308, ""21"": 0.11301693354713493, ""22"": 0.3996053195629228, ""23"": 0.36443410069086707, ""24"": 0.11148078969079804, ""25"": 0.0024059294580649282}",shadow_trade,confidence_passed,72-73,True,True,False,False
2026-04-14,69.8,21.0,actual_high_f_converted_to_c,69.42989204458287,20.794384469212705,0,3,21,21,21,0.3639747104135321,0.3639747104135321,0.3639747104135321,0.021819207735527,0.0,False,"{""+1"": 0.34215550267800493, ""+2"": 0.052819054829763075, ""-1"": 0.22207530224227523, ""-2"": 0.010456257161755689, ""0"": 0.363974710413532, ""<=-3"": 0.004082372600681116, "">=+3"": 0.004436800073987851}","{""17"": 0.001133992389078088, ""18"": 0.0029483802116030285, ""19"": 0.01045625716175569, ""20"": 0.22207530224227526, ""21"": 0.3639747104135321, ""22"": 0.342155502678005, ""23"": 0.05281905482976308, ""24"": 0.004436800073987852}",no_trade,top_probability_below_threshold,21,0.39576827410310617,True,0.4927687119402158,"{""19"": 0.13450616223802397, ""20"": 0.14739379300226887, ""21"": 0.39576827410310617, ""22"": 0.29515657582015814, ""23"": 0.027175194836442804}",no_trade,tail_allocation_ambiguous,70-71,True,False,True,True
2026-04-15,71.6,22.0,actual_high_f_converted_to_c,68.57339600044409,20.31855333358005,2,5,20,22,19,0.3873958683085146,0.0161285282839387,0.3873958683085146,0.0196125244270017,0.0196125244270017,False,"{""+1"": 0.21090175133326705, ""+2"": 0.01612852828393872, ""-1"": 0.38739586830851463, ""-2"": 0.007830420802490192, ""0"": 0.36778334388151285, ""<=-3"": 0.006556740318107713, "">=+3"": 0.003403347072168988}","{""16"": 0.00182131675502992, ""17"": 0.004735423563077793, ""18"": 0.007830420802490192, ""19"": 0.3873958683085146, ""20"": 0.36778334388151285, ""21"": 0.21090175133326702, ""22"": 0.01612852828393872, ""23"": 0.0034033470721689875}",no_trade,top_probability_below_threshold,21,0.13507260817361855,False,0.985422262855564,"{""19"": 0.27111728836945775, ""20"": 0.24735043395778833, ""21"": 0.3192073967194441, ""22"": 0.13507260817361855, ""23"": 0.02725227277969128}",shadow_trade,confidence_passed,68-69,False,False,False,False
2026-04-16,69.8,21.0,actual_high_f_converted_to_c,71.62542440507077,22.014124669483763,-1,2,22,21,22,0.3862459116293662,0.2933332670846562,0.3862459116293662,0.0918853521356696,0.0,False,"{""+1"": 0.29436055949369655, ""+2"": 0.016568073259349236, ""-1"": 0.2933332670846562, ""-2"": 0.005130814176060652, ""0"": 0.38624591162936617, ""<=-3"": 0.0018704971349633444, "">=+3"": 0.0024908772219077342}","{""18"": 0.0005195825374898179, ""19"": 0.0013509145974735265, ""20"": 0.005130814176060653, ""21"": 0.29333326708465624, ""22"": 0.3862459116293662, ""23"": 0.2943605594936966, ""24"": 0.01656807325934924, ""25"": 0.0024908772219077347}",no_trade,top_probability_below_threshold,22,0.13917802119373662,False,1.0812102470237626,"{""21"": 0.13917802119373662, ""22"": 0.5074005363445759, ""23"": 0.2782945010055723, ""24"": 0.07271034533201463, ""25"": 0.002416596124100596}",no_trade,top_two_margin_below_threshold,72-73,False,False,False,False
2026-04-17,62.6,17.0,actual_high_f_converted_to_c,64.3033484094874,17.946304671937444,-1,2,18,17,19,0.4008571947671464,0.2099207606336306,0.4008571947671464,0.1012191736891759,0.1012191736891759,False,"{""+1"": 0.4008571947671464, ""+2"": 0.06623955992512738, ""-1"": 0.2099207606336306, ""-2"": 0.015143220790272199, ""0"": 0.2996380210779704, ""<=-3"": 0.004181120474779584, "">=+3"": 0.004020122331073372}","{""14"": 0.0011614223541054401, ""15"": 0.003019698120674144, ""16"": 0.0151432207902722, ""17"": 0.20992076063363063, ""18"": 0.29963802107797044, ""19"": 0.40085719476714643, ""20"": 0.0662395599251274, ""21"": 0.004020122331073373}",no_trade,top_probability_below_threshold,18,0.23207891128642683,False,0.8293720670154848,"{""16"": 0.05290124510861895, ""17"": 0.23207891128642683, ""18"": 0.35265314125469777, ""19"": 0.3344670514840966, ""20"": 0.02510968577954383, ""21"": 0.0027899650866159806}",no_trade,top_probability_below_threshold,64-65,False,False,False,False
2026-04-18,69.8,21.0,actual_high_f_converted_to_c,70.54696796842725,21.41498220468181,0,3,21,21,21,0.4408393026502425,0.4408393026502425,0.4408393026502425,0.1692906536878281,0.0,False,"{""+1"": 0.27154864896241443, ""+2"": 0.03743859452311601, ""-1"": 0.23628959185942236, ""-2"": 0.0061635461091095215, ""0"": 0.44083930265024257, ""<=-3"": 0.005021536805375983, "">=+3"": 0.002698779090319209}","{""17"": 0.001394871334826662, ""18"": 0.003626665470549321, ""19"": 0.0061635461091095215, ""20"": 0.23628959185942236, ""21"": 0.44083930265024257, ""22"": 0.27154864896241443, ""23"": 0.03743859452311601, ""24"": 0.002698779090319209}",no_trade,top_two_margin_below_threshold,21,0.3780879276456564,True,0.5365264280972096,"{""18"": 0.010825422062534546, ""19"": 0.05290574091958332, ""20"": 0.07273406018042174, ""21"": 0.3780879276456564, ""22"": 0.35312107501707296, ""23"": 0.1297860070400985, ""24"": 0.0025397671346325972}",no_trade,top_probability_below_threshold,70-71,True,True,True,True
2026-04-19,73.4,23.000000000000004,actual_high_f_converted_to_c,71.95037598037374,22.19465332242985,1,4,22,23,21,0.3265185307462213,0.3136222927362116,0.3265185307462213,0.0128962380100096,0.0332541148104791,False,"{""+1"": 0.31362229273621156, ""+2"": 0.027327826936741288, ""-1"": 0.3265185307462212, ""-2"": 0.029867107006660062, ""0"": 0.29326441593574204, ""<=-3"": 0.006343590596971651, "">=+3"": 0.003056236041452063}","{""18"": 0.001762108499158792, ""19"": 0.004581482097812859, ""20"": 0.029867107006660065, ""21"": 0.3265185307462213, ""22"": 0.2932644159357421, ""23"": 0.3136222927362116, ""24"": 0.02732782693674129, ""25"": 0.0030562360414520635}",no_trade,top_probability_below_threshold,22,0.3020528377665165,False,0.6691894405003985,"{""20"": 0.01353014001560645, ""21"": 0.22985000870308953, ""22"": 0.3419921626575079, ""23"": 0.3020528377665165, ""24"": 0.10990607982729567, ""25"": 0.0026687710299839423}",no_trade,top_probability_below_threshold,70-71,False,True,False,False
2026-04-20,71.6,22.0,actual_high_f_converted_to_c,72.76484645968864,22.64713692204925,-1,2,23,22,23,0.4674221944909625,0.2870071566919195,0.4674221944909625,0.1804150377990429,0.0,False,"{""+1"": 0.2176958990690993, ""+2"": 0.016129335693621624, ""-1"": 0.28700715669191956, ""-2"": 0.006645789458291196, ""0"": 0.4674221944909625, ""<=-3"": 0.0028944418347622864, "">=+3"": 0.0022051827613435264}","{""19"": 0.0008040116207673019, ""20"": 0.002090430213994985, ""21"": 0.006645789458291196, ""22"": 0.28700715669191956, ""23"": 0.4674221944909625, ""24"": 0.2176958990690993, ""25"": 0.016129335693621624, ""26"": 0.0022051827613435264}",shadow_trade,confidence_passed,22,0.37401496388127764,True,0.5555450667587661,"{""21"": 0.06613534639891222, ""22"": 0.37401496388127764, ""23"": 0.35476068460796606, ""24"": 0.1816855593708502, ""25"": 0.021063101166894485, ""26"": 0.002340344574099387}",shadow_trade,confidence_passed,72-73,True,True,False,False
2026-04-21,73.4,23.000000000000004,actual_high_f_converted_to_c,74.816191773931,23.786773207739444,-1,2,24,23,23,0.4025631474923818,0.4025631474923818,0.4025631474923818,0.0528797095383644,0.0528797095383644,False,"{""+1"": 0.1916565261923146, ""+2"": 0.02411974157177618, ""-1"": 0.4025631474923819, ""-2"": 0.019567953220476775, ""0"": 0.34968343795401746, ""<=-3"": 0.009451176863447984, "">=+3"": 0.002958016705585183}","{""20"": 0.0026253269065133287, ""21"": 0.006825849956934654, ""22"": 0.019567953220476775, ""23"": 0.40256314749238187, ""24"": 0.34968343795401746, ""25"": 0.19165652619231457, ""26"": 0.024119741571776175, ""27"": 0.0029580167055851827}",no_trade,top_probability_below_threshold,23,0.45639611597835883,True,0.4186547009652274,"{""23"": 0.45639611597835883, ""24"": 0.3105651514079426, ""25"": 0.12470986098708386, ""26"": 0.10553895932160662, ""27"": 0.002789912305008086}",no_trade,top_probability_below_threshold,74-75,False,False,False,True
2026-04-22,71.6,22.0,actual_high_f_converted_to_c,71.94947530672492,22.194152948180516,0,3,22,22,22,0.5442434641166931,0.5442434641166931,0.5442434641166931,0.2547896181906538,0.0,False,"{""+1"": 0.15403724512485484, ""+2"": 0.004941828352676924, ""-1"": 0.2894538459260393, ""-2"": 0.00365812002528132, ""0"": 0.5442434641166931, ""<=-3"": 0.0014264023081849153, "">=+3"": 0.0022390941462697043}","{""18"": 0.0003962228633846987, ""19"": 0.0010301794448002166, ""20"": 0.00365812002528132, ""21"": 0.2894538459260393, ""22"": 0.5442434641166931, ""23"": 0.15403724512485484, ""24"": 0.004941828352676924, ""25"": 0.0022390941462697043}",shadow_trade,confidence_passed,23,0.40673126597073644,False,0.598499641116025,"{""22"": 0.40673126597073644, ""23"": 0.4853106830064592, ""24"": 0.10486085384344455, ""25"": 0.003097197179359855}",shadow_trade,confidence_passed,72-73,True,True,True,True
2026-04-23,66.2,19.0,actual_high_f_converted_to_c,66.10727744020011,18.94848746677784,0,3,19,19,19,0.5586187595173255,0.5586187595173255,0.5586187595173255,0.2303773412012841,0.0,False,"{""+1"": 0.0931894920831809, ""+2"": 0.0039867228505187004, ""-1"": 0.32824141831604137, ""-2"": 0.0101712148973423, ""0"": 0.5586187595173255, ""<=-3"": 0.0022327819142291534, "">=+3"": 0.003559610421362103}","{""15"": 0.000620217198396987, ""16"": 0.0016125647158321663, ""17"": 0.0101712148973423, ""18"": 0.32824141831604137, ""19"": 0.5586187595173255, ""20"": 0.0931894920831809, ""21"": 0.0039867228505187004, ""22"": 0.0035596104213621027}",shadow_trade,confidence_passed,19,0.7507882818354388,True,0.09463642911927304,"{""19"": 0.7507882818354388, ""20"": 0.1568992024961705, ""21"": 0.08888674244584345, ""22"": 0.0034257732225473625}",shadow_trade,confidence_passed,66-67,True,True,True,True
2026-04-24,64.4,18.000000000000004,actual_high_f_converted_to_c,63.93521663415595,17.74178701897553,0,3,18,18,18,0.5311085216942912,0.5311085216942912,0.5311085216942912,0.2773680675069628,0.0,False,"{""+1"": 0.18727215681018627, ""+2"": 0.012698632294101949, ""-1"": 0.2537404541873284, ""-2"": 0.008993979437736612, ""0"": 0.5311085216942912, ""<=-3"": 0.0024568204772020806, "">=+3"": 0.003729435099153438}","{""14"": 0.0006824501325561335, ""15"": 0.0017743703446459471, ""16"": 0.008993979437736612, ""17"": 0.2537404541873284, ""18"": 0.5311085216942912, ""19"": 0.18727215681018627, ""20"": 0.012698632294101949, ""21"": 0.003729435099153438}",shadow_trade,confidence_passed,18,0.5092665267845643,True,0.3479304989854833,"{""17"": 0.24496777588388202, ""18"": 0.5092665267845643, ""19"": 0.21526522581310625, ""20"": 0.02745042436660278, ""21"": 0.0030500471518447535}",shadow_trade,confidence_passed,64-65,True,True,True,True
2026-04-25,64.4,18.000000000000004,actual_high_f_converted_to_c,63.81670134965943,17.67594519425524,0,3,18,18,18,0.5435875515832979,0.5435875515832979,0.5435875515832979,0.3129377112357283,0.0,False,"{""+1"": 0.18728114330159193, ""+2"": 0.023277460124096476, ""-1"": 0.23064984034756958, ""-2"": 0.007386123166255643, ""0"": 0.5435875515832979, ""<=-3"": 0.003979772449471228, "">=+3"": 0.003838109027717362}","{""14"": 0.0011054923470753411, ""15"": 0.002874280102395887, ""16"": 0.007386123166255642, ""17"": 0.23064984034756955, ""18"": 0.5435875515832979, ""19"": 0.18728114330159193, ""20"": 0.023277460124096476, ""21"": 0.0038381090277173615}",shadow_trade,confidence_passed,18,0.3936543695234648,True,0.5185290952854663,"{""16"": 0.05074295389120368, ""17"": 0.3316624849952445, ""18"": 0.3936543695234648, ""19"": 0.1937877770102025, ""20"": 0.027137173121896077, ""21"": 0.0030152414579884533}",no_trade,top_probability_below_threshold,64-65,True,True,True,True
2026-04-26,68.0,20.0,actual_high_f_converted_to_c,67.67253596573352,19.81807553651862,0,3,20,20,20,0.5083109242645147,0.5083109242645147,0.5083109242645147,0.2478351769679317,0.0,False,"{""+1"": 0.2027759696227518, ""+2"": 0.017646927257486376, ""-1"": 0.26047574729658296, ""-2"": 0.004560497390664109, ""0"": 0.5083109242645147, ""<=-3"": 0.0032474557117200273, "">=+3"": 0.002982478456279968}","{""16"": 0.000902071031033341, ""17"": 0.0023453846806866865, ""18"": 0.004560497390664109, ""19"": 0.26047574729658296, ""20"": 0.5083109242645147, ""21"": 0.2027759696227518, ""22"": 0.017646927257486376, ""23"": 0.002982478456279968}",shadow_trade,confidence_passed,19,0.21270533865293925,False,0.8482056126938772,"{""18"": 0.07072678388254922, ""19"": 0.40178160243298633, ""20"": 0.21270533865293925, ""21"": 0.23736164800933857, ""22"": 0.07479663500835582, ""23"": 0.0026279920138308267}",no_trade,top_two_margin_below_threshold,66-67,False,True,True,True
2026-04-27,68.0,20.0,actual_high_f_converted_to_c,66.31582027792487,19.06434459884715,1,4,19,20,19,0.5160749404512424,0.2934880662832253,0.5160749404512424,0.222586874168017,0.0,False,"{""+1"": 0.2934880662832253, ""+2"": 0.05194443451247374, ""-1"": 0.12375785991129364, ""-2"": 0.007067991485254943, ""0"": 0.5160749404512424, ""<=-3"": 0.0037928469293271316, "">=+3"": 0.00387386042718283}","{""15"": 0.0010535685914797588, ""16"": 0.002739278337847373, ""17"": 0.007067991485254943, ""18"": 0.12375785991129364, ""19"": 0.5160749404512424, ""20"": 0.2934880662832253, ""21"": 0.05194443451247374, ""22"": 0.00387386042718283}",shadow_trade,confidence_passed,19,0.15064786783102277,False,1.0180581708756997,"{""18"": 0.22602847302407053, ""19"": 0.4730772120143487, ""20"": 0.15064786783102277, ""21"": 0.1475152461685055, ""22"": 0.002731200962052541}",shadow_trade,confidence_passed,66-67,False,False,False,False
2026-04-28,73.4,23.000000000000004,actual_high_f_converted_to_c,73.70059378980443,23.16699654989135,0,3,23,23,23,0.5280264748300691,0.5280264748300691,0.5280264748300691,0.2999841728285652,0.0,False,"{""+1"": 0.22284601272303944, ""+2"": 0.013419841347552466, ""-1"": 0.22804230200150385, ""-2"": 0.002687694550287943, ""0"": 0.528026474830069, ""<=-3"": 0.0026172205474116455, "">=+3"": 0.0023604540001355215}","{""19"": 0.0007270057076143461, ""20"": 0.0018902148397972997, ""21"": 0.0026876945502879433, ""22"": 0.22804230200150388, ""23"": 0.5280264748300691, ""24"": 0.22284601272303947, ""25"": 0.013419841347552468, ""26"": 0.002360454000135522}",shadow_trade,confidence_passed,23,0.48305167553255224,True,0.3786916405070267,"{""22"": 0.14133631965099158, ""23"": 0.48305167553255224, ""24"": 0.29631871917323976, ""25"": 0.05595031078805171, ""26"": 0.023342974855164737}",no_trade,top_two_margin_below_threshold,74-75,False,False,True,True
2026-04-29,68.0,20.0,actual_high_f_converted_to_c,68.0480156100458,20.02667533891433,0,3,20,20,20,0.6001302468150421,0.6001302468150421,0.6001302468150421,0.4037746199800284,0.0,False,"{""+1"": 0.16559206181936464, ""+2"": 0.01941459338571366, ""-1"": 0.1963556268350137, ""-2"": 0.011415318594007238, ""0"": 0.6001302468150421, ""<=-3"": 0.0021125939189775567, "">=+3"": 0.004979558631881098}","{""16"": 0.0005868316441604325, ""17"": 0.0015257622748171243, ""18"": 0.011415318594007238, ""19"": 0.1963556268350137, ""20"": 0.6001302468150421, ""21"": 0.16559206181936464, ""22"": 0.01941459338571366, ""23"": 0.004979558631881098}",shadow_trade,confidence_passed,21,0.3986893382107024,False,0.5863988404706216,"{""20"": 0.3986893382107024, ""21"": 0.4509960642233175, ""22"": 0.14632484554239653, ""23"": 0.003989752023583626}",shadow_trade,confidence_passed,68-69,True,True,True,True
2026-04-30,60.8,16.0,actual_high_f_converted_to_c,60.15470752418268,15.641504180101492,0,3,16,16,16,0.613782960031733,0.613782960031733,0.613782960031733,0.417445700132246,0.0,False,"{""+1"": 0.15268048559562375, ""+2"": 0.019144038873729237, ""-1"": 0.196337259899487, ""-2"": 0.009142308437796618, ""0"": 0.613782960031733, ""<=-3"": 0.003350668366485232, "">=+3"": 0.00556227879514515}","{""12"": 0.0009307412129125645, ""13"": 0.0024199271535726673, ""14"": 0.009142308437796618, ""15"": 0.196337259899487, ""16"": 0.613782960031733, ""17"": 0.15268048559562375, ""18"": 0.019144038873729237, ""19"": 0.00556227879514515}",shadow_trade,confidence_passed,16,0.5385622868021058,True,0.30618047644798924,"{""15"": 0.21375332835873784, ""16"": 0.5385622868021058, ""17"": 0.21574281988118238, ""18"": 0.03194156495797391}",shadow_trade,confidence_passed,60-61,True,True,True,True
2026-05-01,69.8,21.0,actual_high_f_converted_to_c,66.79651986095642,19.33139992275357,2,5,19,21,20,0.4347484752271882,0.1531468417880708,0.4347484752271882,0.274807201158911,0.3265292290429315,False,"{""+1"": 0.43474847522718824, ""+2"": 0.15314684178807086, ""-1"": 0.15994127406827718, ""-2"": 0.1103303734288321, ""0"": 0.1082192461842567, ""<=-3"": 0.028922221968587073, "">=+3"": 0.004691567334787804}","{""15"": 0.008033950546829743, ""16"": 0.02088827142175733, ""17"": 0.1103303734288321, ""18"": 0.15994127406827718, ""19"": 0.1082192461842567, ""20"": 0.43474847522718824, ""21"": 0.15314684178807086, ""22"": 0.004691567334787804}",shadow_trade,confidence_passed,21,0.40365438185720237,True,0.4812752284595859,"{""14"": 0.002088154091532335, ""15"": 0.006264462274597005, ""16"": 0.01670523273225868, ""17"": 0.05011569819677604, ""18"": 0.18634469533247558, ""19"": 0.29397168663168516, ""20"": 6.16046417535524e-08, ""21"": 0.40365438185720237, ""22"": 0.040855627278831165}",no_trade,tail_allocation_ambiguous,66-67,False,False,False,False
2026-05-02,78.8,26.0,actual_high_f_converted_to_c,78.30995783568487,25.72775435315826,0,3,26,26,26,0.5062635305626386,0.5062635305626386,0.5062635305626386,0.2596093287545425,0.0,False,"{""+1"": 0.2230183171610205, ""+2"": 0.01452521761238192, ""-1"": 0.24665420180809602, ""-2"": 0.005414070754860557, ""0"": 0.5062635305626386, ""<=-3"": 0.0020164074764419397, "">=+3"": 0.002108254624560437}","{""22"": 0.0005601131879005389, ""23"": 0.001456294288541401, ""24"": 0.005414070754860557, ""25"": 0.24665420180809602, ""26"": 0.5062635305626386, ""27"": 0.2230183171610205, ""28"": 0.01452521761238192, ""29"": 0.002108254624560437}",shadow_trade,confidence_passed,26,0.4994102143773143,True,0.36704846629425214,"{""25"": 0.2375562797849157, ""26"": 0.4994102143773143, ""27"": 0.24428207152922374, ""28"": 0.018751434308546252}",shadow_trade,confidence_passed,78-79,True,True,True,True
2026-05-03,73.4,23.000000000000004,actual_high_f_converted_to_c,73.60590035988679,23.114389088825995,0,3,23,23,23,0.4121324090162792,0.4121324090162792,0.4121324090162792,0.0549236138404082,0.0,False,"{""+1"": 0.19008749340768308, ""+2"": 0.0175412023540005, ""-1"": 0.35720879517587095, ""-2"": 0.012223729168607585, ""0"": 0.4121324090162791, ""<=-3"": 0.00808052234423406, "">=+3"": 0.0027258485333245606}","{""19"": 0.002244589540065017, ""20"": 0.005835932804169044, ""21"": 0.012223729168607589, ""22"": 0.357208795175871, ""23"": 0.41213240901627923, ""24"": 0.19008749340768313, ""25"": 0.017541202354000505, ""26"": 0.002725848533324561}",no_trade,top_probability_below_threshold,23,0.4476148701905523,True,0.4117596238157536,"{""20"": 0.007301419442398771, ""21"": 0.025033438088224353, ""22"": 0.25744524397164725, ""23"": 0.4476148701905523, ""24"": 0.19226592316984004, ""25"": 0.045946257098112606, ""26"": 0.024392848039224747}",no_trade,switch_advantage_below_threshold,72-73,True,False,True,True
2026-05-04,82.4,28.000000000000004,actual_high_f_converted_to_c,81.5378426849871,27.52102371388172,0,3,28,28,28,0.5465659736783712,0.5465659736783712,0.5465659736783712,0.3121377613933324,0.0,False,"{""+1"": 0.20770049313874622, ""+2"": 0.008098225696718066, ""-1"": 0.23442821228503885, ""-2"": 0.0008241592195956659, ""0"": 0.5465659736783712, ""<=-3"": 0.0011491151018766521, "">=+3"": 0.0012338208796533203}","{""24"": 0.00031919863941018114, ""25"": 0.0008299164624664709, ""26"": 0.0008241592195956659, ""27"": 0.23442821228503885, ""28"": 0.5465659736783712, ""29"": 0.20770049313874622, ""30"": 0.008098225696718066, ""31"": 0.0012338208796533203}",shadow_trade,confidence_passed,28,0.5362168980688904,True,0.35010419429427525,"{""27"": 0.3500517028347187, ""28"": 0.5362168980688904, ""29"": 0.11166450624020179, ""30"": 0.0020668928561891333}",shadow_trade,confidence_passed,82-83,True,False,True,True
2026-05-05,71.6,22.0,actual_high_f_converted_to_c,70.11078136332569,21.172656312958715,1,4,21,22,21,0.5640443716435035,0.1691591475794826,0.5640443716435035,0.3200437149746903,0.0,False,"{""+1"": 0.16915914757948264, ""+2"": 0.012052234833594844, ""-1"": 0.24400065666881318, ""-2"": 0.006297800209687955, ""0"": 0.5640443716435035, ""<=-3"": 0.0018491369508252251, "">=+3"": 0.002596652114092594}","{""17"": 0.0005136491530070069, ""18"": 0.001335487797818218, ""19"": 0.006297800209687954, ""20"": 0.24400065666881315, ""21"": 0.5640443716435035, ""22"": 0.16915914757948264, ""23"": 0.012052234833594843, ""24"": 0.002596652114092594}",shadow_trade,confidence_passed,21,0.3415360347979075,False,0.6822890654327071,"{""20"": 0.10713184286756512, ""21"": 0.4824377052852749, ""22"": 0.3415360347979075, ""23"": 0.06698703316800717, ""24"": 0.0019073838812453288}",shadow_trade,confidence_passed,70-71,False,False,False,False
2026-05-06,71.6,22.0,actual_high_f_converted_to_c,70.90234116609369,21.61241175894094,0,3,22,22,22,0.5885069417422302,0.5885069417422302,0.5885069417422302,0.3611293626782234,0.0,False,"{""+1"": 0.16664691314075517, ""+2"": 0.008839077047717768, ""-1"": 0.22737757906400677, ""-2"": 0.0043838477738216124, ""0"": 0.5885069417422302, ""<=-3"": 0.0014670887653085436, "">=+3"": 0.002778552466160004}","{""18"": 0.00040752465703015097, ""19"": 0.0010595641082783926, ""20"": 0.0043838477738216124, ""21"": 0.22737757906400674, ""22"": 0.5885069417422302, ""23"": 0.16664691314075517, ""24"": 0.008839077047717768, ""25"": 0.002778552466160004}",shadow_trade,confidence_passed,22,0.4971279128235043,True,0.3692006425505732,"{""21"": 0.2733439655931181, ""22"": 0.4971279128235043, ""23"": 0.2021190940306487, ""24"": 0.02740902755272885}",shadow_trade,confidence_passed,70-71,False,False,True,True
2026-05-07,77.0,25.0,actual_high_f_converted_to_c,75.61730368925171,24.23183538291762,1,4,24,25,24,0.3885663287832322,0.2229042386242653,0.3885663287832322,0.0364278862634659,0.0,False,"{""+1"": 0.2229042386242654, ""+2"": 0.018784822044852625, ""-1"": 0.3521384425197663, ""-2"": 0.009604151438956538, ""0"": 0.3885663287832323, ""<=-3"": 0.005189187801061033, "">=+3"": 0.002812828787865949}","{""20"": 0.001441441055850287, ""21"": 0.0037477467452107457, ""22"": 0.009604151438956538, ""23"": 0.3521384425197663, ""24"": 0.3885663287832322, ""25"": 0.22290423862426537, ""26"": 0.018784822044852625, ""27"": 0.002812828787865949}",no_trade,top_probability_below_threshold,24,0.10170925308182939,False,1.0886428275581703,"{""22"": 0.019445755487507824, ""23"": 0.24850278250603966, ""24"": 0.43645292669692387, ""25"": 0.10170925308182939, ""26"": 0.16869806310870977, ""27"": 0.02519121911898953}",no_trade,top_probability_below_threshold,74-75,False,True,False,False
2026-05-08,78.8,26.0,actual_high_f_converted_to_c,78.97880645290729,26.09933691828183,0,3,26,26,26,0.4791126679931676,0.4791126679931676,0.4791126679931676,0.1539897816411589,0.0,False,"{""+1"": 0.17491231397751622, ""+2"": 0.004943163775631764, ""-1"": 0.32512288635200864, ""-2"": 0.010424345809284863, ""0"": 0.47911266799316754, ""<=-3"": 0.003009968777688441, "">=+3"": 0.0024746533147023005}","{""22"": 0.0008361024382467895, ""23"": 0.0021738663394416523, ""24"": 0.010424345809284865, ""25"": 0.3251228863520087, ""26"": 0.47911266799316765, ""27"": 0.17491231397751625, ""28"": 0.004943163775631765, ""29"": 0.002474653314702301}",no_trade,top_two_margin_below_threshold,27,0.362861383375377,False,0.6981450524821106,"{""26"": 0.362861383375377, ""27"": 0.5305400051077801, ""28"": 0.1035243327835485, ""29"": 0.0030742787332943564}",shadow_trade,confidence_passed,80-81,False,True,True,True
2026-05-09,73.4,23.000000000000004,actual_high_f_converted_to_c,73.74237743024167,23.1902096834676,0,3,23,23,23,0.4757909056586702,0.4757909056586702,0.4757909056586702,0.2017073240062824,0.0,False,"{""+1"": 0.22830919453211176, ""+2"": 0.013899056514093133, ""-1"": 0.2740835816523878, ""-2"": 0.003000585260708344, ""0"": 0.4757909056586702, ""<=-3"": 0.002379011779569118, "">=+3"": 0.0025376646024596852}","{""19"": 0.0006608366054358661, ""20"": 0.0017181751741332518, ""21"": 0.003000585260708344, ""22"": 0.2740835816523878, ""23"": 0.4757909056586702, ""24"": 0.22830919453211176, ""25"": 0.013899056514093133, ""26"": 0.0025376646024596852}",shadow_trade,confidence_passed,23,0.439723085769395,True,0.4486123857214166,"{""22"": 0.1558900746353023, ""23"": 0.439723085769395, ""24"": 0.3269341738597402, ""25"": 0.054773731094978975, ""26"": 0.0226789346405836}",no_trade,top_two_margin_below_threshold,72-73,True,False,True,True
2026-05-10,77.0,25.0,actual_high_f_converted_to_c,71.79773797152441,22.109854428624672,3,6,22,25,22,0.522406373072752,0.0024615884552096,0.522406373072752,0.2319467016863617,0.0,False,"{""+1"": 0.1657451438648312, ""+2"": 0.011419733436321675, ""-1"": 0.29045967138639023, ""-2"": 0.004837714355300784, ""0"": 0.522406373072752, ""<=-3"": 0.0026697754291945554, "">=+3"": 0.002461588455209664}","{""18"": 0.0007416042858873766, ""19"": 0.0019281711433071788, ""20"": 0.004837714355300784, ""21"": 0.29045967138639023, ""22"": 0.522406373072752, ""23"": 0.1657451438648312, ""24"": 0.011419733436321675, ""25"": 0.002461588455209664}",shadow_trade,confidence_passed,22,0.0021429979173679227,False,1.3616949152101032,"{""21"": 0.12954235183483642, ""22"": 0.49806408364951127, ""23"": 0.31276643111414354, ""24"": 0.05748413548414087, ""25"": 0.0021429979173679227}",no_trade,top_two_margin_below_threshold,72-73,False,False,False,False
2026-05-11,75.2,24.0,actual_high_f_converted_to_c,75.35458828700027,24.085882381666817,0,3,24,24,24,0.6444013812133771,0.6444013812133771,0.6444013812133771,0.4649626512941559,0.0,False,"{""+1"": 0.161690515885216, ""+2"": 0.008990206187636057, ""-1"": 0.17943872991922116, ""-2"": 0.0018647449450356342, ""0"": 0.6444013812133771, ""<=-3"": 0.0011804684660959852, "">=+3"": 0.002433953383418175}","{""20"": 0.0003279079072488848, ""21"": 0.0008525605588471005, ""22"": 0.0018647449450356342, ""23"": 0.17943872991922116, ""24"": 0.6444013812133771, ""25"": 0.161690515885216, ""26"": 0.008990206187636057, ""27"": 0.002433953383418175}",shadow_trade,confidence_passed,24,0.7363931136468425,True,0.10771960430453796,"{""24"": 0.7363931136468425, ""25"": 0.17580845116848215, ""26"": 0.08554126160456205, ""27"": 0.002257173580113302}",shadow_trade,confidence_passed,76-77,False,True,True,True
2026-05-12,77.0,25.0,actual_high_f_converted_to_c,74.50552070280409,23.61417816822449,1,4,24,25,24,0.5041486471113152,0.2025430343974609,0.5041486471113152,0.2354427426229588,0.0,False,"{""+1"": 0.2025430343974609, ""+2"": 0.016116163756115198, ""-1"": 0.2687059044883564, ""-2"": 0.002959813706476243, ""0"": 0.5041486471113152, ""<=-3"": 0.0030014972294890585, "">=+3"": 0.0025249393107869096}","{""20"": 0.0008337492304136274, ""21"": 0.002167747999075431, ""22"": 0.002959813706476243, ""23"": 0.2687059044883564, ""24"": 0.5041486471113152, ""25"": 0.2025430343974609, ""26"": 0.016116163756115198, ""27"": 0.0025249393107869096}",shadow_trade,confidence_passed,23,0.06814775335907787,False,1.2233388443598525,"{""22"": 0.07596295529159755, ""23"": 0.4355494689850459, ""24"": 0.39881473770504344, ""25"": 0.06814775335907787, ""26"": 0.021525084659235263}",shadow_trade,confidence_passed,74-75,False,False,False,False
2026-05-13,78.8,26.0,actual_high_f_converted_to_c,77.83504899440678,25.463916108003765,1,4,25,26,25,0.4797708241647377,0.1937831507511619,0.4797708241647377,0.1807560441129532,0.0,False,"{""+1"": 0.19378315075116195, ""+2"": 0.013208538636765058, ""-1"": 0.29901478005178445, ""-2"": 0.009680652266146336, ""0"": 0.47977082416473776, ""<=-3"": 0.0028443501212542795, "">=+3"": 0.0016977040081503254}","{""21"": 0.0007900972559039666, ""22"": 0.002054252865350313, ""23"": 0.009680652266146336, ""24"": 0.29901478005178445, ""25"": 0.4797708241647377, ""26"": 0.19378315075116193, ""27"": 0.013208538636765056, ""28"": 0.0016977040081503252}",shadow_trade,confidence_passed,26,0.34957604629777494,True,0.5512296800606064,"{""23"": 0.019244138745447198, ""24"": 0.20281436555480675, ""25"": 0.24329401376403031, ""26"": 0.34957604629777494, ""27"": 0.164496337193608, ""28"": 0.020575098444332824}",no_trade,top_probability_below_threshold,76-77,False,True,False,False
2026-05-14,75.2,24.0,actual_high_f_converted_to_c,76.73451805411152,24.852510030061957,-1,2,25,24,25,0.4482881628480336,0.2556391535092652,0.4482881628480336,0.1737963664239099,0.0,False,"{""+1"": 0.2744917964241237, ""+2"": 0.014817603319589761, ""-1"": 0.2556391535092652, ""-2"": 0.0038206185233539127, ""0"": 0.4482881628480337, ""<=-3"": 0.0011463955385040423, "">=+3"": 0.0017962698371298167}","{""21"": 0.00031844320514001176, ""22"": 0.0008279523333640305, ""23"": 0.0038206185233539123, ""24"": 0.2556391535092652, ""25"": 0.44828816284803363, ""26"": 0.2744917964241237, ""27"": 0.01481760331958976, ""28"": 0.0017962698371298165}",no_trade,top_two_margin_below_threshold,24,0.3472666358687455,True,0.5922693364256362,"{""24"": 0.3472666358687455, ""25"": 0.2838474708086937, ""26"": 0.2792933902809691, ""27"": 0.08734562834215787, ""28"": 0.0022468746994338097}",shadow_trade,confidence_passed,76-77,False,False,False,False
2026-05-15,71.6,22.0,actual_high_f_converted_to_c,71.56883480835607,21.982686004642265,0,3,22,22,23,0.4009426719168241,0.255326523307452,0.4009426719168241,0.1456161486093721,0.1456161486093721,False,"{""+1"": 0.4009426719168241, ""+2"": 0.06452263469619453, ""-1"": 0.2536615484752059, ""-2"": 0.014425548635776834, ""0"": 0.255326523307452, ""<=-3"": 0.008006255604354084, "">=+3"": 0.003114817364192626}","{""18"": 0.0022239598900983567, ""19"": 0.005782295714255727, ""20"": 0.014425548635776834, ""21"": 0.2536615484752059, ""22"": 0.255326523307452, ""23"": 0.4009426719168241, ""24"": 0.06452263469619453, ""25"": 0.003114817364192626}",no_trade,top_probability_below_threshold,22,0.3437431758071981,True,0.5673682214107675,"{""19"": 0.0184187586649771, ""20"": 0.02236563552175791, ""21"": 0.22365465863143985, ""22"": 0.3437431758071981, ""23"": 0.2658630030286804, ""24"": 0.12305602116891382, ""25"": 0.0028987471770328386}",no_trade,tail_allocation_ambiguous,70-71,False,True,True,False
2026-05-16,77.0,25.0,actual_high_f_converted_to_c,77.55508980600726,25.308383225559588,0,3,25,25,26,0.3730605013487704,0.362424974434737,0.3730605013487704,0.0106355269140334,0.0106355269140334,False,"{""+1"": 0.3730605013487704, ""+2"": 0.03689702871073291, ""-1"": 0.21763069684757563, ""-2"": 0.004907140853155913, ""0"": 0.362424974434737, ""<=-3"": 0.0032733280331707095, "">=+3"": 0.0018063297718574872}","{""21"": 0.0009092577869918637, ""22"": 0.0023640702461788458, ""23"": 0.004907140853155913, ""24"": 0.2176306968475756, ""25"": 0.362424974434737, ""26"": 0.3730605013487704, ""27"": 0.03689702871073291, ""28"": 0.001806329771857487}",no_trade,top_probability_below_threshold,26,0.21496314577039577,False,0.8159261297665127,"{""23"": 0.023328336088248358, ""24"": 0.18693362172627198, ""25"": 0.21496314577039577, ""26"": 0.3504801120748343, ""27"": 0.2020487074284253, ""28"": 0.02224607691182431}",no_trade,tail_allocation_ambiguous,78-79,False,False,True,False
2026-05-17,82.4,28.000000000000004,actual_high_f_converted_to_c,83.01596589333683,28.342203274076017,0,3,28,28,28,0.4138351866845045,0.4138351866845045,0.4138351866845045,0.1074965906981665,0.0,False,"{""+1"": 0.306338595986338, ""+2"": 0.019971440571037506, ""-1"": 0.23845638814861694, ""-2"": 0.016856928212171877, ""0"": 0.41383518668450453, ""<=-3"": 0.0028578755449671913, "">=+3"": 0.0016835848523639404}","{""24"": 0.000793854318046442, ""25"": 0.002064021226920749, ""26"": 0.016856928212171877, ""27"": 0.23845638814861694, ""28"": 0.41383518668450453, ""29"": 0.306338595986338, ""30"": 0.019971440571037506, ""31"": 0.0016835848523639404}",no_trade,top_probability_below_threshold,28,0.4022529243312547,True,0.5027409997092716,"{""26"": 0.010384398678256324, ""27"": 0.16413931481498129, ""28"": 0.4022529243312547, ""29"": 0.33638513788536173, ""30"": 0.07047907561333779, ""31"": 0.01635914867680819}",no_trade,top_two_margin_below_threshold,82-83,True,True,True,True
2026-05-18,84.2,29.0,actual_high_f_converted_to_c,82.3776136647736,27.98756314709645,1,4,28,29,28,0.5121077299575807,0.2419531528646124,0.5121077299575807,0.2701545770929682,0.0,False,"{""+1"": 0.24195315286461244, ""+2"": 0.014781606041073956, ""-1"": 0.22562818182488298, ""-2"": 0.0030260451352716045, ""0"": 0.5121077299575807, ""<=-3"": 0.0011326603061216915, "">=+3"": 0.0013706238704565465}","{""24"": 0.000314627862811581, ""25"": 0.0008180324433101105, ""26"": 0.0030260451352716045, ""27"": 0.22562818182488298, ""28"": 0.5121077299575807, ""29"": 0.24195315286461244, ""30"": 0.014781606041073956, ""31"": 0.0013706238704565465}",shadow_trade,confidence_passed,28,0.26114927443858765,False,0.8507030966676418,"{""27"": 0.212174018474233, ""28"": 0.5094522638125106, ""29"": 0.26114927443858765, ""30"": 0.015501998947201914, ""31"": 0.0017224443274668792}",shadow_trade,confidence_passed,82-83,False,False,False,False
2026-05-19,78.8,26.0,actual_high_f_converted_to_c,79.83773889996465,26.576521611091472,-1,2,27,26,27,0.5228933267408395,0.3322781013313588,0.5228933267408395,0.1906152254094807,0.0,False,"{""+1"": 0.1324662059024857, ""+2"": 0.0036370961421453188, ""-1"": 0.3322781013313588, ""-2"": 0.005245299321903984, ""0"": 0.5228933267408395, ""<=-3"": 0.001653170949879601, "">=+3"": 0.0018267996113870925}","{""23"": 0.0004592141527443336, ""24"": 0.0011939567971352674, ""25"": 0.005245299321903984, ""26"": 0.3322781013313588, ""27"": 0.5228933267408395, ""28"": 0.1324662059024857, ""29"": 0.0036370961421453188, ""30"": 0.0018267996113870925}",shadow_trade,confidence_passed,27,0.32975056509745276,False,0.7254709929579032,"{""26"": 0.32975056509745276, ""27"": 0.5047293235435961, ""28"": 0.14515614647771152, ""29"": 0.02036396488123958}",shadow_trade,confidence_passed,80-81,False,False,False,False
2026-05-20,82.4,28.000000000000004,actual_high_f_converted_to_c,80.4142769473669,26.896820526314944,1,4,27,28,27,0.5038252749413763,0.2093827183158823,0.5038252749413763,0.2388700284021631,0.0,False,"{""+1"": 0.2093827183158823, ""+2"": 0.01018134390399111, ""-1"": 0.2649552465392132, ""-2"": 0.0057649744424305175, ""0"": 0.5038252749413763, ""<=-3"": 0.002986868844958468, "">=+3"": 0.0029035730121481336}","{""23"": 0.0008296857902662412, ""24"": 0.002157183054692227, ""25"": 0.0057649744424305175, ""26"": 0.2649552465392132, ""27"": 0.5038252749413763, ""28"": 0.2093827183158823, ""29"": 0.01018134390399111, ""30"": 0.0029035730121481336}",shadow_trade,confidence_passed,27,0.23491228173625822,False,0.9026656039983283,"{""26"": 0.23316000119399613, ""27"": 0.5124078208366603, ""28"": 0.23491228173625822, ""29"": 0.01951989623308542}",shadow_trade,confidence_passed,80-81,False,False,False,False
2026-05-21,75.2,24.0,actual_high_f_converted_to_c,75.20533726869887,24.002965149277152,0,3,24,24,24,0.421027627536046,0.421027627536046,0.421027627536046,0.0082807272926117,0.0,False,"{""+1"": 0.13617010700160698, ""+2"": 0.0035008979707911152, ""-1"": 0.41274690024343436, ""-2"": 0.020739277499662093, ""0"": 0.4210276275360461, ""<=-3"": 0.003009337690500268, "">=+3"": 0.0028058520579592426}","{""20"": 0.0008359271362500744, ""21"": 0.0021734105542501932, ""22"": 0.020739277499662093, ""23"": 0.4127469002434343, ""24"": 0.42102762753604606, ""25"": 0.13617010700160698, ""26"": 0.003500897970791115, ""27"": 0.0028058520579592426}",no_trade,top_probability_below_threshold,24,0.7470825641602721,True,0.09756297978071747,"{""24"": 0.7470825641602721, ""25"": 0.15943649111350444, ""26"": 0.09036622288350041, ""27"": 0.003114721842723107}",no_trade,top_two_margin_below_threshold,74-75,True,True,True,True
2026-05-22,60.8,16.0,actual_high_f_converted_to_c,61.60687160541001,16.448262003005556,0,3,16,16,16,0.5592131132331414,0.5592131132331414,0.5592131132331414,0.3045391087484828,0.0,False,"{""+1"": 0.15961061774166926, ""+2"": 0.01255236358823543, ""-1"": 0.2546740044846586, ""-2"": 0.004838967832790251, ""0"": 0.5592131132331414, ""<=-3"": 0.00407689148922763, "">=+3"": 0.005034041630277514}","{""12"": 0.0011324698581187862, ""13"": 0.0029444216311088436, ""14"": 0.004838967832790251, ""15"": 0.2546740044846586, ""16"": 0.5592131132331414, ""17"": 0.15961061774166926, ""18"": 0.01255236358823543, ""19"": 0.005034041630277514}",shadow_trade,confidence_passed,17,0.31662247982821573,False,0.7346451180034503,"{""16"": 0.31662247982821573, ""17"": 0.49344619197252937, ""18"": 0.15025663912881365, ""19"": 0.03967468907044132}",shadow_trade,confidence_passed,62-63,False,False,True,True
2026-05-23,64.4,18.000000000000004,actual_high_f_converted_to_c,65.05626463754153,18.364591465300848,0,3,18,18,18,0.506639636993349,0.506639636993349,0.506639636993349,0.2471739603552126,0.0,False,"{""+1"": 0.2594656766381364, ""+2"": 0.04191313034655529, ""-1"": 0.17123486648602326, ""-2"": 0.013628613778304934, ""0"": 0.506639636993349, ""<=-3"": 0.0027461150917524875, "">=+3"": 0.004371960665878636}","{""14"": 0.0007628097477090243, ""15"": 0.0019833053440434633, ""16"": 0.013628613778304934, ""17"": 0.17123486648602326, ""18"": 0.506639636993349, ""19"": 0.2594656766381364, ""20"": 0.04191313034655529, ""21"": 0.004371960665878636}",shadow_trade,confidence_passed,18,0.4333545668445168,True,0.4465144855053476,"{""17"": 0.13356126585270478, ""18"": 0.4333545668445168, ""19"": 0.3150414595460651, ""20"": 0.08520021169360689, ""21"": 0.03284249606310645}",shadow_trade,confidence_passed,64-65,True,True,True,True
2026-05-24,71.6,22.0,actual_high_f_converted_to_c,69.78322376833073,20.99067987129485,1,4,21,22,21,0.4752860983702361,0.2435330530856676,0.4752860983702361,0.2234021298065875,0.0,False,"{""+1"": 0.2435330530856676, ""+2"": 0.016531229303336687, ""-1"": 0.25188396856364853, ""-2"": 0.007251248701151682, ""0"": 0.47528609837023605, ""<=-3"": 0.0027657665337096353, "">=+3"": 0.0027486354422496654}","{""17"": 0.00076826848158601, ""18"": 0.0019974980521236256, ""19"": 0.007251248701151683, ""20"": 0.2518839685636486, ""21"": 0.4752860983702361, ""22"": 0.24353305308566764, ""23"": 0.01653122930333669, ""24"": 0.002748635442249666}",shadow_trade,confidence_passed,21,0.2867037596582723,False,0.7725790371616559,"{""20"": 0.13382736304495674, ""21"": 0.48778776332800283, ""22"": 0.2867037596582723, ""23"": 0.0890732540702275, ""24"": 0.0026078598985406704}",no_trade,top_two_margin_below_threshold,70-71,False,False,False,False
2026-05-25,77.0,25.0,actual_high_f_converted_to_c,77.87008979941851,25.48338322189917,0,3,25,25,25,0.4060405557110559,0.4060405557110559,0.4060405557110559,0.1008070361422562,0.0,False,"{""+1"": 0.24486727860465993, ""+2"": 0.01892812486911857, ""-1"": 0.3052335195687996, ""-2"": 0.01688127910736004, ""0"": 0.4060405557110559, ""<=-3"": 0.005601092857121403, "">=+3"": 0.0024481492818844946}","{""21"": 0.0015558591269781675, ""22"": 0.0040452337301432354, ""23"": 0.01688127910736004, ""24"": 0.3052335195687996, ""25"": 0.4060405557110559, ""26"": 0.24486727860465993, ""27"": 0.01892812486911857, ""28"": 0.0024481492818844946}",no_trade,top_probability_below_threshold,26,0.20088539234459693,False,0.8402919130467393,"{""23"": 0.018027431939125545, ""24"": 0.21383010745878941, ""25"": 0.20088539234459693, ""26"": 0.3299345389328562, ""27"": 0.21520571628170346, ""28"": 0.02211681304292854}",no_trade,tail_allocation_ambiguous,76-77,True,False,True,True
2026-05-26,78.8,26.0,actual_high_f_converted_to_c,78.88419683590936,26.046776019949647,0,3,26,26,26,0.4211038316349947,0.4211038316349947,0.4211038316349947,0.109081314772585,0.0,False,"{""+1"": 0.22608471656717752, ""+2"": 0.01614513798931092, ""-1"": 0.3120225168624097, ""-2"": 0.017537888015484282, ""0"": 0.4211038316349948, ""<=-3"": 0.004772753016964448, "">=+3"": 0.002333155913658352}","{""22"": 0.001325764726934569, ""23"": 0.0034469882900298792, ""24"": 0.017537888015484282, ""25"": 0.3120225168624097, ""26"": 0.42110383163499476, ""27"": 0.2260847165671775, ""28"": 0.01614513798931092, ""29"": 0.002333155913658352}",no_trade,top_probability_below_threshold,26,0.4283937742036164,True,0.43472262487046287,"{""24"": 0.07341726348981623, ""25"": 0.14788834776557896, ""26"": 0.4283937742036164, ""27"": 0.27437798313971046, ""28"": 0.073755790880813, ""29"": 0.002166840520465047}",shadow_trade,confidence_passed,78-79,True,True,True,True
2026-05-27,80.6,27.0,actual_high_f_converted_to_c,80.48860970683032,26.93811650379462,0,3,27,27,27,0.4257489461937713,0.4257489461937713,0.4257489461937713,0.1250508143545324,0.0,False,"{""+1"": 0.2387155575553244, ""+2"": 0.018721696617706635, ""-1"": 0.30069813183923894, ""-2"": 0.007379893400178308, ""0"": 0.42574894619377146, ""<=-3"": 0.006032742212251252, "">=+3"": 0.0027030321815292614}","{""23"": 0.0016757617256253474, ""24"": 0.004356980486625903, ""25"": 0.0073798934001783065, ""26"": 0.3006981318392389, ""27"": 0.42574894619377135, ""28"": 0.23871555755532434, ""29"": 0.018721696617706632, ""30"": 0.002703032181529261}",no_trade,top_two_margin_below_threshold,27,0.4094147782831783,True,0.49144492204410056,"{""25"": 0.047539428368418304, ""26"": 0.3000287872087542, ""27"": 0.4094147782831783, ""28"": 0.22360677654617214, ""29"": 0.01941022959347705}",shadow_trade,confidence_passed,80-81,True,True,True,True
2026-05-28,80.6,27.0,actual_high_f_converted_to_c,81.63154651866971,27.57308139926095,-1,2,28,27,28,0.5787257545123407,0.2895328436587303,0.5787257545123407,0.2891929108536103,0.0,False,"{""+1"": 0.12215890852258551, ""+2"": 0.004171375774695826, ""-1"": 0.28953284365873033, ""-2"": 0.0021437972444705586, ""0"": 0.5787257545123407, ""<=-3"": 0.001676358875692175, "">=+3"": 0.0015909614114849437}","{""24"": 0.0004656552432478264, ""25"": 0.0012107036324443487, ""26"": 0.0021437972444705586, ""27"": 0.28953284365873033, ""28"": 0.5787257545123407, ""29"": 0.12215890852258551, ""30"": 0.004171375774695826, ""31"": 0.0015909614114849437}",shadow_trade,confidence_passed,28,0.3542915751547137,False,0.6825352421183895,"{""27"": 0.3542915751547137, ""28"": 0.49909070281384843, ""29"": 0.1272688128850076, ""30"": 0.01741401823178725, ""31"": 0.0019348909146430276}",shadow_trade,confidence_passed,82-83,False,False,False,False
2026-05-29,86.0,30.0,actual_high_f_converted_to_c,84.89239049036932,29.384661383538518,1,4,29,30,29,0.6016730093924895,0.1003368357341497,0.6016730093924895,0.3128925433536275,0.0,False,"{""+1"": 0.10033683573414971, ""+2"": 0.0029846175742510726, ""-1"": 0.2887804660388619, ""-2"": 0.0026547331761578295, ""0"": 0.6016730093924894, ""<=-3"": 0.0019399968613935663, "">=+3"": 0.0016303412226963679}","{""25"": 0.0005388880170537686, ""26"": 0.0014011088443397982, ""27"": 0.00265473317615783, ""28"": 0.288780466038862, ""29"": 0.6016730093924895, ""30"": 0.10033683573414974, ""31"": 0.0029846175742510735, ""32"": 0.0016303412226963683}",shadow_trade,confidence_passed,29,0.23004331471433348,False,0.980164554791494,"{""29"": 0.6043331073654062, ""30"": 0.23004331471433348, ""31"": 0.14760827087049802, ""32"": 0.0180153070497623}",shadow_trade,confidence_passed,84-85,False,False,False,False
2026-05-30,82.4,28.000000000000004,actual_high_f_converted_to_c,82.06532746043109,27.814070811350607,0,3,28,28,28,0.5323650078468998,0.5323650078468998,0.5323650078468998,0.2478648063307527,0.0,False,"{""+1"": 0.16714448280622257, ""+2"": 0.007888444042273833, ""-1"": 0.284500201516147, ""-2"": 0.005402709536903804, ""0"": 0.5323650078468997, ""<=-3"": 0.0012275480104994017, "">=+3"": 0.0014716062410535693}","{""24"": 0.0003409855584720561, ""25"": 0.0008865624520273458, ""26"": 0.005402709536903805, ""27"": 0.2845002015161471, ""28"": 0.5323650078468998, ""29"": 0.1671444828062226, ""30"": 0.007888444042273835, ""31"": 0.0014716062410535696}",shadow_trade,confidence_passed,28,0.5170713657939794,True,0.34329441927888094,"{""27"": 0.2561209908927302, ""28"": 0.5170713657939794, ""29"": 0.210368206736283, ""30"": 0.014795492919306704, ""31"": 0.001643943657700745}",shadow_trade,confidence_passed,82-83,True,True,True,True
2026-05-31,80.6,27.0,actual_high_f_converted_to_c,81.47272744622705,27.48484858123725,0,3,27,27,26,0.5451365201246303,0.1993671935230529,0.5451365201246303,0.3457693266015774,0.3457693266015774,False,"{""+1"": 0.1523908340773033, ""+2"": 0.01604587431819782, ""-1"": 0.5451365201246303, ""-2"": 0.04646407532724218, ""0"": 0.19936719352305293, ""<=-3"": 0.038247825987226654, "">=+3"": 0.0023476766423467274}","{""23"": 0.01062439610756296, ""24"": 0.02762342987966369, ""25"": 0.04646407532724218, ""26"": 0.5451365201246303, ""27"": 0.1993671935230529, ""28"": 0.1523908340773033, ""29"": 0.01604587431819782, ""30"": 0.0023476766423467274}",shadow_trade,confidence_passed,27,0.4677554920996253,True,0.38131261549494644,"{""24"": 0.01420319001747733, ""25"": 0.017246730735508187, ""26"": 0.22762428464922965, ""27"": 0.4677554920996253, ""28"": 0.2023663316597566, ""29"": 0.06900013032599572, ""30"": 0.0018038405124071646}",shadow_trade,confidence_passed,80-81,True,True,True,False
2026-06-01,87.8,31.0,actual_high_f_converted_to_c,85.2976620969938,29.609812276107668,1,4,30,31,30,0.4346556080440957,0.2269678834232903,0.4346556080440957,0.1298098009125329,0.0,False,"{""+1"": 0.2269678834232903, ""+2"": 0.01759664973219737, ""-1"": 0.3048458071315628, ""-2"": 0.0105544286606325, ""0"": 0.4346556080440957, ""<=-3"": 0.003447810870718326, "">=+3"": 0.0019318121375031282}","{""26"": 0.0009577252418662017, ""27"": 0.0024900856288521244, ""28"": 0.0105544286606325, ""29"": 0.3048458071315628, ""30"": 0.4346556080440957, ""31"": 0.2269678834232903, ""32"": 0.01759664973219737, ""33"": 0.0019318121375031282}",no_trade,top_two_margin_below_threshold,29,0.23036306382102137,False,0.8281668618274665,"{""28"": 0.1421031164826357, ""29"": 0.4251026497764898, ""30"": 0.18615997988351915, ""31"": 0.23036306382102137, ""32"": 0.016271190036334017}",no_trade,top_two_margin_below_threshold,84-85,False,False,False,False
2026-06-02,78.8,26.0,actual_high_f_converted_to_c,78.78375997593726,25.990977764409585,0,3,26,26,26,0.6180770610389926,0.6180770610389926,0.6180770610389926,0.3435728156735262,0.0,False,"{""+1"": 0.09794796038875433, ""+2"": 0.00327289065835435, ""-1"": 0.2745042453654664, ""-2"": 0.0023957348420587947, ""0"": 0.6180770610389926, ""<=-3"": 0.0018554930228943387, "">=+3"": 0.0019466146834791794}","{""22"": 0.0005154147285817607, ""23"": 0.001340078294312578, ""24"": 0.0023957348420587947, ""25"": 0.2745042453654664, ""26"": 0.6180770610389926, ""27"": 0.09794796038875433, ""28"": 0.00327289065835435, ""29"": 0.0019466146834791794}",shadow_trade,confidence_passed,26,0.48216909258412816,True,0.46242799850105315,"{""26"": 0.48216909258412816, ""27"": 0.43317180774994407, ""28"": 0.08143040160393399, ""29"": 0.0032286980619938197}",no_trade,top_two_margin_below_threshold,78-79,True,True,True,True
2026-06-03,69.8,21.0,actual_high_f_converted_to_c,70.58464550949243,21.43591417194024,0,3,21,21,21,0.5419939387473738,0.5419939387473738,0.5419939387473738,0.3112704389929372,0.0,False,"{""+1"": 0.19173302540011078, ""+2"": 0.019519749549784457, ""-1"": 0.23072349975443654, ""-2"": 0.005374215652778955, ""0"": 0.5419939387473738, ""<=-3"": 0.006340430127479314, "">=+3"": 0.00431514076803627}","{""17"": 0.0017612305909664762, ""18"": 0.004579199536512838, ""19"": 0.005374215652778955, ""20"": 0.23072349975443654, ""21"": 0.5419939387473738, ""22"": 0.19173302540011078, ""23"": 0.019519749549784457, ""24"": 0.00431514076803627}",shadow_trade,confidence_passed,21,0.4467546156763933,True,0.4385923790499384,"{""20"": 0.10786934368154798, ""21"": 0.4467546156763933, ""22"": 0.32857592282081827, ""23"": 0.11359452262390882, ""24"": 0.0032055951973316487}",shadow_trade,confidence_passed,70-71,True,True,True,True
2026-06-04,73.4,23.000000000000004,actual_high_f_converted_to_c,72.15073289099931,22.30596271722184,1,4,22,23,22,0.6638825383470899,0.1627906514179291,0.6638825383470899,0.5010918869291607,0.0,False,"{""+1"": 0.16279065141792906, ""+2"": 0.016812829138081863, ""-1"": 0.14689221865386157, ""-2"": 0.004531270352152063, ""0"": 0.6638825383470898, ""<=-3"": 0.0015059506622027154, "">=+3"": 0.003584541428682788}","{""18"": 0.0004183196283896433, ""19"": 0.0010876310338130725, ""20"": 0.004531270352152064, ""21"": 0.1468922186538616, ""22"": 0.6638825383470899, ""23"": 0.1627906514179291, ""24"": 0.016812829138081867, ""25"": 0.0035845414286827886}",shadow_trade,confidence_passed,23,0.5049271970372272,True,0.4007218687879999,"{""22"": 0.37751329247867893, ""23"": 0.5049271970372272, ""24"": 0.11445013921710587, ""25"": 0.003109371266988087}",shadow_trade,confidence_passed,72-73,True,True,False,False
2026-06-05,68.0,20.0,actual_high_f_converted_to_c,69.44116755502668,20.80064864168149,-1,2,21,20,21,0.5261507643138363,0.2084636133112582,0.5261507643138363,0.3053849248613155,0.0,False,"{""+1"": 0.22076583945252085, ""+2"": 0.026385830209269656, ""-1"": 0.2084636133112582, ""-2"": 0.008274770704472027, ""0"": 0.5261507643138363, ""<=-3"": 0.005038702904410666, "">=+3"": 0.0049204791042322905}","{""17"": 0.0013996396956696296, ""18"": 0.0036390632087410367, ""19"": 0.008274770704472027, ""20"": 0.2084636133112582, ""21"": 0.5261507643138363, ""22"": 0.22076583945252085, ""23"": 0.026385830209269656, ""24"": 0.0049204791042322905}",shadow_trade,confidence_passed,21,0.1977115729998837,False,0.9735229400991287,"{""20"": 0.1977115729998837, ""21"": 0.5089903321762442, ""22"": 0.2644904143809842, ""23"": 0.028807680442888006}",no_trade,top_two_margin_below_threshold,68-69,True,True,False,False
2026-06-06,71.6,22.0,actual_high_f_converted_to_c,72.08185003705914,22.267694465032857,0,3,22,22,22,0.3490755666440477,0.3490755666440477,0.3490755666440477,0.0644397337238565,0.0,False,"{""+1"": 0.28463583292019123, ""+2"": 0.043838398207583965, ""-1"": 0.2681465921662406, ""-2"": 0.042985569805864335, ""0"": 0.34907556664404776, ""<=-3"": 0.007537499895248101, "">=+3"": 0.003780540360823957}","{""18"": 0.0020937499709022503, ""19"": 0.00544374992434585, ""20"": 0.042985569805864335, ""21"": 0.2681465921662406, ""22"": 0.34907556664404776, ""23"": 0.28463583292019123, ""24"": 0.043838398207583965, ""25"": 0.0037805403608239564}",no_trade,top_probability_below_threshold,22,0.36724428414026766,True,0.5340366670286906,"{""20"": 0.015718431598031744, ""21"": 0.20719251022482207, ""22"": 0.36724428414026766, ""23"": 0.26516804216370526, ""24"": 0.14198496216597767, ""25"": 0.0026917697071955427}",no_trade,top_probability_below_threshold,72-73,True,True,True,True
2026-06-07,69.8,21.0,actual_high_f_converted_to_c,69.18227981425945,20.656822119033027,0,3,21,21,21,0.4135945953563654,0.4135945953563654,0.4135945953563654,0.1334133316895028,0.0,False,"{""+1"": 0.2801812636668626, ""+2"": 0.03899476012827758, ""-1"": 0.22457658908270545, ""-2"": 0.030597310514719925, ""0"": 0.41359459535636545, ""<=-3"": 0.006769992413847014, "">=+3"": 0.005285488837222101}","{""17"": 0.0018805534482908373, ""18"": 0.004889438965556177, ""19"": 0.030597310514719925, ""20"": 0.22457658908270545, ""21"": 0.41359459535636545, ""22"": 0.2801812636668626, ""23"": 0.03899476012827758, ""24"": 0.005285488837222101}",no_trade,top_probability_below_threshold,21,0.37435872617140276,True,0.5152400296670109,"{""19"": 0.1793406824827966, ""20"": 0.16576385023805482, ""21"": 0.37435872617140276, ""22"": 0.25167272449554856, ""23"": 0.028864016612197275}",no_trade,top_probability_below_threshold,68-69,False,False,True,True
2026-06-08,73.4,23.000000000000004,actual_high_f_converted_to_c,72.50961591097473,22.50534217276374,0,3,23,23,23,0.4645990518812248,0.4645990518812248,0.4645990518812248,0.1811411720691066,0.0,False,"{""+1"": 0.21865635948640985, ""+2"": 0.01945441075063408, ""-1"": 0.2834578798121181, ""-2"": 0.00663345271730797, ""0"": 0.46459905188122474, ""<=-3"": 0.0039490546115143995, "">=+3"": 0.0032497907407907393}","{""19"": 0.0010969596143095557, ""20"": 0.0028520949972048446, ""21"": 0.006633452717307971, ""22"": 0.2834578798121182, ""23"": 0.4645990518812248, ""24"": 0.21865635948640988, ""25"": 0.019454410750634085, ""26"": 0.0032497907407907397}",shadow_trade,confidence_passed,22,0.3505832709992959,False,0.6014743178313396,"{""21"": 0.08712941474392799, ""22"": 0.38607922649564375, ""23"": 0.3505832709992959, ""24"": 0.15007892877335138, ""25"": 0.023516243089002898, ""26"": 0.0026129158987781}",shadow_trade,confidence_passed,72-73,True,True,True,True
2026-06-09,71.6,22.0,actual_high_f_converted_to_c,72.05621472201373,22.25345262334097,0,3,22,22,22,0.6732350704518087,0.6732350704518087,0.6732350704518087,0.5172135376926581,0.0,False,"{""+1"": 0.13842675486996686, ""+2"": 0.01567756650968514, ""-1"": 0.15602153275915065, ""-2"": 0.010101344077392493, ""0"": 0.6732350704518087, ""<=-3"": 0.002829030750807538, "">=+3"": 0.003708700581188533}","{""18"": 0.000785841875224316, ""19"": 0.0020431888755832214, ""20"": 0.010101344077392493, ""21"": 0.15602153275915065, ""22"": 0.6732350704518087, ""23"": 0.13842675486996686, ""24"": 0.01567756650968514, ""25"": 0.0037087005811885327}",shadow_trade,confidence_passed,22,0.4358490242072998,True,0.5097469368626626,"{""22"": 0.4358490242072998, ""23"": 0.41146712540253416, ""24"": 0.14886515941281062, ""25"": 0.003818690977355394}",shadow_trade,confidence_passed,72-73,True,True,True,True
2026-06-10,71.6,22.0,actual_high_f_converted_to_c,71.20913540728937,21.782853004049645,0,3,22,22,22,0.6099448917713582,0.6099448917713582,0.6099448917713582,0.3721285564102276,0.0,False,"{""+1"": 0.23781633536113064, ""+2"": 0.024936569857088718, ""-1"": 0.11562283093881877, ""-2"": 0.006055040334066675, ""0"": 0.6099448917713582, ""<=-3"": 0.001956752463265209, "">=+3"": 0.003667579274271767}","{""18"": 0.0005435423509070026, ""19"": 0.0014132101123582065, ""20"": 0.006055040334066675, ""21"": 0.11562283093881877, ""22"": 0.6099448917713582, ""23"": 0.23781633536113064, ""24"": 0.024936569857088718, ""25"": 0.003667579274271767}",shadow_trade,confidence_passed,22,0.5397729847902736,True,0.30930354338415467,"{""21"": 0.18292603011874822, ""22"": 0.5397729847902736, ""23"": 0.2517539566703386, ""24"": 0.025547028420639592}",no_trade,top_two_margin_below_threshold,70-71,False,False,True,True
2026-06-11,78.8,26.0,actual_high_f_converted_to_c,77.25431713880572,25.14128729933651,1,4,25,26,25,0.5717432648372752,0.2290836231710712,0.5717432648372752,0.342659641666204,0.0,False,"{""+1"": 0.22908362317107125, ""+2"": 0.020169881498502584, ""-1"": 0.1728958420854143, ""-2"": 0.003029273544324363, ""0"": 0.5717432648372752, ""<=-3"": 0.0011747690514507523, "">=+3"": 0.0019033458119615248}","{""21"": 0.0003263247365140979, ""22"": 0.0008484443149366544, ""23"": 0.003029273544324363, ""24"": 0.1728958420854143, ""25"": 0.5717432648372752, ""26"": 0.22908362317107125, ""27"": 0.020169881498502584, ""28"": 0.0019033458119615248}",shadow_trade,confidence_passed,26,0.3905974559971582,True,0.5124271925722054,"{""24"": 0.24836036692912017, ""25"": 0.2657852152830915, ""26"": 0.3905974559971582, ""27"": 0.09342223061092925, ""28"": 0.0018347311797008434}",no_trade,top_two_margin_below_threshold,76-77,False,False,False,False
2026-06-12,78.8,26.0,actual_high_f_converted_to_c,78.42733941259871,25.79296634033262,0,3,26,26,26,0.4833001535486627,0.4833001535486627,0.4833001535486627,0.232068928496703,0.0,False,"{""+1"": 0.2512312250519596, ""+2"": 0.026491097010812054, ""-1"": 0.22365884823312174, ""-2"": 0.009414318945875523, ""0"": 0.4833001535486627, ""<=-3"": 0.0032591259970379287, "">=+3"": 0.0026452312125304057}","{""22"": 0.0009053127769549803, ""23"": 0.0023538132200829486, ""24"": 0.009414318945875525, ""25"": 0.22365884823312177, ""26"": 0.48330015354866274, ""27"": 0.25123122505195966, ""28"": 0.026491097010812058, ""29"": 0.002645231212530406}",shadow_trade,confidence_passed,26,0.4486683539488146,True,0.40445626009560953,"{""24"": 0.12469454723092895, ""25"": 0.17217092237074355, ""26"": 0.4486683539488146, ""27"": 0.23428821902324642, ""28"": 0.020177957426266446}",shadow_trade,confidence_passed,78-79,True,True,True,True
2026-06-13,80.6,27.0,actual_high_f_converted_to_c,81.36283200815754,27.423795560087523,0,3,27,27,27,0.5086668261141054,0.5086668261141054,0.5086668261141054,0.282505129167083,0.0,False,"{""+1"": 0.22009782913982423, ""+2"": 0.024537147023537317, ""-1"": 0.22616169694702234, ""-2"": 0.013203339116165782, ""0"": 0.5086668261141054, ""<=-3"": 0.004920503043835956, "">=+3"": 0.002412658615508949}","{""23"": 0.0013668064010655435, ""24"": 0.0035536966427704127, ""25"": 0.013203339116165782, ""26"": 0.22616169694702234, ""27"": 0.5086668261141054, ""28"": 0.22009782913982423, ""29"": 0.024537147023537317, ""30"": 0.002412658615508949}",shadow_trade,confidence_passed,27,0.39891189338608796,True,0.5117700850413892,"{""24"": 0.013323190990736688, ""25"": 0.01617816048875169, ""26"": 0.12730791330511187, ""27"": 0.39891189338608796, ""28"": 0.35525337635428583, ""29"": 0.08722631301926816, ""30"": 0.0017991524557577922}",no_trade,top_probability_below_threshold,80-81,True,True,True,True
2026-06-14,78.8,26.0,actual_high_f_converted_to_c,79.85457642149971,26.585875789722063,-1,2,27,26,27,0.5736342144924549,0.2571532954756962,0.5736342144924549,0.3164809190167586,0.0,False,"{""+1"": 0.15263233424064998, ""+2"": 0.0073138393257581565, ""-1"": 0.2571532954756962, ""-2"": 0.005191752152398972, ""0"": 0.5736342144924548, ""<=-3"": 0.0016595662544777179, "">=+3"": 0.0024149980585640904}","{""23"": 0.0004609906262438106, ""24"": 0.0011985756282339075, ""25"": 0.005191752152398973, ""26"": 0.25715329547569626, ""27"": 0.5736342144924549, ""28"": 0.15263233424065, ""29"": 0.007313839325758157, ""30"": 0.002414998058564091}",shadow_trade,confidence_passed,27,0.2749291987230811,False,0.8222888225183671,"{""26"": 0.2749291987230811, ""27"": 0.5092769557956381, ""28"": 0.1913074918423497, ""29"": 0.024486353638931115}",shadow_trade,confidence_passed,80-81,False,False,False,False
2026-06-15,71.6,22.0,actual_high_f_converted_to_c,70.01494018031791,21.119411211287726,1,4,21,22,21,0.7381838840690914,0.1083851223246077,0.7381838840690914,0.6086722240698799,0.0,False,"{""+1"": 0.10838512232460777, ""+2"": 0.011903443056839784, ""-1"": 0.12951165999921158, ""-2"": 0.006939959416401352, ""0"": 0.7381838840690915, ""<=-3"": 0.001922446545479129, "">=+3"": 0.003153484588368987}","{""17"": 0.000534012929299758, ""18"": 0.0013884336161793707, ""19"": 0.00693995941640135, ""20"": 0.12951165999921155, ""21"": 0.7381838840690914, ""22"": 0.10838512232460774, ""23"": 0.01190344305683978, ""24"": 0.003153484588368986}",shadow_trade,confidence_passed,21,0.38858081707020137,False,0.6292079128346447,"{""21"": 0.4917827472118005, ""22"": 0.38858081707020137, ""23"": 0.11624421696075704, ""24"": 0.0033922187572411337}",shadow_trade,confidence_passed,70-71,False,False,False,False
2026-06-16,78.8,26.0,actual_high_f_converted_to_c,79.5049916768192,26.391662042677336,0,3,26,26,26,0.452475856056058,0.452475856056058,0.452475856056058,0.1836735522802035,0.0,False,"{""+1"": 0.24521560721696717, ""+2"": 0.023833668060310256, ""-1"": 0.2688023037758544, ""-2"": 0.004070703456248382, ""0"": 0.45247585605605795, ""<=-3"": 0.003362085799346383, "">=+3"": 0.002239775635215285}","{""22"": 0.000933912722040662, ""23"": 0.0024281730773057213, ""24"": 0.004070703456248383, ""25"": 0.26880230377585446, ""26"": 0.452475856056058, ""27"": 0.2452156072169672, ""28"": 0.02383366806031026, ""29"": 0.0022397756352152856}",shadow_trade,confidence_passed,26,0.3769477432799011,True,0.5372813480959946,"{""24"": 0.06610204852104096, ""25"": 0.09709151096437255, ""26"": 0.3769477432799011, ""27"": 0.35239092342200556, ""28"": 0.10539125355245915, ""29"": 0.0020765202602207097}",no_trade,top_probability_below_threshold,78-79,True,True,True,True
2026-06-17,82.4,28.000000000000004,actual_high_f_converted_to_c,80.7811938011933,27.100663222885164,1,4,27,28,27,0.5718397370339077,0.1390079935535327,0.5718397370339077,0.2926674646666667,0.0,False,"{""+1"": 0.13900799355353274, ""+2"": 0.004410387663473161, ""-1"": 0.2791722723672409, ""-2"": 0.002503596666249775, ""0"": 0.5718397370339077, ""<=-3"": 0.0014067174839569332, "">=+3"": 0.001659295231638831}","{""23"": 0.00039075485665470366, ""24"": 0.0010159626273022295, ""25"": 0.002503596666249775, ""26"": 0.2791722723672409, ""27"": 0.5718397370339077, ""28"": 0.13900799355353274, ""29"": 0.004410387663473161, ""30"": 0.001659295231638831}",shadow_trade,confidence_passed,28,0.4682731194795149,True,0.479602064127431,"{""27"": 0.43334357922430816, ""28"": 0.4682731194795149, ""29"": 0.09524756241565291, ""30"": 0.0031357388805239926}",no_trade,top_two_margin_below_threshold,82-83,True,False,False,False
2026-06-18,78.8,26.0,actual_high_f_converted_to_c,76.01902296389898,24.45501275772165,2,5,24,26,24,0.4709051152343725,0.0592637439608152,0.4709051152343725,0.1757589155990055,0.0,False,"{""+1"": 0.295146199635367, ""+2"": 0.05926374396081528, ""-1"": 0.13070223743691736, ""-2"": 0.03398506943307834, ""0"": 0.4709051152343725, ""<=-3"": 0.0058235898029922436, "">=+3"": 0.004174044496457322}","{""20"": 0.001617663834164512, ""21"": 0.004205925968827732, ""22"": 0.03398506943307834, ""23"": 0.13070223743691736, ""24"": 0.4709051152343725, ""25"": 0.295146199635367, ""26"": 0.05926374396081528, ""27"": 0.004174044496457322}",shadow_trade,confidence_passed,24,0.24134763345333213,False,0.7657064851030695,"{""22"": 0.010553185840912974, ""23"": 0.19620644083787528, ""24"": 0.34398722950219884, ""25"": 0.18012745569995675, ""26"": 0.24134763345333213, ""27"": 0.027778054665724066}",no_trade,top_probability_below_threshold,76-77,False,False,False,False
2026-06-19,84.2,29.0,actual_high_f_converted_to_c,82.36706415030258,27.98170230572366,1,4,28,29,28,0.4573344857037308,0.2964472909002587,0.4573344857037308,0.160887194803472,0.0,False,"{""+1"": 0.2964472909002588, ""+2"": 0.028461531993967473, ""-1"": 0.20331375893132156, ""-2"": 0.009361502658082336, ""0"": 0.4573344857037309, ""<=-3"": 0.002670640027328421, "">=+3"": 0.002410789785310765}","{""24"": 0.0007418444520356724, ""25"": 0.0019287955752927482, ""26"": 0.009361502658082334, ""27"": 0.2033137589313215, ""28"": 0.4573344857037308, ""29"": 0.29644729090025873, ""30"": 0.028461531993967466, ""31"": 0.0024107897853107648}",no_trade,top_two_margin_below_threshold,28,0.2756705783774531,False,0.7580375331430296,"{""26"": 0.04477836041796173, ""27"": 0.24863650937942938, ""28"": 0.41139617624490527, ""29"": 0.2756705783774531, ""30"": 0.01756653802222545, ""31"": 0.00195183755802505}",shadow_trade,confidence_passed,82-83,False,False,False,False
2026-06-20,75.2,24.0,actual_high_f_converted_to_c,76.40647439627051,24.67026355348362,-1,2,25,24,25,0.5608215753364395,0.2376889385708901,0.5608215753364395,0.3231326367655493,0.0,False,"{""+1"": 0.17676467072759885, ""+2"": 0.01233395822521634, ""-1"": 0.2376889385708902, ""-2"": 0.00615991060479448, ""0"": 0.5608215753364395, ""<=-3"": 0.002986268135289682, "">=+3"": 0.0032446783997708826}","{""21"": 0.0008295189264693561, ""22"": 0.002156749208820326, ""23"": 0.0061599106047944795, ""24"": 0.23768893857089018, ""25"": 0.5608215753364395, ""26"": 0.17676467072759885, ""27"": 0.012333958225216338, ""28"": 0.003244678399770882}",shadow_trade,confidence_passed,24,0.5520743908520817,True,0.29153081526173324,"{""24"": 0.5520743908520817, ""25"": 0.20542972963548425, ""26"": 0.21945680983126908, ""27"": 0.02303906968116504}",shadow_trade,confidence_passed,76-77,False,False,False,False
2026-06-21,78.8,26.0,actual_high_f_converted_to_c,79.51946557766098,26.399703098700545,0,3,26,26,25,0.3809763893537718,0.2372656483824881,0.3809763893537718,0.0549364126145312,0.1437107409712837,False,"{""+1"": 0.32603997673924057, ""+2"": 0.02426975342595953, ""-1"": 0.3809763893537718, ""-2"": 0.021157722000694653, ""0"": 0.23726564838248812, ""<=-3"": 0.007205626116209562, "">=+3"": 0.003084883981635617}","{""22"": 0.002001562810058212, ""23"": 0.005204063306151351, ""24"": 0.021157722000694656, ""25"": 0.38097638935377187, ""26"": 0.23726564838248815, ""27"": 0.3260399767392406, ""28"": 0.024269753425959533, ""29"": 0.0030848839816356175}",no_trade,top_probability_below_threshold,27,0.3415312804814108,False,0.5922411616413505,"{""24"": 0.07563860053429004, ""25"": 0.12039982073714076, ""26"": 0.3415312804814108, ""27"": 0.3576216922532803, ""28"": 0.10268897072622127, ""29"": 0.00211963526765688}",no_trade,tail_allocation_ambiguous,80-81,False,True,True,False
2026-06-22,82.4,28.000000000000004,actual_high_f_converted_to_c,80.3416872035309,26.8564928908505,1,4,27,28,27,0.5012657073110339,0.2275760861645767,0.5012657073110339,0.2581187384230441,0.0,False,"{""+1"": 0.22757608616457675, ""+2"": 0.015971040638323268, ""-1"": 0.24314696888798978, ""-2"": 0.007077787930204522, ""0"": 0.5012657073110339, ""<=-3"": 0.0022065099311279197, "">=+3"": 0.0027558991367437682}","{""23"": 0.0006129194253133111, ""24"": 0.0015935905058146085, ""25"": 0.007077787930204521, ""26"": 0.24314696888798976, ""27"": 0.5012657073110339, ""28"": 0.22757608616457672, ""29"": 0.015971040638323268, ""30"": 0.0027558991367437682}",shadow_trade,confidence_passed,27,0.24506561914248176,False,0.8823335565195403,"{""26"": 0.21953609519968018, ""27"": 0.513550599892546, ""28"": 0.24506561914248176, ""29"": 0.02184768576529204}",shadow_trade,confidence_passed,80-81,False,False,False,False
2026-06-23,73.4,23.000000000000004,actual_high_f_converted_to_c,74.0296680956872,23.34981560871511,0,3,23,23,23,0.4236340093352104,0.4236340093352104,0.4236340093352104,0.1670297224223488,0.0,False,"{""+1"": 0.24555459566853785, ""+2"": 0.0280226111301119, ""-1"": 0.25660428691286163, ""-2"": 0.03523457161900478, ""0"": 0.42363400933521045, ""<=-3"": 0.005954033963055383, "">=+3"": 0.004995891371218036}","{""19"": 0.0016538983230709398, ""20"": 0.004300135639984443, ""21"": 0.03523457161900478, ""22"": 0.25660428691286163, ""23"": 0.42363400933521045, ""24"": 0.24555459566853785, ""25"": 0.0280226111301119, ""26"": 0.004995891371218036}",no_trade,top_probability_below_threshold,23,0.35712731397945974,True,0.5714438024241013,"{""22"": 0.21773767180081505, ""23"": 0.35712731397945974, ""24"": 0.32378971022445585, ""25"": 0.07033996629590467, ""26"": 0.031005337699364754}",no_trade,top_two_margin_below_threshold,72-73,True,False,True,True
2026-06-24,77.0,25.0,actual_high_f_converted_to_c,77.94021854069032,25.522343633716847,-1,2,26,25,26,0.4771739398439346,0.2764649182983552,0.4771739398439346,0.2007090215455794,0.0,False,"{""+1"": 0.21604430730545923, ""+2"": 0.012265250770783604, ""-1"": 0.27646491829835523, ""-2"": 0.013582217865887985, ""0"": 0.47717393984393464, ""<=-3"": 0.00269817892518398, "">=+3"": 0.001771186990395229}","{""22"": 0.0007494941458844388, ""23"": 0.001948684779299541, ""24"": 0.013582217865887985, ""25"": 0.27646491829835523, ""26"": 0.47717393984393464, ""27"": 0.21604430730545923, ""28"": 0.012265250770783604, ""29"": 0.001771186990395229}",shadow_trade,confidence_passed,26,0.21084102987681239,False,0.8478983422151986,"{""24"": 0.16307351568535483, ""25"": 0.21084102987681239, ""26"": 0.3873906625340927, ""27"": 0.21928328367929906, ""28"": 0.01941150822444097}",no_trade,top_probability_below_threshold,78-79,False,False,False,False
2026-06-25,71.6,22.0,actual_high_f_converted_to_c,72.05471659180643,22.252620328781347,0,3,22,22,22,0.7139148792551828,0.7139148792551828,0.7139148792551828,0.5508827392340505,0.0,False,"{""+1"": 0.09504977690575744, ""+2"": 0.010598595206680675, ""-1"": 0.16303214002113234, ""-2"": 0.0101877412611977, ""0"": 0.7139148792551828, ""<=-3"": 0.003785343159281362, "">=+3"": 0.0034315241907676174}","{""18"": 0.0010514842109114895, ""19"": 0.0027338589483698727, ""20"": 0.0101877412611977, ""21"": 0.16303214002113234, ""22"": 0.7139148792551828, ""23"": 0.09504977690575744, ""24"": 0.010598595206680675, ""25"": 0.0034315241907676174}",shadow_trade,confidence_passed,22,0.4700726732777065,True,0.4669820600985701,"{""22"": 0.4700726732777065, ""23"": 0.41758866022746166, ""24"": 0.1084608781951832, ""25"": 0.003877788299648618}",shadow_trade,confidence_passed,72-73,True,True,True,True
2026-06-26,82.4,28.000000000000004,actual_high_f_converted_to_c,82.41459428383422,28.008107935463457,0,3,28,28,28,0.491987667184664,0.491987667184664,0.491987667184664,0.2198095148282047,0.0,False,"{""+1"": 0.20435206662676791, ""+2"": 0.01838089558887537, ""-1"": 0.27217815235645926, ""-2"": 0.008317442511035611, ""0"": 0.4919876671846641, ""<=-3"": 0.002664017815187435, "">=+3"": 0.002119757917010414}","{""24"": 0.0007400049486631765, ""25"": 0.0019240128665242587, ""26"": 0.008317442511035611, ""27"": 0.27217815235645926, ""28"": 0.491987667184664, ""29"": 0.2043520666267679, ""30"": 0.01838089558887537, ""31"": 0.002119757917010414}",shadow_trade,confidence_passed,28,0.4627568412281966,True,0.4241731362605802,"{""27"": 0.221207096325798, ""28"": 0.4627568412281966, ""29"": 0.2935938518408924, ""30"": 0.020197989544601714, ""31"": 0.002244221060511301}",shadow_trade,confidence_passed,82-83,True,True,True,True
2026-06-27,73.4,23.000000000000004,actual_high_f_converted_to_c,75.86416488548477,24.368980491935982,-1,2,24,23,24,0.6112860320567156,0.2034634234255667,0.6112860320567156,0.4078226086311488,0.0,False,"{""+1"": 0.146580743747216, ""+2"": 0.014208439529133097, ""-1"": 0.20346342342556678, ""-2"": 0.015002892399095025, ""0"": 0.6112860320567156, ""<=-3"": 0.006298968008860095, "">=+3"": 0.0031595008334133687}","{""20"": 0.0017497133357944708, ""21"": 0.004549254673065624, ""22"": 0.015002892399095023, ""23"": 0.20346342342556675, ""24"": 0.6112860320567156, ""25"": 0.146580743747216, ""26"": 0.014208439529133095, ""27"": 0.0031595008334133682}",shadow_trade,confidence_passed,24,0.191950708524062,False,0.9323759996574633,"{""23"": 0.191950708524062, ""24"": 0.4834469759371024, ""25"": 0.1352577152795365, ""26"": 0.1635599815162794, ""27"": 0.02578461874301971}",no_trade,top_probability_below_threshold,76-77,False,False,False,False
2026-06-28,75.2,24.0,actual_high_f_converted_to_c,75.46583677456076,24.1476870969782,0,3,24,24,24,0.6063156549785282,0.6063156549785282,0.6063156549785282,0.4137338627468784,0.0,False,"{""+1"": 0.16436910627377496, ""+2"": 0.019710801419597697, ""-1"": 0.19258179223164978, ""-2"": 0.007486278523119003, ""0"": 0.6063156549785281, ""<=-3"": 0.004328473069736604, "">=+3"": 0.0052078935035936285}","{""20"": 0.0012023536304823902, ""21"": 0.0031261194392542143, ""22"": 0.007486278523119005, ""23"": 0.19258179223164984, ""24"": 0.6063156549785282, ""25"": 0.164369106273775, ""26"": 0.0197108014195977, ""27"": 0.005207893503593629}",shadow_trade,confidence_passed,24,0.6228464260584354,True,0.20237599032074385,"{""24"": 0.6228464260584354, ""25"": 0.1840145120501057, ""26"": 0.15828858280434832, ""27"": 0.03485047908711054}",no_trade,top_two_margin_below_threshold,76-77,False,False,True,True
2026-06-29,77.0,25.0,actual_high_f_converted_to_c,75.70574690586145,24.28097050325636,1,4,24,25,23,0.3834165094268688,0.2530213271042635,0.3834165094268688,0.0816837292876311,0.0816837292876311,False,"{""+1"": 0.2530213271042635, ""+2"": 0.017081088290437318, ""-1"": 0.3834165094268688, ""-2"": 0.03507146543688866, ""0"": 0.3017327801392376, ""<=-3"": 0.0066128371985696415, "">=+3"": 0.003063992403734532}","{""20"": 0.0018368992218249006, ""21"": 0.004775937976744741, ""22"": 0.03507146543688866, ""23"": 0.3834165094268688, ""24"": 0.3017327801392376, ""25"": 0.2530213271042635, ""26"": 0.017081088290437318, ""27"": 0.003063992403734532}",no_trade,top_probability_below_threshold,24,0.09080290322017379,False,1.1040918041474084,"{""22"": 0.023930219048723358, ""23"": 0.32523936071588755, ""24"": 0.3847312999183478, ""25"": 0.09080290322017379, ""26"": 0.14976328870130343, ""27"": 0.02553292839556402}",no_trade,top_probability_below_threshold,74-75,False,True,False,False
2026-06-30,80.6,27.0,actual_high_f_converted_to_c,80.46654638030242,26.92585910016801,0,3,27,27,27,0.4273369275587638,0.4273369275587638,0.4273369275587638,0.1294339650704051,0.0,False,"{""+1"": 0.29790296248835874, ""+2"": 0.030824700528912154, ""-1"": 0.22176751911644532, ""-2"": 0.012026131373624734, ""0"": 0.42733692755876385, ""<=-3"": 0.00703531082939646, "">=+3"": 0.003106448104498721}","{""23"": 0.0019542530081656834, ""24"": 0.005081057821230777, ""25"": 0.012026131373624734, ""26"": 0.22176751911644532, ""27"": 0.42733692755876385, ""28"": 0.29790296248835874, ""29"": 0.030824700528912154, ""30"": 0.003106448104498721}",no_trade,top_two_margin_below_threshold,27,0.3986884163239566,True,0.49377728612164495,"{""25"": 0.02093808553054325, ""26"": 0.26227857635033436, ""27"": 0.3986884163239566, ""28"": 0.2388238966458634, ""29"": 0.07701471198680003, ""30"": 0.0022563131625024206}",no_trade,top_probability_below_threshold,80-81,True,True,True,True
2026-07-01,80.6,27.0,actual_high_f_converted_to_c,81.65198162997383,27.58443423887435,-1,2,28,27,28,0.4665555561220383,0.3706885081124,0.4665555561220383,0.0958670480096383,0.0,False,"{""+1"": 0.12305551836906764, ""+2"": 0.010417662677662896, ""-1"": 0.37068850811240006, ""-2"": 0.016579153601058768, ""0"": 0.46655555612203836, ""<=-3"": 0.010399497087592134, "">=+3"": 0.002304104030180098}","{""24"": 0.002888749190997815, ""25"": 0.007510747896594319, ""26"": 0.016579153601058768, ""27"": 0.37068850811240006, ""28"": 0.46655555612203836, ""29"": 0.12305551836906764, ""30"": 0.010417662677662896, ""31"": 0.002304104030180098}",no_trade,top_two_margin_below_threshold,27,0.4047669060841572,True,0.4816124418653553,"{""25"": 0.00954142335645051, ""26"": 0.1281162334102224, ""27"": 0.4047669060841572, ""28"": 0.30511807084700715, ""29"": 0.13174340462236742, ""30"": 0.018642565511815774, ""31"": 0.0020713961679795305}",no_trade,top_two_margin_below_threshold,80-81,True,False,False,False
2026-07-02,75.2,24.0,actual_high_f_converted_to_c,75.56717009396357,24.20398338553532,0,3,24,24,24,0.6034015977745694,0.6034015977745694,0.6034015977745694,0.3617599779745577,0.0,False,"{""+1"": 0.12733393551347494, ""+2"": 0.013390348804070237, ""-1"": 0.24164161980001164, ""-2"": 0.005606011561472221, ""0"": 0.6034015977745693, ""<=-3"": 0.005295560326230239, "">=+3"": 0.003330926220171397}","{""20"": 0.0014709889795084, ""21"": 0.00382457134672184, ""22"": 0.005606011561472222, ""23"": 0.24164161980001167, ""24"": 0.6034015977745694, ""25"": 0.12733393551347497, ""26"": 0.013390348804070239, ""27"": 0.0033309262201713973}",shadow_trade,confidence_passed,24,0.6505908047996093,True,0.17360648335067563,"{""24"": 0.6505908047996093, ""25"": 0.14854198646930766, ""26"": 0.16855540023196994, ""27"": 0.032311808499113095}",no_trade,top_two_margin_below_threshold,76-77,False,False,True,True
2026-07-03,78.8,26.0,actual_high_f_converted_to_c,76.63505980105037,24.797255445027982,1,4,25,26,25,0.6104068063075839,0.1834832252993259,0.6104068063075839,0.426923581008258,0.0,False,"{""+1"": 0.1834832252993259, ""+2"": 0.017229509630740325, ""-1"": 0.18030165250151345, ""-2"": 0.003180521139082183, ""0"": 0.6104068063075839, ""<=-3"": 0.002316422616823967, "">=+3"": 0.0030818625049303405}","{""21"": 0.0006434507268955464, ""22"": 0.0016729718899284208, ""23"": 0.003180521139082183, ""24"": 0.18030165250151345, ""25"": 0.6104068063075839, ""26"": 0.1834832252993259, ""27"": 0.017229509630740325, ""28"": 0.0030818625049303405}",shadow_trade,confidence_passed,24,0.28163445964762746,False,0.7333340980549274,"{""24"": 0.3742217542269952, ""25"": 0.2680092985570085, ""26"": 0.28163445964762746, ""27"": 0.07353492583963367, ""28"": 0.0025995617287351024}",shadow_trade,confidence_passed,76-77,False,False,False,False
2026-07-04,82.4,28.000000000000004,actual_high_f_converted_to_c,77.94412243976673,25.52451246653707,2,5,26,28,26,0.4834894570966301,0.0102732138092613,0.4834894570966301,0.1469091428254151,0.0,False,"{""+1"": 0.1374399153303854, ""+2"": 0.010273213809261312, ""-1"": 0.33658031427121493, ""-2"": 0.024012901012279486, ""0"": 0.48348945709663016, ""<=-3"": 0.005711994964882171, "">=+3"": 0.0024922035153465676}","{""22"": 0.0015866652680228252, ""23"": 0.004125329696859346, ""24"": 0.024012901012279483, ""25"": 0.33658031427121493, ""26"": 0.4834894570966301, ""27"": 0.1374399153303854, ""28"": 0.010273213809261312, ""29"": 0.0024922035153465676}",no_trade,top_two_margin_below_threshold,26,0.02262705544796357,False,1.2133635689994402,"{""24"": 0.2091293381596238, ""25"": 0.22180455215517678, ""26"": 0.3623136818748056, ""27"": 0.18412537236243026, ""28"": 0.02262705544796357}",no_trade,top_probability_below_threshold,78-79,False,False,False,False
2026-07-05,78.8,26.0,actual_high_f_converted_to_c,78.22415088988132,25.68008382771184,0,3,26,26,26,0.561525024444489,0.561525024444489,0.561525024444489,0.290634202294415,0.0,False,"{""+1"": 0.1435131256074499, ""+2"": 0.00899525126971075, ""-1"": 0.27089082215007393, ""-2"": 0.010128313746159188, ""0"": 0.5615250244444889, ""<=-3"": 0.0022363712250556, "">=+3"": 0.0027110915570615615}","{""22"": 0.0006212142291821113, ""23"": 0.0016151569958734891, ""24"": 0.01012831374615919, ""25"": 0.270890822150074, ""26"": 0.561525024444489, ""27"": 0.14351312560744992, ""28"": 0.008995251269710751, ""29"": 0.002711091557061562}",shadow_trade,confidence_passed,26,0.5349794351673776,True,0.3158193610536334,"{""25"": 0.24159760451430118, ""26"": 0.5349794351673776, ""27"": 0.20184172821893365, ""28"": 0.021581232099387643}",shadow_trade,confidence_passed,78-79,True,True,True,True
2026-07-06,78.8,26.0,actual_high_f_converted_to_c,77.83776541961964,25.465425233122023,1,4,25,26,25,0.6863785979081876,0.0948357697570272,0.6863785979081876,0.4807378086059364,0.0,False,"{""+1"": 0.0948357697570272, ""+2"": 0.005726115545973791, ""-1"": 0.20564078930225113, ""-2"": 0.0033517106402625165, ""0"": 0.6863785979081874, ""<=-3"": 0.0021122671883180293, "">=+3"": 0.0019547496579797982}","{""21"": 0.0005867408856438972, ""22"": 0.0015255263026741324, ""23"": 0.003351710640262517, ""24"": 0.20564078930225116, ""25"": 0.6863785979081876, ""26"": 0.09483576975702722, ""27"": 0.005726115545973792, ""28"": 0.0019547496579797987}",shadow_trade,confidence_passed,26,0.5312523215602982,True,0.3274770004033435,"{""25"": 0.28594192069608154, ""26"": 0.5312523215602982, ""27"": 0.1595235799004243, ""28"": 0.023282177843195914}",shadow_trade,confidence_passed,78-79,True,True,False,False
2026-07-07,75.2,24.0,actual_high_f_converted_to_c,77.42403782057127,25.23557656698404,-1,2,25,24,25,0.3979618335990745,0.364003648510953,0.3979618335990745,0.0339581850881214,0.0,False,"{""+1"": 0.19836716465978663, ""+2"": 0.014229821764710875, ""-1"": 0.36400364851095307, ""-2"": 0.016199115420811764, ""0"": 0.39796183359907455, ""<=-3"": 0.005947611491991742, "">=+3"": 0.003290804552671444}","{""21"": 0.0016521143033310392, ""22"": 0.004295497188660702, ""23"": 0.016199115420811764, ""24"": 0.36400364851095307, ""25"": 0.3979618335990745, ""26"": 0.1983671646597866, ""27"": 0.014229821764710873, ""28"": 0.0032908045526714434}",no_trade,top_probability_below_threshold,24,0.3569315615772664,True,0.5826329619256295,"{""24"": 0.3569315615772664, ""25"": 0.22907816021239424, ""26"": 0.3319970791270993, ""27"": 0.07995580286383655, ""28"": 0.002037396219403443}",shadow_trade,confidence_passed,76-77,False,False,False,False
2026-07-08,82.4,28.000000000000004,actual_high_f_converted_to_c,82.96998506651465,28.31665837028592,0,3,28,28,28,0.3810131725350115,0.3810131725350115,0.3810131725350115,0.0145342066910034,0.0,False,"{""+1"": 0.2062872048355256, ""+2"": 0.01071518137892187, ""-1"": 0.36647896584400796, ""-2"": 0.027491483049455364, ""0"": 0.38101317253501144, ""<=-3"": 0.006349979144254945, "">=+3"": 0.0016640132128227267}","{""24"": 0.001763883095626374, ""25"": 0.004586096048628572, ""26"": 0.027491483049455367, ""27"": 0.366478965844008, ""28"": 0.3810131725350115, ""29"": 0.20628720483552562, ""30"": 0.010715181378921872, ""31"": 0.0016640132128227269}",no_trade,top_probability_below_threshold,28,0.3873642801698109,True,0.5148570857442943,"{""26"": 0.014554203501099466, ""27"": 0.23288322269967313, ""28"": 0.3873642801698109, ""29"": 0.2843441206616648, ""30"": 0.06242552597283185, ""31"": 0.018428646994919886}",no_trade,top_probability_below_threshold,82-83,True,True,True,True
2026-07-09,86.0,30.0,actual_high_f_converted_to_c,86.39010720436991,30.216726224649943,0,3,30,30,30,0.5128097512834625,0.5128097512834625,0.5128097512834625,0.2257172606350664,0.0,False,"{""+1"": 0.17342707416509795, ""+2"": 0.011330021714673679, ""-1"": 0.28709249064839604, ""-2"": 0.009731685550437458, ""0"": 0.5128097512834625, ""<=-3"": 0.0037049814260208262, "">=+3"": 0.001903995211911549}","{""26"": 0.0010291615072280074, ""27"": 0.002675819918792819, ""28"": 0.009731685550437458, ""29"": 0.28709249064839604, ""30"": 0.5128097512834625, ""31"": 0.17342707416509795, ""32"": 0.011330021714673679, ""33"": 0.001903995211911549}",shadow_trade,confidence_passed,31,0.24925739513735218,False,0.8031368682714849,"{""29"": 0.31205216186980134, ""30"": 0.24925739513735218, ""31"": 0.3712128775483841, ""32"": 0.06591211337828112, ""33"": 0.0015654520661812592}",shadow_trade,confidence_passed,86-87,True,True,True,True
2026-07-10,86.0,30.0,actual_high_f_converted_to_c,87.90557228376531,31.058651268758503,-1,2,31,30,31,0.5806624682189623,0.2664762248608817,0.5806624682189623,0.3141862433580805,0.0,False,"{""+1"": 0.13921868922326647, ""+2"": 0.004866065623662293, ""-1"": 0.26647622486088174, ""-2"": 0.006188862463338164, ""0"": 0.5806624682189623, ""<=-3"": 0.0013294304551554341, "">=+3"": 0.001258259154733637}","{""27"": 0.0003692862375431762, ""28"": 0.000960144217612258, ""29"": 0.006188862463338164, ""30"": 0.26647622486088174, ""31"": 0.5806624682189623, ""32"": 0.13921868922326647, ""33"": 0.004866065623662293, ""34"": 0.001258259154733637}",shadow_trade,confidence_passed,31,0.12149923271487882,False,1.154316808623556,"{""30"": 0.12149923271487882, ""31"": 0.5518349251157638, ""32"": 0.27477096805431206, ""33"": 0.05029699619395032, ""34"": 0.0015978779210950758}",no_trade,top_two_margin_below_threshold,88-89,False,False,False,False
2026-07-11,86.0,30.0,actual_high_f_converted_to_c,85.26152220722904,29.58973455957169,0,3,30,30,30,0.5822958519060508,0.5822958519060508,0.5822958519060508,0.3462461196941112,0.0,False,"{""+1"": 0.1602173777208853, ""+2"": 0.00837907397226771, ""-1"": 0.23604973221193962, ""-2"": 0.007959385959671167, ""0"": 0.5822958519060508, ""<=-3"": 0.0028578037429022336, "">=+3"": 0.0022407744862832438}","{""26"": 0.0007938343730283982, ""27"": 0.0020639693698738353, ""28"": 0.007959385959671167, ""29"": 0.23604973221193962, ""30"": 0.5822958519060508, ""31"": 0.1602173777208853, ""32"": 0.00837907397226771, ""33"": 0.0022407744862832438}",shadow_trade,confidence_passed,29,0.24555933118343998,False,0.8879038291377843,"{""29"": 0.5216995500045033, ""30"": 0.24555933118343998, ""31"": 0.21503279054226596, ""32"": 0.01770832826979085}",shadow_trade,confidence_passed,84-85,False,False,True,True
2026-07-12,84.2,29.0,actual_high_f_converted_to_c,84.55212657358561,29.19562587421423,0,3,29,29,29,0.5645236700215661,0.5645236700215661,0.5645236700215661,0.2930704932065433,0.0,False,"{""+1"": 0.14940535503333466, ""+2"": 0.007101008293633021, ""-1"": 0.2714531768150228, ""-2"": 0.003072050273115301, ""0"": 0.5645236700215661, ""<=-3"": 0.002589100856189796, "">=+3"": 0.0018556387071382674}","{""25"": 0.0007191946822749434, ""26"": 0.0018699061739148525, ""27"": 0.0030720502731153006, ""28"": 0.2714531768150228, ""29"": 0.5645236700215661, ""30"": 0.14940535503333466, ""31"": 0.0071010082936330205, ""32"": 0.0018556387071382672}",shadow_trade,confidence_passed,29,0.5249116569216011,True,0.30071096277071296,"{""28"": 0.20969906535376204, ""29"": 0.5249116569216011, ""30"": 0.11600933264062058, ""31"": 0.13131585785570168, ""32"": 0.01806408722831446}",shadow_trade,confidence_passed,84-85,True,True,True,True
2026-07-13,82.4,28.000000000000004,actual_high_f_converted_to_c,84.93067575903565,29.405930977242026,-1,2,29,28,29,0.4913727038101262,0.3448001618618401,0.4913727038101262,0.1465725419482861,0.0,False,"{""+1"": 0.1344766686227097, ""+2"": 0.004502798398901533, ""-1"": 0.34480016186184015, ""-2"": 0.01770155667419404, ""0"": 0.49137270381012627, ""<=-3"": 0.005334508687209198, "">=+3"": 0.0018116019450191356}","{""25"": 0.0014818079686692218, ""26"": 0.0038527007185399764, ""27"": 0.01770155667419404, ""28"": 0.34480016186184015, ""29"": 0.49137270381012627, ""30"": 0.1344766686227097, ""31"": 0.004502798398901533, ""32"": 0.0018116019450191356}",no_trade,top_two_margin_below_threshold,29,0.22317675804190507,False,0.8795138109824093,"{""28"": 0.22317675804190507, ""29"": 0.48926919478785946, ""30"": 0.12756533082439456, ""31"": 0.1416547525133388, ""32"": 0.01833396383250212}",shadow_trade,confidence_passed,84-85,False,False,False,False
2026-07-14,93.2,34.0,actual_high_f_converted_to_c,92.76731148239352,33.759617490218616,0,3,34,34,34,0.5382343590787608,0.5382343590787608,0.5382343590787608,0.2039159371790244,0.0,False,"{""+1"": 0.11799657317018523, ""+2"": 0.0028254149201052156, ""-1"": 0.3343184218997364, ""-2"": 0.0039250430470078035, ""0"": 0.5382343590787608, ""<=-3"": 0.0017173501883882562, "">=+3"": 0.0009828376958163068}","{""30"": 0.0004770417189967379, ""31"": 0.0012403084693915184, ""32"": 0.0039250430470078035, ""33"": 0.3343184218997364, ""34"": 0.5382343590787608, ""35"": 0.11799657317018523, ""36"": 0.0028254149201052156, ""37"": 0.0009828376958163068}",shadow_trade,confidence_passed,33,0.4158697294596335,False,0.5485542824032714,"{""33"": 0.44277338581394377, ""34"": 0.4158697294596335, ""35"": 0.09729367686458121, ""36"": 0.042780044296388035, ""37"": 0.0012831635654534474}",shadow_trade,confidence_passed,92-93,True,True,True,True
2026-07-15,91.4,33.0,actual_high_f_converted_to_c,91.1468622219936,32.859367901107554,0,3,33,33,33,0.575925045026739,0.575925045026739,0.575925045026739,0.3191619128503524,0.0,False,"{""+1"": 0.14726179752077354, ""+2"": 0.0068744656639029905, ""-1"": 0.25676313217638663, ""-2"": 0.00982137226852586, ""0"": 0.575925045026739, ""<=-3"": 0.0019075123374505665, "">=+3"": 0.0014466750062213291}","{""29"": 0.0005298645381807129, ""30"": 0.0013776477992698535, ""31"": 0.00982137226852586, ""32"": 0.25676313217638663, ""33"": 0.575925045026739, ""34"": 0.14726179752077354, ""35"": 0.00687446566390299, ""36"": 0.0014466750062213291}",shadow_trade,confidence_passed,33,0.5289479970727504,True,0.3293716351131469,"{""32"": 0.26975729036361906, ""33"": 0.5289479970727504, ""34"": 0.18578306937395422, ""35"": 0.013960478870708717, ""36"": 0.0015511643189676356}",shadow_trade,confidence_passed,90-91,True,True,True,True
2026-07-16,91.4,33.0,actual_high_f_converted_to_c,90.2146800826186,32.34148893478811,1,4,32,33,32,0.3923416800033389,0.2150611655166747,0.3923416800033389,0.0749918321953313,0.0,False,"{""+1"": 0.2150611655166747, ""+2"": 0.018273264043299736, ""-1"": 0.31734984780800757, ""-2"": 0.04598656184296135, ""0"": 0.3923416800033389, ""<=-3"": 0.008714686627279252, "">=+3"": 0.0022727941584385247}","{""28"": 0.002420746285355348, ""29"": 0.006293940341923905, ""30"": 0.04598656184296135, ""31"": 0.31734984780800757, ""32"": 0.3923416800033389, ""33"": 0.2150611655166747, ""34"": 0.018273264043299736, ""35"": 0.0022727941584385247}",no_trade,top_probability_below_threshold,32,0.31373994616115686,False,0.6455045777729351,"{""29"": 0.021207752848291593, ""30"": 0.025752271315782647, ""31"": 0.20767456899957143, ""32"": 0.3525773011381828, ""33"": 0.31373994616115686, ""34"": 0.07743834073394151, ""35"": 0.001609818803073129}",no_trade,tail_allocation_ambiguous,90-91,True,True,False,False
2026-07-17,89.6,32.0,actual_high_f_converted_to_c,89.79240760143894,32.10689311191052,0,3,32,32,32,0.5875577607882624,0.5875577607882624,0.5875577607882624,0.3024402894502661,0.0,False,"{""+1"": 0.11786941165511446, ""+2"": 0.0030027074945631225, ""-1"": 0.28511747133799625, ""-2"": 0.003775424703816531, ""0"": 0.5875577607882624, ""<=-3"": 0.0014015798150548442, "">=+3"": 0.001275644205192398}","{""28"": 0.0003893277264041234, ""29"": 0.0010122520886507208, ""30"": 0.003775424703816531, ""31"": 0.28511747133799625, ""32"": 0.5875577607882624, ""33"": 0.11786941165511446, ""34"": 0.0030027074945631225, ""35"": 0.001275644205192398}",shadow_trade,confidence_passed,32,0.47637310103190056,True,0.47058365663422375,"{""32"": 0.47637310103190056, ""33"": 0.4346591684346103, ""34"": 0.08639034489023993, ""35"": 0.002577385643249183}",shadow_trade,confidence_passed,90-91,True,True,True,True
2026-07-18,84.2,29.0,actual_high_f_converted_to_c,86.20931725976021,30.11628736653345,-1,2,30,29,30,0.4541142532677114,0.3986130073435717,0.4541142532677114,0.0555012459241396,0.0,False,"{""+1"": 0.08291264473201901, ""+2"": 0.00845252036135858, ""-1"": 0.39861300734357175, ""-2"": 0.038834895475022176, ""0"": 0.45411425326771143, ""<=-3"": 0.014425294626918325, "">=+3"": 0.0026473841933988113}","{""26"": 0.004007026285255091, ""27"": 0.010418268341663234, ""28"": 0.038834895475022176, ""29"": 0.39861300734357175, ""30"": 0.45411425326771143, ""31"": 0.08291264473201901, ""32"": 0.00845252036135858, ""33"": 0.0026473841933988113}",no_trade,top_two_margin_below_threshold,29,0.5029281778474095,True,0.3426191411620752,"{""29"": 0.5029281778474095, ""30"": 0.20016966465780284, ""31"": 0.2249119202816353, ""32"": 0.06986384402535871, ""33"": 0.00212639318779371}",shadow_trade,confidence_passed,84-85,True,False,False,False
2026-07-19,89.6,32.0,actual_high_f_converted_to_c,89.21739598326474,31.78744221292485,0,3,32,32,32,0.6391654692078536,0.6391654692078536,0.6391654692078536,0.4297291481265447,0.0,False,"{""+1"": 0.13586975711769675, ""+2"": 0.0074189877724839945, ""-1"": 0.20943632108130886, ""-2"": 0.004722264195121451, ""0"": 0.6391654692078536, ""<=-3"": 0.001623356789247078, "">=+3"": 0.0017638438362882715}","{""28"": 0.0004509324414575216, ""29"": 0.001172424347789556, ""30"": 0.004722264195121451, ""31"": 0.20943632108130883, ""32"": 0.6391654692078536, ""33"": 0.13586975711769675, ""34"": 0.007418987772483994, ""35"": 0.0017638438362882712}",shadow_trade,confidence_passed,32,0.5461850603223822,True,0.3043092326564782,"{""31"": 0.2535095842212394, ""32"": 0.5461850603223822, ""33"": 0.18391724714032082, ""34"": 0.01638810831605753}",shadow_trade,confidence_passed,88-89,False,False,True,True
2026-07-20,95.0,35.0,actual_high_f_converted_to_c,93.40479412982212,34.113774516567844,1,4,34,35,34,0.5874009360848341,0.178846047411822,0.5874009360848341,0.3751231298691043,0.0,False,"{""+1"": 0.17884604741182206, ""+2"": 0.01123488488715879, ""-1"": 0.21227780621572973, ""-2"": 0.006668731875367649, ""0"": 0.587400936084834, ""<=-3"": 0.00228117120086424, "">=+3"": 0.001290422324223327}","{""30"": 0.0006336586669067334, ""31"": 0.001647512533957507, ""32"": 0.0066687318753676506, ""33"": 0.21227780621572978, ""34"": 0.5874009360848341, ""35"": 0.17884604741182208, ""36"": 0.011234884887158791, ""37"": 0.0012904223242233273}",shadow_trade,confidence_passed,34,0.1397766814414183,False,1.0519985355193304,"{""32"": 0.04337257999859708, ""33"": 0.2794446726507756, ""34"": 0.4782133314705833, ""35"": 0.1397766814414183, ""36"": 0.05791589808939063, ""37"": 0.0012768363492351267}",shadow_trade,confidence_passed,92-93,False,False,False,False
2026-07-21,93.2,34.0,actual_high_f_converted_to_c,93.76969594666149,34.31649774814527,0,3,34,34,34,0.4839765114947316,0.4839765114947316,0.4839765114947316,0.1143819800171329,0.0,False,"{""+1"": 0.13167601298426398, ""+2"": 0.00416198972187507, ""-1"": 0.36959453147759874, ""-2"": 0.0072561497667021895, ""0"": 0.48397651149473164, ""<=-3"": 0.0022317475460773553, "">=+3"": 0.0011030570087510636}","{""30"": 0.0006199298739103765, ""31"": 0.0016118176721669787, ""32"": 0.0072561497667021895, ""33"": 0.36959453147759874, ""34"": 0.48397651149473164, ""35"": 0.13167601298426398, ""36"": 0.00416198972187507, ""37"": 0.0011030570087510636}",no_trade,top_two_margin_below_threshold,34,0.508079401638312,True,0.32331928773760404,"{""33"": 0.2166813243993903, ""34"": 0.508079401638312, ""35"": 0.1310775821000834, ""36"": 0.13043316838753102, ""37"": 0.013728523474683264}",no_trade,top_two_margin_below_threshold,92-93,True,False,True,True
2026-07-22,93.2,34.0,actual_high_f_converted_to_c,94.55263189664517,34.75146216480287,-1,2,35,34,35,0.5690914567669181,0.2793000999621337,0.5690914567669181,0.2897913568047844,0.0,False,"{""+1"": 0.14300779091852994, ""+2"": 0.0040610118297161315, ""-1"": 0.27930009996213373, ""-2"": 0.00230162868411965, ""0"": 0.5690914567669182, ""<=-3"": 0.0011446213299786119, "">=+3"": 0.001093390508603913}","{""31"": 0.00031795036943850323, ""32"": 0.0008266709605401084, ""33"": 0.0023016286841196494, ""34"": 0.2793000999621337, ""35"": 0.5690914567669181, ""36"": 0.14300779091852991, ""37"": 0.004061011829716131, ""38"": 0.0010933905086039127}",shadow_trade,confidence_passed,34,0.4435345933105529,True,0.44518038264912807,"{""34"": 0.4435345933105529, ""35"": 0.27835639131774015, ""36"": 0.23773766444166233, ""37"": 0.03903021230606192, ""38"": 0.0013411386239827099}",shadow_trade,confidence_passed,94-95,False,False,False,False
2026-07-23,95.0,35.0,actual_high_f_converted_to_c,96.40570788736603,35.78094882631447,-1,2,36,35,36,0.5299838528181329,0.2113354632686668,0.5299838528181329,0.2951841049530085,0.0,False,"{""+1"": 0.2347997478651243, ""+2"": 0.013518093136991852, ""-1"": 0.21133546326866684, ""-2"": 0.006356560013625835, ""0"": 0.5299838528181329, ""<=-3"": 0.0026910458832086754, "">=+3"": 0.001315237014249553}","{""32"": 0.0007475127453357431, ""33"": 0.0019435331378729321, ""34"": 0.006356560013625835, ""35"": 0.21133546326866684, ""36"": 0.5299838528181329, ""37"": 0.2347997478651243, ""38"": 0.013518093136991852, ""39"": 0.001315237014249553}",shadow_trade,confidence_passed,36,0.1769613419693653,False,0.9607730893126859,"{""34"": 0.126219964793399, ""35"": 0.1769613419693653, ""36"": 0.47099065241984794, ""37"": 0.21320766554832143, ""38"": 0.012620375269066293}",shadow_trade,confidence_passed,96-97,False,False,False,False
2026-07-24,93.2,34.0,actual_high_f_converted_to_c,90.47245136722265,32.48469520401258,2,5,32,34,32,0.5184671641167167,0.0203082603380563,0.5184671641167167,0.2806421451592481,0.0,False,"{""+1"": 0.23782501895746858, ""+2"": 0.02030826033805633, ""-1"": 0.20921201086624042, ""-2"": 0.008344423914854238, ""0"": 0.5184671641167167, ""<=-3"": 0.004096159559257908, "">=+3"": 0.001746962247405883}","{""28"": 0.0011378220997938632, ""29"": 0.002958337459464044, ""30"": 0.008344423914854238, ""31"": 0.20921201086624042, ""32"": 0.5184671641167167, ""33"": 0.23782501895746858, ""34"": 0.02030826033805633, ""35"": 0.001746962247405883}",shadow_trade,confidence_passed,32,0.08561496438575426,False,1.154013190434737,"{""30"": 0.012258165308231494, ""31"": 0.12837641544988548, ""32"": 0.4259091039741417, ""33"": 0.34623878661800656, ""34"": 0.08561496438575426, ""35"": 0.0016025642639804884}",shadow_trade,confidence_passed,90-91,False,False,False,False
2026-07-25,96.8,36.0,actual_high_f_converted_to_c,93.39279811161626,34.10711006200903,2,5,34,36,34,0.3357482055978541,0.0188862432884953,0.3357482055978541,0.0252500741907905,0.0,False,"{""+1"": 0.31049813140706356, ""+2"": 0.018886243288495388, ""-1"": 0.30553702992099774, ""-2"": 0.021821471219020224, ""0"": 0.3357482055978541, ""<=-3"": 0.005872005314041532, "">=+3"": 0.0016369132525274797}","{""30"": 0.001631112587233759, ""31"": 0.004240892726807773, ""32"": 0.021821471219020224, ""33"": 0.30553702992099774, ""34"": 0.3357482055978541, ""35"": 0.31049813140706356, ""36"": 0.018886243288495388, ""37"": 0.0016369132525274797}",no_trade,top_probability_below_threshold,34,0.09987831164805196,False,1.0626473861916608,"{""32"": 0.06555543920656788, ""33"": 0.3023911519704678, ""34"": 0.35455507073594544, ""35"": 0.17600712575724406, ""36"": 0.09987831164805196, ""37"": 0.0016129006817228848}",no_trade,top_probability_below_threshold,92-93,False,False,False,False
