city,station_id,contract_date,event_slug,market_slug,bucket_label,model_yes_probability,model_no_probability,provider_spread_high_f,confidence_gate_passed,is_open_tail,is_point_bucket,is_recommended_bucket,no_win,fees_enabled,fee_rate,fee_exponent,entry_timestamp,no_reference_price,price_age_seconds,no_fill_price,fee_per_share,no_entry_cost,no_edge,no_available,no_net_return
Dallas,KDAL,2026-01-01,highest-temperature-in-dallas-on-january-1,highest-temperature-in-dallas-on-january-1-65forbelow,65°F or below,0.0038591277132943207,0.9961408722867057,4.189691162109369,True,True,False,False,True,False,0.0,1.0,1767287700,0.7815,50.0,0.7915,0.0,0.7915,0.2046408722867057,True,0.2634238787113077
Dallas,KDAL,2026-01-01,highest-temperature-in-dallas-on-january-1,highest-temperature-in-dallas-on-january-1-66-67f,66-67°F,0.01119147036855353,0.9888085296314465,4.189691162109369,True,False,False,False,True,False,0.0,1.0,1767287700,0.9155,52.0,0.9255,0.0,0.9255,0.06330852963144651,True,0.08049702863317121
Dallas,KDAL,2026-01-01,highest-temperature-in-dallas-on-january-1,highest-temperature-in-dallas-on-january-1-68-69f,68-69°F,0.11752716270047212,0.8824728372995279,4.189691162109369,True,False,False,False,True,False,0.0,1.0,1767287700,0.715,53.0,0.725,0.0,0.725,0.15747283729952788,True,0.3793103448275863
Dallas,KDAL,2026-01-01,highest-temperature-in-dallas-on-january-1,highest-temperature-in-dallas-on-january-1-72-73f,72-73°F,0.25629570563330906,0.7437042943666909,4.189691162109369,True,False,False,False,True,False,0.0,1.0,1767287700,0.75,50.0,0.76,0.0,0.76,-0.016295705633309066,True,0.3157894736842106
Dallas,KDAL,2026-01-01,highest-temperature-in-dallas-on-january-1,highest-temperature-in-dallas-on-january-1-74-75f,74-75°F,0.027821441628052966,0.972178558371947,4.189691162109369,True,False,False,False,True,False,0.0,1.0,1767287700,0.5885,52.0,0.5985,0.0,0.5985,0.37367855837194697,True,0.6708437761069339
Dallas,KDAL,2026-01-01,highest-temperature-in-dallas-on-january-1,highest-temperature-in-dallas-on-january-1-76forhigher,76°F or higher,0.0084496012617359,0.9915503987382641,4.189691162109369,True,True,False,False,True,False,0.0,1.0,1767287700,0.997,49.0,0.99,0.0,0.99,0.0015503987382641249,True,0.010101010101010166
Dallas,KDAL,2026-01-02,highest-temperature-in-dallas-on-january-2,highest-temperature-in-dallas-on-january-2-67forbelow,67°F or below,0.0,1.0,7.133587646484372,True,True,False,False,True,False,0.0,1.0,1767374100,0.9995,52.0,0.99,0.0,0.99,0.010000000000000009,True,0.010101010101010166
Dallas,KDAL,2026-01-02,highest-temperature-in-dallas-on-january-2,highest-temperature-in-dallas-on-january-2-68-69f,68-69°F,0.0033411926460055878,0.9966588073539944,7.133587646484372,True,False,False,False,True,False,0.0,1.0,1767374100,0.998,51.0,0.99,0.0,0.99,0.006658807353994378,True,0.010101010101010166
Dallas,KDAL,2026-01-02,highest-temperature-in-dallas-on-january-2,highest-temperature-in-dallas-on-january-2-70-71f,70-71°F,0.012111823341770255,0.9878881766582297,7.133587646484372,True,False,False,False,True,False,0.0,1.0,1767374100,0.949,51.0,0.959,0.0,0.959,0.028888176658229736,True,0.04275286757038588
Dallas,KDAL,2026-01-02,highest-temperature-in-dallas-on-january-2,highest-temperature-in-dallas-on-january-2-72-73f,72-73°F,0.11092623660537215,0.8890737633946278,7.133587646484372,True,False,False,False,True,False,0.0,1.0,1767374100,0.855,52.0,0.865,0.0,0.865,0.024073763394627856,True,0.1560693641618498
Dallas,KDAL,2026-01-02,highest-temperature-in-dallas-on-january-2,highest-temperature-in-dallas-on-january-2-76-77f,76-77°F,0.28250027331829164,0.7174997266817084,7.133587646484372,True,False,False,False,False,False,0.0,1.0,1767374100,0.62,53.0,0.63,0.0,0.63,0.08749972668170836,True,-1.0
Dallas,KDAL,2026-01-02,highest-temperature-in-dallas-on-january-2,highest-temperature-in-dallas-on-january-2-78forhigher,78°F or higher,0.03536066438071264,0.9646393356192874,7.133587646484372,True,True,False,False,True,False,0.0,1.0,1767374100,0.9245,53.0,0.9345,0.0,0.9345,0.03013933561928739,True,0.07009095773140728
Dallas,KDAL,2026-01-03,highest-temperature-in-dallas-on-january-3,highest-temperature-in-dallas-on-january-3-64-65f,64-65°F,0.39029320384045807,0.6097067961595419,4.865405273437503,False,False,False,False,False,False,0.0,1.0,1767460500,0.555,49.0,0.5650000000000001,0.0,0.5650000000000001,0.04470679615954187,True,-1.0
Dallas,KDAL,2026-01-03,highest-temperature-in-dallas-on-january-3,highest-temperature-in-dallas-on-january-3-66-67f,66-67°F,0.04747867965054982,0.9525213203494501,4.865405273437503,False,False,False,False,True,False,0.0,1.0,1767460500,0.835,52.0,0.845,0.0,0.845,0.10752132034945017,True,0.18343195266272194
Dallas,KDAL,2026-01-03,highest-temperature-in-dallas-on-january-3,highest-temperature-in-dallas-on-january-3-68-69f,68-69°F,0.010584922337866003,0.989415077662134,4.865405273437503,False,False,False,False,True,False,0.0,1.0,1767460500,0.9865,50.0,0.99,0.0,0.99,-0.0005849223378660007,True,0.010101010101010166
Dallas,KDAL,2026-01-03,highest-temperature-in-dallas-on-january-3,highest-temperature-in-dallas-on-january-3-70-71f,70-71°F,0.003024263525104572,0.9969757364748955,4.865405273437503,False,False,False,False,True,False,0.0,1.0,1767460500,0.9975,49.0,0.99,0.0,0.99,0.0069757364748954664,True,0.010101010101010166
Dallas,KDAL,2026-01-03,highest-temperature-in-dallas-on-january-3,highest-temperature-in-dallas-on-january-3-72-73f,72-73°F,0.0003780329406380715,0.9996219670593619,4.865405273437503,False,False,False,False,True,False,0.0,1.0,1767460500,0.9975,53.0,0.99,0.0,0.99,0.009621967059361913,True,0.010101010101010166
Dallas,KDAL,2026-01-03,highest-temperature-in-dallas-on-january-3,highest-temperature-in-dallas-on-january-3-74forhigher,74°F or higher,0.0,1.0,4.865405273437503,False,True,False,False,True,False,0.0,1.0,1767460500,0.998,51.0,0.99,0.0,0.99,0.010000000000000009,True,0.010101010101010166
Dallas,KDAL,2026-01-04,highest-temperature-in-dallas-on-january-4,highest-temperature-in-dallas-on-january-4-61forbelow,61°F or below,0.10273199893855665,0.8972680010614433,5.436749267578129,False,True,False,False,True,False,0.0,1.0,1767546900,0.81,49.0,0.8200000000000001,0.0,0.8200000000000001,0.07726800106144327,True,0.2195121951219512
Dallas,KDAL,2026-01-04,highest-temperature-in-dallas-on-january-4,highest-temperature-in-dallas-on-january-4-64-65f,64-65°F,0.3297485201508422,0.6702514798491578,5.436749267578129,False,False,False,False,True,False,0.0,1.0,1767546900,0.66,50.0,0.67,0.0,0.67,0.000251479849157743,True,0.4925373134328357
Dallas,KDAL,2026-01-04,highest-temperature-in-dallas-on-january-4,highest-temperature-in-dallas-on-january-4-66-67f,66-67°F,0.042006473692602145,0.9579935263073979,5.436749267578129,False,False,False,False,True,False,0.0,1.0,1767546900,0.96,49.0,0.97,0.0,0.97,-0.012006473692602104,True,0.030927835051546504
Dallas,KDAL,2026-01-04,highest-temperature-in-dallas-on-january-4,highest-temperature-in-dallas-on-january-4-68-69f,68-69°F,0.008486369242956324,0.9915136307570437,5.436749267578129,False,False,False,False,True,False,0.0,1.0,1767546900,0.9925,52.0,0.99,0.0,0.99,0.0015136307570436935,True,0.010101010101010166
Dallas,KDAL,2026-01-04,highest-temperature-in-dallas-on-january-4,highest-temperature-in-dallas-on-january-4-70-71f,70-71°F,0.0024246769265589495,0.9975753230734411,5.436749267578129,False,False,False,False,True,False,0.0,1.0,1767546900,0.9995,49.0,0.99,0.0,0.99,0.007575323073441109,True,0.010101010101010166
Dallas,KDAL,2026-01-04,highest-temperature-in-dallas-on-january-4,highest-temperature-in-dallas-on-january-4-72forhigher,72°F or higher,0.0003030846158198687,0.9996969153841802,5.436749267578129,False,True,False,False,True,False,0.0,1.0,1767546900,0.9995,49.0,0.99,0.0,0.99,0.00969691538418016,True,0.010101010101010166
Dallas,KDAL,2026-01-05,highest-temperature-in-dallas-on-january-5,highest-temperature-in-dallas-on-january-5-51forbelow,51°F or below,0.0,1.0,7.030426025390625,False,True,False,False,True,False,0.0,1.0,1767633300,,,,0.0,,,False,
Dallas,KDAL,2026-01-05,highest-temperature-in-dallas-on-january-5,highest-temperature-in-dallas-on-january-5-52-53f,52-53°F,0.0,1.0,7.030426025390625,False,False,False,False,True,False,0.0,1.0,1767633300,,,,0.0,,,False,
Dallas,KDAL,2026-01-05,highest-temperature-in-dallas-on-january-5,highest-temperature-in-dallas-on-january-5-54-55f,54-55°F,0.0,1.0,7.030426025390625,False,False,False,False,True,False,0.0,1.0,1767633300,0.9995,53.0,0.99,0.0,0.99,0.010000000000000009,True,0.010101010101010166
Dallas,KDAL,2026-01-05,highest-temperature-in-dallas-on-january-5,highest-temperature-in-dallas-on-january-5-56-57f,56-57°F,0.0,1.0,7.030426025390625,False,False,False,False,True,False,0.0,1.0,1767633300,0.9995,51.0,0.99,0.0,0.99,0.010000000000000009,True,0.010101010101010166
Dallas,KDAL,2026-01-05,highest-temperature-in-dallas-on-january-5,highest-temperature-in-dallas-on-january-5-58-59f,58-59°F,0.0,1.0,7.030426025390625,False,False,False,False,True,False,0.0,1.0,1767633300,0.9995,53.0,0.99,0.0,0.99,0.010000000000000009,True,0.010101010101010166
Dallas,KDAL,2026-01-05,highest-temperature-in-dallas-on-january-5,highest-temperature-in-dallas-on-january-5-60-61f,60-61°F,0.0,1.0,7.030426025390625,False,False,False,False,True,False,0.0,1.0,1767633300,0.9995,53.0,0.99,0.0,0.99,0.010000000000000009,True,0.010101010101010166
Dallas,KDAL,2026-01-06,highest-temperature-in-dallas-on-january-6,highest-temperature-in-dallas-on-january-6-67forbelow,67°F or below,0.0,1.0,7.933721923828131,True,True,False,False,True,False,0.0,1.0,1767719700,0.9995,50.0,0.99,0.0,0.99,0.010000000000000009,True,0.010101010101010166
Dallas,KDAL,2026-01-06,highest-temperature-in-dallas-on-january-6,highest-temperature-in-dallas-on-january-6-68-69f,68-69°F,0.0050246951997469196,0.9949753048002531,7.933721923828131,True,False,False,False,True,False,0.0,1.0,1767719700,0.9975,51.0,0.99,0.0,0.99,0.0049753048002531,True,0.010101010101010166
Dallas,KDAL,2026-01-06,highest-temperature-in-dallas-on-january-6,highest-temperature-in-dallas-on-january-6-70-71f,70-71°F,0.018214520099082584,0.9817854799009175,7.933721923828131,True,False,False,False,True,False,0.0,1.0,1767719700,0.987,48.0,0.99,0.0,0.99,-0.008214520099082523,True,0.010101010101010166
Dallas,KDAL,2026-01-06,highest-temperature-in-dallas-on-january-6,highest-temperature-in-dallas-on-january-6-72-73f,72-73°F,0.14510618504746078,0.8548938149525392,7.933721923828131,True,False,False,False,True,False,0.0,1.0,1767719700,0.791,52.0,0.801,0.0,0.801,0.0538938149525392,True,0.24843945068664164
Dallas,KDAL,2026-01-06,highest-temperature-in-dallas-on-january-6,highest-temperature-in-dallas-on-january-6-76-77f,76-77°F,0.2363495230194652,0.7636504769805348,7.933721923828131,True,False,False,False,False,False,0.0,1.0,1767719700,0.445,51.0,0.455,0.0,0.455,0.30865047698053477,True,-1.0
Dallas,KDAL,2026-01-06,highest-temperature-in-dallas-on-january-6,highest-temperature-in-dallas-on-january-6-78forhigher,78°F or higher,0.03001511671920846,0.9699848832807916,7.933721923828131,True,True,False,False,True,False,0.0,1.0,1767719700,0.9575,49.0,0.9675,0.0,0.9675,0.00248488328079155,True,0.03359173126614978
Dallas,KDAL,2026-01-07,highest-temperature-in-dallas-on-january-7,highest-temperature-in-dallas-on-january-7-71forbelow,71°F or below,0.0030837247863173853,0.9969162752136826,6.639862060546875,True,True,False,False,True,False,0.0,1.0,1767806100,0.999,49.0,0.99,0.0,0.99,0.006916275213682654,True,0.010101010101010166
Dallas,KDAL,2026-01-07,highest-temperature-in-dallas-on-january-7,highest-temperature-in-dallas-on-january-7-72-73f,72-73°F,0.008942801880320417,0.9910571981196796,6.639862060546875,True,False,False,False,True,False,0.0,1.0,1767806100,0.9865,50.0,0.99,0.0,0.99,0.0010571981196796365,True,0.010101010101010166
Dallas,KDAL,2026-01-07,highest-temperature-in-dallas-on-january-7,highest-temperature-in-dallas-on-january-7-74-75f,74-75°F,0.1329742389958769,0.8670257610041231,6.639862060546875,True,False,False,False,True,False,0.0,1.0,1767806100,0.865,52.0,0.875,0.0,0.875,-0.007974238995876903,True,0.1428571428571428
Dallas,KDAL,2026-01-07,highest-temperature-in-dallas-on-january-7,highest-temperature-in-dallas-on-january-7-78-79f,78-79°F,0.25727764468890546,0.7427223553110945,6.639862060546875,True,False,False,False,True,False,0.0,1.0,1767806100,0.395,48.0,0.405,0.0,0.405,0.3377223553110945,True,1.4691358024691357
Dallas,KDAL,2026-01-07,highest-temperature-in-dallas-on-january-7,highest-temperature-in-dallas-on-january-7-80-81f,80-81°F,0.028835240049313066,0.971164759950687,6.639862060546875,True,False,False,False,False,False,0.0,1.0,1767806100,0.934,49.0,0.9440000000000001,0.0,0.9440000000000001,0.0271647599506869,True,-1.0
Dallas,KDAL,2026-01-07,highest-temperature-in-dallas-on-january-7,highest-temperature-in-dallas-on-january-7-82forhigher,82°F or higher,0.007446980040955055,0.992553019959045,6.639862060546875,True,True,False,False,True,False,0.0,1.0,1767806100,0.994,51.0,0.99,0.0,0.99,0.002553019959045,True,0.010101010101010166
Dallas,KDAL,2026-01-08,highest-temperature-in-dallas-on-january-8,highest-temperature-in-dallas-on-january-8-77forbelow,77°F or below,0.14183342515649314,0.8581665748435069,6.3073059082031335,False,True,False,False,True,False,0.0,1.0,1767892500,0.9295,49.0,0.9395,0.0,0.9395,-0.08133342515649311,True,0.0643959552953699
Dallas,KDAL,2026-01-08,highest-temperature-in-dallas-on-january-8,highest-temperature-in-dallas-on-january-8-78-79f,78-79°F,0.3346956591264586,0.6653043408735414,6.3073059082031335,False,False,True,False,False,False,0.0,1.0,1767892500,0.665,51.0,0.675,0.0,0.675,-0.009695659126458644,True,-1.0
Dallas,KDAL,2026-01-08,highest-temperature-in-dallas-on-january-8,highest-temperature-in-dallas-on-january-8-82-83f,82-83°F,0.07107134886730417,0.9289286511326958,6.3073059082031335,False,False,False,False,True,False,0.0,1.0,1767892500,0.794,50.0,0.804,0.0,0.804,0.1249286511326958,True,0.24378109452736307
Dallas,KDAL,2026-01-08,highest-temperature-in-dallas-on-january-8,highest-temperature-in-dallas-on-january-8-84-85f,84-85°F,0.016775801483819817,0.9832241985161801,6.3073059082031335,False,False,False,False,True,False,0.0,1.0,1767892500,0.9785,49.0,0.9885,0.0,0.9885,-0.0052758014838198974,True,0.01163378856853825
Dallas,KDAL,2026-01-08,highest-temperature-in-dallas-on-january-8,highest-temperature-in-dallas-on-january-8-86-87f,86-87°F,0.004793086138234233,0.9952069138617657,6.3073059082031335,False,False,False,False,True,False,0.0,1.0,1767892500,0.9965,50.0,0.99,0.0,0.99,0.0052069138617657496,True,0.010101010101010166
Dallas,KDAL,2026-01-08,highest-temperature-in-dallas-on-january-8,highest-temperature-in-dallas-on-january-8-88forhigher,88°F or higher,0.0005991357672792791,0.9994008642327207,6.3073059082031335,False,True,False,False,True,False,0.0,1.0,1767892500,0.998,50.0,0.99,0.0,0.99,0.009400864232720685,True,0.010101010101010166
Dallas,KDAL,2026-01-09,highest-temperature-in-dallas-on-january-9,highest-temperature-in-dallas-on-january-9-67forbelow,67°F or below,0.0720563185086667,0.9279436814913333,5.017236328124994,False,True,False,False,True,False,0.0,1.0,1767978900,0.77,46.0,0.78,0.0,0.78,0.1479436814913333,True,0.28205128205128194
Dallas,KDAL,2026-01-09,highest-temperature-in-dallas-on-january-9,highest-temperature-in-dallas-on-january-9-68-69f,68-69°F,0.38229475352895714,0.6177052464710429,5.017236328124994,False,False,False,False,True,False,0.0,1.0,1767978900,0.41,50.0,0.42,0.0,0.42,0.19770524647104287,True,1.380952380952381
Dallas,KDAL,2026-01-09,highest-temperature-in-dallas-on-january-9,highest-temperature-in-dallas-on-january-9-72-73f,72-73°F,0.07368283430167791,0.9263171656983221,5.017236328124994,False,False,False,False,True,False,0.0,1.0,1767978900,0.9765,48.0,0.9865,0.0,0.9865,-0.06018283430167792,True,0.013684744044602182
Dallas,KDAL,2026-01-09,highest-temperature-in-dallas-on-january-9,highest-temperature-in-dallas-on-january-9-74-75f,74-75°F,0.015114598695370338,0.9848854013046296,5.017236328124994,False,False,False,False,True,False,0.0,1.0,1767978900,0.9965,51.0,0.99,0.0,0.99,-0.005114598695370343,True,0.010101010101010166
Dallas,KDAL,2026-01-09,highest-temperature-in-dallas-on-january-9,highest-temperature-in-dallas-on-january-9-76-77f,76-77°F,0.0021592283850529054,0.9978407716149471,5.017236328124994,False,False,False,False,True,False,0.0,1.0,1767978900,0.9995,50.0,0.99,0.0,0.99,0.007840771614947117,True,0.010101010101010166
Dallas,KDAL,2026-01-09,highest-temperature-in-dallas-on-january-9,highest-temperature-in-dallas-on-january-9-78forhigher,78°F or higher,0.0010796141925264527,0.9989203858074736,5.017236328124994,False,True,False,False,True,False,0.0,1.0,1767978900,0.9995,49.0,0.99,0.0,0.99,0.008920385807473563,True,0.010101010101010166
Dallas,KDAL,2026-01-10,highest-temperature-in-dallas-on-january-10,highest-temperature-in-dallas-on-january-10-53forbelow,53°F or below,0.31999820732899165,0.6800017926710084,4.799267578125004,True,True,False,False,True,False,0.0,1.0,1768065300,0.665,52.0,0.675,0.0,0.675,0.005001792671008309,True,0.4814814814814814
Dallas,KDAL,2026-01-10,highest-temperature-in-dallas-on-january-10,highest-temperature-in-dallas-on-january-10-56-57f,56-57°F,0.08157798980839565,0.9184220101916043,4.799267578125004,True,False,False,False,True,False,0.0,1.0,1768065300,0.775,50.0,0.785,0.0,0.785,0.13342201019160427,True,0.2738853503184713
Dallas,KDAL,2026-01-10,highest-temperature-in-dallas-on-january-10,highest-temperature-in-dallas-on-january-10-58-59f,58-59°F,0.013646382187702817,0.9863536178122971,4.799267578125004,True,False,False,False,True,False,0.0,1.0,1768065300,0.982,47.0,0.99,0.0,0.99,-0.003646382187702857,True,0.010101010101010166
Dallas,KDAL,2026-01-10,highest-temperature-in-dallas-on-january-10,highest-temperature-in-dallas-on-january-10-60-61f,60-61°F,0.0019494831696718312,0.9980505168303282,4.799267578125004,True,False,False,False,True,False,0.0,1.0,1768065300,0.9955,51.0,0.99,0.0,0.99,0.008050516830328203,True,0.010101010101010166
Dallas,KDAL,2026-01-10,highest-temperature-in-dallas-on-january-10,highest-temperature-in-dallas-on-january-10-62-63f,62-63°F,0.0009747415848359156,0.9990252584151641,4.799267578125004,True,False,False,False,True,False,0.0,1.0,1768065300,0.9975,49.0,0.99,0.0,0.99,0.009025258415164106,True,0.010101010101010166
Dallas,KDAL,2026-01-10,highest-temperature-in-dallas-on-january-10,highest-temperature-in-dallas-on-january-10-64forhigher,64°F or higher,0.0,1.0,4.799267578125004,True,True,False,False,True,False,0.0,1.0,1768065300,0.998,49.0,0.99,0.0,0.99,0.010000000000000009,True,0.010101010101010166
Dallas,KDAL,2026-01-11,highest-temperature-in-dallas-on-january-11,highest-temperature-in-dallas-on-january-11-55forbelow,55°F or below,0.006231708331773136,0.9937682916682269,1.60400390625,True,True,False,False,True,False,0.0,1.0,1768151700,0.994,52.0,0.99,0.0,0.99,0.0037682916682268974,True,0.010101010101010166
Dallas,KDAL,2026-01-11,highest-temperature-in-dallas-on-january-11,highest-temperature-in-dallas-on-january-11-56-57f,56-57°F,0.01530608172215837,0.9846939182778416,1.60400390625,True,False,False,False,True,False,0.0,1.0,1768151700,0.92,48.0,0.93,0.0,0.93,0.054693918277841536,True,0.07526881720430101
Dallas,KDAL,2026-01-11,highest-temperature-in-dallas-on-january-11,highest-temperature-in-dallas-on-january-11-58-59f,58-59°F,0.22607122331913437,0.7739287766808656,1.60400390625,True,False,False,False,True,False,0.0,1.0,1768151700,0.585,49.0,0.595,0.0,0.595,0.1789287766808656,True,0.680672268907563
Dallas,KDAL,2026-01-11,highest-temperature-in-dallas-on-january-11,highest-temperature-in-dallas-on-january-11-62-63f,62-63°F,0.17674115010338926,0.8232588498966107,1.60400390625,True,False,False,False,True,False,0.0,1.0,1768151700,0.9,51.0,0.91,0.0,0.91,-0.08674115010338934,True,0.09890109890109877
Dallas,KDAL,2026-01-11,highest-temperature-in-dallas-on-january-11,highest-temperature-in-dallas-on-january-11-64-65f,64-65°F,0.014376511782208607,0.9856234882177914,1.60400390625,True,False,False,False,True,False,0.0,1.0,1768151700,0.9885,50.0,0.99,0.0,0.99,-0.0043765117822085475,True,0.010101010101010166
Dallas,KDAL,2026-01-11,highest-temperature-in-dallas-on-january-11,highest-temperature-in-dallas-on-january-11-66forhigher,66°F or higher,0.0030806810961875593,0.9969193189038125,1.60400390625,True,True,False,False,True,False,0.0,1.0,1768151700,0.9965,48.0,0.99,0.0,0.99,0.006919318903812477,True,0.010101010101010166
Dallas,KDAL,2026-01-12,highest-temperature-in-dallas-on-january-12,highest-temperature-in-dallas-on-january-12-66-67f,66-67°F,0.021357599166114037,0.978642400833886,2.0111022949218835,True,False,False,False,True,False,0.0,1.0,1768238100,0.52,50.0,0.53,0.0,0.53,0.44864240083388596,True,0.8867924528301885
Dallas,KDAL,2026-01-12,highest-temperature-in-dallas-on-january-12,highest-temperature-in-dallas-on-january-12-68-69f,68-69°F,0.003051085595159148,0.9969489144048409,2.0111022949218835,True,False,False,False,True,False,0.0,1.0,1768238100,0.997,50.0,0.99,0.0,0.99,0.006948914404840911,True,0.010101010101010166
Dallas,KDAL,2026-01-12,highest-temperature-in-dallas-on-january-12,highest-temperature-in-dallas-on-january-12-70-71f,70-71°F,0.001525542797579574,0.9984744572024205,2.0111022949218835,True,False,False,False,True,False,0.0,1.0,1768238100,0.9815,51.0,0.99,0.0,0.99,0.00847445720242046,True,0.010101010101010166
Dallas,KDAL,2026-01-12,highest-temperature-in-dallas-on-january-12,highest-temperature-in-dallas-on-january-12-72-73f,72-73°F,0.0,1.0,2.0111022949218835,True,False,False,False,True,False,0.0,1.0,1768238100,0.998,47.0,0.99,0.0,0.99,0.010000000000000009,True,0.010101010101010166
Dallas,KDAL,2026-01-12,highest-temperature-in-dallas-on-january-12,highest-temperature-in-dallas-on-january-12-74-75f,74-75°F,0.0,1.0,2.0111022949218835,True,False,False,False,True,False,0.0,1.0,1768238100,0.998,48.0,0.99,0.0,0.99,0.010000000000000009,True,0.010101010101010166
Dallas,KDAL,2026-01-12,highest-temperature-in-dallas-on-january-12,highest-temperature-in-dallas-on-january-12-76forhigher,76°F or higher,0.0,1.0,2.0111022949218835,True,True,False,False,True,False,0.0,1.0,1768238100,0.9975,48.0,0.99,0.0,0.99,0.010000000000000009,True,0.010101010101010166
Dallas,KDAL,2026-01-13,highest-temperature-in-dallas-on-january-13,highest-temperature-in-dallas-on-january-13-63forbelow,63°F or below,0.10300685314043373,0.8969931468595662,5.473333740234374,False,True,False,False,True,False,0.0,1.0,1768324500,0.88,48.0,0.89,0.0,0.89,0.006993146859566202,True,0.12359550561797761
Dallas,KDAL,2026-01-13,highest-temperature-in-dallas-on-january-13,highest-temperature-in-dallas-on-january-13-68-69f,68-69°F,0.052823503484740936,0.947176496515259,5.473333740234374,False,False,False,False,True,False,0.0,1.0,1768324500,0.85,47.0,0.86,0.0,0.86,0.08717649651525905,True,0.16279069767441867
Dallas,KDAL,2026-01-13,highest-temperature-in-dallas-on-january-13,highest-temperature-in-dallas-on-january-13-70-71f,70-71°F,0.008579232490513872,0.9914207675094862,5.473333740234374,False,False,False,False,True,False,0.0,1.0,1768324500,0.955,50.0,0.965,0.0,0.965,0.026420767509486187,True,0.0362694300518136
Dallas,KDAL,2026-01-13,highest-temperature-in-dallas-on-january-13,highest-temperature-in-dallas-on-january-13-72-73f,72-73°F,0.0024512092830039633,0.997548790716996,5.473333740234374,False,False,False,False,True,False,0.0,1.0,1768324500,0.9965,49.0,0.99,0.0,0.99,0.00754879071699599,True,0.010101010101010166
Dallas,KDAL,2026-01-13,highest-temperature-in-dallas-on-january-13,highest-temperature-in-dallas-on-january-13-74forhigher,74°F or higher,0.0003064011603754954,0.9996935988396245,5.473333740234374,False,True,False,False,True,False,0.0,1.0,1768324500,0.997,47.0,0.99,0.0,0.99,0.009693598839624507,True,0.010101010101010166
Dallas,KDAL,2026-01-14,highest-temperature-in-dallas-on-january-14,highest-temperature-in-dallas-on-january-14-59forbelow,59°F or below,0.02494590223531439,0.9750540977646857,5.234381103515624,True,True,False,False,True,False,0.0,1.0,1768410900,0.9965,51.0,0.99,0.0,0.99,-0.014945902235314334,True,0.010101010101010166
Dallas,KDAL,2026-01-14,highest-temperature-in-dallas-on-january-14,highest-temperature-in-dallas-on-january-14-60-61f,60-61°F,0.2890718449935454,0.7109281550064546,5.234381103515624,True,False,False,False,True,False,0.0,1.0,1768410900,0.625,46.0,0.635,0.0,0.635,0.07592815500645456,True,0.5748031496062991
Dallas,KDAL,2026-01-14,highest-temperature-in-dallas-on-january-14,highest-temperature-in-dallas-on-january-14-64-65f,64-65°F,0.12108382663894132,0.8789161733610587,5.234381103515624,True,False,False,False,True,False,0.0,1.0,1768410900,0.935,51.0,0.9450000000000001,0.0,0.9450000000000001,-0.06608382663894141,True,0.05820105820105814
Dallas,KDAL,2026-01-14,highest-temperature-in-dallas-on-january-14,highest-temperature-in-dallas-on-january-14-66-67f,66-67°F,0.016112902153752405,0.9838870978462476,5.234381103515624,True,False,False,False,True,False,0.0,1.0,1768410900,0.964,48.0,0.974,0.0,0.974,0.009887097846247639,True,0.026694045174538106
Dallas,KDAL,2026-01-14,highest-temperature-in-dallas-on-january-14,highest-temperature-in-dallas-on-january-14-68-69f,68-69°F,0.0023018431648217726,0.9976981568351783,5.234381103515624,True,False,False,False,True,False,0.0,1.0,1768410900,0.9615,47.0,0.9715,0.0,0.9715,0.026198156835178232,True,0.029336078229541984
Dallas,KDAL,2026-01-14,highest-temperature-in-dallas-on-january-14,highest-temperature-in-dallas-on-january-14-70forhigher,70°F or higher,0.0011509215824108863,0.9988490784175891,5.234381103515624,True,True,False,False,True,False,0.0,1.0,1768410900,0.994,46.0,0.99,0.0,0.99,0.008849078417589085,True,0.010101010101010166
Dallas,KDAL,2026-01-15,highest-temperature-in-dallas-on-january-15,highest-temperature-in-dallas-on-january-15-55forbelow,55°F or below,0.014455905091949403,0.9855440949080506,4.661279296875001,True,True,False,False,True,False,0.0,1.0,1768497300,0.9545,47.0,0.9645,0.0,0.9645,0.021044094908050592,True,0.03680663556246766
Dallas,KDAL,2026-01-15,highest-temperature-in-dallas-on-january-15,highest-temperature-in-dallas-on-january-15-56-57f,56-57°F,0.09664702223041546,0.9033529777695846,4.661279296875001,True,False,False,False,True,False,0.0,1.0,1768497300,0.691,49.0,0.701,0.0,0.701,0.2023529777695846,True,0.42653352353780316
Dallas,KDAL,2026-01-15,highest-temperature-in-dallas-on-january-15,highest-temperature-in-dallas-on-january-15-60-61f,60-61°F,0.2643265106354058,0.7356734893645942,4.661279296875001,True,False,False,False,True,False,0.0,1.0,1768497300,0.825,46.0,0.835,0.0,0.835,-0.09932651063540576,True,0.1976047904191618
Dallas,KDAL,2026-01-15,highest-temperature-in-dallas-on-january-15,highest-temperature-in-dallas-on-january-15-62-63f,62-63°F,0.02242512721907751,0.9775748727809225,4.661279296875001,True,False,False,False,True,False,0.0,1.0,1768497300,0.93,47.0,0.9400000000000001,0.0,0.9400000000000001,0.03757487278092242,True,0.06382978723404253
Dallas,KDAL,2026-01-15,highest-temperature-in-dallas-on-january-15,highest-temperature-in-dallas-on-january-15-64-65f,64-65°F,0.005496143693206992,0.994503856306793,4.661279296875001,True,False,False,False,True,False,0.0,1.0,1768497300,0.996,44.0,0.99,0.0,0.99,0.004503856306793064,True,0.010101010101010166
Dallas,KDAL,2026-01-15,highest-temperature-in-dallas-on-january-15,highest-temperature-in-dallas-on-january-15-66forhigher,66°F or higher,0.0017666176156736757,0.9982333823843264,4.661279296875001,True,True,False,False,True,False,0.0,1.0,1768497300,0.998,46.0,0.99,0.0,0.99,0.00823338238432636,True,0.010101010101010166
Dallas,KDAL,2026-01-16,highest-temperature-in-dallas-on-january-16,highest-temperature-in-dallas-on-january-16-60-61f,60-61°F,0.39416080869953474,0.6058391913004653,5.053381347656263,False,False,False,False,True,False,0.0,1.0,1768583700,0.755,47.0,0.765,0.0,0.765,-0.15916080869953475,True,0.30718954248366015
Dallas,KDAL,2026-01-16,highest-temperature-in-dallas-on-january-16,highest-temperature-in-dallas-on-january-16-62-63f,62-63°F,0.0483972654331339,0.9516027345668661,5.053381347656263,False,False,False,False,True,False,0.0,1.0,1768583700,0.959,48.0,0.969,0.0,0.969,-0.017397265433133913,True,0.031991744066047545
Dallas,KDAL,2026-01-16,highest-temperature-in-dallas-on-january-16,highest-temperature-in-dallas-on-january-16-64-65f,64-65°F,0.016119594595521296,0.9838804054044787,5.053381347656263,False,False,False,False,True,False,0.0,1.0,1768583700,0.9885,48.0,0.99,0.0,0.99,-0.006119594595521249,True,0.010101010101010166
Dallas,KDAL,2026-01-16,highest-temperature-in-dallas-on-january-16,highest-temperature-in-dallas-on-january-16-66-67f,66-67°F,0.004605598455863228,0.9953944015441367,5.053381347656263,False,False,False,False,True,False,0.0,1.0,1768583700,0.9905,46.0,0.99,0.0,0.99,0.005394401544136729,True,0.010101010101010166
Dallas,KDAL,2026-01-16,highest-temperature-in-dallas-on-january-16,highest-temperature-in-dallas-on-january-16-68-69f,68-69°F,0.0005756998069829035,0.9994243001930171,5.053381347656263,False,False,False,False,True,False,0.0,1.0,1768583700,0.9975,50.0,0.99,0.0,0.99,0.009424300193017099,True,0.010101010101010166
Dallas,KDAL,2026-01-16,highest-temperature-in-dallas-on-january-16,highest-temperature-in-dallas-on-january-16-70forhigher,70°F or higher,0.0,1.0,5.053381347656263,False,True,False,False,True,False,0.0,1.0,1768583700,0.9995,45.0,0.99,0.0,0.99,0.010000000000000009,True,0.010101010101010166
Dallas,KDAL,2026-01-17,highest-temperature-in-dallas-on-january-17,highest-temperature-in-dallas-on-january-17-44-45f,44-45°F,0.2514130602067329,0.7485869397932672,3.753369140624997,True,False,False,False,True,False,0.0,1.0,1768670100,0.685,49.0,0.6950000000000001,0.0,0.6950000000000001,0.05358693979326712,True,0.4388489208633093
Dallas,KDAL,2026-01-17,highest-temperature-in-dallas-on-january-17,highest-temperature-in-dallas-on-january-17-46-47f,46-47°F,0.027130470443555602,0.9728695295564443,3.753369140624997,True,False,False,False,True,False,0.0,1.0,1768670100,0.39,47.0,0.4,0.0,0.4,0.5728695295564443,True,1.5
Dallas,KDAL,2026-01-17,highest-temperature-in-dallas-on-january-17,highest-temperature-in-dallas-on-january-17-48-49f,48-49°F,0.006976260095452044,0.993023739904548,3.753369140624997,True,False,False,False,True,False,0.0,1.0,1768670100,0.9645,49.0,0.9745,0.0,0.9745,0.01852373990454792,True,0.02616726526423796
Dallas,KDAL,2026-01-17,highest-temperature-in-dallas-on-january-17,highest-temperature-in-dallas-on-january-17-50-51f,50-51°F,0.001993217170129155,0.9980067828298709,3.753369140624997,True,False,False,False,True,False,0.0,1.0,1768670100,0.975,48.0,0.985,0.0,0.985,0.013006782829870889,True,0.015228426395939021
Dallas,KDAL,2026-01-17,highest-temperature-in-dallas-on-january-17,highest-temperature-in-dallas-on-january-17-52-53f,52-53°F,0.0002491521462661444,0.9997508478537338,3.753369140624997,True,False,False,False,True,False,0.0,1.0,1768670100,0.948,49.0,0.958,0.0,0.958,0.04175084785373384,True,0.04384133611691032
Dallas,KDAL,2026-01-17,highest-temperature-in-dallas-on-january-17,highest-temperature-in-dallas-on-january-17-54forhigher,54°F or higher,0.0,1.0,3.753369140624997,True,True,False,False,True,False,0.0,1.0,1768670100,0.997,48.0,0.99,0.0,0.99,0.010000000000000009,True,0.010101010101010166
Dallas,KDAL,2026-01-18,highest-temperature-in-dallas-on-january-18,highest-temperature-in-dallas-on-january-18-53forbelow,53°F or below,0.033956206858048135,0.9660437931419519,6.9840087890625,False,True,False,False,True,False,0.0,1.0,1768756500,0.9625,47.0,0.9725,0.0,0.9725,-0.006456206858048152,True,0.028277634961439535
Dallas,KDAL,2026-01-18,highest-temperature-in-dallas-on-january-18,highest-temperature-in-dallas-on-january-18-54-55f,54-55°F,0.11515350997917306,0.8848464900208269,6.9840087890625,False,False,False,False,True,False,0.0,1.0,1768756500,0.9535,47.0,0.9635,0.0,0.9635,-0.07865350997917309,True,0.03788271925272446
Dallas,KDAL,2026-01-18,highest-temperature-in-dallas-on-january-18,highest-temperature-in-dallas-on-january-18-58-59f,58-59°F,0.27533324431566414,0.7246667556843358,6.9840087890625,False,False,False,False,True,False,0.0,1.0,1768756500,0.35,47.0,0.36,0.0,0.36,0.3646667556843358,True,1.7777777777777777
Dallas,KDAL,2026-01-18,highest-temperature-in-dallas-on-january-18,highest-temperature-in-dallas-on-january-18-60-61f,60-61°F,0.1057725944673106,0.8942274055326894,6.9840087890625,False,False,False,False,False,False,0.0,1.0,1768756500,0.735,45.0,0.745,0.0,0.745,0.14922740553268943,True,-1.0
Dallas,KDAL,2026-01-18,highest-temperature-in-dallas-on-january-18,highest-temperature-in-dallas-on-january-18-62-63f,62-63°F,0.01511037063818723,0.9848896293618128,6.9840087890625,False,False,False,False,True,False,0.0,1.0,1768756500,0.93,50.0,0.9400000000000001,0.0,0.9400000000000001,0.04488962936181273,True,0.06382978723404253
Dallas,KDAL,2026-01-18,highest-temperature-in-dallas-on-january-18,highest-temperature-in-dallas-on-january-18-64forhigher,64°F or higher,0.007555185319093615,0.9924448146809064,6.9840087890625,False,True,False,False,True,False,0.0,1.0,1768756500,0.892,45.0,0.902,0.0,0.902,0.09044481468090637,True,0.10864745011086474
Dallas,KDAL,2026-01-19,highest-temperature-in-dallas-on-january-19,highest-temperature-in-dallas-on-january-19-47forbelow,47°F or below,0.0,1.0,2.247418212890622,False,True,False,False,True,False,0.0,1.0,1768842900,0.9995,49.0,0.99,0.0,0.99,0.010000000000000009,True,0.010101010101010166
Dallas,KDAL,2026-01-19,highest-temperature-in-dallas-on-january-19,highest-temperature-in-dallas-on-january-19-48-49f,48-49°F,0.005801332076751959,0.9941986679232481,2.247418212890622,False,False,False,False,True,False,0.0,1.0,1768842900,0.9965,50.0,0.99,0.0,0.99,0.004198667923248078,True,0.010101010101010166
Dallas,KDAL,2026-01-19,highest-temperature-in-dallas-on-january-19,highest-temperature-in-dallas-on-january-19-50-51f,50-51°F,0.0693938991709421,0.9306061008290579,2.247418212890622,False,False,False,False,True,False,0.0,1.0,1768842900,0.9495,47.0,0.9595,0.0,0.9595,-0.028893899170942094,True,0.04220948410630543
Dallas,KDAL,2026-01-19,highest-temperature-in-dallas-on-january-19,highest-temperature-in-dallas-on-january-19-56-57f,56-57°F,0.032092558351248995,0.967907441648751,2.247418212890622,False,False,False,False,True,False,0.0,1.0,1768842900,0.7015,48.0,0.7115,0.0,0.7115,0.25640744164875096,True,0.40548137737174983
Dallas,KDAL,2026-01-19,highest-temperature-in-dallas-on-january-19,highest-temperature-in-dallas-on-january-19-58forhigher,58°F or higher,0.007265849127163078,0.9927341508728369,2.247418212890622,False,True,False,False,True,False,0.0,1.0,1768842900,0.9695,51.0,0.9795,0.0,0.9795,0.013234150872836858,True,0.02092904543134244
Dallas,KDAL,2026-01-20,highest-temperature-in-dallas-on-january-20,highest-temperature-in-dallas-on-january-20-47forbelow,47°F or below,0.0016081053504441102,0.9983918946495559,7.013122558593743,True,True,False,False,True,False,0.0,1.0,1768929300,0.9985,49.0,0.99,0.0,0.99,0.00839189464955592,True,0.010101010101010166
Dallas,KDAL,2026-01-20,highest-temperature-in-dallas-on-january-20,highest-temperature-in-dallas-on-january-20-48-49f,48-49°F,0.012864842803552882,0.9871351571964471,7.013122558593743,True,False,False,False,True,False,0.0,1.0,1768929300,0.9985,50.0,0.99,0.0,0.99,-0.002864842803552925,True,0.010101010101010166
Dallas,KDAL,2026-01-20,highest-temperature-in-dallas-on-january-20,highest-temperature-in-dallas-on-january-20-50-51f,50-51°F,0.03580849453698445,0.9641915054630156,7.013122558593743,True,False,False,False,True,False,0.0,1.0,1768929300,0.9175,45.0,0.9275,0.0,0.9275,0.03669150546301558,True,0.07816711590296488
Dallas,KDAL,2026-01-20,highest-temperature-in-dallas-on-january-20,highest-temperature-in-dallas-on-january-20-52-53f,52-53°F,0.3114680748140275,0.6885319251859725,7.013122558593743,True,False,False,False,True,False,0.0,1.0,1768929300,0.8,49.0,0.81,0.0,0.81,-0.12146807481402755,True,0.23456790123456783
Dallas,KDAL,2026-01-20,highest-temperature-in-dallas-on-january-20,highest-temperature-in-dallas-on-january-20-56-57f,56-57°F,0.09878109934782707,0.9012189006521729,7.013122558593743,True,False,False,False,True,False,0.0,1.0,1768929300,0.66,49.0,0.67,0.0,0.67,0.23121890065217288,True,0.4925373134328357
Dallas,KDAL,2026-01-20,highest-temperature-in-dallas-on-january-20,highest-temperature-in-dallas-on-january-20-58forhigher,58°F or higher,0.024992118116209917,0.9750078818837901,7.013122558593743,True,True,False,False,True,False,0.0,1.0,1768929300,0.919,47.0,0.929,0.0,0.929,0.046007881883790014,True,0.07642626480086112
Dallas,KDAL,2026-01-21,highest-temperature-in-dallas-on-january-21,highest-temperature-in-dallas-on-january-21-55forbelow,55°F or below,0.0,1.0,2.9911376953126023,False,True,False,False,True,False,0.0,1.0,1769015700,0.9995,49.0,0.99,0.0,0.99,0.010000000000000009,True,0.010101010101010166
Dallas,KDAL,2026-01-21,highest-temperature-in-dallas-on-january-21,highest-temperature-in-dallas-on-january-21-56-57f,56-57°F,0.01859343613517567,0.9814065638648243,2.9911376953126023,False,False,False,False,True,False,0.0,1.0,1769015700,0.9995,45.0,0.99,0.0,0.99,-0.008593436135175714,True,0.010101010101010166
Dallas,KDAL,2026-01-21,highest-temperature-in-dallas-on-january-21,highest-temperature-in-dallas-on-january-21-58-59f,58-59°F,0.05864530645193383,0.9413546935480661,2.9911376953126023,False,False,False,False,True,False,0.0,1.0,1769015700,0.979,51.0,0.989,0.0,0.989,-0.04764530645193388,True,0.011122345803842304
Dallas,KDAL,2026-01-21,highest-temperature-in-dallas-on-january-21,highest-temperature-in-dallas-on-january-21-60-61f,60-61°F,0.38158834486672444,0.6184116551332756,2.9911376953126023,False,False,False,False,True,False,0.0,1.0,1769015700,0.9,46.0,0.91,0.0,0.91,-0.29158834486672447,True,0.09890109890109877
Dallas,KDAL,2026-01-21,highest-temperature-in-dallas-on-january-21,highest-temperature-in-dallas-on-january-21-64-65f,64-65°F,0.07727855761508443,0.9227214423849156,2.9911376953126023,False,False,False,False,False,False,0.0,1.0,1769015700,0.685,51.0,0.6950000000000001,0.0,0.6950000000000001,0.22772144238491554,True,-1.0
Dallas,KDAL,2026-01-21,highest-temperature-in-dallas-on-january-21,highest-temperature-in-dallas-on-january-21-66forhigher,66°F or higher,0.019924388225455423,0.9800756117745446,2.9911376953126023,False,True,False,False,True,False,0.0,1.0,1769015700,0.9485,50.0,0.9585,0.0,0.9585,0.02157561177454459,True,0.0432968179447053
Dallas,KDAL,2026-01-22,highest-temperature-in-dallas-on-january-22,highest-temperature-in-dallas-on-january-22-49forbelow,49°F or below,0.0011247962130951678,0.9988752037869049,6.623272705078129,False,True,False,False,True,False,0.0,1.0,1769102100,0.9995,48.0,0.99,0.0,0.99,0.008875203786904873,True,0.010101010101010166
Dallas,KDAL,2026-01-22,highest-temperature-in-dallas-on-january-22,highest-temperature-in-dallas-on-january-22-50-51f,50-51°F,0.004499184852380671,0.9955008151476193,6.623272705078129,False,False,False,False,True,False,0.0,1.0,1769102100,0.997,45.0,0.99,0.0,0.99,0.005500815147619353,True,0.010101010101010166
Dallas,KDAL,2026-01-22,highest-temperature-in-dallas-on-january-22,highest-temperature-in-dallas-on-january-22-52-53f,52-53°F,0.044991848523806714,0.9550081514761933,6.623272705078129,False,False,False,False,False,False,0.0,1.0,1769102100,0.965,45.0,0.975,0.0,0.975,-0.019991848523806643,True,-1.0
Dallas,KDAL,2026-01-22,highest-temperature-in-dallas-on-january-22,highest-temperature-in-dallas-on-january-22-54-55f,54-55°F,0.08039987495613618,0.9196001250438638,6.623272705078129,False,False,False,False,True,False,0.0,1.0,1769102100,0.912,47.0,0.922,0.0,0.922,-0.00239987495613625,True,0.08459869848156187
Dallas,KDAL,2026-01-22,highest-temperature-in-dallas-on-january-22,highest-temperature-in-dallas-on-january-22-56-57f,56-57°F,0.2131963032619119,0.786803696738088,6.623272705078129,False,False,False,False,True,False,0.0,1.0,1769102100,0.345,47.0,0.355,0.0,0.355,0.43180369673808805,True,1.8169014084507045
Dallas,KDAL,2026-01-22,highest-temperature-in-dallas-on-january-22,highest-temperature-in-dallas-on-january-22-60forhigher,60°F or higher,0.19147599657563952,0.8085240034243605,6.623272705078129,False,True,False,False,True,False,0.0,1.0,1769102100,0.92,47.0,0.93,0.0,0.93,-0.12147599657563957,True,0.07526881720430101
Dallas,KDAL,2026-01-23,highest-temperature-in-dallas-on-january-23,highest-temperature-in-dallas-on-january-23-39forbelow,39°F or below,0.0,1.0,1.9300781250000012,False,True,False,False,True,False,0.0,1.0,1769188500,,,,0.0,,,False,
Dallas,KDAL,2026-01-23,highest-temperature-in-dallas-on-january-23,highest-temperature-in-dallas-on-january-23-40-41f,40-41°F,0.0,1.0,1.9300781250000012,False,False,False,False,True,False,0.0,1.0,1769188500,,,,0.0,,,False,
Dallas,KDAL,2026-01-23,highest-temperature-in-dallas-on-january-23,highest-temperature-in-dallas-on-january-23-42-43f,42-43°F,0.0,1.0,1.9300781250000012,False,False,False,False,True,False,0.0,1.0,1769188500,,,,0.0,,,False,
Dallas,KDAL,2026-01-23,highest-temperature-in-dallas-on-january-23,highest-temperature-in-dallas-on-january-23-44-45f,44-45°F,0.0,1.0,1.9300781250000012,False,False,False,False,True,False,0.0,1.0,1769188500,,,,0.0,,,False,
Dallas,KDAL,2026-01-23,highest-temperature-in-dallas-on-january-23,highest-temperature-in-dallas-on-january-23-46-47f,46-47°F,0.0,1.0,1.9300781250000012,False,False,False,False,True,False,0.0,1.0,1769188500,,,,0.0,,,False,
Dallas,KDAL,2026-01-23,highest-temperature-in-dallas-on-january-23,highest-temperature-in-dallas-on-january-23-48-49f,48-49°F,0.0,1.0,1.9300781250000012,False,False,False,False,True,False,0.0,1.0,1769188500,,,,0.0,,,False,
Dallas,KDAL,2026-01-24,highest-temperature-in-dallas-on-january-24,highest-temperature-in-dallas-on-january-24-27forbelow,27°F or below,0.0,1.0,3.7881958007812457,False,True,False,False,True,False,0.0,1.0,1769274900,,,,0.0,,,False,
Dallas,KDAL,2026-01-24,highest-temperature-in-dallas-on-january-24,highest-temperature-in-dallas-on-january-24-28-29f,28-29°F,0.0,1.0,3.7881958007812457,False,False,False,False,True,False,0.0,1.0,1769274900,,,,0.0,,,False,
Dallas,KDAL,2026-01-24,highest-temperature-in-dallas-on-january-24,highest-temperature-in-dallas-on-january-24-30-31f,30-31°F,0.0,1.0,3.7881958007812457,False,False,False,False,True,False,0.0,1.0,1769274900,,,,0.0,,,False,
Dallas,KDAL,2026-01-24,highest-temperature-in-dallas-on-january-24,highest-temperature-in-dallas-on-january-24-32-33f,32-33°F,0.3922507866667422,0.6077492133332578,3.7881958007812457,False,False,True,False,False,False,0.0,1.0,1769274900,0.006,47.0,0.016,0.0,0.016,0.5917492133332578,True,-1.0
Dallas,KDAL,2026-01-24,highest-temperature-in-dallas-on-january-24,highest-temperature-in-dallas-on-january-24-36-37f,36-37°F,0.0760467790364644,0.9239532209635356,3.7881958007812457,False,False,False,False,True,False,0.0,1.0,1769274900,0.9955,49.0,0.99,0.0,0.99,-0.06604677903646439,True,0.010101010101010166
Dallas,KDAL,2026-01-24,highest-temperature-in-dallas-on-january-24,highest-temperature-in-dallas-on-january-24-38forhigher,38°F or higher,0.011956601296636822,0.9880433987033632,3.7881958007812457,False,True,False,False,True,False,0.0,1.0,1769274900,0.997,47.0,0.99,0.0,0.99,-0.001956601296636773,True,0.010101010101010166
Dallas,KDAL,2026-01-25,highest-temperature-in-dallas-on-january-25,highest-temperature-in-dallas-on-january-25-19forbelow,19°F or below,0.2780306399906044,0.7219693600093956,1.2238220214843771,True,True,False,False,True,False,0.0,1.0,1769361300,0.715,46.0,0.725,0.0,0.725,-0.003030639990604378,True,0.3793103448275863
Dallas,KDAL,2026-01-25,highest-temperature-in-dallas-on-january-25,highest-temperature-in-dallas-on-january-25-22-23f,22-23°F,0.16018056325966906,0.8398194367403309,1.2238220214843771,True,False,False,False,True,False,0.0,1.0,1769361300,0.66,44.0,0.67,0.0,0.67,0.16981943674033084,True,0.4925373134328357
Dallas,KDAL,2026-01-25,highest-temperature-in-dallas-on-january-25,highest-temperature-in-dallas-on-january-25-24-25f,24-25°F,0.020070981789517765,0.9799290182104823,1.2238220214843771,True,False,False,False,True,False,0.0,1.0,1769361300,0.945,46.0,0.955,0.0,0.955,0.024929018210482323,True,0.04712041884816753
Dallas,KDAL,2026-01-25,highest-temperature-in-dallas-on-january-25,highest-temperature-in-dallas-on-january-25-26-27f,26-27°F,0.0028672831127882527,0.9971327168872117,1.2238220214843771,True,False,False,False,True,False,0.0,1.0,1769361300,0.9725,47.0,0.9825,0.0,0.9825,0.014632716887211683,True,0.01781170483460559
Dallas,KDAL,2026-01-25,highest-temperature-in-dallas-on-january-25,highest-temperature-in-dallas-on-january-25-28-29f,28-29°F,0.0014336415563941263,0.9985663584436059,1.2238220214843771,True,False,False,False,True,False,0.0,1.0,1769361300,0.997,47.0,0.99,0.0,0.99,0.00856635844360587,True,0.010101010101010166
Dallas,KDAL,2026-01-25,highest-temperature-in-dallas-on-january-25,highest-temperature-in-dallas-on-january-25-30forhigher,30°F or higher,0.0,1.0,1.2238220214843771,True,True,False,False,True,False,0.0,1.0,1769361300,0.9995,48.0,0.99,0.0,0.99,0.010000000000000009,True,0.010101010101010166
Dallas,KDAL,2026-01-26,highest-temperature-in-dallas-on-january-26,highest-temperature-in-dallas-on-january-26-27forbelow,27°F or below,0.08151560764421317,0.9184843923557868,0.4778503417968736,True,True,False,False,True,False,0.0,1.0,1769447700,0.94,49.0,0.95,0.0,0.95,-0.03151560764421313,True,0.05263157894736836
Dallas,KDAL,2026-01-26,highest-temperature-in-dallas-on-january-26,highest-temperature-in-dallas-on-january-26-30-31f,30-31°F,0.3377669587260191,0.662233041273981,0.4778503417968736,True,False,False,False,True,False,0.0,1.0,1769447700,0.645,47.0,0.655,0.0,0.655,0.007233041273980945,True,0.5267175572519083
Dallas,KDAL,2026-01-26,highest-temperature-in-dallas-on-january-26,highest-temperature-in-dallas-on-january-26-32-33f,32-33°F,0.03786301789543748,0.9621369821045626,0.4778503417968736,True,False,False,False,False,False,0.0,1.0,1769447700,0.9045,45.0,0.9145,0.0,0.9145,0.047636982104562575,True,-1.0
Dallas,KDAL,2026-01-26,highest-temperature-in-dallas-on-january-26,highest-temperature-in-dallas-on-january-26-34-35f,34-35°F,0.005505972830896885,0.9944940271691031,0.4778503417968736,True,False,False,False,True,False,0.0,1.0,1769447700,0.982,46.0,0.99,0.0,0.99,0.004494027169103076,True,0.010101010101010166
Dallas,KDAL,2026-01-26,highest-temperature-in-dallas-on-january-26,highest-temperature-in-dallas-on-january-26-36-37f,36-37°F,0.001573135094541967,0.9984268649054581,0.4778503417968736,True,False,False,False,True,False,0.0,1.0,1769447700,0.9975,46.0,0.99,0.0,0.99,0.008426864905458076,True,0.010101010101010166
Dallas,KDAL,2026-01-26,highest-temperature-in-dallas-on-january-26,highest-temperature-in-dallas-on-january-26-38forhigher,38°F or higher,0.00019664188681774584,0.9998033581131822,0.4778503417968736,True,True,False,False,True,False,0.0,1.0,1769447700,0.9995,47.0,0.99,0.0,0.99,0.009803358113182226,True,0.010101010101010166
Dallas,KDAL,2026-01-27,highest-temperature-in-dallas-on-january-27,highest-temperature-in-dallas-on-january-27-39forbelow,39°F or below,0.11293563810727122,0.8870643618927287,3.1214355468749986,False,True,False,False,True,False,0.0,1.0,1769534100,0.94,47.0,0.95,0.0,0.95,-0.06293563810727121,True,0.05263157894736836
Dallas,KDAL,2026-01-27,highest-temperature-in-dallas-on-january-27,highest-temperature-in-dallas-on-january-27-42-43f,42-43°F,0.33130729555734995,0.66869270444265,3.1214355468749986,False,False,False,False,True,False,0.0,1.0,1769534100,0.69,47.0,0.7,0.0,0.7,-0.0313072955573499,True,0.4285714285714286
Dallas,KDAL,2026-01-27,highest-temperature-in-dallas-on-january-27,highest-temperature-in-dallas-on-january-27-44-45f,44-45°F,0.038936388915821754,0.9610636110841783,3.1214355468749986,False,False,False,False,True,False,0.0,1.0,1769534100,0.925,46.0,0.935,0.0,0.935,0.026063611084178206,True,0.06951871657753994
Dallas,KDAL,2026-01-27,highest-temperature-in-dallas-on-january-27,highest-temperature-in-dallas-on-january-27-46-47f,46-47°F,0.0055401968225612715,0.9944598031774388,3.1214355468749986,False,False,False,False,True,False,0.0,1.0,1769534100,0.977,46.0,0.987,0.0,0.987,0.007459803177438773,True,0.01317122593718345
Dallas,KDAL,2026-01-27,highest-temperature-in-dallas-on-january-27,highest-temperature-in-dallas-on-january-27-48-49f,48-49°F,0.001582913377874649,0.9984170866221254,3.1214355468749986,False,False,False,False,True,False,0.0,1.0,1769534100,0.9585,48.0,0.9685,0.0,0.9685,0.029917086622125333,True,0.032524522457408445
Dallas,KDAL,2026-01-27,highest-temperature-in-dallas-on-january-27,highest-temperature-in-dallas-on-january-27-50forhigher,50°F or higher,0.00019786417223433111,0.9998021358277657,3.1214355468749986,False,True,False,False,True,False,0.0,1.0,1769534100,0.9485,45.0,0.9585,0.0,0.9585,0.04130213582776565,True,0.0432968179447053
Dallas,KDAL,2026-01-28,highest-temperature-in-dallas-on-january-28,highest-temperature-in-dallas-on-january-28-29forbelow,29°F or below,0.0,1.0,2.9144531250000014,True,True,False,False,True,False,0.0,1.0,1769620500,0.9995,49.0,0.99,0.0,0.99,0.010000000000000009,True,0.010101010101010166
Dallas,KDAL,2026-01-28,highest-temperature-in-dallas-on-january-28,highest-temperature-in-dallas-on-january-28-30-31f,30-31°F,0.0,1.0,2.9144531250000014,True,False,False,False,True,False,0.0,1.0,1769620500,0.9995,48.0,0.99,0.0,0.99,0.010000000000000009,True,0.010101010101010166
Dallas,KDAL,2026-01-28,highest-temperature-in-dallas-on-january-28,highest-temperature-in-dallas-on-january-28-32-33f,32-33°F,0.0,1.0,2.9144531250000014,True,False,False,False,True,False,0.0,1.0,1769620500,0.9995,46.0,0.99,0.0,0.99,0.010000000000000009,True,0.010101010101010166
Dallas,KDAL,2026-01-28,highest-temperature-in-dallas-on-january-28,highest-temperature-in-dallas-on-january-28-34-35f,34-35°F,0.0,1.0,2.9144531250000014,True,False,False,False,True,False,0.0,1.0,1769620500,0.9995,44.0,0.99,0.0,0.99,0.010000000000000009,True,0.010101010101010166
Dallas,KDAL,2026-01-28,highest-temperature-in-dallas-on-january-28,highest-temperature-in-dallas-on-january-28-36-37f,36-37°F,0.0,1.0,2.9144531250000014,True,False,False,False,True,False,0.0,1.0,1769620500,0.9995,47.0,0.99,0.0,0.99,0.010000000000000009,True,0.010101010101010166
Dallas,KDAL,2026-01-28,highest-temperature-in-dallas-on-january-28,highest-temperature-in-dallas-on-january-28-38-39f,38-39°F,0.0005937233035379306,0.9994062766964621,2.9144531250000014,True,False,False,False,True,False,0.0,1.0,1769620500,0.997,46.0,0.99,0.0,0.99,0.009406276696462101,True,0.010101010101010166
Dallas,KDAL,2026-01-29,highest-temperature-in-dallas-on-january-29,highest-temperature-in-dallas-on-january-29-35forbelow,35°F or below,0.0,1.0,4.087792968750001,False,True,False,False,True,False,0.0,1.0,1769706900,,,,0.0,,,False,
Dallas,KDAL,2026-01-29,highest-temperature-in-dallas-on-january-29,highest-temperature-in-dallas-on-january-29-36-37f,36-37°F,0.0,1.0,4.087792968750001,False,False,False,False,True,False,0.0,1.0,1769706900,,,,0.0,,,False,
Dallas,KDAL,2026-01-29,highest-temperature-in-dallas-on-january-29,highest-temperature-in-dallas-on-january-29-38-39f,38-39°F,0.0,1.0,4.087792968750001,False,False,False,False,True,False,0.0,1.0,1769706900,,,,0.0,,,False,
Dallas,KDAL,2026-01-29,highest-temperature-in-dallas-on-january-29,highest-temperature-in-dallas-on-january-29-40-41f,40-41°F,0.0,1.0,4.087792968750001,False,False,False,False,True,False,0.0,1.0,1769706900,0.9995,45.0,0.99,0.0,0.99,0.010000000000000009,True,0.010101010101010166
Dallas,KDAL,2026-01-29,highest-temperature-in-dallas-on-january-29,highest-temperature-in-dallas-on-january-29-42-43f,42-43°F,0.0,1.0,4.087792968750001,False,False,False,False,True,False,0.0,1.0,1769706900,0.9995,44.0,0.99,0.0,0.99,0.010000000000000009,True,0.010101010101010166
Dallas,KDAL,2026-01-29,highest-temperature-in-dallas-on-january-29,highest-temperature-in-dallas-on-january-29-44-45f,44-45°F,0.0,1.0,4.087792968750001,False,False,False,False,True,False,0.0,1.0,1769706900,0.9995,43.0,0.99,0.0,0.99,0.010000000000000009,True,0.010101010101010166
Dallas,KDAL,2026-01-30,highest-temperature-in-dallas-on-january-30,highest-temperature-in-dallas-on-january-30-41forbelow,41°F or below,0.0012552032029926787,0.9987447967970073,4.732415771484376,False,True,False,False,True,False,0.0,1.0,1769793300,0.9985,46.0,0.99,0.0,0.99,0.008744796797007348,True,0.010101010101010166
Dallas,KDAL,2026-01-30,highest-temperature-in-dallas-on-january-30,highest-temperature-in-dallas-on-january-30-42-43f,42-43°F,0.010041625623941432,0.9899583743760586,4.732415771484376,False,False,False,False,True,False,0.0,1.0,1769793300,0.996,48.0,0.99,0.0,0.99,-4.1625623941388135e-05,True,0.010101010101010166
Dallas,KDAL,2026-01-30,highest-temperature-in-dallas-on-january-30,highest-temperature-in-dallas-on-january-30-44-45f,44-45°F,0.0338758142080125,0.9661241857919876,4.732415771484376,False,False,False,False,True,False,0.0,1.0,1769793300,0.7775,47.0,0.7875,0.0,0.7875,0.17862418579198758,True,0.26984126984126977
Dallas,KDAL,2026-01-30,highest-temperature-in-dallas-on-january-30,highest-temperature-in-dallas-on-january-30-46-47f,46-47°F,0.3949745885475312,0.6050254114524688,4.732415771484376,False,False,False,False,True,False,0.0,1.0,1769793300,0.615,46.0,0.625,0.0,0.625,-0.019974588547531202,True,0.6000000000000001
Dallas,KDAL,2026-01-30,highest-temperature-in-dallas-on-january-30,highest-temperature-in-dallas-on-january-30-50-51f,50-51°F,0.0782254192765112,0.9217745807234888,4.732415771484376,False,False,False,False,True,False,0.0,1.0,1769793300,0.795,44.0,0.805,0.0,0.805,0.11677458072348879,True,0.2422360248447204
Dallas,KDAL,2026-01-30,highest-temperature-in-dallas-on-january-30,highest-temperature-in-dallas-on-january-30-52forhigher,52°F or higher,0.01346180350734379,0.9865381964926562,4.732415771484376,False,True,False,False,True,False,0.0,1.0,1769793300,0.96,47.0,0.97,0.0,0.97,0.0165381964926562,True,0.030927835051546504
Dallas,KDAL,2026-01-31,highest-temperature-in-dallas-on-january-31,highest-temperature-in-dallas-on-january-31-29forbelow,29°F or below,0.0,1.0,3.1690063476562464,True,True,False,False,True,False,0.0,1.0,1769879700,,,,0.0,,,False,
Dallas,KDAL,2026-01-31,highest-temperature-in-dallas-on-january-31,highest-temperature-in-dallas-on-january-31-30-31f,30-31°F,0.0,1.0,3.1690063476562464,True,False,False,False,True,False,0.0,1.0,1769879700,,,,0.0,,,False,
Dallas,KDAL,2026-01-31,highest-temperature-in-dallas-on-january-31,highest-temperature-in-dallas-on-january-31-32-33f,32-33°F,0.2294951377651983,0.7705048622348016,3.1690063476562464,True,False,False,False,False,False,0.0,1.0,1769879700,0.495,44.0,0.505,0.0,0.505,0.26550486223480163,True,-1.0
Dallas,KDAL,2026-01-31,highest-temperature-in-dallas-on-january-31,highest-temperature-in-dallas-on-january-31-36-37f,36-37°F,0.09391248844359945,0.9060875115564005,3.1690063476562464,True,False,False,False,True,False,0.0,1.0,1769879700,0.965,43.0,0.975,0.0,0.975,-0.06891248844359943,True,0.025641025641025772
Dallas,KDAL,2026-01-31,highest-temperature-in-dallas-on-january-31,highest-temperature-in-dallas-on-january-31-38-39f,38-39°F,0.012179859072645322,0.9878201409273547,3.1690063476562464,True,False,False,False,True,False,0.0,1.0,1769879700,0.997,46.0,0.99,0.0,0.99,-0.002179859072645285,True,0.010101010101010166
Dallas,KDAL,2026-01-31,highest-temperature-in-dallas-on-january-31,highest-temperature-in-dallas-on-january-31-40forhigher,40°F or higher,0.0026099698012811406,0.9973900301987189,3.1690063476562464,True,True,False,False,True,False,0.0,1.0,1769879700,0.998,44.0,0.99,0.0,0.99,0.007390030198718867,True,0.010101010101010166
Dallas,KDAL,2026-02-01,highest-temperature-in-dallas-on-february-1,highest-temperature-in-dallas-on-february-1-47forbelow,47°F or below,0.011201218392790478,0.9887987816072096,1.8271362304687455,False,True,False,False,True,False,0.0,1.0,1769966100,0.988,47.0,0.99,0.0,0.99,-0.0012012183927904152,True,0.010101010101010166
Dallas,KDAL,2026-02-01,highest-temperature-in-dallas-on-february-1,highest-temperature-in-dallas-on-february-1-48-49f,48-49°F,0.028412075831472046,0.9715879241685279,1.8271362304687455,False,False,False,False,True,False,0.0,1.0,1769966100,0.9925,45.0,0.99,0.0,0.99,-0.018412075831472086,True,0.010101010101010166
Dallas,KDAL,2026-02-01,highest-temperature-in-dallas-on-february-1,highest-temperature-in-dallas-on-february-1-50-51f,50-51°F,0.30745597800812485,0.6925440219918751,1.8271362304687455,False,False,False,False,False,False,0.0,1.0,1769966100,0.68,48.0,0.6900000000000001,0.0,0.6900000000000001,0.0025440219918750895,True,-1.0
Dallas,KDAL,2026-02-01,highest-temperature-in-dallas-on-february-1,highest-temperature-in-dallas-on-february-1-54-55f,54-55°F,0.11217043729371226,0.8878295627062878,1.8271362304687455,False,False,False,False,True,False,0.0,1.0,1769966100,0.84,44.0,0.85,0.0,0.85,0.03782956270628779,True,0.17647058823529416
Dallas,KDAL,2026-02-01,highest-temperature-in-dallas-on-february-1,highest-temperature-in-dallas-on-february-1-56-57f,56-57°F,0.026406559035334724,0.9735934409646653,1.8271362304687455,False,False,False,False,True,False,0.0,1.0,1769966100,0.95,45.0,0.96,0.0,0.96,0.013593440964665304,True,0.04166666666666674
Dallas,KDAL,2026-02-01,highest-temperature-in-dallas-on-february-1,highest-temperature-in-dallas-on-february-1-58forhigher,58°F or higher,0.005658548364714583,0.9943414516352854,1.8271362304687455,False,True,False,False,True,False,0.0,1.0,1769966100,0.993,43.0,0.99,0.0,0.99,0.0043414516352854315,True,0.010101010101010166
Dallas,KDAL,2026-02-02,highest-temperature-in-dallas-on-february-2,highest-temperature-in-dallas-on-february-2-51forbelow,51°F or below,0.0,1.0,3.971118164062503,False,True,False,False,True,False,0.0,1.0,1770052500,0.9995,30.0,0.99,0.0,0.99,0.010000000000000009,True,0.010101010101010166
Dallas,KDAL,2026-02-02,highest-temperature-in-dallas-on-february-2,highest-temperature-in-dallas-on-february-2-52-53f,52-53°F,0.0,1.0,3.971118164062503,False,False,False,False,True,False,0.0,1.0,1770052500,0.9995,46.0,0.99,0.0,0.99,0.010000000000000009,True,0.010101010101010166
Dallas,KDAL,2026-02-02,highest-temperature-in-dallas-on-february-2,highest-temperature-in-dallas-on-february-2-54-55f,54-55°F,0.0,1.0,3.971118164062503,False,False,False,False,True,False,0.0,1.0,1770052500,0.998,31.0,0.99,0.0,0.99,0.010000000000000009,True,0.010101010101010166
Dallas,KDAL,2026-02-02,highest-temperature-in-dallas-on-february-2,highest-temperature-in-dallas-on-february-2-56-57f,56-57°F,0.0,1.0,3.971118164062503,False,False,False,False,True,False,0.0,1.0,1770052500,0.9985,38.0,0.99,0.0,0.99,0.010000000000000009,True,0.010101010101010166
Dallas,KDAL,2026-02-02,highest-temperature-in-dallas-on-february-2,highest-temperature-in-dallas-on-february-2-58-59f,58-59°F,0.0005776468881462049,0.9994223531118538,3.971118164062503,False,False,False,False,True,False,0.0,1.0,1770052500,0.9975,20.0,0.99,0.0,0.99,0.009422353111853798,True,0.010101010101010166
Dallas,KDAL,2026-02-02,highest-temperature-in-dallas-on-february-2,highest-temperature-in-dallas-on-february-2-60-61f,60-61°F,0.0023105875525848197,0.9976894124474152,3.971118164062503,False,False,False,False,True,False,0.0,1.0,1770052500,0.9965,27.0,0.99,0.0,0.99,0.007689412447415167,True,0.010101010101010166
Dallas,KDAL,2026-02-03,highest-temperature-in-dallas-on-february-3-2026,highest-temperature-in-dallas-on-february-3-2026-51forbelow,51°F or below,0.0,1.0,1.0767150878906335,False,True,False,False,True,False,0.0,1.0,1770138900,,,,0.0,,,False,
Dallas,KDAL,2026-02-03,highest-temperature-in-dallas-on-february-3-2026,highest-temperature-in-dallas-on-february-3-2026-52-53f,52-53°F,0.0,1.0,1.0767150878906335,False,False,False,False,True,False,0.0,1.0,1770138900,,,,0.0,,,False,
Dallas,KDAL,2026-02-03,highest-temperature-in-dallas-on-february-3-2026,highest-temperature-in-dallas-on-february-3-2026-54-55f,54-55°F,0.0,1.0,1.0767150878906335,False,False,False,False,True,False,0.0,1.0,1770138900,,,,0.0,,,False,
Dallas,KDAL,2026-02-03,highest-temperature-in-dallas-on-february-3-2026,highest-temperature-in-dallas-on-february-3-2026-56-57f,56-57°F,0.0,1.0,1.0767150878906335,False,False,False,False,True,False,0.0,1.0,1770138900,,,,0.0,,,False,
Dallas,KDAL,2026-02-03,highest-temperature-in-dallas-on-february-3-2026,highest-temperature-in-dallas-on-february-3-2026-58-59f,58-59°F,0.0,1.0,1.0767150878906335,False,False,False,False,True,False,0.0,1.0,1770138900,0.9995,44.0,0.99,0.0,0.99,0.010000000000000009,True,0.010101010101010166
Dallas,KDAL,2026-02-03,highest-temperature-in-dallas-on-february-3-2026,highest-temperature-in-dallas-on-february-3-2026-60-61f,60-61°F,0.0,1.0,1.0767150878906335,False,False,False,False,True,False,0.0,1.0,1770138900,0.9995,45.0,0.99,0.0,0.99,0.010000000000000009,True,0.010101010101010166
Dallas,KDAL,2026-02-04,highest-temperature-in-dallas-on-february-4-2026,highest-temperature-in-dallas-on-february-4-2026-43forbelow,43°F or below,0.0,1.0,4.411450195312504,True,True,False,False,True,False,0.0,1.0,1770225300,,,,0.0,,,False,
Dallas,KDAL,2026-02-04,highest-temperature-in-dallas-on-february-4-2026,highest-temperature-in-dallas-on-february-4-2026-44-45f,44-45°F,0.0,1.0,4.411450195312504,True,False,False,False,True,False,0.0,1.0,1770225300,,,,0.0,,,False,
Dallas,KDAL,2026-02-04,highest-temperature-in-dallas-on-february-4-2026,highest-temperature-in-dallas-on-february-4-2026-46-47f,46-47°F,0.0,1.0,4.411450195312504,True,False,False,False,True,False,0.0,1.0,1770225300,,,,0.0,,,False,
Dallas,KDAL,2026-02-04,highest-temperature-in-dallas-on-february-4-2026,highest-temperature-in-dallas-on-february-4-2026-48-49f,48-49°F,0.0,1.0,4.411450195312504,True,False,False,False,True,False,0.0,1.0,1770225300,,,,0.0,,,False,
Dallas,KDAL,2026-02-04,highest-temperature-in-dallas-on-february-4-2026,highest-temperature-in-dallas-on-february-4-2026-50-51f,50-51°F,0.03374438341142072,0.9662556165885793,4.411450195312504,True,False,False,False,True,False,0.0,1.0,1770225300,0.9965,43.0,0.99,0.0,0.99,-0.02374438341142071,True,0.010101010101010166
Dallas,KDAL,2026-02-04,highest-temperature-in-dallas-on-february-4-2026,highest-temperature-in-dallas-on-february-4-2026-52-53f,52-53°F,0.1159119950468375,0.8840880049531625,4.411450195312504,True,False,False,False,True,False,0.0,1.0,1770225300,0.964,47.0,0.974,0.0,0.974,-0.08991199504683745,True,0.026694045174538106
Dallas,KDAL,2026-02-05,highest-temperature-in-dallas-on-february-5-2026,highest-temperature-in-dallas-on-february-5-2026-47forbelow,47°F or below,0.0,1.0,6.522198486328129,True,True,False,False,True,False,0.0,1.0,1770311700,0.9995,48.0,0.99,0.0,0.99,0.010000000000000009,True,0.010101010101010166
Dallas,KDAL,2026-02-05,highest-temperature-in-dallas-on-february-5-2026,highest-temperature-in-dallas-on-february-5-2026-48-49f,48-49°F,0.0,1.0,6.522198486328129,True,False,False,False,True,False,0.0,1.0,1770311700,0.9995,44.0,0.99,0.0,0.99,0.010000000000000009,True,0.010101010101010166
Dallas,KDAL,2026-02-05,highest-temperature-in-dallas-on-february-5-2026,highest-temperature-in-dallas-on-february-5-2026-50-51f,50-51°F,0.0,1.0,6.522198486328129,True,False,False,False,True,False,0.0,1.0,1770311700,0.9995,46.0,0.99,0.0,0.99,0.010000000000000009,True,0.010101010101010166
Dallas,KDAL,2026-02-05,highest-temperature-in-dallas-on-february-5-2026,highest-temperature-in-dallas-on-february-5-2026-52-53f,52-53°F,0.0,1.0,6.522198486328129,True,False,False,False,True,False,0.0,1.0,1770311700,0.9995,46.0,0.99,0.0,0.99,0.010000000000000009,True,0.010101010101010166
Dallas,KDAL,2026-02-05,highest-temperature-in-dallas-on-february-5-2026,highest-temperature-in-dallas-on-february-5-2026-54-55f,54-55°F,0.0,1.0,6.522198486328129,True,False,False,False,True,False,0.0,1.0,1770311700,0.998,49.0,0.99,0.0,0.99,0.010000000000000009,True,0.010101010101010166
Dallas,KDAL,2026-02-05,highest-temperature-in-dallas-on-february-5-2026,highest-temperature-in-dallas-on-february-5-2026-56-57f,56-57°F,0.0,1.0,6.522198486328129,True,False,False,False,True,False,0.0,1.0,1770311700,0.998,45.0,0.99,0.0,0.99,0.010000000000000009,True,0.010101010101010166
Dallas,KDAL,2026-02-06,highest-temperature-in-dallas-on-february-6-2026,highest-temperature-in-dallas-on-february-6-2026-71forbelow,71°F or below,0.0,1.0,6.690454101562594,True,True,False,False,True,False,0.0,1.0,1770398100,0.994,43.0,0.99,0.0,0.99,0.010000000000000009,True,0.010101010101010166
Dallas,KDAL,2026-02-06,highest-temperature-in-dallas-on-february-6-2026,highest-temperature-in-dallas-on-february-6-2026-72-73f,72-73°F,0.0004499118036432827,0.9995500881963567,6.690454101562594,True,False,False,False,True,False,0.0,1.0,1770398100,0.915,45.0,0.925,0.0,0.925,0.07455008819635667,True,0.08108108108108092
Dallas,KDAL,2026-02-06,highest-temperature-in-dallas-on-february-6-2026,highest-temperature-in-dallas-on-february-6-2026-74-75f,74-75°F,0.001799647214573131,0.9982003527854268,6.690454101562594,True,False,False,False,True,False,0.0,1.0,1770398100,0.9375,48.0,0.9475,0.0,0.9475,0.05070035278542684,True,0.0554089709762533
Dallas,KDAL,2026-02-06,highest-temperature-in-dallas-on-february-6-2026,highest-temperature-in-dallas-on-february-6-2026-76-77f,76-77°F,0.0065237211528276,0.9934762788471724,6.690454101562594,True,False,False,False,True,False,0.0,1.0,1770398100,0.85,43.0,0.86,0.0,0.86,0.1334762788471724,True,0.16279069767441867
Dallas,KDAL,2026-02-06,highest-temperature-in-dallas-on-february-6-2026,highest-temperature-in-dallas-on-february-6-2026-78-79f,78-79°F,0.13844736783592101,0.861552632164079,6.690454101562594,True,False,False,False,True,False,0.0,1.0,1770398100,0.72,45.0,0.73,0.0,0.73,0.13155263216407898,True,0.36986301369863006
Dallas,KDAL,2026-02-06,highest-temperature-in-dallas-on-february-6-2026,highest-temperature-in-dallas-on-february-6-2026-82forhigher,82°F or higher,0.279985280099706,0.720014719900294,6.690454101562594,True,True,False,False,False,False,0.0,1.0,1770398100,0.7955,42.0,0.8055,0.0,0.8055,-0.08548528009970602,True,-1.0
Dallas,KDAL,2026-02-07,highest-temperature-in-dallas-on-february-7-2026,highest-temperature-in-dallas-on-february-7-2026-63forbelow,63°F or below,0.0,1.0,3.692889404296878,True,True,False,False,True,False,0.0,1.0,1770484500,0.9985,45.0,0.99,0.0,0.99,0.010000000000000009,True,0.010101010101010166
Dallas,KDAL,2026-02-07,highest-temperature-in-dallas-on-february-7-2026,highest-temperature-in-dallas-on-february-7-2026-64-65f,64-65°F,0.0006144311684823202,0.9993855688315176,3.692889404296878,True,False,False,False,True,False,0.0,1.0,1770484500,0.995,45.0,0.99,0.0,0.99,0.009385568831517643,True,0.010101010101010166
Dallas,KDAL,2026-02-07,highest-temperature-in-dallas-on-february-7-2026,highest-temperature-in-dallas-on-february-7-2026-66-67f,66-67°F,0.002457724673929281,0.9975422753260708,3.692889404296878,True,False,False,False,True,False,0.0,1.0,1770484500,0.996,47.0,0.99,0.0,0.99,0.007542275326070769,True,0.010101010101010166
Dallas,KDAL,2026-02-07,highest-temperature-in-dallas-on-february-7-2026,highest-temperature-in-dallas-on-february-7-2026-68-69f,68-69°F,0.008909251942993643,0.9910907480570064,3.692889404296878,True,False,False,False,True,False,0.0,1.0,1770484500,0.989,43.0,0.99,0.0,0.99,0.0010907480570063743,True,0.010101010101010166
Dallas,KDAL,2026-02-07,highest-temperature-in-dallas-on-february-7-2026,highest-temperature-in-dallas-on-february-7-2026-70-71f,70-71°F,0.05643085786738397,0.943569142132616,3.692889404296878,True,False,False,False,True,False,0.0,1.0,1770484500,0.93,43.0,0.9400000000000001,0.0,0.9400000000000001,0.0035691421326159434,True,0.06382978723404253
Dallas,KDAL,2026-02-07,highest-temperature-in-dallas-on-february-7-2026,highest-temperature-in-dallas-on-february-7-2026-74forhigher,74°F or higher,0.37279632492820447,0.6272036750717955,3.692889404296878,True,True,False,False,True,False,0.0,1.0,1770484500,0.453,44.0,0.463,0.0,0.463,0.1642036750717955,True,1.159827213822894
Dallas,KDAL,2026-02-08,highest-temperature-in-dallas-on-february-8-2026,highest-temperature-in-dallas-on-february-8-2026-65forbelow,65°F or below,0.0,1.0,9.88829956054687,True,True,False,False,True,False,0.0,1.0,1770570900,0.9995,42.0,0.99,0.0,0.99,0.010000000000000009,True,0.010101010101010166
Dallas,KDAL,2026-02-08,highest-temperature-in-dallas-on-february-8-2026,highest-temperature-in-dallas-on-february-8-2026-66-67f,66-67°F,0.00055311641075931,0.9994468835892407,9.88829956054687,True,False,False,False,True,False,0.0,1.0,1770570900,0.9995,46.0,0.99,0.0,0.99,0.009446883589240729,True,0.010101010101010166
Dallas,KDAL,2026-02-08,highest-temperature-in-dallas-on-february-8-2026,highest-temperature-in-dallas-on-february-8-2026-68-69f,68-69°F,0.00221246564303724,0.9977875343569628,9.88829956054687,True,False,False,False,True,False,0.0,1.0,1770570900,0.9975,48.0,0.99,0.0,0.99,0.0077875343569627775,True,0.010101010101010166
Dallas,KDAL,2026-02-08,highest-temperature-in-dallas-on-february-8-2026,highest-temperature-in-dallas-on-february-8-2026-70-71f,70-71°F,0.0221246564303724,0.9778753435696276,9.88829956054687,True,False,False,False,True,False,0.0,1.0,1770570900,0.9975,46.0,0.99,0.0,0.99,-0.012124656430372416,True,0.010101010101010166
Dallas,KDAL,2026-02-08,highest-temperature-in-dallas-on-february-8-2026,highest-temperature-in-dallas-on-february-8-2026-72-73f,72-73°F,0.04986481363191523,0.9501351863680848,9.88829956054687,True,False,False,False,True,False,0.0,1.0,1770570900,0.9985,44.0,0.99,0.0,0.99,-0.039864813631915186,True,0.010101010101010166
Dallas,KDAL,2026-02-08,highest-temperature-in-dallas-on-february-8-2026,highest-temperature-in-dallas-on-february-8-2026-74-75f,74-75°F,0.27284288647114274,0.7271571135288573,9.88829956054687,True,False,False,False,True,False,0.0,1.0,1770570900,0.949,45.0,0.959,0.0,0.959,-0.2318428864711427,True,0.04275286757038588
Dallas,KDAL,2026-02-09,highest-temperature-in-dallas-on-february-9-2026,highest-temperature-in-dallas-on-february-9-2026-63forbelow,63°F or below,0.0,1.0,4.805255126953128,False,True,False,False,True,False,0.0,1.0,1770657300,0.9995,43.0,0.99,0.0,0.99,0.010000000000000009,True,0.010101010101010166
Dallas,KDAL,2026-02-09,highest-temperature-in-dallas-on-february-9-2026,highest-temperature-in-dallas-on-february-9-2026-64-65f,64-65°F,0.0,1.0,4.805255126953128,False,False,False,False,True,False,0.0,1.0,1770657300,0.9995,46.0,0.99,0.0,0.99,0.010000000000000009,True,0.010101010101010166
Dallas,KDAL,2026-02-09,highest-temperature-in-dallas-on-february-9-2026,highest-temperature-in-dallas-on-february-9-2026-66-67f,66-67°F,0.0,1.0,4.805255126953128,False,False,False,False,True,False,0.0,1.0,1770657300,0.9995,47.0,0.99,0.0,0.99,0.010000000000000009,True,0.010101010101010166
Dallas,KDAL,2026-02-09,highest-temperature-in-dallas-on-february-9-2026,highest-temperature-in-dallas-on-february-9-2026-68-69f,68-69°F,0.0,1.0,4.805255126953128,False,False,False,False,True,False,0.0,1.0,1770657300,0.998,46.0,0.99,0.0,0.99,0.010000000000000009,True,0.010101010101010166
Dallas,KDAL,2026-02-09,highest-temperature-in-dallas-on-february-9-2026,highest-temperature-in-dallas-on-february-9-2026-70-71f,70-71°F,0.0,1.0,4.805255126953128,False,False,False,False,True,False,0.0,1.0,1770657300,0.9995,44.0,0.99,0.0,0.99,0.010000000000000009,True,0.010101010101010166
Dallas,KDAL,2026-02-09,highest-temperature-in-dallas-on-february-9-2026,highest-temperature-in-dallas-on-february-9-2026-72-73f,72-73°F,0.00020572292163901246,0.999794277078361,4.805255126953128,False,False,False,False,True,False,0.0,1.0,1770657300,0.9985,42.0,0.99,0.0,0.99,0.009794277078361002,True,0.010101010101010166
Dallas,KDAL,2026-02-10,highest-temperature-in-dallas-on-february-10-2026,highest-temperature-in-dallas-on-february-10-2026-61forbelow,61°F or below,0.0,1.0,2.355743408203125,True,True,False,False,True,False,0.0,1.0,1770743700,,,,0.0,,,False,
Dallas,KDAL,2026-02-10,highest-temperature-in-dallas-on-february-10-2026,highest-temperature-in-dallas-on-february-10-2026-62-63f,62-63°F,0.0,1.0,2.355743408203125,True,False,False,False,True,False,0.0,1.0,1770743700,,,,0.0,,,False,
Dallas,KDAL,2026-02-10,highest-temperature-in-dallas-on-february-10-2026,highest-temperature-in-dallas-on-february-10-2026-64-65f,64-65°F,0.0,1.0,2.355743408203125,True,False,False,False,True,False,0.0,1.0,1770743700,,,,0.0,,,False,
Dallas,KDAL,2026-02-10,highest-temperature-in-dallas-on-february-10-2026,highest-temperature-in-dallas-on-february-10-2026-66-67f,66-67°F,0.0,1.0,2.355743408203125,True,False,False,False,True,False,0.0,1.0,1770743700,,,,0.0,,,False,
Dallas,KDAL,2026-02-10,highest-temperature-in-dallas-on-february-10-2026,highest-temperature-in-dallas-on-february-10-2026-68-69f,68-69°F,0.0003488164161740018,0.999651183583826,2.355743408203125,True,False,False,False,True,False,0.0,1.0,1770743700,0.997,47.0,0.99,0.0,0.99,0.009651183583825995,True,0.010101010101010166
Dallas,KDAL,2026-02-10,highest-temperature-in-dallas-on-february-10-2026,highest-temperature-in-dallas-on-february-10-2026-70-71f,70-71°F,0.013952656646960073,0.9860473433530399,2.355743408203125,True,False,False,False,True,False,0.0,1.0,1770743700,0.9615,46.0,0.9715,0.0,0.9715,0.014547343353039865,True,0.029336078229541984
Dallas,KDAL,2026-02-11,highest-temperature-in-dallas-on-february-11-2026,highest-temperature-in-dallas-on-february-11-2026-51forbelow,51°F or below,0.0,1.0,5.785565185546872,False,True,False,False,True,False,0.0,1.0,1770830100,,,,0.0,,,False,
Dallas,KDAL,2026-02-11,highest-temperature-in-dallas-on-february-11-2026,highest-temperature-in-dallas-on-february-11-2026-52-53f,52-53°F,0.0,1.0,5.785565185546872,False,False,False,False,True,False,0.0,1.0,1770830100,0.9995,42.0,0.99,0.0,0.99,0.010000000000000009,True,0.010101010101010166
Dallas,KDAL,2026-02-11,highest-temperature-in-dallas-on-february-11-2026,highest-temperature-in-dallas-on-february-11-2026-54-55f,54-55°F,0.0,1.0,5.785565185546872,False,False,False,False,True,False,0.0,1.0,1770830100,0.9995,44.0,0.99,0.0,0.99,0.010000000000000009,True,0.010101010101010166
Dallas,KDAL,2026-02-11,highest-temperature-in-dallas-on-february-11-2026,highest-temperature-in-dallas-on-february-11-2026-56-57f,56-57°F,0.0003532156794608033,0.9996467843205392,5.785565185546872,False,False,False,False,True,False,0.0,1.0,1770830100,0.998,42.0,0.99,0.0,0.99,0.009646784320539226,True,0.010101010101010166
Dallas,KDAL,2026-02-11,highest-temperature-in-dallas-on-february-11-2026,highest-temperature-in-dallas-on-february-11-2026-58-59f,58-59°F,0.0014128627178432132,0.9985871372821568,5.785565185546872,False,False,False,False,True,False,0.0,1.0,1770830100,0.997,48.0,0.99,0.0,0.99,0.008587137282156765,True,0.010101010101010166
Dallas,KDAL,2026-02-11,highest-temperature-in-dallas-on-february-11-2026,highest-temperature-in-dallas-on-february-11-2026-60-61f,60-61°F,0.014128627178432135,0.9858713728215679,5.785565185546872,False,False,False,False,True,False,0.0,1.0,1770830100,0.997,42.0,0.99,0.0,0.99,-0.004128627178432098,True,0.010101010101010166
Dallas,KDAL,2026-02-12,highest-temperature-in-dallas-on-february-12-2026,highest-temperature-in-dallas-on-february-12-2026-69forbelow,69°F or below,0.016472180913618233,0.9835278190863818,6.7113281250000085,False,True,False,False,True,False,0.0,1.0,1770916500,0.99,31.0,0.99,0.0,0.99,-0.006472180913618231,True,0.010101010101010166
Dallas,KDAL,2026-02-12,highest-temperature-in-dallas-on-february-12-2026,highest-temperature-in-dallas-on-february-12-2026-70-71f,70-71°F,0.050467977655070835,0.9495320223449292,6.7113281250000085,False,False,False,False,True,False,0.0,1.0,1770916500,0.979,30.0,0.989,0.0,0.989,-0.03946797765507082,True,0.011122345803842304
Dallas,KDAL,2026-02-12,highest-temperature-in-dallas-on-february-12-2026,highest-temperature-in-dallas-on-february-12-2026-72-73f,72-73°F,0.3648669739897521,0.6351330260102479,6.7113281250000085,False,False,False,False,True,False,0.0,1.0,1770916500,0.7,31.0,0.71,0.0,0.71,-0.07486697398975206,True,0.40845070422535223
Dallas,KDAL,2026-02-12,highest-temperature-in-dallas-on-february-12-2026,highest-temperature-in-dallas-on-february-12-2026-76-77f,76-77°F,0.07667842902011744,0.9233215709798825,6.7113281250000085,False,False,False,False,True,False,0.0,1.0,1770916500,0.885,31.0,0.895,0.0,0.895,0.028321570979882527,True,0.11731843575418988
Dallas,KDAL,2026-02-12,highest-temperature-in-dallas-on-february-12-2026,highest-temperature-in-dallas-on-february-12-2026-78-79f,78-79°F,0.021038318022086007,0.978961681977914,6.7113281250000085,False,False,False,False,True,False,0.0,1.0,1770916500,0.925,30.0,0.935,0.0,0.935,0.04396168197791395,True,0.06951871657753994
Dallas,KDAL,2026-02-12,highest-temperature-in-dallas-on-february-12-2026,highest-temperature-in-dallas-on-february-12-2026-80forhigher,80°F or higher,0.004508211004732716,0.9954917889952672,6.7113281250000085,False,True,False,False,True,False,0.0,1.0,1770916500,0.983,33.0,0.99,0.0,0.99,0.005491788995267255,True,0.010101010101010166
Dallas,KDAL,2026-02-13,highest-temperature-in-dallas-on-february-13-2026,highest-temperature-in-dallas-on-february-13-2026-57forbelow,57°F or below,0.0,1.0,4.5887695312500085,False,True,False,False,True,False,0.0,1.0,1771002900,,,,0.0,,,False,
Dallas,KDAL,2026-02-13,highest-temperature-in-dallas-on-february-13-2026,highest-temperature-in-dallas-on-february-13-2026-58-59f,58-59°F,0.0,1.0,4.5887695312500085,False,False,False,False,True,False,0.0,1.0,1771002900,,,,0.0,,,False,
Dallas,KDAL,2026-02-13,highest-temperature-in-dallas-on-february-13-2026,highest-temperature-in-dallas-on-february-13-2026-60-61f,60-61°F,0.0,1.0,4.5887695312500085,False,False,False,False,True,False,0.0,1.0,1771002900,,,,0.0,,,False,
Dallas,KDAL,2026-02-13,highest-temperature-in-dallas-on-february-13-2026,highest-temperature-in-dallas-on-february-13-2026-62-63f,62-63°F,0.0,1.0,4.5887695312500085,False,False,False,False,True,False,0.0,1.0,1771002900,,,,0.0,,,False,
Dallas,KDAL,2026-02-13,highest-temperature-in-dallas-on-february-13-2026,highest-temperature-in-dallas-on-february-13-2026-64-65f,64-65°F,0.0,1.0,4.5887695312500085,False,False,False,False,True,False,0.0,1.0,1771002900,0.9995,47.0,0.99,0.0,0.99,0.010000000000000009,True,0.010101010101010166
Dallas,KDAL,2026-02-13,highest-temperature-in-dallas-on-february-13-2026,highest-temperature-in-dallas-on-february-13-2026-66-67f,66-67°F,0.0,1.0,4.5887695312500085,False,False,False,False,True,False,0.0,1.0,1771002900,0.9945,43.0,0.99,0.0,0.99,0.010000000000000009,True,0.010101010101010166
Dallas,KDAL,2026-02-14,highest-temperature-in-dallas-on-february-14-2026,highest-temperature-in-dallas-on-february-14-2026-55forbelow,55°F or below,0.0,1.0,1.7065063476562583,False,True,False,False,True,False,0.0,1.0,1771089300,,,,0.0,,,False,
Dallas,KDAL,2026-02-14,highest-temperature-in-dallas-on-february-14-2026,highest-temperature-in-dallas-on-february-14-2026-56-57f,56-57°F,0.0,1.0,1.7065063476562583,False,False,False,False,True,False,0.0,1.0,1771089300,,,,0.0,,,False,
Dallas,KDAL,2026-02-14,highest-temperature-in-dallas-on-february-14-2026,highest-temperature-in-dallas-on-february-14-2026-58-59f,58-59°F,0.0,1.0,1.7065063476562583,False,False,False,False,True,False,0.0,1.0,1771089300,,,,0.0,,,False,
Dallas,KDAL,2026-02-14,highest-temperature-in-dallas-on-february-14-2026,highest-temperature-in-dallas-on-february-14-2026-60-61f,60-61°F,0.0,1.0,1.7065063476562583,False,False,False,False,True,False,0.0,1.0,1771089300,,,,0.0,,,False,
Dallas,KDAL,2026-02-14,highest-temperature-in-dallas-on-february-14-2026,highest-temperature-in-dallas-on-february-14-2026-62-63f,62-63°F,0.0,1.0,1.7065063476562583,False,False,False,False,True,False,0.0,1.0,1771089300,,,,0.0,,,False,
Dallas,KDAL,2026-02-14,highest-temperature-in-dallas-on-february-14-2026,highest-temperature-in-dallas-on-february-14-2026-64-65f,64-65°F,0.0,1.0,1.7065063476562583,False,False,False,False,True,False,0.0,1.0,1771089300,,,,0.0,,,False,
Dallas,KDAL,2026-02-14,highest-temperature-in-dallas-on-february-14-2026,highest-temperature-in-dallas-on-february-14-2026-66-67f,66-67°F,0.0,1.0,1.7065063476562583,False,False,False,False,True,False,0.0,1.0,1771089300,,,,0.0,,,False,
Dallas,KDAL,2026-02-14,highest-temperature-in-dallas-on-february-14-2026,highest-temperature-in-dallas-on-february-14-2026-68-69f,68-69°F,0.3796184508390391,0.6203815491609609,1.7065063476562583,False,False,True,False,False,False,0.0,1.0,1771089300,0.077,45.0,0.087,0.0,0.087,0.5333815491609609,True,-1.0
Dallas,KDAL,2026-02-15,highest-temperature-in-dallas-on-february-15-2026,highest-temperature-in-dallas-on-february-15-2026-53forbelow,53°F or below,0.0,1.0,7.18439941406249,False,True,False,False,True,False,0.0,1.0,1771175700,,,,0.0,,,False,
Dallas,KDAL,2026-02-15,highest-temperature-in-dallas-on-february-15-2026,highest-temperature-in-dallas-on-february-15-2026-54-55f,54-55°F,0.0,1.0,7.18439941406249,False,False,False,False,True,False,0.0,1.0,1771175700,,,,0.0,,,False,
Dallas,KDAL,2026-02-15,highest-temperature-in-dallas-on-february-15-2026,highest-temperature-in-dallas-on-february-15-2026-56-57f,56-57°F,0.0,1.0,7.18439941406249,False,False,False,False,True,False,0.0,1.0,1771175700,,,,0.0,,,False,
Dallas,KDAL,2026-02-15,highest-temperature-in-dallas-on-february-15-2026,highest-temperature-in-dallas-on-february-15-2026-58-59f,58-59°F,0.0,1.0,7.18439941406249,False,False,False,False,True,False,0.0,1.0,1771175700,,,,0.0,,,False,
Dallas,KDAL,2026-02-15,highest-temperature-in-dallas-on-february-15-2026,highest-temperature-in-dallas-on-february-15-2026-60-61f,60-61°F,0.03327501508721204,0.9667249849127879,7.18439941406249,False,False,False,False,True,False,0.0,1.0,1771175700,0.9975,44.0,0.99,0.0,0.99,-0.02327501508721208,True,0.010101010101010166
Dallas,KDAL,2026-02-15,highest-temperature-in-dallas-on-february-15-2026,highest-temperature-in-dallas-on-february-15-2026-62-63f,62-63°F,0.06345663818311126,0.9365433618168888,7.18439941406249,False,False,False,False,True,False,0.0,1.0,1771175700,0.9695,40.0,0.9795,0.0,0.9795,-0.04295663818311124,True,0.02092904543134244
Dallas,KDAL,2026-02-15,highest-temperature-in-dallas-on-february-15-2026,highest-temperature-in-dallas-on-february-15-2026-64-65f,64-65°F,0.2866619696123809,0.7133380303876191,7.18439941406249,False,False,False,False,True,False,0.0,1.0,1771175700,0.905,40.0,0.915,0.0,0.915,-0.20166196961238092,True,0.09289617486338786
Dallas,KDAL,2026-02-15,highest-temperature-in-dallas-on-february-15-2026,highest-temperature-in-dallas-on-february-15-2026-68forhigher,68°F or higher,0.11625339340841058,0.8837466065915894,7.18439941406249,False,True,False,False,False,False,0.0,1.0,1771175700,0.645,42.0,0.655,0.0,0.655,0.2287466065915894,True,-1.0
Dallas,KDAL,2026-02-16,highest-temperature-in-dallas-on-february-16-2026,highest-temperature-in-dallas-on-february-16-2026-59forbelow,59°F or below,0.0,1.0,7.349139404296878,False,True,False,False,True,False,0.0,1.0,1771262100,0.9995,41.0,0.99,0.0,0.99,0.010000000000000009,True,0.010101010101010166
Dallas,KDAL,2026-02-16,highest-temperature-in-dallas-on-february-16-2026,highest-temperature-in-dallas-on-february-16-2026-60-61f,60-61°F,0.0,1.0,7.349139404296878,False,False,False,False,True,False,0.0,1.0,1771262100,0.998,45.0,0.99,0.0,0.99,0.010000000000000009,True,0.010101010101010166
Dallas,KDAL,2026-02-16,highest-temperature-in-dallas-on-february-16-2026,highest-temperature-in-dallas-on-february-16-2026-62-63f,62-63°F,0.00038814548968462543,0.9996118545103154,7.349139404296878,False,False,False,False,True,False,0.0,1.0,1771262100,0.9975,43.0,0.99,0.0,0.99,0.009611854510315432,True,0.010101010101010166
Dallas,KDAL,2026-02-16,highest-temperature-in-dallas-on-february-16-2026,highest-temperature-in-dallas-on-february-16-2026-64-65f,64-65°F,0.0015525819587385017,0.9984474180412615,7.349139404296878,False,False,False,False,True,False,0.0,1.0,1771262100,0.9705,43.0,0.9805,0.0,0.9805,0.01794741804126143,True,0.01988781234064252
Dallas,KDAL,2026-02-16,highest-temperature-in-dallas-on-february-16-2026,highest-temperature-in-dallas-on-february-16-2026-66-67f,66-67°F,0.015525819587385019,0.984474180412615,7.349139404296878,False,False,False,False,True,False,0.0,1.0,1771262100,0.9955,44.0,0.99,0.0,0.99,-0.005525819587384961,True,0.010101010101010166
Dallas,KDAL,2026-02-16,highest-temperature-in-dallas-on-february-16-2026,highest-temperature-in-dallas-on-february-16-2026-68-69f,68-69°F,0.05787740735393658,0.9421225926460635,7.349139404296878,False,False,False,False,True,False,0.0,1.0,1771262100,0.986,42.0,0.99,0.0,0.99,-0.04787740735393653,True,0.010101010101010166
Dallas,KDAL,2026-02-16,highest-temperature-in-dallas-on-february-16-2026,highest-temperature-in-dallas-on-february-16-2026-70-71f,70-71°F,0.37520007694260116,0.6247999230573988,7.349139404296878,False,False,False,False,False,False,0.0,1.0,1771262100,0.8,46.0,0.81,0.0,0.81,-0.1852000769426012,True,-1.0
Dallas,KDAL,2026-02-16,highest-temperature-in-dallas-on-february-16-2026,highest-temperature-in-dallas-on-february-16-2026-74forhigher,74°F or higher,0.11594137500159131,0.8840586249984087,7.349139404296878,False,True,False,False,True,False,0.0,1.0,1771262100,0.6,46.0,0.61,0.0,0.61,0.2740586249984087,True,0.639344262295082
Dallas,KDAL,2026-02-17,highest-temperature-in-dallas-on-february-17-2026,highest-temperature-in-dallas-on-february-17-2026-69forbelow,69°F or below,0.008648581943637063,0.991351418056363,6.381024169921886,False,True,False,False,True,False,0.0,1.0,1771348500,0.9915,47.0,0.99,0.0,0.99,0.001351418056362963,True,0.010101010101010166
Dallas,KDAL,2026-02-17,highest-temperature-in-dallas-on-february-17-2026,highest-temperature-in-dallas-on-february-17-2026-70-71f,70-71°F,0.025080887636547488,0.9749191123634525,6.381024169921886,False,False,False,False,True,False,0.0,1.0,1771348500,0.985,41.0,0.99,0.0,0.99,-0.015080887636547469,True,0.010101010101010166
Dallas,KDAL,2026-02-17,highest-temperature-in-dallas-on-february-17-2026,highest-temperature-in-dallas-on-february-17-2026-72-73f,72-73°F,0.0952085930207702,0.9047914069792298,6.381024169921886,False,False,False,False,True,False,0.0,1.0,1771348500,0.915,44.0,0.925,0.0,0.925,-0.02020859302077027,True,0.08108108108108092
Dallas,KDAL,2026-02-17,highest-temperature-in-dallas-on-february-17-2026,highest-temperature-in-dallas-on-february-17-2026-76-77f,76-77°F,0.3246260545830607,0.6753739454169393,6.381024169921886,False,False,False,False,False,False,0.0,1.0,1771348500,0.53,47.0,0.54,0.0,0.54,0.13537394541693926,True,-1.0
Dallas,KDAL,2026-02-17,highest-temperature-in-dallas-on-february-17-2026,highest-temperature-in-dallas-on-february-17-2026-78-79f,78-79°F,0.05109828703194092,0.948901712968059,6.381024169921886,False,False,False,False,True,False,0.0,1.0,1771348500,0.866,46.0,0.876,0.0,0.876,0.07290171296805903,True,0.14155251141552516
Dallas,KDAL,2026-02-17,highest-temperature-in-dallas-on-february-17-2026,highest-temperature-in-dallas-on-february-17-2026-80-81f,80-81°F,0.014396796373521701,0.9856032036264784,6.381024169921886,False,False,False,False,True,False,0.0,1.0,1771348500,0.9565,42.0,0.9665,0.0,0.9665,0.019103203626478327,True,0.0346611484738748
Dallas,KDAL,2026-02-17,highest-temperature-in-dallas-on-february-17-2026,highest-temperature-in-dallas-on-february-17-2026-82-83f,82-83°F,0.004113370392434772,0.9958866296075652,6.381024169921886,False,False,False,False,True,False,0.0,1.0,1771348500,0.9625,43.0,0.9725,0.0,0.9725,0.023386629607565212,True,0.028277634961439535
Dallas,KDAL,2026-02-17,highest-temperature-in-dallas-on-february-17-2026,highest-temperature-in-dallas-on-february-17-2026-84forhigher,84°F or higher,0.0005141712990543465,0.9994858287009456,6.381024169921886,False,True,False,False,True,False,0.0,1.0,1771348500,0.9985,45.0,0.99,0.0,0.99,0.009485828700945609,True,0.010101010101010166
Dallas,KDAL,2026-02-18,highest-temperature-in-dallas-on-february-18-2026,highest-temperature-in-dallas-on-february-18-2026-67forbelow,67°F or below,0.0,1.0,5.294915771484369,True,True,False,False,True,False,0.0,1.0,1771434900,,,,0.0,,,False,
Dallas,KDAL,2026-02-18,highest-temperature-in-dallas-on-february-18-2026,highest-temperature-in-dallas-on-february-18-2026-68-69f,68-69°F,0.0,1.0,5.294915771484369,True,False,False,False,True,False,0.0,1.0,1771434900,0.9995,39.0,0.99,0.0,0.99,0.010000000000000009,True,0.010101010101010166
Dallas,KDAL,2026-02-18,highest-temperature-in-dallas-on-february-18-2026,highest-temperature-in-dallas-on-february-18-2026-70-71f,70-71°F,0.005638352301696466,0.9943616476983035,5.294915771484369,True,False,False,False,True,False,0.0,1.0,1771434900,0.9995,12.0,0.99,0.0,0.99,0.004361647698303495,True,0.010101010101010166
Dallas,KDAL,2026-02-18,highest-temperature-in-dallas-on-february-18-2026,highest-temperature-in-dallas-on-february-18-2026-72-73f,72-73°F,0.02043902709364969,0.9795609729063504,5.294915771484369,True,False,False,False,True,False,0.0,1.0,1771434900,0.997,30.0,0.99,0.0,0.99,-0.010439027093649633,True,0.010101010101010166
Dallas,KDAL,2026-02-18,highest-temperature-in-dallas-on-february-18-2026,highest-temperature-in-dallas-on-february-18-2026-74-75f,74-75°F,0.09929707467583276,0.9007029253241672,5.294915771484369,True,False,False,False,True,False,0.0,1.0,1771434900,0.93,30.0,0.9400000000000001,0.0,0.9400000000000001,-0.03929707467583288,True,0.06382978723404253
Dallas,KDAL,2026-02-18,highest-temperature-in-dallas-on-february-18-2026,highest-temperature-in-dallas-on-february-18-2026-78-79f,78-79°F,0.2607235460886358,0.7392764539113642,5.294915771484369,True,False,False,False,True,False,0.0,1.0,1771434900,0.685,20.0,0.6950000000000001,0.0,0.6950000000000001,0.044276453911364144,True,0.4388489208633093
Dallas,KDAL,2026-02-18,highest-temperature-in-dallas-on-february-18-2026,highest-temperature-in-dallas-on-february-18-2026-80-81f,80-81°F,0.023081899019104752,0.9769181009808953,5.294915771484369,True,False,False,False,True,False,0.0,1.0,1771434900,0.8745,11.0,0.8845000000000001,0.0,0.8845000000000001,0.0924181009808952,True,0.13058224985867706
Dallas,KDAL,2026-02-18,highest-temperature-in-dallas-on-february-18-2026,highest-temperature-in-dallas-on-february-18-2026-82forhigher,82°F or higher,0.009046405464901775,0.9909535945350982,5.294915771484369,True,True,False,False,True,False,0.0,1.0,1771434900,0.9885,10.0,0.99,0.0,0.99,0.0009535945350982455,True,0.010101010101010166
Dallas,KDAL,2026-02-19,highest-temperature-in-dallas-on-february-19-2026,highest-temperature-in-dallas-on-february-19-2026-67forbelow,67°F or below,0.0,1.0,6.846020507812511,True,True,False,False,True,False,0.0,1.0,1771521300,0.9995,9.0,0.99,0.0,0.99,0.010000000000000009,True,0.010101010101010166
Dallas,KDAL,2026-02-19,highest-temperature-in-dallas-on-february-19-2026,highest-temperature-in-dallas-on-february-19-2026-68-69f,68-69°F,0.0,1.0,6.846020507812511,True,False,False,False,True,False,0.0,1.0,1771521300,0.9995,7.0,0.99,0.0,0.99,0.010000000000000009,True,0.010101010101010166
Dallas,KDAL,2026-02-19,highest-temperature-in-dallas-on-february-19-2026,highest-temperature-in-dallas-on-february-19-2026-70-71f,70-71°F,0.0,1.0,6.846020507812511,True,False,False,False,True,False,0.0,1.0,1771521300,0.9995,35.0,0.99,0.0,0.99,0.010000000000000009,True,0.010101010101010166
Dallas,KDAL,2026-02-19,highest-temperature-in-dallas-on-february-19-2026,highest-temperature-in-dallas-on-february-19-2026-72-73f,72-73°F,0.0,1.0,6.846020507812511,True,False,False,False,True,False,0.0,1.0,1771521300,0.9995,42.0,0.99,0.0,0.99,0.010000000000000009,True,0.010101010101010166
Dallas,KDAL,2026-02-19,highest-temperature-in-dallas-on-february-19-2026,highest-temperature-in-dallas-on-february-19-2026-74-75f,74-75°F,0.016162818020484096,0.9838371819795159,6.846020507812511,True,False,False,False,True,False,0.0,1.0,1771521300,0.975,12.0,0.985,0.0,0.985,-0.0011628180204841243,True,0.015228426395939021
Dallas,KDAL,2026-02-19,highest-temperature-in-dallas-on-february-19-2026,highest-temperature-in-dallas-on-february-19-2026-76-77f,76-77°F,0.15928995559060555,0.8407100444093945,6.846020507812511,True,False,False,False,True,False,0.0,1.0,1771521300,0.635,15.0,0.645,0.0,0.645,0.19571004440939443,True,0.5503875968992247
Dallas,KDAL,2026-02-19,highest-temperature-in-dallas-on-february-19-2026,highest-temperature-in-dallas-on-february-19-2026-80-81f,80-81°F,0.2450454248837694,0.7549545751162305,6.846020507812511,True,False,False,False,True,False,0.0,1.0,1771521300,0.88,42.0,0.89,0.0,0.89,-0.13504542488376947,True,0.12359550561797761
Dallas,KDAL,2026-02-19,highest-temperature-in-dallas-on-february-19-2026,highest-temperature-in-dallas-on-february-19-2026-82forhigher,82°F or higher,0.02885897158398714,0.9711410284160129,6.846020507812511,True,True,False,False,True,False,0.0,1.0,1771521300,0.8725,36.0,0.8825000000000001,0.0,0.8825000000000001,0.08864102841601285,True,0.1331444759206799
Dallas,KDAL,2026-02-20,highest-temperature-in-dallas-on-february-20-2026,highest-temperature-in-dallas-on-february-20-2026-66-67f,66-67°F,0.027894446978582503,0.9721055530214175,2.964001464843747,True,False,False,False,True,False,0.0,1.0,1771607700,0.973,44.0,0.983,0.0,0.983,-0.01089444697858244,True,0.01729399796541209
Dallas,KDAL,2026-02-20,highest-temperature-in-dallas-on-february-20-2026,highest-temperature-in-dallas-on-february-20-2026-68-69f,68-69°F,0.010248933942455782,0.9897510660575443,2.964001464843747,True,False,False,False,True,False,0.0,1.0,1771607700,0.9895,45.0,0.99,0.0,0.99,-0.0002489339424557313,True,0.010101010101010166
Dallas,KDAL,2026-02-20,highest-temperature-in-dallas-on-february-20-2026,highest-temperature-in-dallas-on-february-20-2026-70-71f,70-71°F,0.002928266840701652,0.9970717331592983,2.964001464843747,True,False,False,False,True,False,0.0,1.0,1771607700,0.9925,38.0,0.99,0.0,0.99,0.007071733159298321,True,0.010101010101010166
Dallas,KDAL,2026-02-20,highest-temperature-in-dallas-on-february-20-2026,highest-temperature-in-dallas-on-february-20-2026-72-73f,72-73°F,0.0003660333550877065,0.9996339666449123,2.964001464843747,True,False,False,False,True,False,0.0,1.0,1771607700,0.997,39.0,0.99,0.0,0.99,0.00963396664491234,True,0.010101010101010166
Dallas,KDAL,2026-02-20,highest-temperature-in-dallas-on-february-20-2026,highest-temperature-in-dallas-on-february-20-2026-74-75f,74-75°F,0.0,1.0,2.964001464843747,True,False,False,False,True,False,0.0,1.0,1771607700,0.999,45.0,0.99,0.0,0.99,0.010000000000000009,True,0.010101010101010166
Dallas,KDAL,2026-02-20,highest-temperature-in-dallas-on-february-20-2026,highest-temperature-in-dallas-on-february-20-2026-76-77f,76-77°F,0.0,1.0,2.964001464843747,True,False,False,False,True,False,0.0,1.0,1771607700,0.9995,44.0,0.99,0.0,0.99,0.010000000000000009,True,0.010101010101010166
Dallas,KDAL,2026-02-20,highest-temperature-in-dallas-on-february-20-2026,highest-temperature-in-dallas-on-february-20-2026-78-79f,78-79°F,0.0,1.0,2.964001464843747,True,False,False,False,True,False,0.0,1.0,1771607700,0.9995,41.0,0.99,0.0,0.99,0.010000000000000009,True,0.010101010101010166
Dallas,KDAL,2026-02-20,highest-temperature-in-dallas-on-february-20-2026,highest-temperature-in-dallas-on-february-20-2026-80forhigher,80°F or higher,0.0,1.0,2.964001464843747,True,True,False,False,True,False,0.0,1.0,1771607700,0.9995,44.0,0.99,0.0,0.99,0.010000000000000009,True,0.010101010101010166
Dallas,KDAL,2026-02-21,highest-temperature-in-dallas-on-february-21-2026,highest-temperature-in-dallas-on-february-21-2026-59forbelow,59°F or below,0.05209383663892768,0.9479061633610724,3.7342529296876,False,True,False,False,True,False,0.0,1.0,1771694100,0.905,38.0,0.915,0.0,0.915,0.03290616336107233,True,0.09289617486338786
Dallas,KDAL,2026-02-21,highest-temperature-in-dallas-on-february-21-2026,highest-temperature-in-dallas-on-february-21-2026-62-63f,62-63°F,0.39876008478924674,0.6012399152107533,3.7342529296876,False,False,False,False,False,False,0.0,1.0,1771694100,0.72,41.0,0.73,0.0,0.73,-0.12876008478924672,True,-1.0
Dallas,KDAL,2026-02-21,highest-temperature-in-dallas-on-february-21-2026,highest-temperature-in-dallas-on-february-21-2026-64-65f,64-65°F,0.042167627483038164,0.9578323725169618,3.7342529296876,False,False,False,False,True,False,0.0,1.0,1771694100,0.945,38.0,0.955,0.0,0.955,0.0028323725169618896,True,0.04712041884816753
Dallas,KDAL,2026-02-21,highest-temperature-in-dallas-on-february-21-2026,highest-temperature-in-dallas-on-february-21-2026-66-67f,66-67°F,0.008156414453881348,0.9918435855461186,3.7342529296876,False,False,False,False,True,False,0.0,1.0,1771694100,0.996,44.0,0.99,0.0,0.99,0.0018435855461186312,True,0.010101010101010166
Dallas,KDAL,2026-02-21,highest-temperature-in-dallas-on-february-21-2026,highest-temperature-in-dallas-on-february-21-2026-68-69f,68-69°F,0.0023304041296803852,0.9976695958703197,3.7342529296876,False,False,False,False,True,False,0.0,1.0,1771694100,0.9995,38.0,0.99,0.0,0.99,0.007669595870319679,True,0.010101010101010166
Dallas,KDAL,2026-02-21,highest-temperature-in-dallas-on-february-21-2026,highest-temperature-in-dallas-on-february-21-2026-70-71f,70-71°F,0.00029130051621004816,0.9997086994837899,3.7342529296876,False,False,False,False,True,False,0.0,1.0,1771694100,0.9995,37.0,0.99,0.0,0.99,0.00970869948378994,True,0.010101010101010166
Dallas,KDAL,2026-02-21,highest-temperature-in-dallas-on-february-21-2026,highest-temperature-in-dallas-on-february-21-2026-72-73f,72-73°F,0.0,1.0,3.7342529296876,False,False,False,False,True,False,0.0,1.0,1771694100,0.9995,43.0,0.99,0.0,0.99,0.010000000000000009,True,0.010101010101010166
Dallas,KDAL,2026-02-21,highest-temperature-in-dallas-on-february-21-2026,highest-temperature-in-dallas-on-february-21-2026-74forhigher,74°F or higher,0.0,1.0,3.7342529296876,False,True,False,False,True,False,0.0,1.0,1771694100,0.9975,40.0,0.99,0.0,0.99,0.010000000000000009,True,0.010101010101010166
Dallas,KDAL,2026-02-22,highest-temperature-in-dallas-on-february-22-2026,highest-temperature-in-dallas-on-february-22-2026-58-59f,58-59°F,0.26838468401965077,0.7316153159803492,3.173236083984378,True,False,False,False,False,False,0.0,1.0,1771780500,0.48,39.0,0.49,0.0,0.49,0.24161531598034924,True,-1.0
Dallas,KDAL,2026-02-22,highest-temperature-in-dallas-on-february-22-2026,highest-temperature-in-dallas-on-february-22-2026-60-61f,60-61°F,0.021449557529681716,0.9785504424703183,3.173236083984378,True,False,False,False,True,False,0.0,1.0,1771780500,0.901,43.0,0.911,0.0,0.911,0.06755044247031827,True,0.09769484083424795
Dallas,KDAL,2026-02-22,highest-temperature-in-dallas-on-february-22-2026,highest-temperature-in-dallas-on-february-22-2026-62-63f,62-63°F,0.007019831872586085,0.992980168127414,3.173236083984378,True,False,False,False,True,False,0.0,1.0,1771780500,0.9785,40.0,0.9885,0.0,0.9885,0.004480168127413919,True,0.01163378856853825
Dallas,KDAL,2026-02-22,highest-temperature-in-dallas-on-february-22-2026,highest-temperature-in-dallas-on-february-22-2026-64-65f,64-65°F,0.00200566624931031,0.9979943337506897,3.173236083984378,True,False,False,False,True,False,0.0,1.0,1771780500,0.994,40.0,0.99,0.0,0.99,0.007994333750689697,True,0.010101010101010166
Dallas,KDAL,2026-02-22,highest-temperature-in-dallas-on-february-22-2026,highest-temperature-in-dallas-on-february-22-2026-66-67f,66-67°F,0.00025070828116378874,0.9997492917188362,3.173236083984378,True,False,False,False,True,False,0.0,1.0,1771780500,0.9955,46.0,0.99,0.0,0.99,0.009749291718836206,True,0.010101010101010166
Dallas,KDAL,2026-02-22,highest-temperature-in-dallas-on-february-22-2026,highest-temperature-in-dallas-on-february-22-2026-68-69f,68-69°F,0.0,1.0,3.173236083984378,True,False,False,False,True,False,0.0,1.0,1771780500,0.9995,41.0,0.99,0.0,0.99,0.010000000000000009,True,0.010101010101010166
Dallas,KDAL,2026-02-22,highest-temperature-in-dallas-on-february-22-2026,highest-temperature-in-dallas-on-february-22-2026-70-71f,70-71°F,0.0,1.0,3.173236083984378,True,False,False,False,True,False,0.0,1.0,1771780500,0.9995,43.0,0.99,0.0,0.99,0.010000000000000009,True,0.010101010101010166
Dallas,KDAL,2026-02-22,highest-temperature-in-dallas-on-february-22-2026,highest-temperature-in-dallas-on-february-22-2026-72forhigher,72°F or higher,0.0,1.0,3.173236083984378,True,True,False,False,True,False,0.0,1.0,1771780500,0.9995,44.0,0.99,0.0,0.99,0.010000000000000009,True,0.010101010101010166
Dallas,KDAL,2026-02-23,highest-temperature-in-dallas-on-february-23-2026,highest-temperature-in-dallas-on-february-23-2026-60-61f,60-61°F,0.35531239723480335,0.6446876027651967,2.568603515625,False,False,False,False,False,False,0.0,1.0,1771866900,0.67,47.0,0.68,0.0,0.68,-0.035312397234803394,True,-1.0
Dallas,KDAL,2026-02-23,highest-temperature-in-dallas-on-february-23-2026,highest-temperature-in-dallas-on-february-23-2026-62-63f,62-63°F,0.027752464317997067,0.972247535682003,2.568603515625,False,False,False,False,True,False,0.0,1.0,1771866900,0.938,45.0,0.948,0.0,0.948,0.024247535682002996,True,0.05485232067510548
Dallas,KDAL,2026-02-23,highest-temperature-in-dallas-on-february-23-2026,highest-temperature-in-dallas-on-february-23-2026-64-65f,64-65°F,0.006939852759753304,0.9930601472402467,2.568603515625,False,False,False,False,True,False,0.0,1.0,1771866900,0.9845,46.0,0.99,0.0,0.99,0.0030601472402467245,True,0.010101010101010166
Dallas,KDAL,2026-02-23,highest-temperature-in-dallas-on-february-23-2026,highest-temperature-in-dallas-on-february-23-2026-66-67f,66-67°F,0.0019828150742152296,0.9980171849257847,2.568603515625,False,False,False,False,True,False,0.0,1.0,1771866900,0.9975,41.0,0.99,0.0,0.99,0.008017184925784737,True,0.010101010101010166
Dallas,KDAL,2026-02-23,highest-temperature-in-dallas-on-february-23-2026,highest-temperature-in-dallas-on-february-23-2026-68-69f,68-69°F,0.0002478518842769037,0.9997521481157231,2.568603515625,False,False,False,False,True,False,0.0,1.0,1771866900,0.9985,46.0,0.99,0.0,0.99,0.009752148115723114,True,0.010101010101010166
Dallas,KDAL,2026-02-23,highest-temperature-in-dallas-on-february-23-2026,highest-temperature-in-dallas-on-february-23-2026-70-71f,70-71°F,0.0,1.0,2.568603515625,False,False,False,False,True,False,0.0,1.0,1771866900,0.999,46.0,0.99,0.0,0.99,0.010000000000000009,True,0.010101010101010166
Dallas,KDAL,2026-02-23,highest-temperature-in-dallas-on-february-23-2026,highest-temperature-in-dallas-on-february-23-2026-72-73f,72-73°F,0.0,1.0,2.568603515625,False,False,False,False,True,False,0.0,1.0,1771866900,0.9995,44.0,0.99,0.0,0.99,0.010000000000000009,True,0.010101010101010166
Dallas,KDAL,2026-02-23,highest-temperature-in-dallas-on-february-23-2026,highest-temperature-in-dallas-on-february-23-2026-74forhigher,74°F or higher,0.0,1.0,2.568603515625,False,True,False,False,True,False,0.0,1.0,1771866900,0.9995,40.0,0.99,0.0,0.99,0.010000000000000009,True,0.010101010101010166
Dallas,KDAL,2026-02-24,highest-temperature-in-dallas-on-february-24-2026,highest-temperature-in-dallas-on-february-24-2026-69forbelow,69°F or below,0.04600084568815188,0.9539991543118481,8.190472412109372,True,True,False,False,True,False,0.0,1.0,1771953300,0.9685,42.0,0.9785,0.0,0.9785,-0.024500845688151918,True,0.02197240674501777
Dallas,KDAL,2026-02-24,highest-temperature-in-dallas-on-february-24-2026,highest-temperature-in-dallas-on-february-24-2026-70-71f,70-71°F,0.28008681650874345,0.7199131834912565,8.190472412109372,True,False,False,False,False,False,0.0,1.0,1771953300,0.925,44.0,0.935,0.0,0.935,-0.2150868165087435,True,-1.0
Dallas,KDAL,2026-02-24,highest-temperature-in-dallas-on-february-24-2026,highest-temperature-in-dallas-on-february-24-2026-74-75f,74-75°F,0.08919064745771896,0.910809352542281,8.190472412109372,True,False,False,False,True,False,0.0,1.0,1771953300,0.555,41.0,0.5650000000000001,0.0,0.5650000000000001,0.34580935254228096,True,0.7699115044247786
Dallas,KDAL,2026-02-24,highest-temperature-in-dallas-on-february-24-2026,highest-temperature-in-dallas-on-february-24-2026-76-77f,76-77°F,0.018252055690384877,0.9817479443096151,8.190472412109372,True,False,False,False,True,False,0.0,1.0,1771953300,0.88,42.0,0.89,0.0,0.89,0.09174794430961508,True,0.12359550561797761
Dallas,KDAL,2026-02-24,highest-temperature-in-dallas-on-february-24-2026,highest-temperature-in-dallas-on-february-24-2026-78-79f,78-79°F,0.0026074365271978404,0.9973925634728021,8.190472412109372,True,False,False,False,True,False,0.0,1.0,1771953300,0.963,44.0,0.973,0.0,0.973,0.024392563472802165,True,0.027749229188078095
Dallas,KDAL,2026-02-24,highest-temperature-in-dallas-on-february-24-2026,highest-temperature-in-dallas-on-february-24-2026-80-81f,80-81°F,0.0013037182635989202,0.9986962817364011,8.190472412109372,True,False,False,False,True,False,0.0,1.0,1771953300,0.9955,41.0,0.99,0.0,0.99,0.008696281736401135,True,0.010101010101010166
Dallas,KDAL,2026-02-24,highest-temperature-in-dallas-on-february-24-2026,highest-temperature-in-dallas-on-february-24-2026-82-83f,82-83°F,0.0,1.0,8.190472412109372,True,False,False,False,True,False,0.0,1.0,1771953300,0.996,42.0,0.99,0.0,0.99,0.010000000000000009,True,0.010101010101010166
Dallas,KDAL,2026-02-24,highest-temperature-in-dallas-on-february-24-2026,highest-temperature-in-dallas-on-february-24-2026-84forhigher,84°F or higher,0.0,1.0,8.190472412109372,True,True,False,False,True,False,0.0,1.0,1771953300,0.997,39.0,0.99,0.0,0.99,0.010000000000000009,True,0.010101010101010166
Dallas,KDAL,2026-02-25,highest-temperature-in-dallas-on-february-25-2026,highest-temperature-in-dallas-on-february-25-2026-75forbelow,75°F or below,0.0013748485288311851,0.9986251514711688,6.583282470703125,True,True,False,False,True,False,0.0,1.0,1772039700,0.9945,43.0,0.99,0.0,0.99,0.008625151471168824,True,0.010101010101010166
Dallas,KDAL,2026-02-25,highest-temperature-in-dallas-on-february-25-2026,highest-temperature-in-dallas-on-february-25-2026-76-77f,76-77°F,0.0054993941153247405,0.9945006058846753,6.583282470703125,True,False,False,False,True,False,0.0,1.0,1772039700,0.9905,44.0,0.99,0.0,0.99,0.004500605884675268,True,0.010101010101010166
Dallas,KDAL,2026-02-25,highest-temperature-in-dallas-on-february-25-2026,highest-temperature-in-dallas-on-february-25-2026-78-79f,78-79°F,0.019935303668052184,0.9800646963319478,6.583282470703125,True,False,False,False,True,False,0.0,1.0,1772039700,0.978,40.0,0.988,0.0,0.988,-0.007935303668052174,True,0.012145748987854255
Dallas,KDAL,2026-02-25,highest-temperature-in-dallas-on-february-25-2026,highest-temperature-in-dallas-on-february-25-2026-80-81f,80-81°F,0.14525307043988775,0.8547469295601122,6.583282470703125,True,False,False,False,False,False,0.0,1.0,1772039700,0.82,41.0,0.83,0.0,0.83,0.024746929560112263,True,-1.0
Dallas,KDAL,2026-02-25,highest-temperature-in-dallas-on-february-25-2026,highest-temperature-in-dallas-on-february-25-2026-84-85f,84-85°F,0.235110383418056,0.764889616581944,6.583282470703125,True,False,False,False,True,False,0.0,1.0,1772039700,0.63,42.0,0.64,0.0,0.64,0.12488961658194397,True,0.5625
Dallas,KDAL,2026-02-25,highest-temperature-in-dallas-on-february-25-2026,highest-temperature-in-dallas-on-february-25-2026-86-87f,86-87°F,0.02740331598548723,0.9725966840145128,6.583282470703125,True,False,False,False,True,False,0.0,1.0,1772039700,0.885,39.0,0.895,0.0,0.895,0.0775966840145128,True,0.11731843575418988
Dallas,KDAL,2026-02-25,highest-temperature-in-dallas-on-february-25-2026,highest-temperature-in-dallas-on-february-25-2026-88-89f,88-89°F,0.00934103499353622,0.9906589650064638,6.583282470703125,True,False,False,False,True,False,0.0,1.0,1772039700,0.9745,39.0,0.9845,0.0,0.9845,0.006158965006463735,True,0.015744032503808958
Dallas,KDAL,2026-02-25,highest-temperature-in-dallas-on-february-25-2026,highest-temperature-in-dallas-on-february-25-2026-90forhigher,90°F or higher,0.003002475533636642,0.9969975244663634,6.583282470703125,True,True,False,False,True,False,0.0,1.0,1772039700,0.999,42.0,0.99,0.0,0.99,0.0069975244663633696,True,0.010101010101010166
Dallas,KDAL,2026-02-26,highest-temperature-in-dallas-on-february-26-2026,highest-temperature-in-dallas-on-february-26-2026-67forbelow,67°F or below,0.0,1.0,4.35223388671875,False,True,False,False,True,False,0.0,1.0,1772126100,0.9995,35.0,0.99,0.0,0.99,0.010000000000000009,True,0.010101010101010166
Dallas,KDAL,2026-02-26,highest-temperature-in-dallas-on-february-26-2026,highest-temperature-in-dallas-on-february-26-2026-68-69f,68-69°F,0.0,1.0,4.35223388671875,False,False,False,False,True,False,0.0,1.0,1772126100,0.9995,37.0,0.99,0.0,0.99,0.010000000000000009,True,0.010101010101010166
Dallas,KDAL,2026-02-26,highest-temperature-in-dallas-on-february-26-2026,highest-temperature-in-dallas-on-february-26-2026-70-71f,70-71°F,0.0,1.0,4.35223388671875,False,False,False,False,True,False,0.0,1.0,1772126100,0.997,35.0,0.99,0.0,0.99,0.010000000000000009,True,0.010101010101010166
Dallas,KDAL,2026-02-26,highest-temperature-in-dallas-on-february-26-2026,highest-temperature-in-dallas-on-february-26-2026-72-73f,72-73°F,0.0008199035286180945,0.999180096471382,4.35223388671875,False,False,False,False,True,False,0.0,1.0,1772126100,0.9955,40.0,0.99,0.0,0.99,0.00918009647138196,True,0.010101010101010166
Dallas,KDAL,2026-02-26,highest-temperature-in-dallas-on-february-26-2026,highest-temperature-in-dallas-on-february-26-2026-74-75f,74-75°F,0.003279614114472378,0.9967203858855276,4.35223388671875,False,False,False,False,True,False,0.0,1.0,1772126100,0.983,38.0,0.99,0.0,0.99,0.006720385885527591,True,0.010101010101010166
Dallas,KDAL,2026-02-26,highest-temperature-in-dallas-on-february-26-2026,highest-temperature-in-dallas-on-february-26-2026-76-77f,76-77°F,0.01188860116496237,0.9881113988350376,4.35223388671875,False,False,False,False,True,False,0.0,1.0,1772126100,0.9915,38.0,0.99,0.0,0.99,-0.0018886011649623669,True,0.010101010101010166
Dallas,KDAL,2026-02-26,highest-temperature-in-dallas-on-february-26-2026,highest-temperature-in-dallas-on-february-26-2026-78-79f,78-79°F,0.06606144147350132,0.9339385585264987,4.35223388671875,False,False,False,False,True,False,0.0,1.0,1772126100,0.85,38.0,0.86,0.0,0.86,0.07393855852649867,True,0.16279069767441867
Dallas,KDAL,2026-02-27,highest-temperature-in-dallas-on-february-27-2026,highest-temperature-in-dallas-on-february-27-2026-59forbelow,59°F or below,0.0,1.0,5.9419006347656165,True,True,False,False,True,False,0.0,1.0,1772212500,,,,0.0,,,False,
Dallas,KDAL,2026-02-27,highest-temperature-in-dallas-on-february-27-2026,highest-temperature-in-dallas-on-february-27-2026-60-61f,60-61°F,0.0,1.0,5.9419006347656165,True,False,False,False,True,False,0.0,1.0,1772212500,,,,0.0,,,False,
Dallas,KDAL,2026-02-27,highest-temperature-in-dallas-on-february-27-2026,highest-temperature-in-dallas-on-february-27-2026-62-63f,62-63°F,0.0,1.0,5.9419006347656165,True,False,False,False,True,False,0.0,1.0,1772212500,,,,0.0,,,False,
Dallas,KDAL,2026-02-27,highest-temperature-in-dallas-on-february-27-2026,highest-temperature-in-dallas-on-february-27-2026-64-65f,64-65°F,0.0,1.0,5.9419006347656165,True,False,False,False,True,False,0.0,1.0,1772212500,0.9995,35.0,0.99,0.0,0.99,0.010000000000000009,True,0.010101010101010166
Dallas,KDAL,2026-02-27,highest-temperature-in-dallas-on-february-27-2026,highest-temperature-in-dallas-on-february-27-2026-66-67f,66-67°F,0.0,1.0,5.9419006347656165,True,False,False,False,True,False,0.0,1.0,1772212500,0.9995,35.0,0.99,0.0,0.99,0.010000000000000009,True,0.010101010101010166
Dallas,KDAL,2026-02-27,highest-temperature-in-dallas-on-february-27-2026,highest-temperature-in-dallas-on-february-27-2026-68-69f,68-69°F,0.0,1.0,5.9419006347656165,True,False,False,False,True,False,0.0,1.0,1772212500,0.9995,36.0,0.99,0.0,0.99,0.010000000000000009,True,0.010101010101010166
Dallas,KDAL,2026-02-27,highest-temperature-in-dallas-on-february-27-2026,highest-temperature-in-dallas-on-february-27-2026-70-71f,70-71°F,0.0,1.0,5.9419006347656165,True,False,False,False,True,False,0.0,1.0,1772212500,0.9995,41.0,0.99,0.0,0.99,0.010000000000000009,True,0.010101010101010166
Dallas,KDAL,2026-02-27,highest-temperature-in-dallas-on-february-27-2026,highest-temperature-in-dallas-on-february-27-2026-72-73f,72-73°F,0.00043151527781148567,0.9995684847221885,5.9419006347656165,True,False,False,False,True,False,0.0,1.0,1772212500,0.9995,42.0,0.99,0.0,0.99,0.00956848472218852,True,0.010101010101010166
Dallas,KDAL,2026-02-28,highest-temperature-in-dallas-on-february-28-2026,highest-temperature-in-dallas-on-february-28-2026-73forbelow,73°F or below,0.0,1.0,8.019580078125003,True,True,False,False,True,False,0.0,1.0,1772298900,0.9995,38.0,0.99,0.0,0.99,0.010000000000000009,True,0.010101010101010166
Dallas,KDAL,2026-02-28,highest-temperature-in-dallas-on-february-28-2026,highest-temperature-in-dallas-on-february-28-2026-74-75f,74-75°F,0.0,1.0,8.019580078125003,True,False,False,False,True,False,0.0,1.0,1772298900,0.9995,30.0,0.99,0.0,0.99,0.010000000000000009,True,0.010101010101010166
Dallas,KDAL,2026-02-28,highest-temperature-in-dallas-on-february-28-2026,highest-temperature-in-dallas-on-february-28-2026-76-77f,76-77°F,0.0007528713913317509,0.9992471286086683,8.019580078125003,True,False,False,False,True,False,0.0,1.0,1772298900,0.995,31.0,0.99,0.0,0.99,0.009247128608668276,True,0.010101010101010166
Dallas,KDAL,2026-02-28,highest-temperature-in-dallas-on-february-28-2026,highest-temperature-in-dallas-on-february-28-2026-78-79f,78-79°F,0.007528713913317509,0.9924712860866824,8.019580078125003,True,False,False,False,True,False,0.0,1.0,1772298900,0.993,31.0,0.99,0.0,0.99,0.002471286086682456,True,0.010101010101010166
Dallas,KDAL,2026-02-28,highest-temperature-in-dallas-on-february-28-2026,highest-temperature-in-dallas-on-february-28-2026-80-81f,80-81°F,0.03080573967779822,0.9691942603222018,8.019580078125003,True,False,False,False,True,False,0.0,1.0,1772298900,0.9675,39.0,0.9775,0.0,0.9775,-0.00830573967779824,True,0.023017902813299296
Dallas,KDAL,2026-02-28,highest-temperature-in-dallas-on-february-28-2026,highest-temperature-in-dallas-on-february-28-2026-82-83f,82-83°F,0.24146204186478862,0.7585379581352114,8.019580078125003,True,False,False,False,False,False,0.0,1.0,1772298900,0.715,32.0,0.725,0.0,0.725,0.03353795813521143,True,-1.0
Dallas,KDAL,2026-02-28,highest-temperature-in-dallas-on-february-28-2026,highest-temperature-in-dallas-on-february-28-2026-86-87f,86-87°F,0.10800323668806167,0.8919967633119383,8.019580078125003,True,False,False,False,True,False,0.0,1.0,1772298900,0.745,35.0,0.755,0.0,0.755,0.13699676331193833,True,0.32450331125827825
Dallas,KDAL,2026-02-28,highest-temperature-in-dallas-on-february-28-2026,highest-temperature-in-dallas-on-february-28-2026-88forhigher,88°F or higher,0.01792826959859491,0.982071730401405,8.019580078125003,True,True,False,False,True,False,0.0,1.0,1772298900,0.957,37.0,0.967,0.0,0.967,0.015071730401405081,True,0.03412616339193386
Dallas,KDAL,2026-03-01,highest-temperature-in-dallas-on-march-1-2026,highest-temperature-in-dallas-on-march-1-2026-57forbelow,57°F or below,0.0,1.0,6.812182617187503,False,True,False,False,True,False,0.0,1.0,1772385300,,,,0.0,,,False,
Dallas,KDAL,2026-03-01,highest-temperature-in-dallas-on-march-1-2026,highest-temperature-in-dallas-on-march-1-2026-58-59f,58-59°F,0.0,1.0,6.812182617187503,False,False,False,False,True,False,0.0,1.0,1772385300,,,,0.0,,,False,
Dallas,KDAL,2026-03-01,highest-temperature-in-dallas-on-march-1-2026,highest-temperature-in-dallas-on-march-1-2026-60-61f,60-61°F,0.0,1.0,6.812182617187503,False,False,False,False,True,False,0.0,1.0,1772385300,,,,0.0,,,False,
Dallas,KDAL,2026-03-01,highest-temperature-in-dallas-on-march-1-2026,highest-temperature-in-dallas-on-march-1-2026-62-63f,62-63°F,0.0,1.0,6.812182617187503,False,False,False,False,True,False,0.0,1.0,1772385300,,,,0.0,,,False,
Dallas,KDAL,2026-03-01,highest-temperature-in-dallas-on-march-1-2026,highest-temperature-in-dallas-on-march-1-2026-64-65f,64-65°F,0.0,1.0,6.812182617187503,False,False,False,False,True,False,0.0,1.0,1772385300,,,,0.0,,,False,
Dallas,KDAL,2026-03-01,highest-temperature-in-dallas-on-march-1-2026,highest-temperature-in-dallas-on-march-1-2026-66-67f,66-67°F,0.0,1.0,6.812182617187503,False,False,False,False,True,False,0.0,1.0,1772385300,,,,0.0,,,False,
Dallas,KDAL,2026-03-01,highest-temperature-in-dallas-on-march-1-2026,highest-temperature-in-dallas-on-march-1-2026-68-69f,68-69°F,0.0009624118683308109,0.9990375881316692,6.812182617187503,False,False,False,False,True,False,0.0,1.0,1772385300,0.9995,35.0,0.99,0.0,0.99,0.009037588131669216,True,0.010101010101010166
Dallas,KDAL,2026-03-01,highest-temperature-in-dallas-on-march-1-2026,highest-temperature-in-dallas-on-march-1-2026-70-71f,70-71°F,0.0038496474733232438,0.9961503525266767,6.812182617187503,False,False,False,False,True,False,0.0,1.0,1772385300,0.9995,32.0,0.99,0.0,0.99,0.006150352526676728,True,0.010101010101010166
Dallas,KDAL,2026-03-02,highest-temperature-in-dallas-on-march-2-2026,highest-temperature-in-dallas-on-march-2-2026-57forbelow,57°F or below,0.0,1.0,3.231848144531142,True,True,False,False,True,False,0.0,1.0,1772471700,,,,0.0,,,False,
Dallas,KDAL,2026-03-02,highest-temperature-in-dallas-on-march-2-2026,highest-temperature-in-dallas-on-march-2-2026-58-59f,58-59°F,0.0,1.0,3.231848144531142,True,False,False,False,True,False,0.0,1.0,1772471700,,,,0.0,,,False,
Dallas,KDAL,2026-03-02,highest-temperature-in-dallas-on-march-2-2026,highest-temperature-in-dallas-on-march-2-2026-60-61f,60-61°F,0.0,1.0,3.231848144531142,True,False,False,False,True,False,0.0,1.0,1772471700,,,,0.0,,,False,
Dallas,KDAL,2026-03-02,highest-temperature-in-dallas-on-march-2-2026,highest-temperature-in-dallas-on-march-2-2026-62-63f,62-63°F,0.0,1.0,3.231848144531142,True,False,False,False,True,False,0.0,1.0,1772471700,,,,0.0,,,False,
Dallas,KDAL,2026-03-02,highest-temperature-in-dallas-on-march-2-2026,highest-temperature-in-dallas-on-march-2-2026-64-65f,64-65°F,0.0,1.0,3.231848144531142,True,False,False,False,True,False,0.0,1.0,1772471700,,,,0.0,,,False,
Dallas,KDAL,2026-03-02,highest-temperature-in-dallas-on-march-2-2026,highest-temperature-in-dallas-on-march-2-2026-66-67f,66-67°F,0.0,1.0,3.231848144531142,True,False,False,False,True,False,0.0,1.0,1772471700,,,,0.0,,,False,
Dallas,KDAL,2026-03-02,highest-temperature-in-dallas-on-march-2-2026,highest-temperature-in-dallas-on-march-2-2026-68-69f,68-69°F,0.0,1.0,3.231848144531142,True,False,False,False,True,False,0.0,1.0,1772471700,0.9995,37.0,0.99,0.0,0.99,0.010000000000000009,True,0.010101010101010166
Dallas,KDAL,2026-03-02,highest-temperature-in-dallas-on-march-2-2026,highest-temperature-in-dallas-on-march-2-2026-70-71f,70-71°F,0.000224720792841729,0.9997752792071583,3.231848144531142,True,False,False,False,True,False,0.0,1.0,1772471700,0.994,34.0,0.99,0.0,0.99,0.00977527920715826,True,0.010101010101010166
Dallas,KDAL,2026-03-03,highest-temperature-in-dallas-on-march-3-2026,highest-temperature-in-dallas-on-march-3-2026-69forbelow,69°F or below,0.0,1.0,7.781726074218753,False,True,False,False,True,False,0.0,1.0,1772558100,,,,0.0,,,False,
Dallas,KDAL,2026-03-03,highest-temperature-in-dallas-on-march-3-2026,highest-temperature-in-dallas-on-march-3-2026-70-71f,70-71°F,0.0,1.0,7.781726074218753,False,False,False,False,True,False,0.0,1.0,1772558100,0.9995,35.0,0.99,0.0,0.99,0.010000000000000009,True,0.010101010101010166
Dallas,KDAL,2026-03-03,highest-temperature-in-dallas-on-march-3-2026,highest-temperature-in-dallas-on-march-3-2026-72-73f,72-73°F,0.0,1.0,7.781726074218753,False,False,False,False,True,False,0.0,1.0,1772558100,0.9995,35.0,0.99,0.0,0.99,0.010000000000000009,True,0.010101010101010166
Dallas,KDAL,2026-03-03,highest-temperature-in-dallas-on-march-3-2026,highest-temperature-in-dallas-on-march-3-2026-74-75f,74-75°F,0.001894603378523508,0.9981053966214765,7.781726074218753,False,False,False,False,True,False,0.0,1.0,1772558100,0.9985,37.0,0.99,0.0,0.99,0.008105396621476468,True,0.010101010101010166
Dallas,KDAL,2026-03-03,highest-temperature-in-dallas-on-march-3-2026,highest-temperature-in-dallas-on-march-3-2026-76-77f,76-77°F,0.018946033785235083,0.9810539662147649,7.781726074218753,False,False,False,False,True,False,0.0,1.0,1772558100,0.998,36.0,0.99,0.0,0.99,-0.008946033785235064,True,0.010101010101010166
Dallas,KDAL,2026-03-03,highest-temperature-in-dallas-on-march-3-2026,highest-temperature-in-dallas-on-march-3-2026-78-79f,78-79°F,0.042433445609754025,0.957566554390246,7.781726074218753,False,False,False,False,True,False,0.0,1.0,1772558100,0.9935,35.0,0.99,0.0,0.99,-0.03243344560975403,True,0.010101010101010166
Dallas,KDAL,2026-03-03,highest-temperature-in-dallas-on-march-3-2026,highest-temperature-in-dallas-on-march-3-2026-82-83f,82-83°F,0.39445068897990576,0.6055493110200942,7.781726074218753,False,False,True,False,True,False,0.0,1.0,1772558100,0.825,35.0,0.835,0.0,0.835,-0.22945068897990573,True,0.1976047904191618
Dallas,KDAL,2026-03-03,highest-temperature-in-dallas-on-march-3-2026,highest-temperature-in-dallas-on-march-3-2026-84forhigher,84°F or higher,0.13066071558332157,0.8693392844166784,7.781726074218753,False,True,False,False,False,False,0.0,1.0,1772558100,0.18,33.0,0.19,0.0,0.19,0.6793392844166783,True,-1.0
Dallas,KDAL,2026-03-04,highest-temperature-in-dallas-on-march-4-2026,highest-temperature-in-dallas-on-march-4-2026-59forbelow,59°F or below,0.0,1.0,3.751666259765628,False,True,False,False,True,False,0.0,1.0,1772644500,,,,0.0,,,False,
Dallas,KDAL,2026-03-04,highest-temperature-in-dallas-on-march-4-2026,highest-temperature-in-dallas-on-march-4-2026-60-61f,60-61°F,0.0,1.0,3.751666259765628,False,False,False,False,True,False,0.0,1.0,1772644500,,,,0.0,,,False,
Dallas,KDAL,2026-03-04,highest-temperature-in-dallas-on-march-4-2026,highest-temperature-in-dallas-on-march-4-2026-62-63f,62-63°F,0.0,1.0,3.751666259765628,False,False,False,False,True,False,0.0,1.0,1772644500,,,,0.0,,,False,
Dallas,KDAL,2026-03-04,highest-temperature-in-dallas-on-march-4-2026,highest-temperature-in-dallas-on-march-4-2026-64-65f,64-65°F,0.0,1.0,3.751666259765628,False,False,False,False,True,False,0.0,1.0,1772644500,,,,0.0,,,False,
Dallas,KDAL,2026-03-04,highest-temperature-in-dallas-on-march-4-2026,highest-temperature-in-dallas-on-march-4-2026-66-67f,66-67°F,0.0,1.0,3.751666259765628,False,False,False,False,True,False,0.0,1.0,1772644500,,,,0.0,,,False,
Dallas,KDAL,2026-03-04,highest-temperature-in-dallas-on-march-4-2026,highest-temperature-in-dallas-on-march-4-2026-68-69f,68-69°F,0.0,1.0,3.751666259765628,False,False,False,False,True,False,0.0,1.0,1772644500,,,,0.0,,,False,
Dallas,KDAL,2026-03-04,highest-temperature-in-dallas-on-march-4-2026,highest-temperature-in-dallas-on-march-4-2026-70-71f,70-71°F,0.0,1.0,3.751666259765628,False,False,False,False,True,False,0.0,1.0,1772644500,,,,0.0,,,False,
Dallas,KDAL,2026-03-04,highest-temperature-in-dallas-on-march-4-2026,highest-temperature-in-dallas-on-march-4-2026-72-73f,72-73°F,0.02352912290412999,0.97647087709587,3.751666259765628,False,False,False,False,True,False,0.0,1.0,1772644500,0.9985,32.0,0.99,0.0,0.99,-0.013529122904129998,True,0.010101010101010166
Dallas,KDAL,2026-03-05,highest-temperature-in-dallas-on-march-5-2026,highest-temperature-in-dallas-on-march-5-2026-75forbelow,75°F or below,0.032204431465180525,0.9677955685348195,7.49432373046875,False,True,False,False,True,False,0.0,1.0,1772730900,0.9935,35.0,0.99,0.0,0.99,-0.022204431465180474,True,0.010101010101010166
Dallas,KDAL,2026-03-05,highest-temperature-in-dallas-on-march-5-2026,highest-temperature-in-dallas-on-march-5-2026-76-77f,76-77°F,0.09598412693327496,0.904015873066725,7.49432373046875,False,False,False,False,True,False,0.0,1.0,1772730900,0.935,41.0,0.9450000000000001,0.0,0.9450000000000001,-0.04098412693327502,True,0.05820105820105814
Dallas,KDAL,2026-03-05,highest-temperature-in-dallas-on-march-5-2026,highest-temperature-in-dallas-on-march-5-2026-78-79f,78-79°F,0.29529752385287417,0.7047024761471259,7.49432373046875,False,False,False,False,True,False,0.0,1.0,1772730900,0.74,37.0,0.75,0.0,0.75,-0.04529752385287411,True,0.33333333333333326
Dallas,KDAL,2026-03-05,highest-temperature-in-dallas-on-march-5-2026,highest-temperature-in-dallas-on-march-5-2026-82-83f,82-83°F,0.10465733596451099,0.895342664035489,7.49432373046875,False,False,False,False,True,False,0.0,1.0,1772730900,0.83,38.0,0.84,0.0,0.84,0.05534266403548904,True,0.19047619047619047
Dallas,KDAL,2026-03-05,highest-temperature-in-dallas-on-march-5-2026,highest-temperature-in-dallas-on-march-5-2026-84-85f,84-85°F,0.02370375705158871,0.9762962429484113,7.49432373046875,False,False,False,False,True,False,0.0,1.0,1772730900,0.973,39.0,0.983,0.0,0.983,-0.006703757051588655,True,0.01729399796541209
Dallas,KDAL,2026-03-05,highest-temperature-in-dallas-on-march-5-2026,highest-temperature-in-dallas-on-march-5-2026-86-87f,86-87°F,0.0033862510073698155,0.9966137489926302,7.49432373046875,False,False,False,False,True,False,0.0,1.0,1772730900,0.995,38.0,0.99,0.0,0.99,0.006613748992630231,True,0.010101010101010166
Dallas,KDAL,2026-03-05,highest-temperature-in-dallas-on-march-5-2026,highest-temperature-in-dallas-on-march-5-2026-88-89f,88-89°F,0.0016931255036849078,0.998306874496315,7.49432373046875,False,False,False,False,True,False,0.0,1.0,1772730900,0.997,41.0,0.99,0.0,0.99,0.008306874496315064,True,0.010101010101010166
Dallas,KDAL,2026-03-05,highest-temperature-in-dallas-on-march-5-2026,highest-temperature-in-dallas-on-march-5-2026-90forhigher,90°F or higher,0.0,1.0,7.49432373046875,False,True,False,False,True,False,0.0,1.0,1772730900,0.9975,39.0,0.99,0.0,0.99,0.010000000000000009,True,0.010101010101010166
Dallas,KDAL,2026-03-06,highest-temperature-in-dallas-on-march-6-2026,highest-temperature-in-dallas-on-march-6-2026-75forbelow,75°F or below,0.0,1.0,1.7423217773437472,False,True,False,False,True,False,0.0,1.0,1772817300,0.9995,35.0,0.99,0.0,0.99,0.010000000000000009,True,0.010101010101010166
Dallas,KDAL,2026-03-06,highest-temperature-in-dallas-on-march-6-2026,highest-temperature-in-dallas-on-march-6-2026-76-77f,76-77°F,0.018578669698417493,0.9814213303015825,1.7423217773437472,False,False,False,False,True,False,0.0,1.0,1772817300,0.964,38.0,0.974,0.0,0.974,0.0074213303015825405,True,0.026694045174538106
Dallas,KDAL,2026-03-06,highest-temperature-in-dallas-on-march-6-2026,highest-temperature-in-dallas-on-march-6-2026-78-79f,78-79°F,0.09591551452550309,0.9040844854744969,1.7423217773437472,False,False,False,False,True,False,0.0,1.0,1772817300,0.72,37.0,0.73,0.0,0.73,0.17408448547449695,True,0.36986301369863006
Dallas,KDAL,2026-03-06,highest-temperature-in-dallas-on-march-6-2026,highest-temperature-in-dallas-on-march-6-2026-82-83f,82-83°F,0.3685204571045375,0.6314795428954625,1.7423217773437472,False,False,False,False,False,False,0.0,1.0,1772817300,0.81,40.0,0.8200000000000001,0.0,0.8200000000000001,-0.18852045710453758,True,-1.0
Dallas,KDAL,2026-03-06,highest-temperature-in-dallas-on-march-6-2026,highest-temperature-in-dallas-on-march-6-2026-84-85f,84-85°F,0.06746601748083406,0.932533982519166,1.7423217773437472,False,False,False,False,True,False,0.0,1.0,1772817300,0.963,40.0,0.973,0.0,0.973,-0.040466017480834005,True,0.027749229188078095
Dallas,KDAL,2026-03-06,highest-temperature-in-dallas-on-march-6-2026,highest-temperature-in-dallas-on-march-6-2026-86-87f,86-87°F,0.014815374300099096,0.985184625699901,1.7423217773437472,False,False,False,False,True,False,0.0,1.0,1772817300,0.993,33.0,0.99,0.0,0.99,-0.00481537430009904,True,0.010101010101010166
Dallas,KDAL,2026-03-06,highest-temperature-in-dallas-on-march-6-2026,highest-temperature-in-dallas-on-march-6-2026-88-89f,88-89°F,0.004232964085742599,0.9957670359142574,1.7423217773437472,False,False,False,False,True,False,0.0,1.0,1772817300,0.998,34.0,0.99,0.0,0.99,0.0057670359142574235,True,0.010101010101010166
Dallas,KDAL,2026-03-06,highest-temperature-in-dallas-on-march-6-2026,highest-temperature-in-dallas-on-march-6-2026-90forhigher,90°F or higher,0.0005291205107178248,0.9994708794892821,1.7423217773437472,False,True,False,False,True,False,0.0,1.0,1772817300,0.9995,39.0,0.99,0.0,0.99,0.009470879489282158,True,0.010101010101010166
Dallas,KDAL,2026-03-07,highest-temperature-in-dallas-on-march-7-2026,highest-temperature-in-dallas-on-march-7-2026-49forbelow,49°F or below,0.0,1.0,2.9309326171875014,True,True,False,False,True,False,0.0,1.0,1772903700,,,,0.0,,,False,
Dallas,KDAL,2026-03-07,highest-temperature-in-dallas-on-march-7-2026,highest-temperature-in-dallas-on-march-7-2026-50-51f,50-51°F,0.0,1.0,2.9309326171875014,True,False,False,False,True,False,0.0,1.0,1772903700,,,,0.0,,,False,
Dallas,KDAL,2026-03-07,highest-temperature-in-dallas-on-march-7-2026,highest-temperature-in-dallas-on-march-7-2026-52-53f,52-53°F,0.0,1.0,2.9309326171875014,True,False,False,False,True,False,0.0,1.0,1772903700,,,,0.0,,,False,
Dallas,KDAL,2026-03-07,highest-temperature-in-dallas-on-march-7-2026,highest-temperature-in-dallas-on-march-7-2026-54-55f,54-55°F,0.0,1.0,2.9309326171875014,True,False,False,False,True,False,0.0,1.0,1772903700,,,,0.0,,,False,
Dallas,KDAL,2026-03-07,highest-temperature-in-dallas-on-march-7-2026,highest-temperature-in-dallas-on-march-7-2026-56-57f,56-57°F,0.0,1.0,2.9309326171875014,True,False,False,False,True,False,0.0,1.0,1772903700,,,,0.0,,,False,
Dallas,KDAL,2026-03-07,highest-temperature-in-dallas-on-march-7-2026,highest-temperature-in-dallas-on-march-7-2026-58-59f,58-59°F,0.0,1.0,2.9309326171875014,True,False,False,False,True,False,0.0,1.0,1772903700,,,,0.0,,,False,
Dallas,KDAL,2026-03-07,highest-temperature-in-dallas-on-march-7-2026,highest-temperature-in-dallas-on-march-7-2026-60-61f,60-61°F,0.0,1.0,2.9309326171875014,True,False,False,False,True,False,0.0,1.0,1772903700,,,,0.0,,,False,
Dallas,KDAL,2026-03-07,highest-temperature-in-dallas-on-march-7-2026,highest-temperature-in-dallas-on-march-7-2026-62-63f,62-63°F,0.0,1.0,2.9309326171875014,True,False,False,False,True,False,0.0,1.0,1772903700,,,,0.0,,,False,
Dallas,KDAL,2026-03-09,highest-temperature-in-dallas-on-march-9-2026,highest-temperature-in-dallas-on-march-9-2026-73forbelow,73°F or below,0.0005917434400608757,0.9994082565599391,4.541143798828131,False,True,False,False,True,False,0.0,1.0,1773072900,0.9985,39.0,0.99,0.0,0.99,0.009408256559939154,True,0.010101010101010166
Dallas,KDAL,2026-03-09,highest-temperature-in-dallas-on-march-9-2026,highest-temperature-in-dallas-on-march-9-2026-74-75f,74-75°F,0.0023669737602435028,0.9976330262397565,4.541143798828131,False,False,False,False,True,False,0.0,1.0,1773072900,0.998,45.0,0.99,0.0,0.99,0.00763302623975648,True,0.010101010101010166
Dallas,KDAL,2026-03-09,highest-temperature-in-dallas-on-march-9-2026,highest-temperature-in-dallas-on-march-9-2026-76-77f,76-77°F,0.02366973760243503,0.9763302623975649,4.541143798828131,False,False,False,False,True,False,0.0,1.0,1773072900,0.9865,39.0,0.99,0.0,0.99,-0.013669737602435061,True,0.010101010101010166
Dallas,KDAL,2026-03-09,highest-temperature-in-dallas-on-march-9-2026,highest-temperature-in-dallas-on-march-9-2026-78-79f,78-79°F,0.06632405761257576,0.9336759423874242,4.541143798828131,False,False,False,False,True,False,0.0,1.0,1773072900,0.95,35.0,0.96,0.0,0.96,-0.026324057612575724,True,0.04166666666666674
Dallas,KDAL,2026-03-09,highest-temperature-in-dallas-on-march-9-2026,highest-temperature-in-dallas-on-march-9-2026-84-85f,84-85°F,0.07083074497308928,0.9291692550269107,4.541143798828131,False,False,False,False,False,False,0.0,1.0,1773072900,0.825,44.0,0.835,0.0,0.835,0.09416925502691076,True,-1.0
Dallas,KDAL,2026-03-09,highest-temperature-in-dallas-on-march-9-2026,highest-temperature-in-dallas-on-march-9-2026-86-87f,86-87°F,0.02021244716975649,0.9797875528302435,4.541143798828131,False,False,False,False,True,False,0.0,1.0,1773072900,0.982,38.0,0.99,0.0,0.99,-0.010212447169756445,True,0.010101010101010166
Dallas,KDAL,2026-03-09,highest-temperature-in-dallas-on-march-9-2026,highest-temperature-in-dallas-on-march-9-2026-88forhigher,88°F or higher,0.004331238679233533,0.9956687613207664,4.541143798828131,False,True,False,False,True,False,0.0,1.0,1773072900,0.996,45.0,0.99,0.0,0.99,0.005668761320766436,True,0.010101010101010166
Dallas,KDAL,2026-03-10,highest-temperature-in-dallas-on-march-10-2026,highest-temperature-in-dallas-on-march-10-2026-67forbelow,67°F or below,0.0,1.0,0.4242919921875057,False,True,False,False,True,False,0.0,1.0,1773159300,,,,0.0,,,False,
Dallas,KDAL,2026-03-10,highest-temperature-in-dallas-on-march-10-2026,highest-temperature-in-dallas-on-march-10-2026-68-69f,68-69°F,0.0,1.0,0.4242919921875057,False,False,False,False,True,False,0.0,1.0,1773159300,,,,0.0,,,False,
Dallas,KDAL,2026-03-10,highest-temperature-in-dallas-on-march-10-2026,highest-temperature-in-dallas-on-march-10-2026-70-71f,70-71°F,0.0,1.0,0.4242919921875057,False,False,False,False,True,False,0.0,1.0,1773159300,,,,0.0,,,False,
Dallas,KDAL,2026-03-10,highest-temperature-in-dallas-on-march-10-2026,highest-temperature-in-dallas-on-march-10-2026-72-73f,72-73°F,0.0,1.0,0.4242919921875057,False,False,False,False,True,False,0.0,1.0,1773159300,,,,0.0,,,False,
Dallas,KDAL,2026-03-10,highest-temperature-in-dallas-on-march-10-2026,highest-temperature-in-dallas-on-march-10-2026-74-75f,74-75°F,0.01163837514763126,0.9883616248523688,0.4242919921875057,False,False,False,False,True,False,0.0,1.0,1773159300,0.9915,33.0,0.99,0.0,0.99,-0.0016383751476312103,True,0.010101010101010166
Dallas,KDAL,2026-03-10,highest-temperature-in-dallas-on-march-10-2026,highest-temperature-in-dallas-on-march-10-2026-76-77f,76-77°F,0.04502100895384768,0.9549789910461524,0.4242919921875057,False,False,False,False,True,False,0.0,1.0,1773159300,0.965,36.0,0.975,0.0,0.975,-0.02002100895384762,True,0.025641025641025772
Dallas,KDAL,2026-03-10,highest-temperature-in-dallas-on-march-10-2026,highest-temperature-in-dallas-on-march-10-2026-78-79f,78-79°F,0.2809552822340168,0.7190447177659832,0.4242919921875057,False,False,False,False,True,False,0.0,1.0,1773159300,0.735,37.0,0.745,0.0,0.745,-0.025955282234016774,True,0.34228187919463093
Dallas,KDAL,2026-03-10,highest-temperature-in-dallas-on-march-10-2026,highest-temperature-in-dallas-on-march-10-2026-82forhigher,82°F or higher,0.19082986588764853,0.8091701341123515,0.4242919921875057,False,True,False,False,False,False,0.0,1.0,1773159300,0.765,36.0,0.775,0.0,0.775,0.03417013411235148,True,-1.0
Dallas,KDAL,2026-03-11,highest-temperature-in-dallas-on-march-11-2026,highest-temperature-in-dallas-on-march-11-2026-59forbelow,59°F or below,0.0,1.0,3.469537353515633,True,True,False,False,True,False,0.0,1.0,1773245700,,,,0.0,,,False,
Dallas,KDAL,2026-03-11,highest-temperature-in-dallas-on-march-11-2026,highest-temperature-in-dallas-on-march-11-2026-60-61f,60-61°F,0.0,1.0,3.469537353515633,True,False,False,False,True,False,0.0,1.0,1773245700,,,,0.0,,,False,
Dallas,KDAL,2026-03-11,highest-temperature-in-dallas-on-march-11-2026,highest-temperature-in-dallas-on-march-11-2026-62-63f,62-63°F,0.0,1.0,3.469537353515633,True,False,False,False,True,False,0.0,1.0,1773245700,,,,0.0,,,False,
Dallas,KDAL,2026-03-11,highest-temperature-in-dallas-on-march-11-2026,highest-temperature-in-dallas-on-march-11-2026-64-65f,64-65°F,0.0,1.0,3.469537353515633,True,False,False,False,True,False,0.0,1.0,1773245700,0.9995,32.0,0.99,0.0,0.99,0.010000000000000009,True,0.010101010101010166
Dallas,KDAL,2026-03-11,highest-temperature-in-dallas-on-march-11-2026,highest-temperature-in-dallas-on-march-11-2026-66-67f,66-67°F,0.0020167648209785533,0.9979832351790214,3.469537353515633,True,False,False,False,True,False,0.0,1.0,1773245700,0.9995,35.0,0.99,0.0,0.99,0.007983235179021442,True,0.010101010101010166
Dallas,KDAL,2026-03-11,highest-temperature-in-dallas-on-march-11-2026,highest-temperature-in-dallas-on-march-11-2026-68-69f,68-69°F,0.01075607904521895,0.9892439209547811,3.469537353515633,True,False,False,False,True,False,0.0,1.0,1773245700,0.984,35.0,0.99,0.0,0.99,-0.0007560790452189048,True,0.010101010101010166
Dallas,KDAL,2026-03-11,highest-temperature-in-dallas-on-march-11-2026,highest-temperature-in-dallas-on-march-11-2026-70-71f,70-71°F,0.038990786538918694,0.9610092134610813,3.469537353515633,True,False,False,False,True,False,0.0,1.0,1773245700,0.9385,41.0,0.9485,0.0,0.9485,0.012509213461081248,True,0.054296257248286794
Dallas,KDAL,2026-03-11,highest-temperature-in-dallas-on-march-11-2026,highest-temperature-in-dallas-on-march-11-2026-72-73f,72-73°F,0.14008805009515668,0.8599119499048433,3.469537353515633,True,False,False,False,True,False,0.0,1.0,1773245700,0.805,34.0,0.8150000000000001,0.0,0.8150000000000001,0.04491194990484326,True,0.22699386503067487
Dallas,KDAL,2026-03-12,highest-temperature-in-dallas-on-march-12-2026,highest-temperature-in-dallas-on-march-12-2026-59forbelow,59°F or below,0.03278023038391577,0.9672197696160842,4.365472412109376,True,True,False,False,True,False,0.0,1.0,1773332100,0.9865,10.0,0.99,0.0,0.99,-0.022780230383915745,True,0.010101010101010166
Dallas,KDAL,2026-03-12,highest-temperature-in-dallas-on-march-12-2026,highest-temperature-in-dallas-on-march-12-2026-60-61f,60-61°F,0.1371323641124137,0.8628676358875863,4.365472412109376,True,False,False,False,True,False,0.0,1.0,1773332100,0.9775,33.0,0.9875,0.0,0.9875,-0.12463236411241374,True,0.012658227848101111
Dallas,KDAL,2026-03-12,highest-temperature-in-dallas-on-march-12-2026,highest-temperature-in-dallas-on-march-12-2026-64-65f,64-65°F,0.2586825607913217,0.7413174392086783,4.365472412109376,True,False,False,False,True,False,0.0,1.0,1773332100,0.335,30.0,0.34500000000000003,0.0,0.34500000000000003,0.3963174392086783,True,1.8985507246376807
Dallas,KDAL,2026-03-12,highest-temperature-in-dallas-on-march-12-2026,highest-temperature-in-dallas-on-march-12-2026-66-67f,66-67°F,0.02012170464883372,0.9798782953511663,4.365472412109376,True,False,False,False,True,False,0.0,1.0,1773332100,0.925,26.0,0.935,0.0,0.935,0.044878295351166275,True,0.06951871657753994
Dallas,KDAL,2026-03-12,highest-temperature-in-dallas-on-march-12-2026,highest-temperature-in-dallas-on-march-12-2026-68-69f,68-69°F,0.00815679662323855,0.9918432033767615,4.365472412109376,True,False,False,False,True,False,0.0,1.0,1773332100,0.9795,33.0,0.9895,0.0,0.9895,0.0023432033767614158,True,0.010611419909045017
Dallas,KDAL,2026-03-12,highest-temperature-in-dallas-on-march-12-2026,highest-temperature-in-dallas-on-march-12-2026-70-71f,70-71°F,0.0023305133209253,0.9976694866790747,4.365472412109376,True,False,False,False,True,False,0.0,1.0,1773332100,0.992,7.0,0.99,0.0,0.99,0.007669486679074744,True,0.010101010101010166
Dallas,KDAL,2026-03-12,highest-temperature-in-dallas-on-march-12-2026,highest-temperature-in-dallas-on-march-12-2026-72-73f,72-73°F,0.0002913141651156625,0.9997086858348844,4.365472412109376,True,False,False,False,True,False,0.0,1.0,1773332100,0.9975,17.0,0.99,0.0,0.99,0.009708685834884379,True,0.010101010101010166
Dallas,KDAL,2026-03-12,highest-temperature-in-dallas-on-march-12-2026,highest-temperature-in-dallas-on-march-12-2026-74forhigher,74°F or higher,0.0,1.0,4.365472412109376,True,True,False,False,True,False,0.0,1.0,1773332100,0.998,14.0,0.99,0.0,0.99,0.010000000000000009,True,0.010101010101010166
Dallas,KDAL,2026-03-13,highest-temperature-in-dallas-on-march-13-2026,highest-temperature-in-dallas-on-march-13-2026-69forbelow,69°F or below,0.00012625267221900456,0.999873747327781,6.099499511718747,False,True,False,False,True,False,0.0,1.0,1773418500,0.9995,28.0,0.99,0.0,0.99,0.009873747327781013,True,0.010101010101010166
Dallas,KDAL,2026-03-13,highest-temperature-in-dallas-on-march-13-2026,highest-temperature-in-dallas-on-march-13-2026-70-71f,70-71°F,0.0005050106888760183,0.999494989311124,6.099499511718747,False,False,False,False,True,False,0.0,1.0,1773418500,0.996,35.0,0.99,0.0,0.99,0.009494989311124025,True,0.010101010101010166
Dallas,KDAL,2026-03-13,highest-temperature-in-dallas-on-march-13-2026,highest-temperature-in-dallas-on-march-13-2026-72-73f,72-73°F,0.005050106888760183,0.9949498931112398,6.099499511718747,False,False,False,False,True,False,0.0,1.0,1773418500,0.9965,32.0,0.99,0.0,0.99,0.004949893111239834,True,0.010101010101010166
Dallas,KDAL,2026-03-13,highest-temperature-in-dallas-on-march-13-2026,highest-temperature-in-dallas-on-march-13-2026-74-75f,74-75°F,0.025826706174011636,0.9741732938259884,6.099499511718747,False,False,False,False,True,False,0.0,1.0,1773418500,0.9515,30.0,0.9615,0.0,0.9615,0.012673293825988363,True,0.04004160166406656
Dallas,KDAL,2026-03-13,highest-temperature-in-dallas-on-march-13-2026,highest-temperature-in-dallas-on-march-13-2026-80-81f,80-81°F,0.05706722886035461,0.9429327711396454,6.099499511718747,False,False,False,False,True,False,0.0,1.0,1773418500,0.885,36.0,0.895,0.0,0.895,0.047932771139645336,True,0.11731843575418988
Dallas,KDAL,2026-03-13,highest-temperature-in-dallas-on-march-13-2026,highest-temperature-in-dallas-on-march-13-2026-82-83f,82-83°F,0.013119818840914366,0.9868801811590856,6.099499511718747,False,False,False,False,True,False,0.0,1.0,1773418500,0.988,30.0,0.99,0.0,0.99,-0.00311981884091439,True,0.010101010101010166
Dallas,KDAL,2026-03-13,highest-temperature-in-dallas-on-march-13-2026,highest-temperature-in-dallas-on-march-13-2026-84forhigher,84°F or higher,0.002811389751624507,0.9971886102483755,6.099499511718747,False,True,False,False,True,False,0.0,1.0,1773418500,0.9945,29.0,0.99,0.0,0.99,0.007188610248375471,True,0.010101010101010166
Dallas,KDAL,2026-03-14,highest-temperature-in-dallas-on-march-14-2026,highest-temperature-in-dallas-on-march-14-2026-75forbelow,75°F or below,0.02383746906424112,0.9761625309357589,8.307586669921875,False,True,False,False,True,False,0.0,1.0,1773504900,0.9875,35.0,0.99,0.0,0.99,-0.013837469064241104,True,0.010101010101010166
Dallas,KDAL,2026-03-14,highest-temperature-in-dallas-on-march-14-2026,highest-temperature-in-dallas-on-march-14-2026-76-77f,76-77°F,0.07047761409152498,0.929522385908475,8.307586669921875,False,False,False,False,True,False,0.0,1.0,1773504900,0.925,30.0,0.935,0.0,0.935,-0.005477614091525029,True,0.06951871657753994
Dallas,KDAL,2026-03-14,highest-temperature-in-dallas-on-march-14-2026,highest-temperature-in-dallas-on-march-14-2026-78-79f,78-79°F,0.35298960027845466,0.6470103997215453,8.307586669921875,False,False,False,False,True,False,0.0,1.0,1773504900,0.9,35.0,0.91,0.0,0.91,-0.26298960027845475,True,0.09890109890109877
Dallas,KDAL,2026-03-14,highest-temperature-in-dallas-on-march-14-2026,highest-temperature-in-dallas-on-march-14-2026-82-83f,82-83°F,0.06637040209905792,0.9336295979009421,8.307586669921875,False,False,False,False,True,False,0.0,1.0,1773504900,0.665,31.0,0.675,0.0,0.675,0.2586295979009421,True,0.4814814814814814
Dallas,KDAL,2026-03-14,highest-temperature-in-dallas-on-march-14-2026,highest-temperature-in-dallas-on-march-14-2026-84-85f,84-85°F,0.015214785556513212,0.9847852144434868,8.307586669921875,False,False,False,False,True,False,0.0,1.0,1773504900,0.868,34.0,0.878,0.0,0.878,0.10678521444348676,True,0.1389521640091116
Dallas,KDAL,2026-03-14,highest-temperature-in-dallas-on-march-14-2026,highest-temperature-in-dallas-on-march-14-2026-86-87f,86-87°F,0.002173540793787602,0.9978264592062124,8.307586669921875,False,False,False,False,True,False,0.0,1.0,1773504900,0.9905,31.0,0.99,0.0,0.99,0.007826459206212388,True,0.010101010101010166
Dallas,KDAL,2026-03-14,highest-temperature-in-dallas-on-march-14-2026,highest-temperature-in-dallas-on-march-14-2026-88-89f,88-89°F,0.001086770396893801,0.9989132296031062,8.307586669921875,False,False,False,False,True,False,0.0,1.0,1773504900,0.9965,28.0,0.99,0.0,0.99,0.008913229603106254,True,0.010101010101010166
Dallas,KDAL,2026-03-14,highest-temperature-in-dallas-on-march-14-2026,highest-temperature-in-dallas-on-march-14-2026-90forhigher,90°F or higher,0.0,1.0,8.307586669921875,False,True,False,False,True,False,0.0,1.0,1773504900,0.9995,33.0,0.99,0.0,0.99,0.010000000000000009,True,0.010101010101010166
Dallas,KDAL,2026-03-15,highest-temperature-in-dallas-on-march-15-2026,highest-temperature-in-dallas-on-march-15-2026-84-85f,84-85°F,0.14479866169233552,0.8552013383076644,7.854455566406244,True,False,False,False,False,False,0.0,1.0,1773591300,0.68,30.0,0.6900000000000001,0.0,0.6900000000000001,0.16520133830766437,True,-1.0
Dallas,KDAL,2026-03-15,highest-temperature-in-dallas-on-march-15-2026,highest-temperature-in-dallas-on-march-15-2026-86-87f,86-87°F,0.02361318539215141,0.9763868146078486,7.854455566406244,True,False,False,False,True,False,0.0,1.0,1773591300,0.973,32.0,0.983,0.0,0.983,-0.006613185392151388,True,0.01729399796541209
Dallas,KDAL,2026-03-15,highest-temperature-in-dallas-on-march-15-2026,highest-temperature-in-dallas-on-march-15-2026-88-89f,88-89°F,0.003373312198878773,0.9966266878011212,7.854455566406244,True,False,False,False,True,False,0.0,1.0,1773591300,0.9965,35.0,0.99,0.0,0.99,0.006626687801121189,True,0.010101010101010166
Dallas,KDAL,2026-03-15,highest-temperature-in-dallas-on-march-15-2026,highest-temperature-in-dallas-on-march-15-2026-90-91f,90-91°F,0.0016866560994393865,0.9983133439005606,7.854455566406244,True,False,False,False,True,False,0.0,1.0,1773591300,0.996,36.0,0.99,0.0,0.99,0.008313343900560599,True,0.010101010101010166
Dallas,KDAL,2026-03-15,highest-temperature-in-dallas-on-march-15-2026,highest-temperature-in-dallas-on-march-15-2026-92-93f,92-93°F,0.0,1.0,7.854455566406244,True,False,False,False,True,False,0.0,1.0,1773591300,0.9975,33.0,0.99,0.0,0.99,0.010000000000000009,True,0.010101010101010166
Dallas,KDAL,2026-03-15,highest-temperature-in-dallas-on-march-15-2026,highest-temperature-in-dallas-on-march-15-2026-94-95f,94-95°F,0.0,1.0,7.854455566406244,True,False,False,False,True,False,0.0,1.0,1773591300,0.999,35.0,0.99,0.0,0.99,0.010000000000000009,True,0.010101010101010166
Dallas,KDAL,2026-03-15,highest-temperature-in-dallas-on-march-15-2026,highest-temperature-in-dallas-on-march-15-2026-96-97f,96-97°F,0.0,1.0,7.854455566406244,True,False,False,False,True,False,0.0,1.0,1773591300,0.9995,31.0,0.99,0.0,0.99,0.010000000000000009,True,0.010101010101010166
Dallas,KDAL,2026-03-15,highest-temperature-in-dallas-on-march-15-2026,highest-temperature-in-dallas-on-march-15-2026-98forhigher,98°F or higher,0.0,1.0,7.854455566406244,True,True,False,False,True,False,0.0,1.0,1773591300,0.9985,34.0,0.99,0.0,0.99,0.010000000000000009,True,0.010101010101010166
Dallas,KDAL,2026-03-16,highest-temperature-in-dallas-on-march-16-2026,highest-temperature-in-dallas-on-march-16-2026-43forbelow,43°F or below,0.010261664895029748,0.9897383351049702,5.118640136718746,True,True,False,False,True,False,0.0,1.0,1773677700,0.9935,31.0,0.99,0.0,0.99,-0.0002616648950297673,True,0.010101010101010166
Dallas,KDAL,2026-03-16,highest-temperature-in-dallas-on-march-16-2026,highest-temperature-in-dallas-on-march-16-2026-44-45f,44-45°F,0.03631920810761567,0.9636807918923843,5.118640136718746,True,False,False,False,True,False,0.0,1.0,1773677700,0.994,31.0,0.99,0.0,0.99,-0.026319208107615677,True,0.010101010101010166
Dallas,KDAL,2026-03-16,highest-temperature-in-dallas-on-march-16-2026,highest-temperature-in-dallas-on-march-16-2026-46-47f,46-47°F,0.25020257520773115,0.7497974247922689,5.118640136718746,True,False,False,False,True,False,0.0,1.0,1773677700,0.883,33.0,0.893,0.0,0.893,-0.14320257520773116,True,0.11982082866741317
Dallas,KDAL,2026-03-16,highest-temperature-in-dallas-on-march-16-2026,highest-temperature-in-dallas-on-march-16-2026-50-51f,50-51°F,0.1038820381595793,0.8961179618404207,5.118640136718746,True,False,False,False,True,False,0.0,1.0,1773677700,0.6465,35.0,0.6565,0.0,0.6565,0.23961796184042072,True,0.5232292460015233
Dallas,KDAL,2026-03-16,highest-temperature-in-dallas-on-march-16-2026,highest-temperature-in-dallas-on-march-16-2026-52-53f,52-53°F,0.024990948750164634,0.9750090512498354,5.118640136718746,True,False,False,False,True,False,0.0,1.0,1773677700,0.834,28.0,0.844,0.0,0.844,0.13100905124983542,True,0.18483412322274884
Dallas,KDAL,2026-03-16,highest-temperature-in-dallas-on-march-16-2026,highest-temperature-in-dallas-on-march-16-2026-54-55f,54-55°F,0.003570135535737805,0.9964298644642622,5.118640136718746,True,False,False,False,True,False,0.0,1.0,1773677700,0.971,35.0,0.981,0.0,0.981,0.0154298644642622,True,0.019367991845056
Dallas,KDAL,2026-03-16,highest-temperature-in-dallas-on-march-16-2026,highest-temperature-in-dallas-on-march-16-2026-56-57f,56-57°F,0.0017850677678689026,0.9982149322321311,5.118640136718746,True,False,False,False,True,False,0.0,1.0,1773677700,0.9955,34.0,0.99,0.0,0.99,0.0082149322321311,True,0.010101010101010166
Dallas,KDAL,2026-03-16,highest-temperature-in-dallas-on-march-16-2026,highest-temperature-in-dallas-on-march-16-2026-58-59f,58-59°F,0.0,1.0,5.118640136718746,True,False,False,False,True,False,0.0,1.0,1773677700,0.9975,29.0,0.99,0.0,0.99,0.010000000000000009,True,0.010101010101010166
Dallas,KDAL,2026-03-16,highest-temperature-in-dallas-on-march-16-2026,highest-temperature-in-dallas-on-march-16-2026-60-61f,60-61°F,0.0,1.0,5.118640136718746,True,False,False,False,True,False,0.0,1.0,1773677700,0.9975,30.0,0.99,0.0,0.99,0.010000000000000009,True,0.010101010101010166
Dallas,KDAL,2026-03-16,highest-temperature-in-dallas-on-march-16-2026,highest-temperature-in-dallas-on-march-16-2026-62forhigher,62°F or higher,0.0,1.0,5.118640136718746,True,True,False,False,True,False,0.0,1.0,1773677700,0.9975,27.0,0.99,0.0,0.99,0.010000000000000009,True,0.010101010101010166
Dallas,KDAL,2026-03-17,highest-temperature-in-dallas-on-march-17-2026,highest-temperature-in-dallas-on-march-17-2026-55forbelow,55°F or below,0.0012269066530137102,0.9987730933469863,7.856213378906254,True,True,False,False,True,False,0.0,1.0,1773764100,0.9935,29.0,0.99,0.0,0.99,0.008773093346986283,True,0.010101010101010166
Dallas,KDAL,2026-03-17,highest-temperature-in-dallas-on-march-17-2026,highest-temperature-in-dallas-on-march-17-2026-56-57f,56-57°F,0.009815253224109683,0.9901847467758903,7.856213378906254,True,False,False,False,True,False,0.0,1.0,1773764100,0.9815,30.0,0.99,0.0,0.99,0.00018474677589030986,True,0.010101010101010166
Dallas,KDAL,2026-03-17,highest-temperature-in-dallas-on-march-17-2026,highest-temperature-in-dallas-on-march-17-2026-58-59f,58-59°F,0.03121720640129061,0.9687827935987094,7.856213378906254,True,False,False,False,True,False,0.0,1.0,1773764100,0.9825,22.0,0.99,0.0,0.99,-0.021217206401290545,True,0.010101010101010166
Dallas,KDAL,2026-03-17,highest-temperature-in-dallas-on-march-17-2026,highest-temperature-in-dallas-on-march-17-2026-60-61f,60-61°F,0.2911420204436087,0.7088579795563913,7.856213378906254,True,False,False,False,True,False,0.0,1.0,1773764100,0.9095,24.0,0.9195,0.0,0.9195,-0.2106420204436087,True,0.08754758020663411
Dallas,KDAL,2026-03-17,highest-temperature-in-dallas-on-march-17-2026,highest-temperature-in-dallas-on-march-17-2026-64-65f,64-65°F,0.10765973127644154,0.8923402687235584,7.856213378906254,True,False,False,False,True,False,0.0,1.0,1773764100,0.625,29.0,0.635,0.0,0.635,0.2573402687235584,True,0.5748031496062991
Dallas,KDAL,2026-03-17,highest-temperature-in-dallas-on-march-17-2026,highest-temperature-in-dallas-on-march-17-2026-66-67f,66-67°F,0.025440614232399447,0.9745593857676006,7.856213378906254,True,False,False,False,True,False,0.0,1.0,1773764100,0.84,25.0,0.85,0.0,0.85,0.12455938576760062,True,0.17647058823529416
Dallas,KDAL,2026-03-17,highest-temperature-in-dallas-on-march-17-2026,highest-temperature-in-dallas-on-march-17-2026-68-69f,68-69°F,0.0036343734617713492,0.9963656265382287,7.856213378906254,True,False,False,False,True,False,0.0,1.0,1773764100,0.957,25.0,0.967,0.0,0.967,0.029365626538228717,True,0.03412616339193386
Dallas,KDAL,2026-03-17,highest-temperature-in-dallas-on-march-17-2026,highest-temperature-in-dallas-on-march-17-2026-70-71f,70-71°F,0.0018171867308856746,0.9981828132691143,7.856213378906254,True,False,False,False,True,False,0.0,1.0,1773764100,0.9935,24.0,0.99,0.0,0.99,0.008182813269114297,True,0.010101010101010166
Dallas,KDAL,2026-03-17,highest-temperature-in-dallas-on-march-17-2026,highest-temperature-in-dallas-on-march-17-2026-72-73f,72-73°F,0.0,1.0,7.856213378906254,True,False,False,False,True,False,0.0,1.0,1773764100,0.9965,24.0,0.99,0.0,0.99,0.010000000000000009,True,0.010101010101010166
Dallas,KDAL,2026-03-17,highest-temperature-in-dallas-on-march-17-2026,highest-temperature-in-dallas-on-march-17-2026-74forhigher,74°F or higher,0.0,1.0,7.856213378906254,True,True,False,False,True,False,0.0,1.0,1773764100,0.997,24.0,0.99,0.0,0.99,0.010000000000000009,True,0.010101010101010166
Dallas,KDAL,2026-03-18,highest-temperature-in-dallas-on-march-18-2026,highest-temperature-in-dallas-on-march-18-2026-63forbelow,63°F or below,0.0,1.0,7.555957031250003,True,True,False,False,True,False,0.0,1.0,1773850500,0.9995,26.0,0.99,0.0,0.99,0.010000000000000009,True,0.010101010101010166
Dallas,KDAL,2026-03-18,highest-temperature-in-dallas-on-march-18-2026,highest-temperature-in-dallas-on-march-18-2026-64-65f,64-65°F,0.0,1.0,7.555957031250003,True,False,False,False,True,False,0.0,1.0,1773850500,0.9995,28.0,0.99,0.0,0.99,0.010000000000000009,True,0.010101010101010166
Dallas,KDAL,2026-03-18,highest-temperature-in-dallas-on-march-18-2026,highest-temperature-in-dallas-on-march-18-2026-66-67f,66-67°F,0.0009475235180724454,0.9990524764819275,7.555957031250003,True,False,False,False,True,False,0.0,1.0,1773850500,0.9995,27.0,0.99,0.0,0.99,0.00905247648192753,True,0.010101010101010166
Dallas,KDAL,2026-03-18,highest-temperature-in-dallas-on-march-18-2026,highest-temperature-in-dallas-on-march-18-2026-68-69f,68-69°F,0.003790094072289782,0.9962099059277102,7.555957031250003,True,False,False,False,True,False,0.0,1.0,1773850500,0.997,23.0,0.99,0.0,0.99,0.006209905927710202,True,0.010101010101010166
Dallas,KDAL,2026-03-18,highest-temperature-in-dallas-on-march-18-2026,highest-temperature-in-dallas-on-march-18-2026-70-71f,70-71°F,0.01373909101205046,0.9862609089879495,7.555957031250003,True,False,False,False,True,False,0.0,1.0,1773850500,0.9975,28.0,0.99,0.0,0.99,-0.0037390910120504994,True,0.010101010101010166
Dallas,KDAL,2026-03-18,highest-temperature-in-dallas-on-march-18-2026,highest-temperature-in-dallas-on-march-18-2026-72-73f,72-73°F,0.15459914682519948,0.8454008531748005,7.555957031250003,True,False,False,False,True,False,0.0,1.0,1773850500,0.937,28.0,0.9470000000000001,0.0,0.9470000000000001,-0.10159914682519955,True,0.05596620908130934
Dallas,KDAL,2026-03-18,highest-temperature-in-dallas-on-march-18-2026,highest-temperature-in-dallas-on-march-18-2026-76-77f,76-77°F,0.2023855534857127,0.7976144465142874,7.555957031250003,True,False,False,False,True,False,0.0,1.0,1773850500,0.72,31.0,0.73,0.0,0.73,0.06761444651428739,True,0.36986301369863006
Dallas,KDAL,2026-03-18,highest-temperature-in-dallas-on-march-18-2026,highest-temperature-in-dallas-on-march-18-2026-78-79f,78-79°F,0.019942829593084306,0.9800571704069156,7.555957031250003,True,False,False,False,True,False,0.0,1.0,1773850500,0.875,22.0,0.885,0.0,0.885,0.09505717040691564,True,0.12994350282485878
Dallas,KDAL,2026-03-18,highest-temperature-in-dallas-on-march-18-2026,highest-temperature-in-dallas-on-march-18-2026-80-81f,80-81°F,0.006859362063496821,0.9931406379365032,7.555957031250003,True,False,False,False,True,False,0.0,1.0,1773850500,0.9795,30.0,0.9895,0.0,0.9895,0.003640637936503155,True,0.010611419909045017
Dallas,KDAL,2026-03-18,highest-temperature-in-dallas-on-march-18-2026,highest-temperature-in-dallas-on-march-18-2026-82forhigher,82°F or higher,0.0022047949489811206,0.9977952050510189,7.555957031250003,True,True,False,False,True,False,0.0,1.0,1773850500,0.992,31.0,0.99,0.0,0.99,0.007795205051018939,True,0.010101010101010166
Dallas,KDAL,2026-03-19,highest-temperature-in-dallas-on-march-19-2026,highest-temperature-in-dallas-on-march-19-2026-73forbelow,73°F or below,0.0,1.0,8.010461425781244,True,True,False,False,True,False,0.0,1.0,1773936900,0.9995,30.0,0.99,0.0,0.99,0.010000000000000009,True,0.010101010101010166
Dallas,KDAL,2026-03-19,highest-temperature-in-dallas-on-march-19-2026,highest-temperature-in-dallas-on-march-19-2026-74-75f,74-75°F,0.00021010205612146055,0.9997898979438785,8.010461425781244,True,False,False,False,True,False,0.0,1.0,1773936900,0.9965,31.0,0.99,0.0,0.99,0.009789897943878523,True,0.010101010101010166
Dallas,KDAL,2026-03-19,highest-temperature-in-dallas-on-march-19-2026,highest-temperature-in-dallas-on-march-19-2026-76-77f,76-77°F,0.0008404082244858423,0.9991595917755142,8.010461425781244,True,False,False,False,True,False,0.0,1.0,1773936900,0.997,25.0,0.99,0.0,0.99,0.009159591775514175,True,0.010101010101010166
Dallas,KDAL,2026-03-19,highest-temperature-in-dallas-on-march-19-2026,highest-temperature-in-dallas-on-march-19-2026-78-79f,78-79°F,0.008404082244858422,0.9915959177551416,8.010461425781244,True,False,False,False,True,False,0.0,1.0,1773936900,0.9945,32.0,0.99,0.0,0.99,0.0015959177551415626,True,0.010101010101010166
Dallas,KDAL,2026-03-19,highest-temperature-in-dallas-on-march-19-2026,highest-temperature-in-dallas-on-march-19-2026-80-81f,80-81°F,0.03226991880774362,0.9677300811922563,8.010461425781244,True,False,False,False,True,False,0.0,1.0,1773936900,0.989,31.0,0.99,0.0,0.99,-0.02226991880774365,True,0.010101010101010166
Dallas,KDAL,2026-03-19,highest-temperature-in-dallas-on-march-19-2026,highest-temperature-in-dallas-on-march-19-2026-82-83f,82-83°F,0.22999349467996755,0.7700065053200325,8.010461425781244,True,False,False,False,True,False,0.0,1.0,1773936900,0.9645,25.0,0.9745,0.0,0.9745,-0.20449349467996758,True,0.02616726526423796
Dallas,KDAL,2026-03-19,highest-temperature-in-dallas-on-march-19-2026,highest-temperature-in-dallas-on-march-19-2026-86-87f,86-87°F,0.13400713518150853,0.8659928648184915,8.010461425781244,True,False,False,False,False,False,0.0,1.0,1773936900,0.64,29.0,0.65,0.0,0.65,0.21599286481849145,True,-1.0
Dallas,KDAL,2026-03-19,highest-temperature-in-dallas-on-march-19-2026,highest-temperature-in-dallas-on-march-19-2026-88-89f,88-89°F,0.03622201629247199,0.963777983707528,8.010461425781244,True,False,False,False,True,False,0.0,1.0,1773936900,0.845,28.0,0.855,0.0,0.855,0.108777983707528,True,0.16959064327485374
Dallas,KDAL,2026-03-19,highest-temperature-in-dallas-on-march-19-2026,highest-temperature-in-dallas-on-march-19-2026-90-91f,90-91°F,0.0051745737560674274,0.9948254262439326,8.010461425781244,True,False,False,False,True,False,0.0,1.0,1773936900,0.9675,32.0,0.9775,0.0,0.9775,0.017325426243932518,True,0.023017902813299296
Dallas,KDAL,2026-03-19,highest-temperature-in-dallas-on-march-19-2026,highest-temperature-in-dallas-on-march-19-2026-92forhigher,92°F or higher,0.0025872868780337137,0.9974127131219663,8.010461425781244,True,True,False,False,True,False,0.0,1.0,1773936900,0.992,25.0,0.99,0.0,0.99,0.007412713121966341,True,0.010101010101010166
Dallas,KDAL,2026-03-20,highest-temperature-in-dallas-on-march-20-2026,highest-temperature-in-dallas-on-march-20-2026-77forbelow,77°F or below,0.0,1.0,9.705487060546872,True,True,False,False,True,False,0.0,1.0,1774023300,0.9995,31.0,0.99,0.0,0.99,0.010000000000000009,True,0.010101010101010166
Dallas,KDAL,2026-03-20,highest-temperature-in-dallas-on-march-20-2026,highest-temperature-in-dallas-on-march-20-2026-78-79f,78-79°F,0.00039348218747509996,0.9996065178125249,9.705487060546872,True,False,False,False,True,False,0.0,1.0,1774023300,0.999,35.0,0.99,0.0,0.99,0.009606517812524862,True,0.010101010101010166
Dallas,KDAL,2026-03-20,highest-temperature-in-dallas-on-march-20-2026,highest-temperature-in-dallas-on-march-20-2026-80-81f,80-81°F,0.0015739287499004,0.9984260712500996,9.705487060546872,True,False,False,False,True,False,0.0,1.0,1774023300,0.999,33.0,0.99,0.0,0.99,0.008426071250099643,True,0.010101010101010166
Dallas,KDAL,2026-03-20,highest-temperature-in-dallas-on-march-20-2026,highest-temperature-in-dallas-on-march-20-2026-82-83f,82-83°F,0.015739287499004002,0.984260712500996,9.705487060546872,True,False,False,False,True,False,0.0,1.0,1774023300,0.9975,33.0,0.99,0.0,0.99,-0.005739287499003987,True,0.010101010101010166
Dallas,KDAL,2026-03-20,highest-temperature-in-dallas-on-march-20-2026,highest-temperature-in-dallas-on-march-20-2026-84-85f,84-85°F,0.04099529158293735,0.9590047084170626,9.705487060546872,True,False,False,False,True,False,0.0,1.0,1774023300,0.986,36.0,0.99,0.0,0.99,-0.030995291582937345,True,0.010101010101010166
Dallas,KDAL,2026-03-20,highest-temperature-in-dallas-on-march-20-2026,highest-temperature-in-dallas-on-march-20-2026-86-87f,86-87°F,0.17310027330650263,0.8268997266934974,9.705487060546872,True,False,False,False,True,False,0.0,1.0,1774023300,0.964,34.0,0.974,0.0,0.974,-0.14710027330650255,True,0.026694045174538106
Dallas,KDAL,2026-03-20,highest-temperature-in-dallas-on-march-20-2026,highest-temperature-in-dallas-on-march-20-2026-90-91f,90-91°F,0.14567169300571972,0.8543283069942803,9.705487060546872,True,False,False,False,True,False,0.0,1.0,1774023300,0.48,34.0,0.49,0.0,0.49,0.3643283069942803,True,1.0408163265306123
Dallas,KDAL,2026-03-20,highest-temperature-in-dallas-on-march-20-2026,highest-temperature-in-dallas-on-march-20-2026-92-93f,92-93°F,0.055058912048611484,0.9449410879513885,9.705487060546872,True,False,False,False,True,False,0.0,1.0,1774023300,0.83,28.0,0.84,0.0,0.84,0.10494108795138857,True,0.19047619047619047
Dallas,KDAL,2026-03-20,highest-temperature-in-dallas-on-march-20-2026,highest-temperature-in-dallas-on-march-20-2026-94-95f,94-95°F,0.007865558864087355,0.9921344411359126,9.705487060546872,True,False,False,False,True,False,0.0,1.0,1774023300,0.947,37.0,0.957,0.0,0.957,0.035134441135912686,True,0.04493207941483801
Dallas,KDAL,2026-03-20,highest-temperature-in-dallas-on-march-20-2026,highest-temperature-in-dallas-on-march-20-2026-96forhigher,96°F or higher,0.003932779432043678,0.9960672205679563,9.705487060546872,True,True,False,False,True,False,0.0,1.0,1774023300,0.992,34.0,0.99,0.0,0.99,0.006067220567956277,True,0.010101010101010166
Dallas,KDAL,2026-03-21,highest-temperature-in-dallas-on-march-21-2026,highest-temperature-in-dallas-on-march-21-2026-79forbelow,79°F or below,0.0,1.0,9.39605712890625,True,True,False,False,True,False,0.0,1.0,1774109700,0.9995,32.0,0.99,0.0,0.99,0.010000000000000009,True,0.010101010101010166
Dallas,KDAL,2026-03-21,highest-temperature-in-dallas-on-march-21-2026,highest-temperature-in-dallas-on-march-21-2026-80-81f,80-81°F,0.0004433227862733765,0.9995566772137267,9.39605712890625,True,False,False,False,True,False,0.0,1.0,1774109700,0.9995,34.0,0.99,0.0,0.99,0.009556677213726661,True,0.010101010101010166
Dallas,KDAL,2026-03-21,highest-temperature-in-dallas-on-march-21-2026,highest-temperature-in-dallas-on-march-21-2026-82-83f,82-83°F,0.001773291145093506,0.9982267088549065,9.39605712890625,True,False,False,False,True,False,0.0,1.0,1774109700,0.998,34.0,0.99,0.0,0.99,0.008226708854906506,True,0.010101010101010166
Dallas,KDAL,2026-03-21,highest-temperature-in-dallas-on-march-21-2026,highest-temperature-in-dallas-on-march-21-2026-84-85f,84-85°F,0.017732911450935064,0.982267088549065,9.39605712890625,True,False,False,False,True,False,0.0,1.0,1774109700,0.9975,30.0,0.99,0.0,0.99,-0.0077329114509350205,True,0.010101010101010166
Dallas,KDAL,2026-03-21,highest-temperature-in-dallas-on-march-21-2026,highest-temperature-in-dallas-on-march-21-2026-86-87f,86-87°F,0.05297244176235738,0.9470275582376426,9.39605712890625,True,False,False,False,True,False,0.0,1.0,1774109700,0.997,31.0,0.99,0.0,0.99,-0.04297244176235737,True,0.010101010101010166
Dallas,KDAL,2026-03-21,highest-temperature-in-dallas-on-march-21-2026,highest-temperature-in-dallas-on-march-21-2026-88-89f,88-89°F,0.2534613149749058,0.7465386850250941,9.39605712890625,True,False,False,False,True,False,0.0,1.0,1774109700,0.979,35.0,0.989,0.0,0.989,-0.24246131497490586,True,0.011122345803842304
Dallas,KDAL,2026-03-21,highest-temperature-in-dallas-on-march-21-2026,highest-temperature-in-dallas-on-march-21-2026-92-93f,92-93°F,0.09573750887882457,0.9042624911211754,9.39605712890625,True,False,False,False,True,False,0.0,1.0,1774109700,0.56,34.0,0.5700000000000001,0.0,0.5700000000000001,0.33426249112117534,True,0.7543859649122806
Dallas,KDAL,2026-03-21,highest-temperature-in-dallas-on-march-21-2026,highest-temperature-in-dallas-on-march-21-2026-94-95f,94-95°F,0.03365217256983828,0.9663478274301617,9.39605712890625,True,False,False,False,True,False,0.0,1.0,1774109700,0.83,30.0,0.84,0.0,0.84,0.1263478274301617,True,0.19047619047619047
Dallas,KDAL,2026-03-21,highest-temperature-in-dallas-on-march-21-2026,highest-temperature-in-dallas-on-march-21-2026-96-97f,96-97°F,0.004807453224262612,0.9951925467757374,9.39605712890625,True,False,False,False,True,False,0.0,1.0,1774109700,0.9825,35.0,0.99,0.0,0.99,0.005192546775737439,True,0.010101010101010166
Dallas,KDAL,2026-03-21,highest-temperature-in-dallas-on-march-21-2026,highest-temperature-in-dallas-on-march-21-2026-98forhigher,98°F or higher,0.002403726612131306,0.9975962733878687,9.39605712890625,True,True,False,False,True,False,0.0,1.0,1774109700,0.9955,33.0,0.99,0.0,0.99,0.007596273387868724,True,0.010101010101010166
Dallas,KDAL,2026-03-22,highest-temperature-in-dallas-on-march-22-2026,highest-temperature-in-dallas-on-march-22-2026-79forbelow,79°F or below,0.0,1.0,11.14898071289062,False,True,False,False,True,False,0.0,1.0,1774196100,0.9995,29.0,0.99,0.0,0.99,0.010000000000000009,True,0.010101010101010166
Dallas,KDAL,2026-03-22,highest-temperature-in-dallas-on-march-22-2026,highest-temperature-in-dallas-on-march-22-2026-80-81f,80-81°F,0.0,1.0,11.14898071289062,False,False,False,False,True,False,0.0,1.0,1774196100,0.998,30.0,0.99,0.0,0.99,0.010000000000000009,True,0.010101010101010166
Dallas,KDAL,2026-03-22,highest-temperature-in-dallas-on-march-22-2026,highest-temperature-in-dallas-on-march-22-2026-82-83f,82-83°F,0.0009809135385831376,0.9990190864614169,11.14898071289062,False,False,False,False,True,False,0.0,1.0,1774196100,0.9975,39.0,0.99,0.0,0.99,0.009019086461416914,True,0.010101010101010166
Dallas,KDAL,2026-03-22,highest-temperature-in-dallas-on-march-22-2026,highest-temperature-in-dallas-on-march-22-2026-84-85f,84-85°F,0.003923654154332551,0.9960763458456674,11.14898071289062,False,False,False,False,True,False,0.0,1.0,1774196100,0.9975,36.0,0.99,0.0,0.99,0.006076345845667408,True,0.010101010101010166
Dallas,KDAL,2026-03-22,highest-temperature-in-dallas-on-march-22-2026,highest-temperature-in-dallas-on-march-22-2026-86-87f,86-87°F,0.014223246309455496,0.9857767536905445,11.14898071289062,False,False,False,False,True,False,0.0,1.0,1774196100,0.996,22.0,0.99,0.0,0.99,-0.004223246309455475,True,0.010101010101010166
Dallas,KDAL,2026-03-22,highest-temperature-in-dallas-on-march-22-2026,highest-temperature-in-dallas-on-march-22-2026-88-89f,88-89°F,0.09800584824710068,0.9019941517528993,11.14898071289062,False,False,False,False,True,False,0.0,1.0,1774196100,0.981,36.0,0.99,0.0,0.99,-0.08800584824710067,True,0.010101010101010166
Dallas,KDAL,2026-03-22,highest-temperature-in-dallas-on-march-22-2026,highest-temperature-in-dallas-on-march-22-2026-92-93f,92-93°F,0.39250191025172315,0.6074980897482769,11.14898071289062,False,False,False,False,False,False,0.0,1.0,1774196100,0.49,36.0,0.5,0.0,0.5,0.1074980897482769,True,-1.0
Dallas,KDAL,2026-03-22,highest-temperature-in-dallas-on-march-22-2026,highest-temperature-in-dallas-on-march-22-2026-94-95f,94-95°F,0.051453076358853184,0.9485469236411468,11.14898071289062,False,False,False,False,True,False,0.0,1.0,1774196100,0.725,40.0,0.735,0.0,0.735,0.2135469236411468,True,0.3605442176870748
Dallas,KDAL,2026-03-22,highest-temperature-in-dallas-on-march-22-2026,highest-temperature-in-dallas-on-march-22-2026-96-97f,96-97°F,0.019172782248790793,0.9808272177512092,11.14898071289062,False,False,False,False,True,False,0.0,1.0,1774196100,0.9285,38.0,0.9385,0.0,0.9385,0.04232721775120918,True,0.06553010122535952
Dallas,KDAL,2026-03-22,highest-temperature-in-dallas-on-march-22-2026,highest-temperature-in-dallas-on-march-22-2026-98forhigher,98°F or higher,0.006162680008539897,0.9938373199914601,11.14898071289062,False,True,False,False,True,False,0.0,1.0,1774196100,0.997,35.0,0.99,0.0,0.99,0.0038373199914600864,True,0.010101010101010166
Dallas,KDAL,2026-03-23,highest-temperature-in-dallas-on-march-23-2026,highest-temperature-in-dallas-on-march-23-2026-65forbelow,65°F or below,0.0,1.0,2.973339843750012,True,True,False,False,True,False,0.0,1.0,1774282500,,,,0.0,,,False,
Dallas,KDAL,2026-03-23,highest-temperature-in-dallas-on-march-23-2026,highest-temperature-in-dallas-on-march-23-2026-66-67f,66-67°F,0.0,1.0,2.973339843750012,True,False,False,False,True,False,0.0,1.0,1774282500,,,,0.0,,,False,
Dallas,KDAL,2026-03-23,highest-temperature-in-dallas-on-march-23-2026,highest-temperature-in-dallas-on-march-23-2026-68-69f,68-69°F,0.0,1.0,2.973339843750012,True,False,False,False,True,False,0.0,1.0,1774282500,,,,0.0,,,False,
Dallas,KDAL,2026-03-23,highest-temperature-in-dallas-on-march-23-2026,highest-temperature-in-dallas-on-march-23-2026-70-71f,70-71°F,0.0,1.0,2.973339843750012,True,False,False,False,True,False,0.0,1.0,1774282500,,,,0.0,,,False,
Dallas,KDAL,2026-03-23,highest-temperature-in-dallas-on-march-23-2026,highest-temperature-in-dallas-on-march-23-2026-72-73f,72-73°F,0.0007435835407279947,0.999256416459272,2.973339843750012,True,False,False,False,True,False,0.0,1.0,1774282500,0.9935,24.0,0.99,0.0,0.99,0.009256416459271999,True,0.010101010101010166
Dallas,KDAL,2026-03-23,highest-temperature-in-dallas-on-march-23-2026,highest-temperature-in-dallas-on-march-23-2026-74-75f,74-75°F,0.003965778883882639,0.9960342211161174,2.973339843750012,True,False,False,False,True,False,0.0,1.0,1774282500,0.9845,26.0,0.99,0.0,0.99,0.0060342211161174,True,0.010101010101010166
Dallas,KDAL,2026-03-23,highest-temperature-in-dallas-on-march-23-2026,highest-temperature-in-dallas-on-march-23-2026-76-77f,76-77°F,0.014375948454074566,0.9856240515459255,2.973339843750012,True,False,False,False,True,False,0.0,1.0,1774282500,0.964,24.0,0.974,0.0,0.974,0.011624051545925496,True,0.026694045174538106
Dallas,KDAL,2026-03-23,highest-temperature-in-dallas-on-march-23-2026,highest-temperature-in-dallas-on-march-23-2026-78-79f,78-79°F,0.058404191580759685,0.9415958084192403,2.973339843750012,True,False,False,False,True,False,0.0,1.0,1774282500,0.5605,42.0,0.5705,0.0,0.5705,0.3710958084192403,True,0.7528483786152498
Dallas,KDAL,2026-03-23,highest-temperature-in-dallas-on-march-23-2026,highest-temperature-in-dallas-on-march-23-2026-82-83f,82-83°F,0.3310462395201092,0.6689537604798907,2.973339843750012,True,False,False,False,True,False,0.0,1.0,1774282500,0.945,27.0,0.955,0.0,0.955,-0.2860462395201092,True,0.04712041884816753
Dallas,KDAL,2026-03-23,highest-temperature-in-dallas-on-march-23-2026,highest-temperature-in-dallas-on-march-23-2026-84forhigher,84°F or higher,0.048626297547459466,0.9513737024525405,2.973339843750012,True,True,False,False,True,False,0.0,1.0,1774282500,0.988,35.0,0.99,0.0,0.99,-0.0386262975474595,True,0.010101010101010166
Dallas,KDAL,2026-03-24,highest-temperature-in-dallas-on-march-24-2026,highest-temperature-in-dallas-on-march-24-2026-77forbelow,77°F or below,0.001916134251527279,0.9980838657484727,7.349139404296864,False,True,False,False,True,False,0.0,1.0,1774368900,0.9995,38.0,0.99,0.0,0.99,0.008083865748472752,True,0.010101010101010166
Dallas,KDAL,2026-03-24,highest-temperature-in-dallas-on-march-24-2026,highest-temperature-in-dallas-on-march-24-2026-78-79f,78-79°F,0.015329074012218233,0.9846709259877817,7.349139404296864,False,False,False,False,True,False,0.0,1.0,1774368900,0.996,33.0,0.99,0.0,0.99,-0.005329074012218271,True,0.010101010101010166
Dallas,KDAL,2026-03-24,highest-temperature-in-dallas-on-march-24-2026,highest-temperature-in-dallas-on-march-24-2026-80-81f,80-81°F,0.0550839865090587,0.9449160134909413,7.349139404296864,False,False,False,False,True,False,0.0,1.0,1774368900,0.994,37.0,0.99,0.0,0.99,-0.04508398650905865,True,0.010101010101010166
Dallas,KDAL,2026-03-24,highest-temperature-in-dallas-on-march-24-2026,highest-temperature-in-dallas-on-march-24-2026-82-83f,82-83°F,0.3344585664042321,0.6655414335957679,7.349139404296864,False,False,False,False,False,False,0.0,1.0,1774368900,0.88,33.0,0.89,0.0,0.89,-0.22445856640423212,True,-1.0
Dallas,KDAL,2026-03-24,highest-temperature-in-dallas-on-march-24-2026,highest-temperature-in-dallas-on-march-24-2026-86-87f,86-87°F,0.06663607890192175,0.9333639210980782,7.349139404296864,False,False,False,False,True,False,0.0,1.0,1774368900,0.685,37.0,0.6950000000000001,0.0,0.6950000000000001,0.23836392109807814,True,0.4388489208633093
Dallas,KDAL,2026-03-24,highest-temperature-in-dallas-on-march-24-2026,highest-temperature-in-dallas-on-march-24-2026-88-89f,88-89°F,0.019100835978111554,0.9808991640218885,7.349139404296864,False,False,False,False,True,False,0.0,1.0,1774368900,0.9525,34.0,0.9625,0.0,0.9625,0.01839916402188846,True,0.03896103896103886
Dallas,KDAL,2026-03-24,highest-temperature-in-dallas-on-march-24-2026,highest-temperature-in-dallas-on-march-24-2026-90-91f,90-91°F,0.002728690854015936,0.997271309145984,7.349139404296864,False,False,False,False,True,False,0.0,1.0,1774368900,0.992,38.0,0.99,0.0,0.99,0.007271309145984062,True,0.010101010101010166
Dallas,KDAL,2026-03-24,highest-temperature-in-dallas-on-march-24-2026,highest-temperature-in-dallas-on-march-24-2026-92-93f,92-93°F,0.0013643454270079681,0.9986356545729921,7.349139404296864,False,False,False,False,True,False,0.0,1.0,1774368900,0.9975,34.0,0.99,0.0,0.99,0.00863565457299209,True,0.010101010101010166
Dallas,KDAL,2026-03-24,highest-temperature-in-dallas-on-march-24-2026,highest-temperature-in-dallas-on-march-24-2026-94-95f,94-95°F,0.0,1.0,7.349139404296864,False,False,False,False,True,False,0.0,1.0,1774368900,0.997,36.0,0.99,0.0,0.99,0.010000000000000009,True,0.010101010101010166
Dallas,KDAL,2026-03-24,highest-temperature-in-dallas-on-march-24-2026,highest-temperature-in-dallas-on-march-24-2026-96forhigher,96°F or higher,0.0,1.0,7.349139404296864,False,True,False,False,True,False,0.0,1.0,1774368900,0.9975,40.0,0.99,0.0,0.99,0.010000000000000009,True,0.010101010101010166
Dallas,KDAL,2026-03-25,highest-temperature-in-dallas-on-march-25-2026,highest-temperature-in-dallas-on-march-25-2026-79forbelow,79°F or below,0.035526458368136185,0.9644735416318638,7.102551269531247,False,True,False,False,True,False,0.0,1.0,1774455300,0.9995,30.0,0.99,0.0,0.99,-0.025526458368136162,True,0.010101010101010166
Dallas,KDAL,2026-03-25,highest-temperature-in-dallas-on-march-25-2026,highest-temperature-in-dallas-on-march-25-2026-80-81f,80-81°F,0.10611120504079004,0.8938887949592099,7.102551269531247,False,False,False,False,True,False,0.0,1.0,1774455300,0.997,36.0,0.99,0.0,0.99,-0.09611120504079007,True,0.010101010101010166
Dallas,KDAL,2026-03-25,highest-temperature-in-dallas-on-march-25-2026,highest-temperature-in-dallas-on-march-25-2026-84-85f,84-85°F,0.3254368927063491,0.6745631072936509,7.102551269531247,False,False,False,False,False,False,0.0,1.0,1774455300,0.625,36.0,0.635,0.0,0.635,0.03956310729365087,True,-1.0
Dallas,KDAL,2026-03-25,highest-temperature-in-dallas-on-march-25-2026,highest-temperature-in-dallas-on-march-25-2026-86-87f,86-87°F,0.04932730591904072,0.9506726940809593,7.102551269531247,False,False,False,False,True,False,0.0,1.0,1774455300,0.44,37.0,0.45,0.0,0.45,0.5006726940809594,True,1.2222222222222223
Dallas,KDAL,2026-03-25,highest-temperature-in-dallas-on-march-25-2026,highest-temperature-in-dallas-on-march-25-2026-88-89f,88-89°F,0.018709456598494385,0.9812905434015056,7.102551269531247,False,False,False,False,True,False,0.0,1.0,1774455300,0.94,33.0,0.95,0.0,0.95,0.03129054340150561,True,0.05263157894736836
Dallas,KDAL,2026-03-25,highest-temperature-in-dallas-on-march-25-2026,highest-temperature-in-dallas-on-march-25-2026-90-91f,90-91°F,0.005345559028141253,0.9946544409718587,7.102551269531247,False,False,False,False,True,False,0.0,1.0,1774455300,0.9865,35.0,0.99,0.0,0.99,0.004654440971858742,True,0.010101010101010166
Dallas,KDAL,2026-03-25,highest-temperature-in-dallas-on-march-25-2026,highest-temperature-in-dallas-on-march-25-2026-92-93f,92-93°F,0.0006681948785176565,0.9993318051214823,7.102551269531247,False,False,False,False,True,False,0.0,1.0,1774455300,0.993,36.0,0.99,0.0,0.99,0.00933180512148235,True,0.010101010101010166
Dallas,KDAL,2026-03-25,highest-temperature-in-dallas-on-march-25-2026,highest-temperature-in-dallas-on-march-25-2026-94-95f,94-95°F,0.0,1.0,7.102551269531247,False,False,False,False,True,False,0.0,1.0,1774455300,0.9965,38.0,0.99,0.0,0.99,0.010000000000000009,True,0.010101010101010166
Dallas,KDAL,2026-03-25,highest-temperature-in-dallas-on-march-25-2026,highest-temperature-in-dallas-on-march-25-2026-96-97f,96-97°F,0.0,1.0,7.102551269531247,False,False,False,False,True,False,0.0,1.0,1774455300,0.9985,32.0,0.99,0.0,0.99,0.010000000000000009,True,0.010101010101010166
Dallas,KDAL,2026-03-25,highest-temperature-in-dallas-on-march-25-2026,highest-temperature-in-dallas-on-march-25-2026-98forhigher,98°F or higher,0.0,1.0,7.102551269531247,False,True,False,False,True,False,0.0,1.0,1774455300,0.998,30.0,0.99,0.0,0.99,0.010000000000000009,True,0.010101010101010166
Dallas,KDAL,2026-03-26,highest-temperature-in-dallas-on-march-26-2026,highest-temperature-in-dallas-on-march-26-2026-79forbelow,79°F or below,0.0059395314746148245,0.9940604685253852,6.770214843750011,False,True,False,False,True,False,0.0,1.0,1774541700,0.998,30.0,0.99,0.0,0.99,0.004060468525385219,True,0.010101010101010166
Dallas,KDAL,2026-03-26,highest-temperature-in-dallas-on-march-26-2026,highest-temperature-in-dallas-on-march-26-2026-80-81f,80-81°F,0.017224641276382992,0.982775358723617,6.770214843750011,False,False,False,False,True,False,0.0,1.0,1774541700,0.9955,29.0,0.99,0.0,0.99,-0.007224641276383004,True,0.010101010101010166
Dallas,KDAL,2026-03-26,highest-temperature-in-dallas-on-march-26-2026,highest-temperature-in-dallas-on-march-26-2026-82-83f,82-83°F,0.09409740990721499,0.9059025900927851,6.770214843750011,False,False,False,False,True,False,0.0,1.0,1774541700,0.985,33.0,0.99,0.0,0.99,-0.08409740990721493,True,0.010101010101010166
Dallas,KDAL,2026-03-26,highest-temperature-in-dallas-on-march-26-2026,highest-temperature-in-dallas-on-march-26-2026-86-87f,86-87°F,0.36329480538965353,0.6367051946103465,6.770214843750011,False,False,False,False,True,False,0.0,1.0,1774541700,0.585,29.0,0.595,0.0,0.595,0.0417051946103465,True,0.680672268907563
Dallas,KDAL,2026-03-26,highest-temperature-in-dallas-on-march-26-2026,highest-temperature-in-dallas-on-march-26-2026-88-89f,88-89°F,0.04462156395562874,0.9553784360443712,6.770214843750011,False,False,False,False,True,False,0.0,1.0,1774541700,0.745,35.0,0.755,0.0,0.755,0.20037843604437122,True,0.32450331125827825
Dallas,KDAL,2026-03-26,highest-temperature-in-dallas-on-march-26-2026,highest-temperature-in-dallas-on-march-26-2026-90-91f,90-91°F,0.013732287361644906,0.9862677126383551,6.770214843750011,False,False,False,False,True,False,0.0,1.0,1774541700,0.934,35.0,0.9440000000000001,0.0,0.9440000000000001,0.04226771263835505,True,0.05932203389830493
Dallas,KDAL,2026-03-26,highest-temperature-in-dallas-on-march-26-2026,highest-temperature-in-dallas-on-march-26-2026-92-93f,92-93°F,0.003923510674755687,0.9960764893252443,6.770214843750011,False,False,False,False,True,False,0.0,1.0,1774541700,0.9845,36.0,0.99,0.0,0.99,0.006076489325244294,True,0.010101010101010166
Dallas,KDAL,2026-03-26,highest-temperature-in-dallas-on-march-26-2026,highest-temperature-in-dallas-on-march-26-2026-94-95f,94-95°F,0.0004904388343444609,0.9995095611656556,6.770214843750011,False,False,False,False,True,False,0.0,1.0,1774541700,0.995,35.0,0.99,0.0,0.99,0.0095095611656556,True,0.010101010101010166
Dallas,KDAL,2026-03-26,highest-temperature-in-dallas-on-march-26-2026,highest-temperature-in-dallas-on-march-26-2026-96-97f,96-97°F,0.0,1.0,6.770214843750011,False,False,False,False,True,False,0.0,1.0,1774541700,0.997,32.0,0.99,0.0,0.99,0.010000000000000009,True,0.010101010101010166
Dallas,KDAL,2026-03-26,highest-temperature-in-dallas-on-march-26-2026,highest-temperature-in-dallas-on-march-26-2026-98forhigher,98°F or higher,0.0,1.0,6.770214843750011,False,True,False,False,True,False,0.0,1.0,1774541700,0.9975,34.0,0.99,0.0,0.99,0.010000000000000009,True,0.010101010101010166
Dallas,KDAL,2026-03-27,highest-temperature-in-dallas-on-march-27-2026,highest-temperature-in-dallas-on-march-27-2026-67forbelow,67°F or below,0.0,1.0,1.9991271972656364,True,True,False,False,True,False,0.0,1.0,1774628100,,,,0.0,,,False,
Dallas,KDAL,2026-03-27,highest-temperature-in-dallas-on-march-27-2026,highest-temperature-in-dallas-on-march-27-2026-68-69f,68-69°F,0.0,1.0,1.9991271972656364,True,False,False,False,True,False,0.0,1.0,1774628100,,,,0.0,,,False,
Dallas,KDAL,2026-03-27,highest-temperature-in-dallas-on-march-27-2026,highest-temperature-in-dallas-on-march-27-2026-70-71f,70-71°F,0.0,1.0,1.9991271972656364,True,False,False,False,True,False,0.0,1.0,1774628100,,,,0.0,,,False,
Dallas,KDAL,2026-03-27,highest-temperature-in-dallas-on-march-27-2026,highest-temperature-in-dallas-on-march-27-2026-72-73f,72-73°F,0.0,1.0,1.9991271972656364,True,False,False,False,True,False,0.0,1.0,1774628100,,,,0.0,,,False,
Dallas,KDAL,2026-03-27,highest-temperature-in-dallas-on-march-27-2026,highest-temperature-in-dallas-on-march-27-2026-76-77f,76-77°F,0.1987088169074262,0.8012911830925737,1.9991271972656364,True,False,False,False,True,False,0.0,1.0,1774628100,0.985,28.0,0.99,0.0,0.99,-0.18870881690742625,True,0.010101010101010166
Dallas,KDAL,2026-03-27,highest-temperature-in-dallas-on-march-27-2026,highest-temperature-in-dallas-on-march-27-2026-78-79f,78-79°F,0.0300574867091195,0.9699425132908805,1.9991271972656364,True,False,False,False,True,False,0.0,1.0,1774628100,0.9805,31.0,0.99,0.0,0.99,-0.020057486709119443,True,0.010101010101010166
Dallas,KDAL,2026-03-27,highest-temperature-in-dallas-on-march-27-2026,highest-temperature-in-dallas-on-march-27-2026-80-81f,80-81°F,0.004293926672731358,0.9957060733272687,1.9991271972656364,True,False,False,False,True,False,0.0,1.0,1774628100,0.9955,27.0,0.99,0.0,0.99,0.00570607332726869,True,0.010101010101010166
Dallas,KDAL,2026-03-27,highest-temperature-in-dallas-on-march-27-2026,highest-temperature-in-dallas-on-march-27-2026-82-83f,82-83°F,0.002146963336365679,0.9978530366636343,1.9991271972656364,True,False,False,False,True,False,0.0,1.0,1774628100,0.998,34.0,0.99,0.0,0.99,0.00785303666363435,True,0.010101010101010166
Dallas,KDAL,2026-03-27,highest-temperature-in-dallas-on-march-27-2026,highest-temperature-in-dallas-on-march-27-2026-84-85f,84-85°F,0.0,1.0,1.9991271972656364,True,False,False,False,True,False,0.0,1.0,1774628100,0.999,26.0,0.99,0.0,0.99,0.010000000000000009,True,0.010101010101010166
Dallas,KDAL,2026-03-27,highest-temperature-in-dallas-on-march-27-2026,highest-temperature-in-dallas-on-march-27-2026-86forhigher,86°F or higher,0.0,1.0,1.9991271972656364,True,True,False,False,True,False,0.0,1.0,1774628100,0.9985,30.0,0.99,0.0,0.99,0.010000000000000009,True,0.010101010101010166
Dallas,KDAL,2026-03-28,highest-temperature-in-dallas-on-march-28-2026,highest-temperature-in-dallas-on-march-28-2026-49forbelow,49°F or below,0.0,1.0,6.567407226562601,True,True,False,False,True,False,0.0,1.0,1774714500,,,,0.0,,,False,
Dallas,KDAL,2026-03-28,highest-temperature-in-dallas-on-march-28-2026,highest-temperature-in-dallas-on-march-28-2026-50-51f,50-51°F,0.0,1.0,6.567407226562601,True,False,False,False,True,False,0.0,1.0,1774714500,,,,0.0,,,False,
Dallas,KDAL,2026-03-28,highest-temperature-in-dallas-on-march-28-2026,highest-temperature-in-dallas-on-march-28-2026-52-53f,52-53°F,0.0,1.0,6.567407226562601,True,False,False,False,True,False,0.0,1.0,1774714500,,,,0.0,,,False,
Dallas,KDAL,2026-03-28,highest-temperature-in-dallas-on-march-28-2026,highest-temperature-in-dallas-on-march-28-2026-54-55f,54-55°F,0.0,1.0,6.567407226562601,True,False,False,False,True,False,0.0,1.0,1774714500,,,,0.0,,,False,
Dallas,KDAL,2026-03-28,highest-temperature-in-dallas-on-march-28-2026,highest-temperature-in-dallas-on-march-28-2026-56-57f,56-57°F,0.04875425736044407,0.951245742639556,6.567407226562601,True,False,False,False,False,False,0.0,1.0,1774714500,0.976,32.0,0.986,0.0,0.986,-0.03475425736044402,True,-1.0
Dallas,KDAL,2026-03-28,highest-temperature-in-dallas-on-march-28-2026,highest-temperature-in-dallas-on-march-28-2026-58-59f,58-59°F,0.09803949168728363,0.9019605083127163,6.567407226562601,True,False,False,False,True,False,0.0,1.0,1774714500,0.8445,24.0,0.8545,0.0,0.8545,0.04746050831271631,True,0.17027501462843753
Dallas,KDAL,2026-03-28,highest-temperature-in-dallas-on-march-28-2026,highest-temperature-in-dallas-on-march-28-2026-62-63f,62-63°F,0.22048497315690313,0.7795150268430968,6.567407226562601,True,False,False,False,True,False,0.0,1.0,1774714500,0.76,24.0,0.77,0.0,0.77,0.009515026843096797,True,0.2987012987012987
Dallas,KDAL,2026-03-28,highest-temperature-in-dallas-on-march-28-2026,highest-temperature-in-dallas-on-march-28-2026-64-65f,64-65°F,0.03294686142960623,0.9670531385703938,6.567407226562601,True,False,False,False,True,False,0.0,1.0,1774714500,0.8,28.0,0.81,0.0,0.81,0.1570531385703937,True,0.23456790123456783
Dallas,KDAL,2026-03-28,highest-temperature-in-dallas-on-march-28-2026,highest-temperature-in-dallas-on-march-28-2026-66-67f,66-67°F,0.012488542877130243,0.9875114571228698,6.567407226562601,True,False,False,False,True,False,0.0,1.0,1774714500,0.937,31.0,0.9470000000000001,0.0,0.9470000000000001,0.04051145712286974,True,0.05596620908130934
Dallas,KDAL,2026-03-28,highest-temperature-in-dallas-on-march-28-2026,highest-temperature-in-dallas-on-march-28-2026-68forhigher,68°F or higher,0.004014174496220435,0.9959858255037796,6.567407226562601,True,True,False,False,True,False,0.0,1.0,1774714500,0.9455,24.0,0.9555,0.0,0.9555,0.04048582550377955,True,0.04657247514390361
Dallas,KDAL,2026-03-29,highest-temperature-in-dallas-on-march-29-2026,highest-temperature-in-dallas-on-march-29-2026-73forbelow,73°F or below,0.00016621762993197258,0.999833782370068,7.2987121582031165,False,True,False,False,True,False,0.0,1.0,1774800900,0.996,21.0,0.99,0.0,0.99,0.009833782370068045,True,0.010101010101010166
Dallas,KDAL,2026-03-29,highest-temperature-in-dallas-on-march-29-2026,highest-temperature-in-dallas-on-march-29-2026-74-75f,74-75°F,0.0006648705197278903,0.9993351294802721,7.2987121582031165,False,False,False,False,True,False,0.0,1.0,1774800900,0.994,17.0,0.99,0.0,0.99,0.009335129480272153,True,0.010101010101010166
Dallas,KDAL,2026-03-29,highest-temperature-in-dallas-on-march-29-2026,highest-temperature-in-dallas-on-march-29-2026-76-77f,76-77°F,0.006648705197278903,0.9933512948027211,7.2987121582031165,False,False,False,False,True,False,0.0,1.0,1774800900,0.974,23.0,0.984,0.0,0.984,0.009351294802721122,True,0.016260162601626105
Dallas,KDAL,2026-03-29,highest-temperature-in-dallas-on-march-29-2026,highest-temperature-in-dallas-on-march-29-2026-78-79f,78-79°F,0.02839863202685839,0.9716013679731416,7.2987121582031165,False,False,False,False,True,False,0.0,1.0,1774800900,0.84,17.0,0.85,0.0,0.85,0.12160136797314158,True,0.17647058823529416
Dallas,KDAL,2026-03-29,highest-temperature-in-dallas-on-march-29-2026,highest-temperature-in-dallas-on-march-29-2026-80-81f,80-81°F,0.3540603938950784,0.6459396061049216,7.2987121582031165,False,False,False,False,True,False,0.0,1.0,1774800900,0.795,20.0,0.805,0.0,0.805,-0.15906039389507842,True,0.2422360248447204
Dallas,KDAL,2026-03-29,highest-temperature-in-dallas-on-march-29-2026,highest-temperature-in-dallas-on-march-29-2026-84-85f,84-85°F,0.08343166994373297,0.916568330056267,7.2987121582031165,False,False,False,False,True,False,0.0,1.0,1774800900,0.885,23.0,0.895,0.0,0.895,0.021568330056267015,True,0.11731843575418988
Dallas,KDAL,2026-03-29,highest-temperature-in-dallas-on-march-29-2026,highest-temperature-in-dallas-on-march-29-2026-86-87f,86-87°F,0.01801367848409373,0.9819863215159063,7.2987121582031165,False,False,False,False,True,False,0.0,1.0,1774800900,0.974,24.0,0.984,0.0,0.984,-0.0020136784840937283,True,0.016260162601626105
Dallas,KDAL,2026-03-29,highest-temperature-in-dallas-on-march-29-2026,highest-temperature-in-dallas-on-march-29-2026-88-89f,88-89°F,0.0025733826405848186,0.9974266173594152,7.2987121582031165,False,False,False,False,True,False,0.0,1.0,1774800900,0.9925,17.0,0.99,0.0,0.99,0.0074266173594151885,True,0.010101010101010166
Dallas,KDAL,2026-03-29,highest-temperature-in-dallas-on-march-29-2026,highest-temperature-in-dallas-on-march-29-2026-90-91f,90-91°F,0.0012866913202924093,0.9987133086797076,7.2987121582031165,False,False,False,False,True,False,0.0,1.0,1774800900,0.998,18.0,0.99,0.0,0.99,0.008713308679707654,True,0.010101010101010166
Dallas,KDAL,2026-03-29,highest-temperature-in-dallas-on-march-29-2026,highest-temperature-in-dallas-on-march-29-2026-92forhigher,92°F or higher,0.0,1.0,7.2987121582031165,False,True,False,False,True,False,0.0,1.0,1774800900,0.9975,19.0,0.99,0.0,0.99,0.010000000000000009,True,0.010101010101010166
Dallas,KDAL,2026-03-30,highest-temperature-in-dallas-on-march-30-2026,highest-temperature-in-dallas-on-march-30-2026-79forbelow,79°F or below,0.04718296951014599,0.952817030489854,7.474987792968747,True,True,False,False,True,True,0.05,1.0,1774887300,0.993,16.0,0.99,0.0004950000000000005,0.990495,-0.037677969510146014,True,0.009596211995012593
Dallas,KDAL,2026-03-30,highest-temperature-in-dallas-on-march-30-2026,highest-temperature-in-dallas-on-march-30-2026-80-81f,80-81°F,0.15883825890204617,0.8411617410979538,7.474987792968747,True,False,False,False,True,True,0.05,1.0,1774887300,0.969,7.0,0.979,0.001027950000000001,0.98002795,-0.13886620890204615,True,0.020379061637987084
Dallas,KDAL,2026-03-30,highest-temperature-in-dallas-on-march-30-2026,highest-temperature-in-dallas-on-march-30-2026-84-85f,84-85°F,0.21814151110533048,0.7818584888946696,7.474987792968747,True,False,False,False,True,True,0.05,1.0,1774887300,0.46,10.0,0.47000000000000003,0.012455,0.482455,0.29940348889466956,True,1.0727321719124063
Dallas,KDAL,2026-03-30,highest-temperature-in-dallas-on-march-30-2026,highest-temperature-in-dallas-on-march-30-2026-86-87f,86-87°F,0.02373568225574135,0.9762643177442587,7.474987792968747,True,False,False,False,True,True,0.05,1.0,1774887300,0.81,11.0,0.8200000000000001,0.007379999999999998,0.82738,0.1488843177442587,True,0.20863448475911905
Dallas,KDAL,2026-03-30,highest-temperature-in-dallas-on-march-30-2026,highest-temperature-in-dallas-on-march-30-2026-88-89f,88-89°F,0.008587389859454637,0.9914126101405454,7.474987792968747,True,False,False,False,True,True,0.05,1.0,1774887300,0.952,12.0,0.962,0.0018278000000000018,0.9638278,0.02758481014054537,True,0.03752973300832374
Dallas,KDAL,2026-03-30,highest-temperature-in-dallas-on-march-30-2026,highest-temperature-in-dallas-on-march-30-2026-90-91f,90-91°F,0.002453539959844182,0.9975464600401558,7.474987792968747,True,False,False,False,True,True,0.05,1.0,1774887300,0.9825,15.0,0.99,0.0004950000000000005,0.990495,0.007051460040155777,True,0.009596211995012593
Dallas,KDAL,2026-03-30,highest-temperature-in-dallas-on-march-30-2026,highest-temperature-in-dallas-on-march-30-2026-92-93f,92-93°F,0.0003066924949805227,0.9996933075050195,7.474987792968747,True,False,False,False,True,True,0.05,1.0,1774887300,0.9945,7.0,0.99,0.0004950000000000005,0.990495,0.009198307505019487,True,0.009596211995012593
Dallas,KDAL,2026-03-30,highest-temperature-in-dallas-on-march-30-2026,highest-temperature-in-dallas-on-march-30-2026-94-95f,94-95°F,0.0,1.0,7.474987792968747,True,False,False,False,True,True,0.05,1.0,1774887300,0.9955,15.0,0.99,0.0004950000000000005,0.990495,0.009504999999999986,True,0.009596211995012593
Dallas,KDAL,2026-03-30,highest-temperature-in-dallas-on-march-30-2026,highest-temperature-in-dallas-on-march-30-2026-96-97f,96-97°F,0.0,1.0,7.474987792968747,True,False,False,False,True,True,0.05,1.0,1774887300,0.997,12.0,0.99,0.0004950000000000005,0.990495,0.009504999999999986,True,0.009596211995012593
Dallas,KDAL,2026-03-30,highest-temperature-in-dallas-on-march-30-2026,highest-temperature-in-dallas-on-march-30-2026-98forhigher,98°F or higher,0.0,1.0,7.474987792968747,True,True,False,False,True,True,0.05,1.0,1774887300,0.998,8.0,0.99,0.0004950000000000005,0.990495,0.009504999999999986,True,0.009596211995012593
Dallas,KDAL,2026-04-01,highest-temperature-in-dallas-on-april-1-2026,highest-temperature-in-dallas-on-april-1-2026-65forbelow,65°F or below,0.0,1.0,6.826904296875,True,True,False,False,True,True,0.05,1.0,1775060100,,,,,,,False,
Dallas,KDAL,2026-04-01,highest-temperature-in-dallas-on-april-1-2026,highest-temperature-in-dallas-on-april-1-2026-66-67f,66-67°F,0.0,1.0,6.826904296875,True,False,False,False,True,True,0.05,1.0,1775060100,,,,,,,False,
Dallas,KDAL,2026-04-01,highest-temperature-in-dallas-on-april-1-2026,highest-temperature-in-dallas-on-april-1-2026-68-69f,68-69°F,0.0,1.0,6.826904296875,True,False,False,False,True,True,0.05,1.0,1775060100,,,,,,,False,
Dallas,KDAL,2026-04-01,highest-temperature-in-dallas-on-april-1-2026,highest-temperature-in-dallas-on-april-1-2026-70-71f,70-71°F,0.0,1.0,6.826904296875,True,False,False,False,True,True,0.05,1.0,1775060100,,,,,,,False,
Dallas,KDAL,2026-04-01,highest-temperature-in-dallas-on-april-1-2026,highest-temperature-in-dallas-on-april-1-2026-72-73f,72-73°F,0.0,1.0,6.826904296875,True,False,False,False,True,True,0.05,1.0,1775060100,,,,,,,False,
Dallas,KDAL,2026-04-01,highest-temperature-in-dallas-on-april-1-2026,highest-temperature-in-dallas-on-april-1-2026-74-75f,74-75°F,0.0004287282118188513,0.9995712717881812,6.826904296875,True,False,False,False,True,True,0.05,1.0,1775060100,0.9995,24.0,0.99,0.0004950000000000005,0.990495,0.009076271788181156,True,0.009596211995012593
Dallas,KDAL,2026-04-01,highest-temperature-in-dallas-on-april-1-2026,highest-temperature-in-dallas-on-april-1-2026-76-77f,76-77°F,0.0017149128472754055,0.9982850871527246,6.826904296875,True,False,False,False,True,True,0.05,1.0,1775060100,0.9995,26.0,0.99,0.0004950000000000005,0.990495,0.007790087152724556,True,0.009596211995012593
Dallas,KDAL,2026-04-01,highest-temperature-in-dallas-on-april-1-2026,highest-temperature-in-dallas-on-april-1-2026-78-79f,78-79°F,0.017149128472754058,0.9828508715272459,6.826904296875,True,False,False,False,True,True,0.05,1.0,1775060100,0.9995,23.0,0.99,0.0004950000000000005,0.990495,-0.007644128472754086,True,0.009596211995012593
Dallas,KDAL,2026-04-01,highest-temperature-in-dallas-on-april-1-2026,highest-temperature-in-dallas-on-april-1-2026-80-81f,80-81°F,0.04772449923827857,0.9522755007617214,6.826904296875,True,False,False,False,True,True,0.05,1.0,1775060100,0.9995,22.0,0.99,0.0004950000000000005,0.990495,-0.03821949923827861,True,0.009596211995012593
Dallas,KDAL,2026-04-01,highest-temperature-in-dallas-on-april-1-2026,highest-temperature-in-dallas-on-april-1-2026-82-83f,82-83°F,0.24263458523675852,0.7573654147632415,6.826904296875,True,False,False,False,True,True,0.05,1.0,1775060100,0.977,21.0,0.987,0.0006415500000000006,0.98764155,-0.2302761352367585,True,0.012513092427105743
Dallas,KDAL,2026-04-02,highest-temperature-in-dallas-on-april-2-2026,highest-temperature-in-dallas-on-april-2-2026-65forbelow,65°F or below,0.0,1.0,4.843927001953219,True,True,False,False,True,True,0.05,1.0,1775146500,,,,,,,False,
Dallas,KDAL,2026-04-02,highest-temperature-in-dallas-on-april-2-2026,highest-temperature-in-dallas-on-april-2-2026-66-67f,66-67°F,0.0,1.0,4.843927001953219,True,False,False,False,True,True,0.05,1.0,1775146500,,,,,,,False,
Dallas,KDAL,2026-04-02,highest-temperature-in-dallas-on-april-2-2026,highest-temperature-in-dallas-on-april-2-2026-68-69f,68-69°F,0.0,1.0,4.843927001953219,True,False,False,False,True,True,0.05,1.0,1775146500,,,,,,,False,
Dallas,KDAL,2026-04-02,highest-temperature-in-dallas-on-april-2-2026,highest-temperature-in-dallas-on-april-2-2026-70-71f,70-71°F,0.0,1.0,4.843927001953219,True,False,False,False,True,True,0.05,1.0,1775146500,,,,,,,False,
Dallas,KDAL,2026-04-02,highest-temperature-in-dallas-on-april-2-2026,highest-temperature-in-dallas-on-april-2-2026-72-73f,72-73°F,0.0,1.0,4.843927001953219,True,False,False,False,True,True,0.05,1.0,1775146500,,,,,,,False,
Dallas,KDAL,2026-04-02,highest-temperature-in-dallas-on-april-2-2026,highest-temperature-in-dallas-on-april-2-2026-74-75f,74-75°F,0.0017633212469851675,0.9982366787530148,4.843927001953219,True,False,False,False,True,True,0.05,1.0,1775146500,0.9985,6.0,0.99,0.0004950000000000005,0.990495,0.007741678753014791,True,0.009596211995012593
Dallas,KDAL,2026-04-02,highest-temperature-in-dallas-on-april-2-2026,highest-temperature-in-dallas-on-april-2-2026-76-77f,76-77°F,0.017633212469851677,0.9823667875301483,4.843927001953219,True,False,False,False,True,True,0.05,1.0,1775146500,0.998,14.0,0.99,0.0004950000000000005,0.990495,-0.008128212469851737,True,0.009596211995012593
Dallas,KDAL,2026-04-02,highest-temperature-in-dallas-on-april-2-2026,highest-temperature-in-dallas-on-april-2-2026-78-79f,78-79°F,0.04710382242708808,0.9528961775729119,4.843927001953219,True,False,False,False,True,True,0.05,1.0,1775146500,0.9805,9.0,0.99,0.0004950000000000005,0.990495,-0.03759882242708812,True,0.009596211995012593
Dallas,KDAL,2026-04-02,highest-temperature-in-dallas-on-april-2-2026,highest-temperature-in-dallas-on-april-2-2026-80-81f,80-81°F,0.23863332567307888,0.7613666743269212,4.843927001953219,True,False,False,False,True,True,0.05,1.0,1775146500,0.81,5.0,0.8200000000000001,0.007379999999999998,0.82738,-0.06601332567307883,True,0.20863448475911905
Dallas,KDAL,2026-04-02,highest-temperature-in-dallas-on-april-2-2026,highest-temperature-in-dallas-on-april-2-2026-84forhigher,84°F or higher,0.1799692605521889,0.8200307394478111,4.843927001953219,True,True,False,False,True,True,0.05,1.0,1775146500,0.65,8.0,0.66,0.01122,0.67122,0.1488107394478111,True,0.4898244986740561
Dallas,KDAL,2026-04-03,highest-temperature-in-dallas-on-april-3-2026,highest-temperature-in-dallas-on-april-3-2026-75forbelow,75°F or below,0.0005310315798343708,0.9994689684201656,2.250054931640633,False,True,False,False,True,True,0.05,1.0,1775232900,0.9985,15.0,0.99,0.0004950000000000005,0.990495,0.008973968420165623,True,0.009596211995012593
Dallas,KDAL,2026-04-03,highest-temperature-in-dallas-on-april-3-2026,highest-temperature-in-dallas-on-april-3-2026-76-77f,76-77°F,0.021241263193374833,0.9787587368066252,2.250054931640633,False,False,False,False,True,True,0.05,1.0,1775232900,0.9915,16.0,0.99,0.0004950000000000005,0.990495,-0.01173626319337484,True,0.009596211995012593
Dallas,KDAL,2026-04-03,highest-temperature-in-dallas-on-april-3-2026,highest-temperature-in-dallas-on-april-3-2026-78-79f,78-79°F,0.053217879954833236,0.9467821200451667,2.250054931640633,False,False,False,False,True,True,0.05,1.0,1775232900,0.986,13.0,0.99,0.0004950000000000005,0.990495,-0.043712879954833306,True,0.009596211995012593
Dallas,KDAL,2026-04-03,highest-temperature-in-dallas-on-april-3-2026,highest-temperature-in-dallas-on-april-3-2026-80-81f,80-81°F,0.38902023373195643,0.6109797662680436,2.250054931640633,False,False,False,False,True,True,0.05,1.0,1775232900,0.685,12.0,0.6950000000000001,0.010598749999999999,0.70559875,-0.09461898373195643,True,0.4172360707838554
Dallas,KDAL,2026-04-03,highest-temperature-in-dallas-on-april-3-2026,highest-temperature-in-dallas-on-april-3-2026-84-85f,84-85°F,0.08414682024417708,0.9158531797558229,2.250054931640633,False,False,False,False,True,True,0.05,1.0,1775232900,0.83,17.0,0.84,0.006720000000000001,0.8467199999999999,0.069133179755823,True,0.18102796674225252
Dallas,KDAL,2026-04-03,highest-temperature-in-dallas-on-april-3-2026,highest-temperature-in-dallas-on-april-3-2026-86-87f,86-87°F,0.01983943734867897,0.980160562651321,2.250054931640633,False,False,False,False,True,True,0.05,1.0,1775232900,0.9365,18.0,0.9465,0.0025318874999999998,0.9490318875,0.031128675151321006,True,0.053705374046243426
Dallas,KDAL,2026-04-03,highest-temperature-in-dallas-on-april-3-2026,highest-temperature-in-dallas-on-april-3-2026-88-89f,88-89°F,0.002834205335525567,0.9971657946644744,2.250054931640633,False,False,False,False,True,True,0.05,1.0,1775232900,0.9865,10.0,0.99,0.0004950000000000005,0.990495,0.0066707946644744,True,0.009596211995012593
Dallas,KDAL,2026-04-03,highest-temperature-in-dallas-on-april-3-2026,highest-temperature-in-dallas-on-april-3-2026-90-91f,90-91°F,0.0014171026677627836,0.9985828973322373,2.250054931640633,False,False,False,False,True,True,0.05,1.0,1775232900,0.993,9.0,0.99,0.0004950000000000005,0.990495,0.008087897332237248,True,0.009596211995012593
Dallas,KDAL,2026-04-03,highest-temperature-in-dallas-on-april-3-2026,highest-temperature-in-dallas-on-april-3-2026-92-93f,92-93°F,0.0,1.0,2.250054931640633,False,False,False,False,True,True,0.05,1.0,1775232900,0.997,9.0,0.99,0.0004950000000000005,0.990495,0.009504999999999986,True,0.009596211995012593
Dallas,KDAL,2026-04-03,highest-temperature-in-dallas-on-april-3-2026,highest-temperature-in-dallas-on-april-3-2026-94forhigher,94°F or higher,0.0,1.0,2.250054931640633,False,True,False,False,True,True,0.05,1.0,1775232900,0.9975,15.0,0.99,0.0004950000000000005,0.990495,0.009504999999999986,True,0.009596211995012593
Dallas,KDAL,2026-04-04,highest-temperature-in-dallas-on-april-4-2026,highest-temperature-in-dallas-on-april-4-2026-67forbelow,67°F or below,0.0,1.0,3.1356079101562457,True,True,False,False,True,True,0.05,1.0,1775319300,,,,,,,False,
Dallas,KDAL,2026-04-04,highest-temperature-in-dallas-on-april-4-2026,highest-temperature-in-dallas-on-april-4-2026-68-69f,68-69°F,0.0,1.0,3.1356079101562457,True,False,False,False,True,True,0.05,1.0,1775319300,,,,,,,False,
Dallas,KDAL,2026-04-04,highest-temperature-in-dallas-on-april-4-2026,highest-temperature-in-dallas-on-april-4-2026-70-71f,70-71°F,0.0,1.0,3.1356079101562457,True,False,False,False,True,True,0.05,1.0,1775319300,,,,,,,False,
Dallas,KDAL,2026-04-04,highest-temperature-in-dallas-on-april-4-2026,highest-temperature-in-dallas-on-april-4-2026-72-73f,72-73°F,0.0,1.0,3.1356079101562457,True,False,False,False,True,True,0.05,1.0,1775319300,,,,,,,False,
Dallas,KDAL,2026-04-04,highest-temperature-in-dallas-on-april-4-2026,highest-temperature-in-dallas-on-april-4-2026-76-77f,76-77°F,0.11693599881244239,0.8830640011875576,3.1356079101562457,True,False,False,False,True,True,0.05,1.0,1775319300,0.9935,19.0,0.99,0.0004950000000000005,0.990495,-0.10743099881244245,True,0.009596211995012593
Dallas,KDAL,2026-04-04,highest-temperature-in-dallas-on-april-4-2026,highest-temperature-in-dallas-on-april-4-2026-78-79f,78-79°F,0.01936769570570008,0.9806323042942999,3.1356079101562457,True,False,False,False,True,True,0.05,1.0,1775319300,0.995,19.0,0.99,0.0004950000000000005,0.990495,-0.009862695705700086,True,0.009596211995012593
Dallas,KDAL,2026-04-04,highest-temperature-in-dallas-on-april-4-2026,highest-temperature-in-dallas-on-april-4-2026-80-81f,80-81°F,0.002766813672242869,0.9972331863277571,3.1356079101562457,True,False,False,False,True,True,0.05,1.0,1775319300,0.998,15.0,0.99,0.0004950000000000005,0.990495,0.006738186327757134,True,0.009596211995012593
Dallas,KDAL,2026-04-04,highest-temperature-in-dallas-on-april-4-2026,highest-temperature-in-dallas-on-april-4-2026-82-83f,82-83°F,0.0013834068361214345,0.9986165931638785,3.1356079101562457,True,False,False,False,True,True,0.05,1.0,1775319300,0.9985,15.0,0.99,0.0004950000000000005,0.990495,0.008121593163878504,True,0.009596211995012593
Dallas,KDAL,2026-04-04,highest-temperature-in-dallas-on-april-4-2026,highest-temperature-in-dallas-on-april-4-2026-84-85f,84-85°F,0.0,1.0,3.1356079101562457,True,False,False,False,True,True,0.05,1.0,1775319300,0.9995,19.0,0.99,0.0004950000000000005,0.990495,0.009504999999999986,True,0.009596211995012593
Dallas,KDAL,2026-04-04,highest-temperature-in-dallas-on-april-4-2026,highest-temperature-in-dallas-on-april-4-2026-86forhigher,86°F or higher,0.0,1.0,3.1356079101562457,True,True,False,False,True,True,0.05,1.0,1775319300,0.9975,12.0,0.99,0.0004950000000000005,0.990495,0.009504999999999986,True,0.009596211995012593
Dallas,KDAL,2026-04-05,highest-temperature-in-dallas-on-april-5-2026,highest-temperature-in-dallas-on-april-5-2026-55forbelow,55°F or below,0.0,1.0,3.8013244628906335,False,True,False,False,True,True,0.05,1.0,1775405700,,,,,,,False,
Dallas,KDAL,2026-04-05,highest-temperature-in-dallas-on-april-5-2026,highest-temperature-in-dallas-on-april-5-2026-56-57f,56-57°F,0.0,1.0,3.8013244628906335,False,False,False,False,True,True,0.05,1.0,1775405700,,,,,,,False,
Dallas,KDAL,2026-04-05,highest-temperature-in-dallas-on-april-5-2026,highest-temperature-in-dallas-on-april-5-2026-58-59f,58-59°F,0.0,1.0,3.8013244628906335,False,False,False,False,True,True,0.05,1.0,1775405700,0.9995,14.0,0.99,0.0004950000000000005,0.990495,0.009504999999999986,True,0.009596211995012593
Dallas,KDAL,2026-04-05,highest-temperature-in-dallas-on-april-5-2026,highest-temperature-in-dallas-on-april-5-2026-60-61f,60-61°F,0.0,1.0,3.8013244628906335,False,False,False,False,True,True,0.05,1.0,1775405700,0.9995,20.0,0.99,0.0004950000000000005,0.990495,0.009504999999999986,True,0.009596211995012593
Dallas,KDAL,2026-04-05,highest-temperature-in-dallas-on-april-5-2026,highest-temperature-in-dallas-on-april-5-2026-62-63f,62-63°F,0.0002663339839144591,0.9997336660160855,3.8013244628906335,False,False,False,False,True,True,0.05,1.0,1775405700,0.9995,15.0,0.99,0.0004950000000000005,0.990495,0.009238666016085473,True,0.009596211995012593
Dallas,KDAL,2026-04-05,highest-temperature-in-dallas-on-april-5-2026,highest-temperature-in-dallas-on-april-5-2026-64-65f,64-65°F,0.010653359356578363,0.9893466406434216,3.8013244628906335,False,False,False,False,True,True,0.05,1.0,1775405700,0.993,16.0,0.99,0.0004950000000000005,0.990495,-0.0011483593565784211,True,0.009596211995012593
Dallas,KDAL,2026-04-05,highest-temperature-in-dallas-on-april-5-2026,highest-temperature-in-dallas-on-april-5-2026-66-67f,66-67°F,0.032809052837483026,0.967190947162517,3.8013244628906335,False,False,False,False,True,True,0.05,1.0,1775405700,0.97,10.0,0.98,0.0009800000000000008,0.98098,-0.013789052837482996,True,0.01938877449081544
Dallas,KDAL,2026-04-05,highest-temperature-in-dallas-on-april-5-2026,highest-temperature-in-dallas-on-april-5-2026-72-73f,72-73°F,0.06618756786125832,0.9338124321387417,3.8013244628906335,False,False,False,False,True,True,0.05,1.0,1775405700,0.815,16.0,0.825,0.007218750000000002,0.83221875,0.10159368213874165,True,0.20160714956253978
Dallas,KDAL,2026-04-05,highest-temperature-in-dallas-on-april-5-2026,highest-temperature-in-dallas-on-april-5-2026-74forhigher,74°F or higher,0.01329699390338912,0.9867030060966109,3.8013244628906335,False,True,False,False,True,True,0.05,1.0,1775405700,0.9415,17.0,0.9515,0.0023073874999999995,0.9538073875,0.03289561859661083,True,0.0484297071980897
Dallas,KDAL,2026-04-06,highest-temperature-in-dallas-on-april-6-2026,highest-temperature-in-dallas-on-april-6-2026-63forbelow,63°F or below,0.0,1.0,4.978124999999992,True,True,False,False,True,True,0.05,1.0,1775492100,0.9995,7.0,0.99,0.0004950000000000005,0.990495,0.009504999999999986,True,0.009596211995012593
Dallas,KDAL,2026-04-06,highest-temperature-in-dallas-on-april-6-2026,highest-temperature-in-dallas-on-april-6-2026-64-65f,64-65°F,0.0010424693686606889,0.9989575306313393,4.978124999999992,True,False,False,False,True,True,0.05,1.0,1775492100,0.996,11.0,0.99,0.0004950000000000005,0.990495,0.008462530631339282,True,0.009596211995012593
Dallas,KDAL,2026-04-06,highest-temperature-in-dallas-on-april-6-2026,highest-temperature-in-dallas-on-april-6-2026-66-67f,66-67°F,0.01042469368660689,0.9895753063133931,4.978124999999992,True,False,False,False,True,True,0.05,1.0,1775492100,0.9975,19.0,0.99,0.0004950000000000005,0.990495,-0.0009196936866069372,True,0.009596211995012593
Dallas,KDAL,2026-04-06,highest-temperature-in-dallas-on-april-6-2026,highest-temperature-in-dallas-on-april-6-2026-68-69f,68-69°F,0.024538733043879123,0.9754612669561209,4.978124999999992,True,False,False,False,True,True,0.05,1.0,1775492100,0.9705,14.0,0.9805,0.0009559874999999982,0.9814559875000001,-0.005994720543879173,True,0.018894390310090214
Dallas,KDAL,2026-04-06,highest-temperature-in-dallas-on-april-6-2026,highest-temperature-in-dallas-on-april-6-2026-70-71f,70-71°F,0.3343041649010395,0.6656958350989606,4.978124999999992,True,False,False,False,True,True,0.05,1.0,1775492100,0.795,10.0,0.805,0.00784875,0.81284875,-0.14715291490103943,True,0.23024117340403127
Dallas,KDAL,2026-04-06,highest-temperature-in-dallas-on-april-6-2026,highest-temperature-in-dallas-on-april-6-2026-74-75f,74-75°F,0.08743183066390028,0.9125681693360997,4.978124999999992,True,False,False,False,True,True,0.05,1.0,1775492100,0.785,13.0,0.795,0.00814875,0.8031487500000001,0.10941941933609967,True,0.2450993667113346
Dallas,KDAL,2026-04-06,highest-temperature-in-dallas-on-april-6-2026,highest-temperature-in-dallas-on-april-6-2026-76-77f,76-77°F,0.013516162363611634,0.9864838376363884,4.978124999999992,True,False,False,False,True,True,0.05,1.0,1775492100,0.9255,11.0,0.9355,0.0030169875000000002,0.9385169875,0.04796685013638835,True,0.06551081474164588
Dallas,KDAL,2026-04-06,highest-temperature-in-dallas-on-april-6-2026,highest-temperature-in-dallas-on-april-6-2026-78-79f,78-79°F,0.0019308803376588053,0.9980691196623412,4.978124999999992,True,False,False,False,True,True,0.05,1.0,1775492100,0.994,14.0,0.99,0.0004950000000000005,0.990495,0.007574119662341228,True,0.009596211995012593
Dallas,KDAL,2026-04-06,highest-temperature-in-dallas-on-april-6-2026,highest-temperature-in-dallas-on-april-6-2026-80-81f,80-81°F,0.0009654401688294025,0.9990345598311706,4.978124999999992,True,False,False,False,True,True,0.05,1.0,1775492100,0.995,15.0,0.99,0.0004950000000000005,0.990495,0.008539559831170607,True,0.009596211995012593
Dallas,KDAL,2026-04-06,highest-temperature-in-dallas-on-april-6-2026,highest-temperature-in-dallas-on-april-6-2026-82forhigher,82°F or higher,0.0,1.0,4.978124999999992,True,True,False,False,True,True,0.05,1.0,1775492100,0.9985,8.0,0.99,0.0004950000000000005,0.990495,0.009504999999999986,True,0.009596211995012593
Dallas,KDAL,2026-04-07,highest-temperature-in-dallas-on-april-7-2026,highest-temperature-in-dallas-on-april-7-2026-61forbelow,61°F or below,0.0,1.0,5.0300354003906165,True,True,False,False,True,True,0.05,1.0,1775578500,0.9995,2.0,0.99,0.0004950000000000005,0.990495,0.009504999999999986,True,0.009596211995012593
Dallas,KDAL,2026-04-07,highest-temperature-in-dallas-on-april-7-2026,highest-temperature-in-dallas-on-april-7-2026-62-63f,62-63°F,0.0,1.0,5.0300354003906165,True,False,False,False,True,True,0.05,1.0,1775578500,0.9995,1.0,0.99,0.0004950000000000005,0.990495,0.009504999999999986,True,0.009596211995012593
Dallas,KDAL,2026-04-07,highest-temperature-in-dallas-on-april-7-2026,highest-temperature-in-dallas-on-april-7-2026-64-65f,64-65°F,0.0,1.0,5.0300354003906165,True,False,False,False,True,True,0.05,1.0,1775578500,0.9995,52.0,0.99,0.0004950000000000005,0.990495,0.009504999999999986,True,0.009596211995012593
Dallas,KDAL,2026-04-07,highest-temperature-in-dallas-on-april-7-2026,highest-temperature-in-dallas-on-april-7-2026-66-67f,66-67°F,0.010303797754138625,0.9896962022458614,5.0300354003906165,True,False,False,False,True,True,0.05,1.0,1775578500,0.999,2.0,0.99,0.0004950000000000005,0.990495,-0.0007987977541386027,True,0.009596211995012593
Dallas,KDAL,2026-04-07,highest-temperature-in-dallas-on-april-7-2026,highest-temperature-in-dallas-on-april-7-2026-68-69f,68-69°F,0.025822238992987863,0.9741777610070121,5.0300354003906165,True,False,False,False,True,True,0.05,1.0,1775578500,0.99,49.0,0.99,0.0004950000000000005,0.990495,-0.01631723899298787,True,0.009596211995012593
Dallas,KDAL,2026-04-07,highest-temperature-in-dallas-on-april-7-2026,highest-temperature-in-dallas-on-april-7-2026-70-71f,70-71°F,0.2747058627580662,0.7252941372419338,5.0300354003906165,True,False,False,False,True,True,0.05,1.0,1775578500,0.9,4.0,0.91,0.004094999999999999,0.914095,-0.18880086275806618,True,0.09397819701453347
Dallas,KDAL,2026-04-07,highest-temperature-in-dallas-on-april-7-2026,highest-temperature-in-dallas-on-april-7-2026-74-75f,74-75°F,0.10426636805157917,0.8957336319484208,5.0300354003906165,True,False,False,False,True,True,0.05,1.0,1775578500,0.76,50.0,0.77,0.008855,0.778855,0.11687863194842085,True,0.28393603430677095
Dallas,KDAL,2026-04-07,highest-temperature-in-dallas-on-april-7-2026,highest-temperature-in-dallas-on-april-7-2026-76-77f,76-77°F,0.021338791978391697,0.9786612080216083,5.0300354003906165,True,False,False,False,True,True,0.05,1.0,1775578500,0.965,43.0,0.975,0.001218750000000001,0.97621875,0.0024424580216082514,True,0.024360574922372757
Dallas,KDAL,2026-04-07,highest-temperature-in-dallas-on-april-7-2026,highest-temperature-in-dallas-on-april-7-2026-78-79f,78-79°F,0.0030483988540559565,0.996951601145944,5.0300354003906165,True,False,False,False,True,True,0.05,1.0,1775578500,0.9955,45.0,0.99,0.0004950000000000005,0.990495,0.006456601145944041,True,0.009596211995012593
Dallas,KDAL,2026-04-07,highest-temperature-in-dallas-on-april-7-2026,highest-temperature-in-dallas-on-april-7-2026-80forhigher,80°F or higher,0.001524199427027978,0.998475800572972,5.0300354003906165,True,True,False,False,True,True,0.05,1.0,1775578500,0.998,43.0,0.99,0.0004950000000000005,0.990495,0.007980800572972013,True,0.009596211995012593
Dallas,KDAL,2026-04-08,highest-temperature-in-dallas-on-april-8-2026,highest-temperature-in-dallas-on-april-8-2026-69forbelow,69°F or below,0.0,1.0,6.072473144531244,False,True,False,False,True,True,0.05,1.0,1775664900,0.9995,71.0,0.99,0.0004950000000000005,0.990495,0.009504999999999986,True,0.009596211995012593
Dallas,KDAL,2026-04-08,highest-temperature-in-dallas-on-april-8-2026,highest-temperature-in-dallas-on-april-8-2026-70-71f,70-71°F,0.0002677586141010634,0.9997322413858989,6.072473144531244,False,False,False,False,True,True,0.05,1.0,1775664900,0.9995,74.0,0.99,0.0004950000000000005,0.990495,0.009237241385898876,True,0.009596211995012593
Dallas,KDAL,2026-04-08,highest-temperature-in-dallas-on-april-8-2026,highest-temperature-in-dallas-on-april-8-2026-72-73f,72-73°F,0.010710344564042538,0.9892896554359575,6.072473144531244,False,False,False,False,True,True,0.05,1.0,1775664900,0.998,5.0,0.99,0.0004950000000000005,0.990495,-0.001205344564042532,True,0.009596211995012593
Dallas,KDAL,2026-04-08,highest-temperature-in-dallas-on-april-8-2026,highest-temperature-in-dallas-on-april-8-2026-74-75f,74-75°F,0.03305704169815263,0.9669429583018474,6.072473144531244,False,False,False,False,True,True,0.05,1.0,1775664900,0.9945,74.0,0.99,0.0004950000000000005,0.990495,-0.023552041698152615,True,0.009596211995012593
Dallas,KDAL,2026-04-08,highest-temperature-in-dallas-on-april-8-2026,highest-temperature-in-dallas-on-april-8-2026-76-77f,76-77°F,0.3641314920166794,0.6358685079833206,6.072473144531244,False,False,False,False,True,True,0.05,1.0,1775664900,0.935,72.0,0.9450000000000001,0.0025987499999999973,0.94759875,-0.3117302420166794,True,0.05529898598958671
Dallas,KDAL,2026-04-08,highest-temperature-in-dallas-on-april-8-2026,highest-temperature-in-dallas-on-april-8-2026-80-81f,80-81°F,0.07990071647909205,0.920099283520908,6.072473144531244,False,False,False,False,True,True,0.05,1.0,1775664900,0.741,75.0,0.751,0.009349950000000001,0.76034995,0.15974933352090792,True,0.3151838834210483
Dallas,KDAL,2026-04-08,highest-temperature-in-dallas-on-april-8-2026,highest-temperature-in-dallas-on-april-8-2026-82-83f,82-83°F,0.013639342436095159,0.9863606575639048,6.072473144531244,False,False,False,False,True,True,0.05,1.0,1775664900,0.988,3.0,0.99,0.0004950000000000005,0.990495,-0.0041343424360952286,True,0.009596211995012593
Dallas,KDAL,2026-04-08,highest-temperature-in-dallas-on-april-8-2026,highest-temperature-in-dallas-on-april-8-2026-84-85f,84-85°F,0.001948477490870737,0.9980515225091293,6.072473144531244,False,False,False,False,True,True,0.05,1.0,1775664900,0.9945,74.0,0.99,0.0004950000000000005,0.990495,0.007556522509129304,True,0.009596211995012593
Dallas,KDAL,2026-04-08,highest-temperature-in-dallas-on-april-8-2026,highest-temperature-in-dallas-on-april-8-2026-86-87f,86-87°F,0.0009742387454353686,0.9990257612545647,6.072473144531244,False,False,False,False,True,True,0.05,1.0,1775664900,0.9995,3.0,0.99,0.0004950000000000005,0.990495,0.008530761254564645,True,0.009596211995012593
Dallas,KDAL,2026-04-08,highest-temperature-in-dallas-on-april-8-2026,highest-temperature-in-dallas-on-april-8-2026-88forhigher,88°F or higher,0.0,1.0,6.072473144531244,False,True,False,False,True,True,0.05,1.0,1775664900,0.9995,4.0,0.99,0.0004950000000000005,0.990495,0.009504999999999986,True,0.009596211995012593
Dallas,KDAL,2026-04-09,highest-temperature-in-dallas-on-april-9-2026,highest-temperature-in-dallas-on-april-9-2026-51forbelow,51°F or below,0.0,1.0,4.559161376953227,False,True,False,False,True,True,0.05,1.0,1775751300,,,,,,,False,
Dallas,KDAL,2026-04-09,highest-temperature-in-dallas-on-april-9-2026,highest-temperature-in-dallas-on-april-9-2026-52-53f,52-53°F,0.0,1.0,4.559161376953227,False,False,False,False,True,True,0.05,1.0,1775751300,,,,,,,False,
Dallas,KDAL,2026-04-09,highest-temperature-in-dallas-on-april-9-2026,highest-temperature-in-dallas-on-april-9-2026-54-55f,54-55°F,0.0,1.0,4.559161376953227,False,False,False,False,True,True,0.05,1.0,1775751300,,,,,,,False,
Dallas,KDAL,2026-04-09,highest-temperature-in-dallas-on-april-9-2026,highest-temperature-in-dallas-on-april-9-2026-56-57f,56-57°F,0.0,1.0,4.559161376953227,False,False,False,False,True,True,0.05,1.0,1775751300,,,,,,,False,
Dallas,KDAL,2026-04-09,highest-temperature-in-dallas-on-april-9-2026,highest-temperature-in-dallas-on-april-9-2026-58-59f,58-59°F,0.0,1.0,4.559161376953227,False,False,False,False,True,True,0.05,1.0,1775751300,,,,,,,False,
Dallas,KDAL,2026-04-09,highest-temperature-in-dallas-on-april-9-2026,highest-temperature-in-dallas-on-april-9-2026-60-61f,60-61°F,0.0,1.0,4.559161376953227,False,False,False,False,True,True,0.05,1.0,1775751300,,,,,,,False,
Dallas,KDAL,2026-04-09,highest-temperature-in-dallas-on-april-9-2026,highest-temperature-in-dallas-on-april-9-2026-62-63f,62-63°F,0.0,1.0,4.559161376953227,False,False,False,False,True,True,0.05,1.0,1775751300,,,,,,,False,
Dallas,KDAL,2026-04-09,highest-temperature-in-dallas-on-april-9-2026,highest-temperature-in-dallas-on-april-9-2026-64-65f,64-65°F,0.0,1.0,4.559161376953227,False,False,False,False,True,True,0.05,1.0,1775751300,,,,,,,False,
Dallas,KDAL,2026-04-09,highest-temperature-in-dallas-on-april-9-2026,highest-temperature-in-dallas-on-april-9-2026-66-67f,66-67°F,0.0,1.0,4.559161376953227,False,False,False,False,True,True,0.05,1.0,1775751300,,,,,,,False,
Dallas,KDAL,2026-04-09,highest-temperature-in-dallas-on-april-9-2026,highest-temperature-in-dallas-on-april-9-2026-68-69f,68-69°F,0.0,1.0,4.559161376953227,False,False,False,False,True,True,0.05,1.0,1775751300,0.9995,11.0,0.99,0.0004950000000000005,0.990495,0.009504999999999986,True,0.009596211995012593
Dallas,KDAL,2026-04-10,highest-temperature-in-dallas-on-april-10-2026,highest-temperature-in-dallas-on-april-10-2026-55forbelow,55°F or below,0.0,1.0,3.864990234375,True,True,False,False,True,True,0.05,1.0,1775837700,,,,,,,False,
Dallas,KDAL,2026-04-10,highest-temperature-in-dallas-on-april-10-2026,highest-temperature-in-dallas-on-april-10-2026-56-57f,56-57°F,0.0,1.0,3.864990234375,True,False,False,False,True,True,0.05,1.0,1775837700,,,,,,,False,
Dallas,KDAL,2026-04-10,highest-temperature-in-dallas-on-april-10-2026,highest-temperature-in-dallas-on-april-10-2026-58-59f,58-59°F,0.0,1.0,3.864990234375,True,False,False,False,True,True,0.05,1.0,1775837700,,,,,,,False,
Dallas,KDAL,2026-04-10,highest-temperature-in-dallas-on-april-10-2026,highest-temperature-in-dallas-on-april-10-2026-60-61f,60-61°F,0.0,1.0,3.864990234375,True,False,False,False,True,True,0.05,1.0,1775837700,,,,,,,False,
Dallas,KDAL,2026-04-10,highest-temperature-in-dallas-on-april-10-2026,highest-temperature-in-dallas-on-april-10-2026-62-63f,62-63°F,0.0,1.0,3.864990234375,True,False,False,False,True,True,0.05,1.0,1775837700,,,,,,,False,
Dallas,KDAL,2026-04-10,highest-temperature-in-dallas-on-april-10-2026,highest-temperature-in-dallas-on-april-10-2026-64-65f,64-65°F,0.0,1.0,3.864990234375,True,False,False,False,True,True,0.05,1.0,1775837700,,,,,,,False,
Dallas,KDAL,2026-04-10,highest-temperature-in-dallas-on-april-10-2026,highest-temperature-in-dallas-on-april-10-2026-66-67f,66-67°F,0.0,1.0,3.864990234375,True,False,False,False,True,True,0.05,1.0,1775837700,,,,,,,False,
Dallas,KDAL,2026-04-10,highest-temperature-in-dallas-on-april-10-2026,highest-temperature-in-dallas-on-april-10-2026-68-69f,68-69°F,0.0,1.0,3.864990234375,True,False,False,False,True,True,0.05,1.0,1775837700,0.9995,21.0,0.99,0.0004950000000000005,0.990495,0.009504999999999986,True,0.009596211995012593
Dallas,KDAL,2026-04-10,highest-temperature-in-dallas-on-april-10-2026,highest-temperature-in-dallas-on-april-10-2026-70-71f,70-71°F,0.0,1.0,3.864990234375,True,False,False,False,True,True,0.05,1.0,1775837700,0.9995,19.0,0.99,0.0004950000000000005,0.990495,0.009504999999999986,True,0.009596211995012593
Dallas,KDAL,2026-04-10,highest-temperature-in-dallas-on-april-10-2026,highest-temperature-in-dallas-on-april-10-2026-72-73f,72-73°F,0.001185144702541137,0.9988148552974588,3.864990234375,True,False,False,False,True,True,0.05,1.0,1775837700,0.9985,13.0,0.99,0.0004950000000000005,0.990495,0.008319855297458822,True,0.009596211995012593
Dallas,KDAL,2026-04-11,highest-temperature-in-dallas-on-april-11-2026,highest-temperature-in-dallas-on-april-11-2026-55forbelow,55°F or below,0.0,1.0,2.8798461914062443,False,True,False,False,True,True,0.05,1.0,1775924100,,,,,,,False,
Dallas,KDAL,2026-04-11,highest-temperature-in-dallas-on-april-11-2026,highest-temperature-in-dallas-on-april-11-2026-56-57f,56-57°F,0.0,1.0,2.8798461914062443,False,False,False,False,True,True,0.05,1.0,1775924100,,,,,,,False,
Dallas,KDAL,2026-04-11,highest-temperature-in-dallas-on-april-11-2026,highest-temperature-in-dallas-on-april-11-2026-58-59f,58-59°F,0.0,1.0,2.8798461914062443,False,False,False,False,True,True,0.05,1.0,1775924100,,,,,,,False,
Dallas,KDAL,2026-04-11,highest-temperature-in-dallas-on-april-11-2026,highest-temperature-in-dallas-on-april-11-2026-60-61f,60-61°F,0.0,1.0,2.8798461914062443,False,False,False,False,True,True,0.05,1.0,1775924100,,,,,,,False,
Dallas,KDAL,2026-04-11,highest-temperature-in-dallas-on-april-11-2026,highest-temperature-in-dallas-on-april-11-2026-62-63f,62-63°F,0.0,1.0,2.8798461914062443,False,False,False,False,True,True,0.05,1.0,1775924100,,,,,,,False,
Dallas,KDAL,2026-04-11,highest-temperature-in-dallas-on-april-11-2026,highest-temperature-in-dallas-on-april-11-2026-64-65f,64-65°F,0.0,1.0,2.8798461914062443,False,False,False,False,True,True,0.05,1.0,1775924100,,,,,,,False,
Dallas,KDAL,2026-04-11,highest-temperature-in-dallas-on-april-11-2026,highest-temperature-in-dallas-on-april-11-2026-66-67f,66-67°F,0.0,1.0,2.8798461914062443,False,False,False,False,True,True,0.05,1.0,1775924100,,,,,,,False,
Dallas,KDAL,2026-04-11,highest-temperature-in-dallas-on-april-11-2026,highest-temperature-in-dallas-on-april-11-2026-68-69f,68-69°F,0.0,1.0,2.8798461914062443,False,False,False,False,True,True,0.05,1.0,1775924100,0.9995,72.0,0.99,0.0004950000000000005,0.990495,0.009504999999999986,True,0.009596211995012593
Dallas,KDAL,2026-04-11,highest-temperature-in-dallas-on-april-11-2026,highest-temperature-in-dallas-on-april-11-2026-70-71f,70-71°F,0.0,1.0,2.8798461914062443,False,False,False,False,True,True,0.05,1.0,1775924100,0.9995,11.0,0.99,0.0004950000000000005,0.990495,0.009504999999999986,True,0.009596211995012593
Dallas,KDAL,2026-04-11,highest-temperature-in-dallas-on-april-11-2026,highest-temperature-in-dallas-on-april-11-2026-72-73f,72-73°F,0.022350665717571397,0.9776493342824286,2.8798461914062443,False,False,False,False,True,True,0.05,1.0,1775924100,0.995,18.0,0.99,0.0004950000000000005,0.990495,-0.012845665717571397,True,0.009596211995012593
Dallas,KDAL,2026-04-12,highest-temperature-in-dallas-on-april-12-2026,highest-temperature-in-dallas-on-april-12-2026-55forbelow,55°F or below,0.0,1.0,5.427795410156151,False,True,False,False,True,True,0.05,1.0,1776010500,,,,,,,False,
Dallas,KDAL,2026-04-12,highest-temperature-in-dallas-on-april-12-2026,highest-temperature-in-dallas-on-april-12-2026-56-57f,56-57°F,0.0,1.0,5.427795410156151,False,False,False,False,True,True,0.05,1.0,1776010500,,,,,,,False,
Dallas,KDAL,2026-04-12,highest-temperature-in-dallas-on-april-12-2026,highest-temperature-in-dallas-on-april-12-2026-58-59f,58-59°F,0.0,1.0,5.427795410156151,False,False,False,False,True,True,0.05,1.0,1776010500,,,,,,,False,
Dallas,KDAL,2026-04-12,highest-temperature-in-dallas-on-april-12-2026,highest-temperature-in-dallas-on-april-12-2026-60-61f,60-61°F,0.0,1.0,5.427795410156151,False,False,False,False,True,True,0.05,1.0,1776010500,,,,,,,False,
Dallas,KDAL,2026-04-12,highest-temperature-in-dallas-on-april-12-2026,highest-temperature-in-dallas-on-april-12-2026-62-63f,62-63°F,0.0,1.0,5.427795410156151,False,False,False,False,True,True,0.05,1.0,1776010500,,,,,,,False,
Dallas,KDAL,2026-04-12,highest-temperature-in-dallas-on-april-12-2026,highest-temperature-in-dallas-on-april-12-2026-64-65f,64-65°F,0.0,1.0,5.427795410156151,False,False,False,False,True,True,0.05,1.0,1776010500,,,,,,,False,
Dallas,KDAL,2026-04-12,highest-temperature-in-dallas-on-april-12-2026,highest-temperature-in-dallas-on-april-12-2026-66-67f,66-67°F,0.0,1.0,5.427795410156151,False,False,False,False,True,True,0.05,1.0,1776010500,,,,,,,False,
Dallas,KDAL,2026-04-12,highest-temperature-in-dallas-on-april-12-2026,highest-temperature-in-dallas-on-april-12-2026-68-69f,68-69°F,0.0,1.0,5.427795410156151,False,False,False,False,True,True,0.05,1.0,1776010500,,,,,,,False,
Dallas,KDAL,2026-04-12,highest-temperature-in-dallas-on-april-12-2026,highest-temperature-in-dallas-on-april-12-2026-70-71f,70-71°F,0.02370371159299977,0.9762962884070002,5.427795410156151,False,False,False,False,True,True,0.05,1.0,1776010500,0.9955,11.0,0.99,0.0004950000000000005,0.990495,-0.014198711592999791,True,0.009596211995012593
Dallas,KDAL,2026-04-12,highest-temperature-in-dallas-on-april-12-2026,highest-temperature-in-dallas-on-april-12-2026-72-73f,72-73°F,0.07255560986711429,0.9274443901328857,5.427795410156151,False,False,False,False,False,True,0.05,1.0,1776010500,0.9785,17.0,0.9885,0.0005683874999999978,0.9890683875,-0.061623997367114325,True,-1.0
Dallas,KDAL,2026-04-13,highest-temperature-in-dallas-on-april-13-2026,highest-temperature-in-dallas-on-april-13-2026-63forbelow,63°F or below,0.0,1.0,2.9159912109374915,False,True,False,False,True,True,0.05,1.0,1776096900,,,,,,,False,
Dallas,KDAL,2026-04-13,highest-temperature-in-dallas-on-april-13-2026,highest-temperature-in-dallas-on-april-13-2026-64-65f,64-65°F,0.0,1.0,2.9159912109374915,False,False,False,False,True,True,0.05,1.0,1776096900,,,,,,,False,
Dallas,KDAL,2026-04-13,highest-temperature-in-dallas-on-april-13-2026,highest-temperature-in-dallas-on-april-13-2026-66-67f,66-67°F,0.0,1.0,2.9159912109374915,False,False,False,False,True,True,0.05,1.0,1776096900,,,,,,,False,
Dallas,KDAL,2026-04-13,highest-temperature-in-dallas-on-april-13-2026,highest-temperature-in-dallas-on-april-13-2026-68-69f,68-69°F,0.0,1.0,2.9159912109374915,False,False,False,False,True,True,0.05,1.0,1776096900,,,,,,,False,
Dallas,KDAL,2026-04-13,highest-temperature-in-dallas-on-april-13-2026,highest-temperature-in-dallas-on-april-13-2026-70-71f,70-71°F,0.0,1.0,2.9159912109374915,False,False,False,False,True,True,0.05,1.0,1776096900,0.9995,16.0,0.99,0.0004950000000000005,0.990495,0.009504999999999986,True,0.009596211995012593
Dallas,KDAL,2026-04-13,highest-temperature-in-dallas-on-april-13-2026,highest-temperature-in-dallas-on-april-13-2026-72-73f,72-73°F,0.0,1.0,2.9159912109374915,False,False,False,False,True,True,0.05,1.0,1776096900,0.9995,17.0,0.99,0.0004950000000000005,0.990495,0.009504999999999986,True,0.009596211995012593
Dallas,KDAL,2026-04-13,highest-temperature-in-dallas-on-april-13-2026,highest-temperature-in-dallas-on-april-13-2026-74-75f,74-75°F,0.0,1.0,2.9159912109374915,False,False,False,False,True,True,0.05,1.0,1776096900,0.9995,21.0,0.99,0.0004950000000000005,0.990495,0.009504999999999986,True,0.009596211995012593
Dallas,KDAL,2026-04-13,highest-temperature-in-dallas-on-april-13-2026,highest-temperature-in-dallas-on-april-13-2026-76-77f,76-77°F,0.004969460316090721,0.9950305396839093,2.9159912109374915,False,False,False,False,True,True,0.05,1.0,1776096900,0.9985,13.0,0.99,0.0004950000000000005,0.990495,0.004535539683909295,True,0.009596211995012593
Dallas,KDAL,2026-04-13,highest-temperature-in-dallas-on-april-13-2026,highest-temperature-in-dallas-on-april-13-2026-78-79f,78-79°F,0.019215246555550784,0.9807847534444493,2.9159912109374915,False,False,False,False,True,True,0.05,1.0,1776096900,0.9935,11.0,0.99,0.0004950000000000005,0.990495,-0.00971024655555075,True,0.009596211995012593
Dallas,KDAL,2026-04-13,highest-temperature-in-dallas-on-april-13-2026,highest-temperature-in-dallas-on-april-13-2026-80-81f,80-81°F,0.09950269879614969,0.9004973012038503,2.9159912109374915,False,False,False,False,True,True,0.05,1.0,1776096900,0.9325,15.0,0.9425,0.0027096875000000003,0.9452096875,-0.04471238629614971,True,0.057966304434432736
Dallas,KDAL,2026-04-14,highest-temperature-in-dallas-on-april-14-2026,highest-temperature-in-dallas-on-april-14-2026-63forbelow,63°F or below,0.0,1.0,6.238641357421869,False,True,False,False,True,True,0.05,1.0,1776183300,,,,,,,False,
Dallas,KDAL,2026-04-14,highest-temperature-in-dallas-on-april-14-2026,highest-temperature-in-dallas-on-april-14-2026-64-65f,64-65°F,0.0,1.0,6.238641357421869,False,False,False,False,True,True,0.05,1.0,1776183300,,,,,,,False,
Dallas,KDAL,2026-04-14,highest-temperature-in-dallas-on-april-14-2026,highest-temperature-in-dallas-on-april-14-2026-66-67f,66-67°F,0.0,1.0,6.238641357421869,False,False,False,False,True,True,0.05,1.0,1776183300,,,,,,,False,
Dallas,KDAL,2026-04-14,highest-temperature-in-dallas-on-april-14-2026,highest-temperature-in-dallas-on-april-14-2026-68-69f,68-69°F,0.0,1.0,6.238641357421869,False,False,False,False,True,True,0.05,1.0,1776183300,,,,,,,False,
Dallas,KDAL,2026-04-14,highest-temperature-in-dallas-on-april-14-2026,highest-temperature-in-dallas-on-april-14-2026-70-71f,70-71°F,0.0,1.0,6.238641357421869,False,False,False,False,True,True,0.05,1.0,1776183300,,,,,,,False,
Dallas,KDAL,2026-04-14,highest-temperature-in-dallas-on-april-14-2026,highest-temperature-in-dallas-on-april-14-2026-72-73f,72-73°F,0.0,1.0,6.238641357421869,False,False,False,False,True,True,0.05,1.0,1776183300,,,,,,,False,
Dallas,KDAL,2026-04-14,highest-temperature-in-dallas-on-april-14-2026,highest-temperature-in-dallas-on-april-14-2026-74-75f,74-75°F,0.02235557333596052,0.9776444266640395,6.238641357421869,False,False,False,False,True,True,0.05,1.0,1776183300,0.9995,17.0,0.99,0.0004950000000000005,0.990495,-0.012850573335960513,True,0.009596211995012593
Dallas,KDAL,2026-04-14,highest-temperature-in-dallas-on-april-14-2026,highest-temperature-in-dallas-on-april-14-2026-76-77f,76-77°F,0.13637454507661412,0.8636254549233859,6.238641357421869,False,False,False,False,True,True,0.05,1.0,1776183300,0.9865,21.0,0.99,0.0004950000000000005,0.990495,-0.12686954507661408,True,0.009596211995012593
Dallas,KDAL,2026-04-14,highest-temperature-in-dallas-on-april-14-2026,highest-temperature-in-dallas-on-april-14-2026-78-79f,78-79°F,0.3844790745238562,0.6155209254761438,6.238641357421869,False,False,True,True,True,True,0.05,1.0,1776183300,0.943,15.0,0.953,0.002239550000000002,0.9552395499999999,-0.33971862452385615,True,0.04685782744234168
Dallas,KDAL,2026-04-14,highest-temperature-in-dallas-on-april-14-2026,highest-temperature-in-dallas-on-april-14-2026-80-81f,80-81°F,0.377631455671831,0.622368544328169,6.238641357421869,False,False,False,False,False,True,0.05,1.0,1776183300,0.61,15.0,0.62,0.01178,0.63178,-0.009411455671830993,True,-1.0
Dallas,KDAL,2026-04-14,highest-temperature-in-dallas-on-april-14-2026,highest-temperature-in-dallas-on-april-14-2026-82forhigher,82°F or higher,0.08632263681412339,0.9136773631858766,6.238641357421869,False,True,False,False,True,True,0.05,1.0,1776183300,0.47,17.0,0.48,0.01248,0.49248,0.4211973631858766,True,1.030539311241066
Dallas,KDAL,2026-04-15,highest-temperature-in-dallas-on-april-15-2026,highest-temperature-in-dallas-on-april-15-2026-63forbelow,63°F or below,0.0,1.0,3.9015197753905255,False,True,False,False,True,True,0.05,1.0,1776269700,,,,,,,False,
Dallas,KDAL,2026-04-15,highest-temperature-in-dallas-on-april-15-2026,highest-temperature-in-dallas-on-april-15-2026-64-65f,64-65°F,0.0,1.0,3.9015197753905255,False,False,False,False,True,True,0.05,1.0,1776269700,,,,,,,False,
Dallas,KDAL,2026-04-15,highest-temperature-in-dallas-on-april-15-2026,highest-temperature-in-dallas-on-april-15-2026-66-67f,66-67°F,0.0,1.0,3.9015197753905255,False,False,False,False,True,True,0.05,1.0,1776269700,,,,,,,False,
Dallas,KDAL,2026-04-15,highest-temperature-in-dallas-on-april-15-2026,highest-temperature-in-dallas-on-april-15-2026-68-69f,68-69°F,0.0,1.0,3.9015197753905255,False,False,False,False,True,True,0.05,1.0,1776269700,,,,,,,False,
Dallas,KDAL,2026-04-15,highest-temperature-in-dallas-on-april-15-2026,highest-temperature-in-dallas-on-april-15-2026-70-71f,70-71°F,0.0,1.0,3.9015197753905255,False,False,False,False,True,True,0.05,1.0,1776269700,,,,,,,False,
Dallas,KDAL,2026-04-15,highest-temperature-in-dallas-on-april-15-2026,highest-temperature-in-dallas-on-april-15-2026-72-73f,72-73°F,0.0,1.0,3.9015197753905255,False,False,False,False,True,True,0.05,1.0,1776269700,,,,,,,False,
Dallas,KDAL,2026-04-15,highest-temperature-in-dallas-on-april-15-2026,highest-temperature-in-dallas-on-april-15-2026-74-75f,74-75°F,0.0261736604281759,0.9738263395718241,3.9015197753905255,False,False,False,False,True,True,0.05,1.0,1776269700,0.9355,15.0,0.9455,0.0025764875,0.9480764875,0.02574985207182412,True,0.05476721887378311
Dallas,KDAL,2026-04-15,highest-temperature-in-dallas-on-april-15-2026,highest-temperature-in-dallas-on-april-15-2026-76-77f,76-77°F,0.06046899331340937,0.9395310066865906,3.9015197753905255,False,False,False,False,True,True,0.05,1.0,1776269700,0.75,16.0,0.76,0.009120000000000001,0.76912,0.1704110066865906,True,0.30018722696068223
Dallas,KDAL,2026-04-15,highest-temperature-in-dallas-on-april-15-2026,highest-temperature-in-dallas-on-april-15-2026-78-79f,78-79°F,0.3631235928340826,0.6368764071659174,3.9015197753905255,False,False,False,False,False,True,0.05,1.0,1776269700,0.6,18.0,0.61,0.011895000000000001,0.621895,0.014981407165917449,True,-1.0
Dallas,KDAL,2026-04-15,highest-temperature-in-dallas-on-april-15-2026,highest-temperature-in-dallas-on-april-15-2026-82forhigher,82°F or higher,0.10998673005962697,0.890013269940373,3.9015197753905255,False,True,False,False,True,True,0.05,1.0,1776269700,0.9375,19.0,0.9475,0.0024871875,0.9499871875,-0.059973917559627,True,0.052645775814739615
Dallas,KDAL,2026-04-16,highest-temperature-in-dallas-on-april-16-2026,highest-temperature-in-dallas-on-april-16-2026-75forbelow,75°F or below,0.0,1.0,6.121307373046875,False,True,False,False,True,True,0.05,1.0,1776356100,0.9995,18.0,0.99,0.0004950000000000005,0.990495,0.009504999999999986,True,0.009596211995012593
Dallas,KDAL,2026-04-16,highest-temperature-in-dallas-on-april-16-2026,highest-temperature-in-dallas-on-april-16-2026-76-77f,76-77°F,0.0025471999448189557,0.997452800055181,6.121307373046875,False,False,False,False,True,True,0.05,1.0,1776356100,0.999,10.0,0.99,0.0004950000000000005,0.990495,0.006957800055180985,True,0.009596211995012593
Dallas,KDAL,2026-04-16,highest-temperature-in-dallas-on-april-16-2026,highest-temperature-in-dallas-on-april-16-2026-78-79f,78-79°F,0.025471999448189564,0.9745280005518104,6.121307373046875,False,False,False,False,True,True,0.05,1.0,1776356100,0.9995,12.0,0.99,0.0004950000000000005,0.990495,-0.01596699944818958,True,0.009596211995012593
Dallas,KDAL,2026-04-16,highest-temperature-in-dallas-on-april-16-2026,highest-temperature-in-dallas-on-april-16-2026-80-81f,80-81°F,0.05433310484678745,0.9456668951532126,6.121307373046875,False,False,False,False,True,True,0.05,1.0,1776356100,0.9915,16.0,0.99,0.0004950000000000005,0.990495,-0.04482810484678745,True,0.009596211995012593
Dallas,KDAL,2026-04-16,highest-temperature-in-dallas-on-april-16-2026,highest-temperature-in-dallas-on-april-16-2026-82-83f,82-83°F,0.3560041022228846,0.6439958977771154,6.121307373046875,False,False,False,False,True,True,0.05,1.0,1776356100,0.895,11.0,0.905,0.00429875,0.90929875,-0.26530285222288463,True,0.09974856998318749
Dallas,KDAL,2026-04-16,highest-temperature-in-dallas-on-april-16-2026,highest-temperature-in-dallas-on-april-16-2026-86-87f,86-87°F,0.0835269203754809,0.9164730796245191,6.121307373046875,False,False,False,False,True,True,0.05,1.0,1776356100,0.6,17.0,0.61,0.011895000000000001,0.621895,0.2945780796245191,True,0.6079884868024346
Dallas,KDAL,2026-04-16,highest-temperature-in-dallas-on-april-16-2026,highest-temperature-in-dallas-on-april-16-2026-88-89f,88-89°F,0.020819346368002416,0.9791806536319976,6.121307373046875,False,False,False,False,True,True,0.05,1.0,1776356100,0.935,9.0,0.9450000000000001,0.0025987499999999973,0.94759875,0.03158190363199753,True,0.05529898598958671
Dallas,KDAL,2026-04-16,highest-temperature-in-dallas-on-april-16-2026,highest-temperature-in-dallas-on-april-16-2026-90-91f,90-91°F,0.0029741923382860594,0.9970258076617139,6.121307373046875,False,False,False,False,True,True,0.05,1.0,1776356100,0.9795,11.0,0.9895,0.0005194874999999978,0.9900194875,0.007006320161713875,True,0.010081127317203453
Dallas,KDAL,2026-04-16,highest-temperature-in-dallas-on-april-16-2026,highest-temperature-in-dallas-on-april-16-2026-92-93f,92-93°F,0.0014870961691430297,0.998512903830857,6.121307373046875,False,False,False,False,True,True,0.05,1.0,1776356100,0.9965,13.0,0.99,0.0004950000000000005,0.990495,0.008017903830856987,True,0.009596211995012593
Dallas,KDAL,2026-04-16,highest-temperature-in-dallas-on-april-16-2026,highest-temperature-in-dallas-on-april-16-2026-94forhigher,94°F or higher,0.0,1.0,6.121307373046875,False,True,False,False,True,True,0.05,1.0,1776356100,0.9965,11.0,0.99,0.0004950000000000005,0.990495,0.009504999999999986,True,0.009596211995012593
Dallas,KDAL,2026-04-17,highest-temperature-in-dallas-on-april-17-2026,highest-temperature-in-dallas-on-april-17-2026-77forbelow,77°F or below,0.028165488246480425,0.9718345117535195,5.170330810546872,True,True,False,False,True,True,0.05,1.0,1776442500,0.9845,44.0,0.99,0.0004950000000000005,0.990495,-0.018660488246480478,True,0.009596211995012593
Dallas,KDAL,2026-04-17,highest-temperature-in-dallas-on-april-17-2026,highest-temperature-in-dallas-on-april-17-2026-78-79f,78-79°F,0.10079903902075829,0.8992009609792417,5.170330810546872,True,False,False,False,True,True,0.05,1.0,1776442500,0.8755,53.0,0.8855,0.0050694875000000025,0.8905694875,0.008631473479241758,True,0.12287700627066456
Dallas,KDAL,2026-04-17,highest-temperature-in-dallas-on-april-17-2026,highest-temperature-in-dallas-on-april-17-2026-82-83f,82-83°F,0.2948027499965026,0.7051972500034974,5.170330810546872,True,False,False,False,False,True,0.05,1.0,1776442500,0.54,48.0,0.55,0.012375,0.5623750000000001,0.14282225000349735,True,-1.0
Dallas,KDAL,2026-04-17,highest-temperature-in-dallas-on-april-17-2026,highest-temperature-in-dallas-on-april-17-2026-84-85f,84-85°F,0.046813862528697514,0.9531861374713024,5.170330810546872,True,False,False,False,True,True,0.05,1.0,1776442500,0.79,45.0,0.8,0.007999999999999998,0.808,0.14518613747130238,True,0.2376237623762376
Dallas,KDAL,2026-04-17,highest-temperature-in-dallas-on-april-17-2026,highest-temperature-in-dallas-on-april-17-2026-86-87f,86-87°F,0.013135962143225636,0.9868640378567743,5.170330810546872,True,False,False,False,True,True,0.05,1.0,1776442500,0.977,42.0,0.987,0.0006415500000000006,0.98764155,-0.0007775121432256338,True,0.012513092427105743
Dallas,KDAL,2026-04-17,highest-temperature-in-dallas-on-april-17-2026,highest-temperature-in-dallas-on-april-17-2026-88-89f,88-89°F,0.0037531320409216105,0.9962468679590784,5.170330810546872,True,False,False,False,True,True,0.05,1.0,1776442500,0.9915,41.0,0.99,0.0004950000000000005,0.990495,0.005751867959078338,True,0.009596211995012593
Dallas,KDAL,2026-04-17,highest-temperature-in-dallas-on-april-17-2026,highest-temperature-in-dallas-on-april-17-2026-90-91f,90-91°F,0.00046914150511520125,0.9995308584948848,5.170330810546872,True,False,False,False,True,True,0.05,1.0,1776442500,0.994,50.0,0.99,0.0004950000000000005,0.990495,0.009035858494884752,True,0.009596211995012593
Dallas,KDAL,2026-04-17,highest-temperature-in-dallas-on-april-17-2026,highest-temperature-in-dallas-on-april-17-2026-92-93f,92-93°F,0.0,1.0,5.170330810546872,True,False,False,False,True,True,0.05,1.0,1776442500,0.9985,45.0,0.99,0.0004950000000000005,0.990495,0.009504999999999986,True,0.009596211995012593
Dallas,KDAL,2026-04-17,highest-temperature-in-dallas-on-april-17-2026,highest-temperature-in-dallas-on-april-17-2026-94-95f,94-95°F,0.0,1.0,5.170330810546872,True,False,False,False,True,True,0.05,1.0,1776442500,0.998,49.0,0.99,0.0004950000000000005,0.990495,0.009504999999999986,True,0.009596211995012593
Dallas,KDAL,2026-04-17,highest-temperature-in-dallas-on-april-17-2026,highest-temperature-in-dallas-on-april-17-2026-96forhigher,96°F or higher,0.0,1.0,5.170330810546872,True,True,False,False,True,True,0.05,1.0,1776442500,0.9995,42.0,0.99,0.0004950000000000005,0.990495,0.009504999999999986,True,0.009596211995012593
Dallas,KDAL,2026-04-19,highest-temperature-in-dallas-on-april-19-2026,highest-temperature-in-dallas-on-april-19-2026-71forbelow,71°F or below,0.31127557627420555,0.6887244237257945,5.942889404296864,True,True,False,False,True,True,0.05,1.0,1776615300,0.76,12.0,0.77,0.008855,0.778855,-0.09013057627420551,True,0.28393603430677095
Dallas,KDAL,2026-04-19,highest-temperature-in-dallas-on-april-19-2026,highest-temperature-in-dallas-on-april-19-2026-74-75f,74-75°F,0.09784888075357616,0.9021511192464239,5.942889404296864,True,False,False,False,True,True,0.05,1.0,1776615300,0.905,15.0,0.915,0.0038887499999999985,0.91888875,-0.01673763075357615,True,0.08827102301557166
Dallas,KDAL,2026-04-19,highest-temperature-in-dallas-on-april-19-2026,highest-temperature-in-dallas-on-april-19-2026-76-77f,76-77°F,0.024573540141011943,0.975426459858988,5.942889404296864,True,False,False,False,True,True,0.05,1.0,1776615300,0.988,12.0,0.99,0.0004950000000000005,0.990495,-0.015068540141011999,True,0.009596211995012593
Dallas,KDAL,2026-04-19,highest-temperature-in-dallas-on-april-19-2026,highest-temperature-in-dallas-on-april-19-2026-78-79f,78-79°F,0.0035105057344302776,0.9964894942655698,5.942889404296864,True,False,False,False,True,True,0.05,1.0,1776615300,0.994,18.0,0.99,0.0004950000000000005,0.990495,0.00599449426556975,True,0.009596211995012593
Dallas,KDAL,2026-04-19,highest-temperature-in-dallas-on-april-19-2026,highest-temperature-in-dallas-on-april-19-2026-80-81f,80-81°F,0.0017552528672151388,0.9982447471327849,5.942889404296864,True,False,False,False,True,True,0.05,1.0,1776615300,0.997,22.0,0.99,0.0004950000000000005,0.990495,0.007749747132784868,True,0.009596211995012593
Dallas,KDAL,2026-04-19,highest-temperature-in-dallas-on-april-19-2026,highest-temperature-in-dallas-on-april-19-2026-82-83f,82-83°F,0.0,1.0,5.942889404296864,True,False,False,False,True,True,0.05,1.0,1776615300,0.9995,18.0,0.99,0.0004950000000000005,0.990495,0.009504999999999986,True,0.009596211995012593
Dallas,KDAL,2026-04-19,highest-temperature-in-dallas-on-april-19-2026,highest-temperature-in-dallas-on-april-19-2026-84-85f,84-85°F,0.0,1.0,5.942889404296864,True,False,False,False,True,True,0.05,1.0,1776615300,0.9995,21.0,0.99,0.0004950000000000005,0.990495,0.009504999999999986,True,0.009596211995012593
Dallas,KDAL,2026-04-19,highest-temperature-in-dallas-on-april-19-2026,highest-temperature-in-dallas-on-april-19-2026-86-87f,86-87°F,0.0,1.0,5.942889404296864,True,False,False,False,True,True,0.05,1.0,1776615300,0.9995,16.0,0.99,0.0004950000000000005,0.990495,0.009504999999999986,True,0.009596211995012593
Dallas,KDAL,2026-04-19,highest-temperature-in-dallas-on-april-19-2026,highest-temperature-in-dallas-on-april-19-2026-88-89f,88-89°F,0.0,1.0,5.942889404296864,True,False,False,False,True,True,0.05,1.0,1776615300,0.9995,13.0,0.99,0.0004950000000000005,0.990495,0.009504999999999986,True,0.009596211995012593
Dallas,KDAL,2026-04-19,highest-temperature-in-dallas-on-april-19-2026,highest-temperature-in-dallas-on-april-19-2026-90forhigher,90°F or higher,0.0,1.0,5.942889404296864,True,True,False,False,True,True,0.05,1.0,1776615300,0.9995,22.0,0.99,0.0004950000000000005,0.990495,0.009504999999999986,True,0.009596211995012593
Dallas,KDAL,2026-04-20,highest-temperature-in-dallas-on-april-20-2026,highest-temperature-in-dallas-on-april-20-2026-72-73f,72-73°F,0.3608241609256217,0.6391758390743782,3.031018066406346,False,False,False,False,True,True,0.05,1.0,1776701700,,,,,,,False,
Dallas,KDAL,2026-04-20,highest-temperature-in-dallas-on-april-20-2026,highest-temperature-in-dallas-on-april-20-2026-74-75f,74-75°F,0.0473476485401006,0.9526523514598993,3.031018066406346,False,False,False,False,True,True,0.05,1.0,1776701700,,,,,,,False,
Dallas,KDAL,2026-04-20,highest-temperature-in-dallas-on-april-20-2026,highest-temperature-in-dallas-on-april-20-2026-76-77f,76-77°F,0.010897837344190217,0.9891021626558097,3.031018066406346,False,False,False,False,True,True,0.05,1.0,1776701700,,,,,,,False,
Dallas,KDAL,2026-04-20,highest-temperature-in-dallas-on-april-20-2026,highest-temperature-in-dallas-on-april-20-2026-78-79f,78-79°F,0.003113667812625776,0.9968863321873742,3.031018066406346,False,False,False,False,True,True,0.05,1.0,1776701700,,,,,,,False,
Dallas,KDAL,2026-04-20,highest-temperature-in-dallas-on-april-20-2026,highest-temperature-in-dallas-on-april-20-2026-80-81f,80-81°F,0.00038920847657822197,0.9996107915234218,3.031018066406346,False,False,False,False,True,True,0.05,1.0,1776701700,,,,,,,False,
Dallas,KDAL,2026-04-20,highest-temperature-in-dallas-on-april-20-2026,highest-temperature-in-dallas-on-april-20-2026-82-83f,82-83°F,0.0,1.0,3.031018066406346,False,False,False,False,True,True,0.05,1.0,1776701700,,,,,,,False,
Dallas,KDAL,2026-04-20,highest-temperature-in-dallas-on-april-20-2026,highest-temperature-in-dallas-on-april-20-2026-84-85f,84-85°F,0.0,1.0,3.031018066406346,False,False,False,False,True,True,0.05,1.0,1776701700,,,,,,,False,
Dallas,KDAL,2026-04-20,highest-temperature-in-dallas-on-april-20-2026,highest-temperature-in-dallas-on-april-20-2026-86-87f,86-87°F,0.0,1.0,3.031018066406346,False,False,False,False,True,True,0.05,1.0,1776701700,,,,,,,False,
Dallas,KDAL,2026-04-20,highest-temperature-in-dallas-on-april-20-2026,highest-temperature-in-dallas-on-april-20-2026-88-89f,88-89°F,0.0,1.0,3.031018066406346,False,False,False,False,True,True,0.05,1.0,1776701700,,,,,,,False,
Dallas,KDAL,2026-04-20,highest-temperature-in-dallas-on-april-20-2026,highest-temperature-in-dallas-on-april-20-2026-90forhigher,90°F or higher,0.0,1.0,3.031018066406346,False,True,False,False,True,True,0.05,1.0,1776701700,,,,,,,False,
Dallas,KDAL,2026-04-21,highest-temperature-in-dallas-on-april-21-2026,highest-temperature-in-dallas-on-april-21-2026-45forbelow,45°F or below,0.0,1.0,5.735083007812492,False,True,False,False,True,True,0.05,1.0,1776788100,,,,,,,False,
Dallas,KDAL,2026-04-21,highest-temperature-in-dallas-on-april-21-2026,highest-temperature-in-dallas-on-april-21-2026-46-47f,46-47°F,0.0,1.0,5.735083007812492,False,False,False,False,True,True,0.05,1.0,1776788100,,,,,,,False,
Dallas,KDAL,2026-04-21,highest-temperature-in-dallas-on-april-21-2026,highest-temperature-in-dallas-on-april-21-2026-48-49f,48-49°F,0.0,1.0,5.735083007812492,False,False,False,False,True,True,0.05,1.0,1776788100,,,,,,,False,
Dallas,KDAL,2026-04-21,highest-temperature-in-dallas-on-april-21-2026,highest-temperature-in-dallas-on-april-21-2026-50-51f,50-51°F,0.0,1.0,5.735083007812492,False,False,False,False,True,True,0.05,1.0,1776788100,,,,,,,False,
Dallas,KDAL,2026-04-21,highest-temperature-in-dallas-on-april-21-2026,highest-temperature-in-dallas-on-april-21-2026-52-53f,52-53°F,0.0,1.0,5.735083007812492,False,False,False,False,True,True,0.05,1.0,1776788100,,,,,,,False,
Dallas,KDAL,2026-04-21,highest-temperature-in-dallas-on-april-21-2026,highest-temperature-in-dallas-on-april-21-2026-54-55f,54-55°F,0.0,1.0,5.735083007812492,False,False,False,False,True,True,0.05,1.0,1776788100,,,,,,,False,
Dallas,KDAL,2026-04-21,highest-temperature-in-dallas-on-april-21-2026,highest-temperature-in-dallas-on-april-21-2026-56-57f,56-57°F,0.0,1.0,5.735083007812492,False,False,False,False,True,True,0.05,1.0,1776788100,,,,,,,False,
Dallas,KDAL,2026-04-21,highest-temperature-in-dallas-on-april-21-2026,highest-temperature-in-dallas-on-april-21-2026-58-59f,58-59°F,0.0,1.0,5.735083007812492,False,False,False,False,True,True,0.05,1.0,1776788100,,,,,,,False,
Dallas,KDAL,2026-04-21,highest-temperature-in-dallas-on-april-21-2026,highest-temperature-in-dallas-on-april-21-2026-60-61f,60-61°F,0.0,1.0,5.735083007812492,False,False,False,False,True,True,0.05,1.0,1776788100,,,,,,,False,
Dallas,KDAL,2026-04-22,highest-temperature-in-dallas-on-april-22-2026,highest-temperature-in-dallas-on-april-22-2026-53forbelow,53°F or below,0.0,1.0,3.1475280761718807,True,True,False,False,True,True,0.05,1.0,1776874500,,,,,,,False,
Dallas,KDAL,2026-04-22,highest-temperature-in-dallas-on-april-22-2026,highest-temperature-in-dallas-on-april-22-2026-54-55f,54-55°F,0.0,1.0,3.1475280761718807,True,False,False,False,True,True,0.05,1.0,1776874500,,,,,,,False,
Dallas,KDAL,2026-04-22,highest-temperature-in-dallas-on-april-22-2026,highest-temperature-in-dallas-on-april-22-2026-56-57f,56-57°F,0.0,1.0,3.1475280761718807,True,False,False,False,True,True,0.05,1.0,1776874500,,,,,,,False,
Dallas,KDAL,2026-04-22,highest-temperature-in-dallas-on-april-22-2026,highest-temperature-in-dallas-on-april-22-2026-58-59f,58-59°F,0.0,1.0,3.1475280761718807,True,False,False,False,True,True,0.05,1.0,1776874500,,,,,,,False,
Dallas,KDAL,2026-04-22,highest-temperature-in-dallas-on-april-22-2026,highest-temperature-in-dallas-on-april-22-2026-60-61f,60-61°F,0.0,1.0,3.1475280761718807,True,False,False,False,True,True,0.05,1.0,1776874500,0.9995,55.0,0.99,0.0004950000000000005,0.990495,0.009504999999999986,True,0.009596211995012593
Dallas,KDAL,2026-04-22,highest-temperature-in-dallas-on-april-22-2026,highest-temperature-in-dallas-on-april-22-2026-62-63f,62-63°F,0.0,1.0,3.1475280761718807,True,False,False,False,True,True,0.05,1.0,1776874500,0.9995,54.0,0.99,0.0004950000000000005,0.990495,0.009504999999999986,True,0.009596211995012593
Dallas,KDAL,2026-04-22,highest-temperature-in-dallas-on-april-22-2026,highest-temperature-in-dallas-on-april-22-2026-64-65f,64-65°F,0.0009378324723850129,0.999062167527615,3.1475280761718807,True,False,False,False,True,True,0.05,1.0,1776874500,0.9995,54.0,0.99,0.0004950000000000005,0.990495,0.008567167527614994,True,0.009596211995012593
Dallas,KDAL,2026-04-22,highest-temperature-in-dallas-on-april-22-2026,highest-temperature-in-dallas-on-april-22-2026-66-67f,66-67°F,0.003751329889540052,0.9962486701104599,3.1475280761718807,True,False,False,False,True,True,0.05,1.0,1776874500,0.999,54.0,0.99,0.0004950000000000005,0.990495,0.0057536701104599075,True,0.009596211995012593
Dallas,KDAL,2026-04-22,highest-temperature-in-dallas-on-april-22-2026,highest-temperature-in-dallas-on-april-22-2026-68-69f,68-69°F,0.03751329889540052,0.9624867011045994,3.1475280761718807,True,False,False,False,True,True,0.05,1.0,1776874500,0.9955,54.0,0.99,0.0004950000000000005,0.990495,-0.028008298895400574,True,0.009596211995012593
Dallas,KDAL,2026-04-22,highest-temperature-in-dallas-on-april-22-2026,highest-temperature-in-dallas-on-april-22-2026-70-71f,70-71°F,0.06392303861754349,0.9360769613824566,3.1475280761718807,True,False,False,False,True,True,0.05,1.0,1776874500,0.992,54.0,0.99,0.0004950000000000005,0.990495,-0.05441803861754346,True,0.009596211995012593
Dallas,KDAL,2026-04-23,highest-temperature-in-dallas-on-april-23-2026,highest-temperature-in-dallas-on-april-23-2026-57forbelow,57°F or below,0.0,1.0,3.73040771484375,True,True,False,False,True,True,0.05,1.0,1776960900,,,,,,,False,
Dallas,KDAL,2026-04-23,highest-temperature-in-dallas-on-april-23-2026,highest-temperature-in-dallas-on-april-23-2026-58-59f,58-59°F,0.0,1.0,3.73040771484375,True,False,False,False,True,True,0.05,1.0,1776960900,,,,,,,False,
Dallas,KDAL,2026-04-23,highest-temperature-in-dallas-on-april-23-2026,highest-temperature-in-dallas-on-april-23-2026-60-61f,60-61°F,0.0,1.0,3.73040771484375,True,False,False,False,True,True,0.05,1.0,1776960900,,,,,,,False,
Dallas,KDAL,2026-04-23,highest-temperature-in-dallas-on-april-23-2026,highest-temperature-in-dallas-on-april-23-2026-62-63f,62-63°F,0.0,1.0,3.73040771484375,True,False,False,False,True,True,0.05,1.0,1776960900,,,,,,,False,
Dallas,KDAL,2026-04-23,highest-temperature-in-dallas-on-april-23-2026,highest-temperature-in-dallas-on-april-23-2026-64-65f,64-65°F,0.0,1.0,3.73040771484375,True,False,False,False,True,True,0.05,1.0,1776960900,,,,,,,False,
Dallas,KDAL,2026-04-23,highest-temperature-in-dallas-on-april-23-2026,highest-temperature-in-dallas-on-april-23-2026-66-67f,66-67°F,0.0,1.0,3.73040771484375,True,False,False,False,True,True,0.05,1.0,1776960900,,,,,,,False,
Dallas,KDAL,2026-04-23,highest-temperature-in-dallas-on-april-23-2026,highest-temperature-in-dallas-on-april-23-2026-68-69f,68-69°F,0.0,1.0,3.73040771484375,True,False,False,False,True,True,0.05,1.0,1776960900,,,,,,,False,
Dallas,KDAL,2026-04-23,highest-temperature-in-dallas-on-april-23-2026,highest-temperature-in-dallas-on-april-23-2026-70-71f,70-71°F,0.0,1.0,3.73040771484375,True,False,False,False,True,True,0.05,1.0,1776960900,0.9995,55.0,0.99,0.0004950000000000005,0.990495,0.009504999999999986,True,0.009596211995012593
Dallas,KDAL,2026-04-23,highest-temperature-in-dallas-on-april-23-2026,highest-temperature-in-dallas-on-april-23-2026-72-73f,72-73°F,0.014935775193970765,0.9850642248060293,3.73040771484375,True,False,False,False,True,True,0.05,1.0,1776960900,0.998,54.0,0.99,0.0004950000000000005,0.990495,-0.005430775193970727,True,0.009596211995012593
Dallas,KDAL,2026-04-23,highest-temperature-in-dallas-on-april-23-2026,highest-temperature-in-dallas-on-april-23-2026-74-75f,74-75°F,0.054142185078144014,0.9458578149218559,3.73040771484375,True,False,False,False,True,True,0.05,1.0,1776960900,0.995,54.0,0.99,0.0004950000000000005,0.990495,-0.04463718507814407,True,0.009596211995012593
Dallas,KDAL,2026-04-24,highest-temperature-in-dallas-on-april-24-2026,highest-temperature-in-dallas-on-april-24-2026-55forbelow,55°F or below,0.0,1.0,3.693438720703128,False,True,False,False,True,True,0.05,1.0,1777047300,,,,,,,False,
Dallas,KDAL,2026-04-24,highest-temperature-in-dallas-on-april-24-2026,highest-temperature-in-dallas-on-april-24-2026-56-57f,56-57°F,0.0,1.0,3.693438720703128,False,False,False,False,True,True,0.05,1.0,1777047300,,,,,,,False,
Dallas,KDAL,2026-04-24,highest-temperature-in-dallas-on-april-24-2026,highest-temperature-in-dallas-on-april-24-2026-58-59f,58-59°F,0.0,1.0,3.693438720703128,False,False,False,False,True,True,0.05,1.0,1777047300,,,,,,,False,
Dallas,KDAL,2026-04-24,highest-temperature-in-dallas-on-april-24-2026,highest-temperature-in-dallas-on-april-24-2026-60-61f,60-61°F,0.0,1.0,3.693438720703128,False,False,False,False,True,True,0.05,1.0,1777047300,,,,,,,False,
Dallas,KDAL,2026-04-24,highest-temperature-in-dallas-on-april-24-2026,highest-temperature-in-dallas-on-april-24-2026-62-63f,62-63°F,0.0,1.0,3.693438720703128,False,False,False,False,True,True,0.05,1.0,1777047300,,,,,,,False,
Dallas,KDAL,2026-04-24,highest-temperature-in-dallas-on-april-24-2026,highest-temperature-in-dallas-on-april-24-2026-64-65f,64-65°F,0.0,1.0,3.693438720703128,False,False,False,False,True,True,0.05,1.0,1777047300,,,,,,,False,
Dallas,KDAL,2026-04-24,highest-temperature-in-dallas-on-april-24-2026,highest-temperature-in-dallas-on-april-24-2026-66-67f,66-67°F,0.0,1.0,3.693438720703128,False,False,False,False,True,True,0.05,1.0,1777047300,,,,,,,False,
Dallas,KDAL,2026-04-24,highest-temperature-in-dallas-on-april-24-2026,highest-temperature-in-dallas-on-april-24-2026-68-69f,68-69°F,0.0,1.0,3.693438720703128,False,False,False,False,True,True,0.05,1.0,1777047300,,,,,,,False,
Dallas,KDAL,2026-04-24,highest-temperature-in-dallas-on-april-24-2026,highest-temperature-in-dallas-on-april-24-2026-70-71f,70-71°F,0.0,1.0,3.693438720703128,False,False,False,False,True,True,0.05,1.0,1777047300,,,,,,,False,
Dallas,KDAL,2026-04-24,highest-temperature-in-dallas-on-april-24-2026,highest-temperature-in-dallas-on-april-24-2026-72-73f,72-73°F,0.0,1.0,3.693438720703128,False,False,False,False,True,True,0.05,1.0,1777047300,,,,,,,False,
Dallas,KDAL,2026-04-25,highest-temperature-in-dallas-on-april-25-2026,highest-temperature-in-dallas-on-april-25-2026-65forbelow,65°F or below,0.0,1.0,4.437762451171878,False,True,False,False,True,True,0.05,1.0,1777133700,,,,,,,False,
Dallas,KDAL,2026-04-25,highest-temperature-in-dallas-on-april-25-2026,highest-temperature-in-dallas-on-april-25-2026-66-67f,66-67°F,0.0,1.0,4.437762451171878,False,False,False,False,True,True,0.05,1.0,1777133700,,,,,,,False,
Dallas,KDAL,2026-04-25,highest-temperature-in-dallas-on-april-25-2026,highest-temperature-in-dallas-on-april-25-2026-68-69f,68-69°F,0.0,1.0,4.437762451171878,False,False,False,False,True,True,0.05,1.0,1777133700,,,,,,,False,
Dallas,KDAL,2026-04-25,highest-temperature-in-dallas-on-april-25-2026,highest-temperature-in-dallas-on-april-25-2026-70-71f,70-71°F,0.0,1.0,4.437762451171878,False,False,False,False,True,True,0.05,1.0,1777133700,,,,,,,False,
Dallas,KDAL,2026-04-25,highest-temperature-in-dallas-on-april-25-2026,highest-temperature-in-dallas-on-april-25-2026-72-73f,72-73°F,0.0,1.0,4.437762451171878,False,False,False,False,True,True,0.05,1.0,1777133700,0.9995,56.0,0.99,0.0004950000000000005,0.990495,0.009504999999999986,True,0.009596211995012593
Dallas,KDAL,2026-04-25,highest-temperature-in-dallas-on-april-25-2026,highest-temperature-in-dallas-on-april-25-2026-74-75f,74-75°F,0.0,1.0,4.437762451171878,False,False,False,False,True,True,0.05,1.0,1777133700,0.9995,55.0,0.99,0.0004950000000000005,0.990495,0.009504999999999986,True,0.009596211995012593
Dallas,KDAL,2026-04-25,highest-temperature-in-dallas-on-april-25-2026,highest-temperature-in-dallas-on-april-25-2026-76-77f,76-77°F,0.0,1.0,4.437762451171878,False,False,False,False,True,True,0.05,1.0,1777133700,0.9995,56.0,0.99,0.0004950000000000005,0.990495,0.009504999999999986,True,0.009596211995012593
Dallas,KDAL,2026-04-25,highest-temperature-in-dallas-on-april-25-2026,highest-temperature-in-dallas-on-april-25-2026-78-79f,78-79°F,0.0,1.0,4.437762451171878,False,False,False,False,True,True,0.05,1.0,1777133700,0.9995,56.0,0.99,0.0004950000000000005,0.990495,0.009504999999999986,True,0.009596211995012593
Dallas,KDAL,2026-04-25,highest-temperature-in-dallas-on-april-25-2026,highest-temperature-in-dallas-on-april-25-2026-80-81f,80-81°F,0.0018855110918497783,0.9981144889081502,4.437762451171878,False,False,False,False,True,True,0.05,1.0,1777133700,0.9995,56.0,0.99,0.0004950000000000005,0.990495,0.007619488908150229,True,0.009596211995012593
Dallas,KDAL,2026-04-25,highest-temperature-in-dallas-on-april-25-2026,highest-temperature-in-dallas-on-april-25-2026-82-83f,82-83°F,0.018855110918497786,0.9811448890815022,4.437762451171878,False,False,False,False,True,True,0.05,1.0,1777133700,0.9985,56.0,0.99,0.0004950000000000005,0.990495,-0.0093501109184978,True,0.009596211995012593
Dallas,KDAL,2026-04-26,highest-temperature-in-dallas-on-april-26-2026,highest-temperature-in-dallas-on-april-26-2026-67forbelow,67°F or below,0.0,1.0,4.436608886718744,True,True,False,False,True,True,0.05,1.0,1777220100,,,,,,,False,
Dallas,KDAL,2026-04-26,highest-temperature-in-dallas-on-april-26-2026,highest-temperature-in-dallas-on-april-26-2026-68-69f,68-69°F,0.0,1.0,4.436608886718744,True,False,False,False,True,True,0.05,1.0,1777220100,,,,,,,False,
Dallas,KDAL,2026-04-26,highest-temperature-in-dallas-on-april-26-2026,highest-temperature-in-dallas-on-april-26-2026-70-71f,70-71°F,0.0,1.0,4.436608886718744,True,False,False,False,True,True,0.05,1.0,1777220100,,,,,,,False,
Dallas,KDAL,2026-04-26,highest-temperature-in-dallas-on-april-26-2026,highest-temperature-in-dallas-on-april-26-2026-72-73f,72-73°F,0.0,1.0,4.436608886718744,True,False,False,False,True,True,0.05,1.0,1777220100,,,,,,,False,
Dallas,KDAL,2026-04-26,highest-temperature-in-dallas-on-april-26-2026,highest-temperature-in-dallas-on-april-26-2026-74-75f,74-75°F,0.0,1.0,4.436608886718744,True,False,False,False,True,True,0.05,1.0,1777220100,,,,,,,False,
Dallas,KDAL,2026-04-26,highest-temperature-in-dallas-on-april-26-2026,highest-temperature-in-dallas-on-april-26-2026-76-77f,76-77°F,0.0,1.0,4.436608886718744,True,False,False,False,True,True,0.05,1.0,1777220100,0.9995,55.0,0.99,0.0004950000000000005,0.990495,0.009504999999999986,True,0.009596211995012593
Dallas,KDAL,2026-04-26,highest-temperature-in-dallas-on-april-26-2026,highest-temperature-in-dallas-on-april-26-2026-78-79f,78-79°F,0.01115844999010803,0.9888415500098919,4.436608886718744,True,False,False,False,True,True,0.05,1.0,1777220100,0.9995,56.0,0.99,0.0004950000000000005,0.990495,-0.0016534499901080801,True,0.009596211995012593
Dallas,KDAL,2026-04-26,highest-temperature-in-dallas-on-april-26-2026,highest-temperature-in-dallas-on-april-26-2026-80-81f,80-81°F,0.04044938121414161,0.9595506187858583,4.436608886718744,True,False,False,False,True,True,0.05,1.0,1777220100,0.994,56.0,0.99,0.0004950000000000005,0.990495,-0.03094438121414167,True,0.009596211995012593
Dallas,KDAL,2026-04-26,highest-temperature-in-dallas-on-april-26-2026,highest-temperature-in-dallas-on-april-26-2026-82-83f,82-83°F,0.15804185917828983,0.8419581408217102,4.436608886718744,True,False,False,False,True,True,0.05,1.0,1777220100,0.9585,56.0,0.9685,0.0015253874999999989,0.9700253875,-0.12806724667828984,True,0.030900853612968016
Dallas,KDAL,2026-04-26,highest-temperature-in-dallas-on-april-26-2026,highest-temperature-in-dallas-on-april-26-2026-86forhigher,86°F or higher,0.299230209653807,0.700769790346193,4.436608886718744,True,True,False,False,True,True,0.05,1.0,1777220100,0.315,56.0,0.325,0.010968750000000001,0.33596875000000004,0.364801040346193,True,1.9764673053669424
Dallas,KDAL,2026-04-27,highest-temperature-in-dallas-on-april-27-2026,highest-temperature-in-dallas-on-april-27-2026-69forbelow,69°F or below,0.0,1.0,7.966021728515614,False,True,False,False,True,True,0.05,1.0,1777306500,,,,,,,False,
Dallas,KDAL,2026-04-27,highest-temperature-in-dallas-on-april-27-2026,highest-temperature-in-dallas-on-april-27-2026-70-71f,70-71°F,0.0,1.0,7.966021728515614,False,False,False,False,True,True,0.05,1.0,1777306500,,,,,,,False,
Dallas,KDAL,2026-04-27,highest-temperature-in-dallas-on-april-27-2026,highest-temperature-in-dallas-on-april-27-2026-72-73f,72-73°F,0.0,1.0,7.966021728515614,False,False,False,False,True,True,0.05,1.0,1777306500,,,,,,,False,
Dallas,KDAL,2026-04-27,highest-temperature-in-dallas-on-april-27-2026,highest-temperature-in-dallas-on-april-27-2026-74-75f,74-75°F,0.0,1.0,7.966021728515614,False,False,False,False,True,True,0.05,1.0,1777306500,,,,,,,False,
Dallas,KDAL,2026-04-27,highest-temperature-in-dallas-on-april-27-2026,highest-temperature-in-dallas-on-april-27-2026-76-77f,76-77°F,0.0,1.0,7.966021728515614,False,False,False,False,True,True,0.05,1.0,1777306500,0.9995,56.0,0.99,0.0004950000000000005,0.990495,0.009504999999999986,True,0.009596211995012593
Dallas,KDAL,2026-04-27,highest-temperature-in-dallas-on-april-27-2026,highest-temperature-in-dallas-on-april-27-2026-78-79f,78-79°F,0.0,1.0,7.966021728515614,False,False,False,False,True,True,0.05,1.0,1777306500,0.9995,56.0,0.99,0.0004950000000000005,0.990495,0.009504999999999986,True,0.009596211995012593
Dallas,KDAL,2026-04-27,highest-temperature-in-dallas-on-april-27-2026,highest-temperature-in-dallas-on-april-27-2026-80-81f,80-81°F,0.0,1.0,7.966021728515614,False,False,False,False,True,True,0.05,1.0,1777306500,0.9995,56.0,0.99,0.0004950000000000005,0.990495,0.009504999999999986,True,0.009596211995012593
Dallas,KDAL,2026-04-27,highest-temperature-in-dallas-on-april-27-2026,highest-temperature-in-dallas-on-april-27-2026-82-83f,82-83°F,0.00046377584787233743,0.9995362241521276,7.966021728515614,False,False,False,False,True,True,0.05,1.0,1777306500,0.9995,56.0,0.99,0.0004950000000000005,0.990495,0.009041224152127603,True,0.009596211995012593
Dallas,KDAL,2026-04-27,highest-temperature-in-dallas-on-april-27-2026,highest-temperature-in-dallas-on-april-27-2026-84-85f,84-85°F,0.00185510339148935,0.9981448966085107,7.966021728515614,False,False,False,False,True,True,0.05,1.0,1777306500,0.997,56.0,0.99,0.0004950000000000005,0.990495,0.007649896608510676,True,0.009596211995012593
Dallas,KDAL,2026-04-27,highest-temperature-in-dallas-on-april-27-2026,highest-temperature-in-dallas-on-april-27-2026-86-87f,86-87°F,0.0185510339148935,0.9814489660851065,7.966021728515614,False,False,False,False,True,True,0.05,1.0,1777306500,0.996,56.0,0.99,0.0004950000000000005,0.990495,-0.009046033914893559,True,0.009596211995012593
Dallas,KDAL,2026-04-28,highest-temperature-in-dallas-on-april-28-2026,highest-temperature-in-dallas-on-april-28-2026-73forbelow,73°F or below,0.0,1.0,4.558886718750003,False,True,False,False,True,True,0.05,1.0,1777392900,,,,,,,False,
Dallas,KDAL,2026-04-28,highest-temperature-in-dallas-on-april-28-2026,highest-temperature-in-dallas-on-april-28-2026-74-75f,74-75°F,0.0,1.0,4.558886718750003,False,False,False,False,True,True,0.05,1.0,1777392900,,,,,,,False,
Dallas,KDAL,2026-04-28,highest-temperature-in-dallas-on-april-28-2026,highest-temperature-in-dallas-on-april-28-2026-76-77f,76-77°F,0.0,1.0,4.558886718750003,False,False,False,False,True,True,0.05,1.0,1777392900,,,,,,,False,
Dallas,KDAL,2026-04-28,highest-temperature-in-dallas-on-april-28-2026,highest-temperature-in-dallas-on-april-28-2026-78-79f,78-79°F,0.0008544601029096311,0.9991455398970903,4.558886718750003,False,False,False,False,True,True,0.05,1.0,1777392900,0.9955,57.0,0.99,0.0004950000000000005,0.990495,0.008650539897090304,True,0.009596211995012593
Dallas,KDAL,2026-04-28,highest-temperature-in-dallas-on-april-28-2026,highest-temperature-in-dallas-on-april-28-2026-80-81f,80-81°F,0.034178404116385244,0.9658215958836147,4.558886718750003,False,False,False,False,True,True,0.05,1.0,1777392900,0.995,56.0,0.99,0.0004950000000000005,0.990495,-0.0246734041163853,True,0.009596211995012593
Dallas,KDAL,2026-04-28,highest-temperature-in-dallas-on-april-28-2026,highest-temperature-in-dallas-on-april-28-2026-82-83f,82-83°F,0.06955828848000967,0.9304417115199903,4.558886718750003,False,False,False,False,False,True,0.05,1.0,1777392900,0.995,57.0,0.99,0.0004950000000000005,0.990495,-0.06005328848000968,True,-1.0
Dallas,KDAL,2026-04-28,highest-temperature-in-dallas-on-april-28-2026,highest-temperature-in-dallas-on-april-28-2026-84-85f,84-85°F,0.2372522464294329,0.7627477535705671,4.558886718750003,False,False,False,False,True,True,0.05,1.0,1777392900,0.94,57.0,0.95,0.002375000000000002,0.952375,-0.18962724642943285,True,0.050006562541015986
Dallas,KDAL,2026-04-28,highest-temperature-in-dallas-on-april-28-2026,highest-temperature-in-dallas-on-april-28-2026-88-89f,88-89°F,0.12841155420172037,0.8715884457982797,4.558886718750003,False,False,False,False,True,True,0.05,1.0,1777392900,0.355,56.0,0.365,0.011588750000000002,0.37658874999999997,0.4949996957982797,True,1.6554165518752222
Dallas,KDAL,2026-04-28,highest-temperature-in-dallas-on-april-28-2026,highest-temperature-in-dallas-on-april-28-2026-90-91f,90-91°F,0.03859049570778643,0.9614095042922136,4.558886718750003,False,False,False,False,True,True,0.05,1.0,1777392900,0.8195,56.0,0.8295,0.0070714875,0.8365714875,0.12483801679221362,True,0.195355107055331
Dallas,KDAL,2026-04-28,highest-temperature-in-dallas-on-april-28-2026,highest-temperature-in-dallas-on-april-28-2026-92forhigher,92°F or higher,0.008269391937382804,0.9917306080626171,4.558886718750003,False,True,False,False,True,True,0.05,1.0,1777392900,0.987,56.0,0.99,0.0004950000000000005,0.990495,0.0012356080626171329,True,0.009596211995012593
Dallas,KDAL,2026-04-29,highest-temperature-in-dallas-on-april-29-2026,highest-temperature-in-dallas-on-april-29-2026-73forbelow,73°F or below,0.0,1.0,5.426806640624996,True,True,False,False,True,True,0.05,1.0,1777479300,,,,,,,False,
Dallas,KDAL,2026-04-29,highest-temperature-in-dallas-on-april-29-2026,highest-temperature-in-dallas-on-april-29-2026-76-77f,76-77°F,0.3293702502225713,0.6706297497774287,5.426806640624996,True,False,False,False,True,True,0.05,1.0,1777479300,0.996,56.0,0.99,0.0004950000000000005,0.990495,-0.3198652502225713,True,0.009596211995012593
Dallas,KDAL,2026-04-29,highest-temperature-in-dallas-on-april-29-2026,highest-temperature-in-dallas-on-april-29-2026-78-79f,78-79°F,0.03181463958986427,0.9681853604101357,5.426806640624996,True,False,False,False,True,True,0.05,1.0,1777479300,0.997,57.0,0.99,0.0004950000000000005,0.990495,-0.022309639589864316,True,0.009596211995012593
Dallas,KDAL,2026-04-29,highest-temperature-in-dallas-on-april-29-2026,highest-temperature-in-dallas-on-april-29-2026-80-81f,80-81°F,0.010188510345087262,0.9898114896549127,5.426806640624996,True,False,False,False,True,True,0.05,1.0,1777479300,0.9975,57.0,0.99,0.0004950000000000005,0.990495,-0.0006835103450872904,True,0.009596211995012593
Dallas,KDAL,2026-04-29,highest-temperature-in-dallas-on-april-29-2026,highest-temperature-in-dallas-on-april-29-2026-82-83f,82-83°F,0.002911002955739217,0.9970889970442608,5.426806640624996,True,False,False,False,True,True,0.05,1.0,1777479300,0.9965,56.0,0.99,0.0004950000000000005,0.990495,0.00659399704426078,True,0.009596211995012593
Dallas,KDAL,2026-04-29,highest-temperature-in-dallas-on-april-29-2026,highest-temperature-in-dallas-on-april-29-2026-84-85f,84-85°F,0.0003638753694674022,0.9996361246305326,5.426806640624996,True,False,False,False,True,True,0.05,1.0,1777479300,0.9995,57.0,0.99,0.0004950000000000005,0.990495,0.009141124630532627,True,0.009596211995012593
Dallas,KDAL,2026-04-29,highest-temperature-in-dallas-on-april-29-2026,highest-temperature-in-dallas-on-april-29-2026-86-87f,86-87°F,0.0,1.0,5.426806640624996,True,False,False,False,True,True,0.05,1.0,1777479300,0.9975,57.0,0.99,0.0004950000000000005,0.990495,0.009504999999999986,True,0.009596211995012593
Dallas,KDAL,2026-04-29,highest-temperature-in-dallas-on-april-29-2026,highest-temperature-in-dallas-on-april-29-2026-88-89f,88-89°F,0.0,1.0,5.426806640624996,True,False,False,False,True,True,0.05,1.0,1777479300,0.9995,57.0,0.99,0.0004950000000000005,0.990495,0.009504999999999986,True,0.009596211995012593
Dallas,KDAL,2026-04-29,highest-temperature-in-dallas-on-april-29-2026,highest-temperature-in-dallas-on-april-29-2026-90-91f,90-91°F,0.0,1.0,5.426806640624996,True,False,False,False,True,True,0.05,1.0,1777479300,0.9995,56.0,0.99,0.0004950000000000005,0.990495,0.009504999999999986,True,0.009596211995012593
Dallas,KDAL,2026-04-29,highest-temperature-in-dallas-on-april-29-2026,highest-temperature-in-dallas-on-april-29-2026-92forhigher,92°F or higher,0.0,1.0,5.426806640624996,True,True,False,False,True,True,0.05,1.0,1777479300,0.9995,57.0,0.99,0.0004950000000000005,0.990495,0.009504999999999986,True,0.009596211995012593
Dallas,KDAL,2026-04-30,highest-temperature-in-dallas-on-april-30-2026,highest-temperature-in-dallas-on-april-30-2026-70-71f,70-71°F,0.011275099834832238,0.9887249001651678,2.6276000976562486,False,False,False,False,True,True,0.05,1.0,1777565700,0.9945,56.0,0.99,0.0004950000000000005,0.990495,-0.0017700998348322283,True,0.009596211995012593
Dallas,KDAL,2026-04-30,highest-temperature-in-dallas-on-april-30-2026,highest-temperature-in-dallas-on-april-30-2026-72-73f,72-73°F,0.003221457095666354,0.9967785429043337,2.6276000976562486,False,False,False,False,True,True,0.05,1.0,1777565700,0.9985,55.0,0.99,0.0004950000000000005,0.990495,0.006283542904333639,True,0.009596211995012593
Dallas,KDAL,2026-04-30,highest-temperature-in-dallas-on-april-30-2026,highest-temperature-in-dallas-on-april-30-2026-74-75f,74-75°F,0.00040268213695829417,0.9995973178630417,2.6276000976562486,False,False,False,False,True,True,0.05,1.0,1777565700,0.9975,55.0,0.99,0.0004950000000000005,0.990495,0.00910231786304172,True,0.009596211995012593
Dallas,KDAL,2026-04-30,highest-temperature-in-dallas-on-april-30-2026,highest-temperature-in-dallas-on-april-30-2026-76-77f,76-77°F,0.0,1.0,2.6276000976562486,False,False,False,False,True,True,0.05,1.0,1777565700,0.9995,56.0,0.99,0.0004950000000000005,0.990495,0.009504999999999986,True,0.009596211995012593
Dallas,KDAL,2026-04-30,highest-temperature-in-dallas-on-april-30-2026,highest-temperature-in-dallas-on-april-30-2026-78-79f,78-79°F,0.0,1.0,2.6276000976562486,False,False,False,False,True,True,0.05,1.0,1777565700,0.9985,56.0,0.99,0.0004950000000000005,0.990495,0.009504999999999986,True,0.009596211995012593
Dallas,KDAL,2026-04-30,highest-temperature-in-dallas-on-april-30-2026,highest-temperature-in-dallas-on-april-30-2026-80-81f,80-81°F,0.0,1.0,2.6276000976562486,False,False,False,False,True,True,0.05,1.0,1777565700,0.9995,56.0,0.99,0.0004950000000000005,0.990495,0.009504999999999986,True,0.009596211995012593
Dallas,KDAL,2026-04-30,highest-temperature-in-dallas-on-april-30-2026,highest-temperature-in-dallas-on-april-30-2026-82-83f,82-83°F,0.0,1.0,2.6276000976562486,False,False,False,False,True,True,0.05,1.0,1777565700,0.9995,55.0,0.99,0.0004950000000000005,0.990495,0.009504999999999986,True,0.009596211995012593
Dallas,KDAL,2026-04-30,highest-temperature-in-dallas-on-april-30-2026,highest-temperature-in-dallas-on-april-30-2026-84-85f,84-85°F,0.0,1.0,2.6276000976562486,False,False,False,False,True,True,0.05,1.0,1777565700,0.9995,55.0,0.99,0.0004950000000000005,0.990495,0.009504999999999986,True,0.009596211995012593
Dallas,KDAL,2026-04-30,highest-temperature-in-dallas-on-april-30-2026,highest-temperature-in-dallas-on-april-30-2026-86-87f,86-87°F,0.0,1.0,2.6276000976562486,False,False,False,False,True,True,0.05,1.0,1777565700,0.9995,55.0,0.99,0.0004950000000000005,0.990495,0.009504999999999986,True,0.009596211995012593
Dallas,KDAL,2026-04-30,highest-temperature-in-dallas-on-april-30-2026,highest-temperature-in-dallas-on-april-30-2026-88forhigher,88°F or higher,0.0,1.0,2.6276000976562486,False,True,False,False,True,True,0.05,1.0,1777565700,0.9995,56.0,0.99,0.0004950000000000005,0.990495,0.009504999999999986,True,0.009596211995012593
Dallas,KDAL,2026-05-01,highest-temperature-in-dallas-on-may-1-2026,highest-temperature-in-dallas-on-may-1-2026-68-69f,68-69°F,0.020369455560925148,0.9796305444390748,1.7050231933593736,False,False,False,False,True,True,0.05,1.0,1777652100,0.9755,43.0,0.9855,0.000714487499999998,0.9862144875000001,-0.006583943060925246,True,0.013978209278739717
Dallas,KDAL,2026-05-01,highest-temperature-in-dallas-on-may-1-2026,highest-temperature-in-dallas-on-may-1-2026-70-71f,70-71°F,0.0029099222229893073,0.9970900777770106,1.7050231933593736,False,False,False,False,True,True,0.05,1.0,1777652100,0.9935,42.0,0.99,0.0004950000000000005,0.990495,0.006595077777010627,True,0.009596211995012593
Dallas,KDAL,2026-05-01,highest-temperature-in-dallas-on-may-1-2026,highest-temperature-in-dallas-on-may-1-2026-72-73f,72-73°F,0.0014549611114946534,0.9985450388885053,1.7050231933593736,False,False,False,False,True,True,0.05,1.0,1777652100,0.996,42.0,0.99,0.0004950000000000005,0.990495,0.008050038888505306,True,0.009596211995012593
Dallas,KDAL,2026-05-01,highest-temperature-in-dallas-on-may-1-2026,highest-temperature-in-dallas-on-may-1-2026-74-75f,74-75°F,0.0,1.0,1.7050231933593736,False,False,False,False,True,True,0.05,1.0,1777652100,0.998,43.0,0.99,0.0004950000000000005,0.990495,0.009504999999999986,True,0.009596211995012593
Dallas,KDAL,2026-05-01,highest-temperature-in-dallas-on-may-1-2026,highest-temperature-in-dallas-on-may-1-2026-76-77f,76-77°F,0.0,1.0,1.7050231933593736,False,False,False,False,True,True,0.05,1.0,1777652100,0.9995,42.0,0.99,0.0004950000000000005,0.990495,0.009504999999999986,True,0.009596211995012593
Dallas,KDAL,2026-05-01,highest-temperature-in-dallas-on-may-1-2026,highest-temperature-in-dallas-on-may-1-2026-78-79f,78-79°F,0.0,1.0,1.7050231933593736,False,False,False,False,True,True,0.05,1.0,1777652100,0.9995,42.0,0.99,0.0004950000000000005,0.990495,0.009504999999999986,True,0.009596211995012593
Dallas,KDAL,2026-05-01,highest-temperature-in-dallas-on-may-1-2026,highest-temperature-in-dallas-on-may-1-2026-80-81f,80-81°F,0.0,1.0,1.7050231933593736,False,False,False,False,True,True,0.05,1.0,1777652100,0.9995,42.0,0.99,0.0004950000000000005,0.990495,0.009504999999999986,True,0.009596211995012593
Dallas,KDAL,2026-05-01,highest-temperature-in-dallas-on-may-1-2026,highest-temperature-in-dallas-on-may-1-2026-82-83f,82-83°F,0.0,1.0,1.7050231933593736,False,False,False,False,True,True,0.05,1.0,1777652100,0.9995,43.0,0.99,0.0004950000000000005,0.990495,0.009504999999999986,True,0.009596211995012593
Dallas,KDAL,2026-05-01,highest-temperature-in-dallas-on-may-1-2026,highest-temperature-in-dallas-on-may-1-2026-84-85f,84-85°F,0.0,1.0,1.7050231933593736,False,False,False,False,True,True,0.05,1.0,1777652100,0.9995,43.0,0.99,0.0004950000000000005,0.990495,0.009504999999999986,True,0.009596211995012593
Dallas,KDAL,2026-05-01,highest-temperature-in-dallas-on-may-1-2026,highest-temperature-in-dallas-on-may-1-2026-86forhigher,86°F or higher,0.0,1.0,1.7050231933593736,False,True,False,False,True,True,0.05,1.0,1777652100,0.9995,43.0,0.99,0.0004950000000000005,0.990495,0.009504999999999986,True,0.009596211995012593
Dallas,KDAL,2026-05-02,highest-temperature-in-dallas-on-may-2-2026,highest-temperature-in-dallas-on-may-2-2026-55forbelow,55°F or below,0.0,1.0,4.547460937500006,True,True,False,False,True,True,0.05,1.0,1777738500,,,,,,,False,
Dallas,KDAL,2026-05-02,highest-temperature-in-dallas-on-may-2-2026,highest-temperature-in-dallas-on-may-2-2026-56-57f,56-57°F,0.0,1.0,4.547460937500006,True,False,False,False,True,True,0.05,1.0,1777738500,0.9995,55.0,0.99,0.0004950000000000005,0.990495,0.009504999999999986,True,0.009596211995012593
Dallas,KDAL,2026-05-02,highest-temperature-in-dallas-on-may-2-2026,highest-temperature-in-dallas-on-may-2-2026-58-59f,58-59°F,0.0,1.0,4.547460937500006,True,False,False,False,True,True,0.05,1.0,1777738500,0.9995,55.0,0.99,0.0004950000000000005,0.990495,0.009504999999999986,True,0.009596211995012593
Dallas,KDAL,2026-05-02,highest-temperature-in-dallas-on-may-2-2026,highest-temperature-in-dallas-on-may-2-2026-60-61f,60-61°F,0.0,1.0,4.547460937500006,True,False,False,False,True,True,0.05,1.0,1777738500,0.9995,55.0,0.99,0.0004950000000000005,0.990495,0.009504999999999986,True,0.009596211995012593
Dallas,KDAL,2026-05-02,highest-temperature-in-dallas-on-may-2-2026,highest-temperature-in-dallas-on-may-2-2026-62-63f,62-63°F,0.0,1.0,4.547460937500006,True,False,False,False,True,True,0.05,1.0,1777738500,0.9995,55.0,0.99,0.0004950000000000005,0.990495,0.009504999999999986,True,0.009596211995012593
Dallas,KDAL,2026-05-02,highest-temperature-in-dallas-on-may-2-2026,highest-temperature-in-dallas-on-may-2-2026-64-65f,64-65°F,0.0,1.0,4.547460937500006,True,False,False,False,True,True,0.05,1.0,1777738500,0.9995,55.0,0.99,0.0004950000000000005,0.990495,0.009504999999999986,True,0.009596211995012593
Dallas,KDAL,2026-05-02,highest-temperature-in-dallas-on-may-2-2026,highest-temperature-in-dallas-on-may-2-2026-66-67f,66-67°F,0.0,1.0,4.547460937500006,True,False,False,False,True,True,0.05,1.0,1777738500,0.9995,55.0,0.99,0.0004950000000000005,0.990495,0.009504999999999986,True,0.009596211995012593
Dallas,KDAL,2026-05-02,highest-temperature-in-dallas-on-may-2-2026,highest-temperature-in-dallas-on-may-2-2026-68-69f,68-69°F,0.0007422307310432701,0.9992577692689567,4.547460937500006,True,False,False,False,True,True,0.05,1.0,1777738500,0.9995,55.0,0.99,0.0004950000000000005,0.990495,0.008762769268956694,True,0.009596211995012593
Dallas,KDAL,2026-05-02,highest-temperature-in-dallas-on-may-2-2026,highest-temperature-in-dallas-on-may-2-2026-70-71f,70-71°F,0.00395856389889744,0.9960414361011025,4.547460937500006,True,False,False,False,True,True,0.05,1.0,1777738500,0.9895,55.0,0.99,0.0004950000000000005,0.990495,0.005546436101102503,True,0.009596211995012593
Dallas,KDAL,2026-05-02,highest-temperature-in-dallas-on-may-2-2026,highest-temperature-in-dallas-on-may-2-2026-72-73f,72-73°F,0.014349794133503218,0.9856502058664968,4.547460937500006,True,False,False,False,True,True,0.05,1.0,1777738500,0.95,56.0,0.96,0.0019200000000000016,0.96192,0.023730205866496767,True,0.03958749168330011
Dallas,KDAL,2026-05-03,highest-temperature-in-dallas-on-may-3-2026,highest-temperature-in-dallas-on-may-3-2026-55forbelow,55°F or below,0.0,1.0,5.000811767578128,False,True,False,False,True,True,0.05,1.0,1777824900,,,,,,,False,
Dallas,KDAL,2026-05-03,highest-temperature-in-dallas-on-may-3-2026,highest-temperature-in-dallas-on-may-3-2026-56-57f,56-57°F,0.0,1.0,5.000811767578128,False,False,False,False,True,True,0.05,1.0,1777824900,,,,,,,False,
Dallas,KDAL,2026-05-03,highest-temperature-in-dallas-on-may-3-2026,highest-temperature-in-dallas-on-may-3-2026-58-59f,58-59°F,0.0,1.0,5.000811767578128,False,False,False,False,True,True,0.05,1.0,1777824900,,,,,,,False,
Dallas,KDAL,2026-05-03,highest-temperature-in-dallas-on-may-3-2026,highest-temperature-in-dallas-on-may-3-2026-60-61f,60-61°F,0.0,1.0,5.000811767578128,False,False,False,False,True,True,0.05,1.0,1777824900,,,,,,,False,
Dallas,KDAL,2026-05-03,highest-temperature-in-dallas-on-may-3-2026,highest-temperature-in-dallas-on-may-3-2026-62-63f,62-63°F,0.0,1.0,5.000811767578128,False,False,False,False,True,True,0.05,1.0,1777824900,,,,,,,False,
Dallas,KDAL,2026-05-03,highest-temperature-in-dallas-on-may-3-2026,highest-temperature-in-dallas-on-may-3-2026-64-65f,64-65°F,0.0,1.0,5.000811767578128,False,False,False,False,True,True,0.05,1.0,1777824900,0.9995,52.0,0.99,0.0004950000000000005,0.990495,0.009504999999999986,True,0.009596211995012593
Dallas,KDAL,2026-05-03,highest-temperature-in-dallas-on-may-3-2026,highest-temperature-in-dallas-on-may-3-2026-66-67f,66-67°F,0.0,1.0,5.000811767578128,False,False,False,False,True,True,0.05,1.0,1777824900,0.9995,51.0,0.99,0.0004950000000000005,0.990495,0.009504999999999986,True,0.009596211995012593
Dallas,KDAL,2026-05-03,highest-temperature-in-dallas-on-may-3-2026,highest-temperature-in-dallas-on-may-3-2026-68-69f,68-69°F,0.0,1.0,5.000811767578128,False,False,False,False,True,True,0.05,1.0,1777824900,0.9995,52.0,0.99,0.0004950000000000005,0.990495,0.009504999999999986,True,0.009596211995012593
Dallas,KDAL,2026-05-03,highest-temperature-in-dallas-on-may-3-2026,highest-temperature-in-dallas-on-may-3-2026-70-71f,70-71°F,0.0,1.0,5.000811767578128,False,False,False,False,True,True,0.05,1.0,1777824900,0.9995,51.0,0.99,0.0004950000000000005,0.990495,0.009504999999999986,True,0.009596211995012593
Dallas,KDAL,2026-05-03,highest-temperature-in-dallas-on-may-3-2026,highest-temperature-in-dallas-on-may-3-2026-72-73f,72-73°F,0.0,1.0,5.000811767578128,False,False,False,False,True,True,0.05,1.0,1777824900,0.9995,52.0,0.99,0.0004950000000000005,0.990495,0.009504999999999986,True,0.009596211995012593
Dallas,KDAL,2026-05-04,highest-temperature-in-dallas-on-may-4-2026,highest-temperature-in-dallas-on-may-4-2026-53forbelow,53°F or below,0.0,1.0,6.919464111328125,True,True,False,False,True,True,0.05,1.0,1777911300,,,,,,,False,
Dallas,KDAL,2026-05-04,highest-temperature-in-dallas-on-may-4-2026,highest-temperature-in-dallas-on-may-4-2026-54-55f,54-55°F,0.0,1.0,6.919464111328125,True,False,False,False,True,True,0.05,1.0,1777911300,,,,,,,False,
Dallas,KDAL,2026-05-04,highest-temperature-in-dallas-on-may-4-2026,highest-temperature-in-dallas-on-may-4-2026-56-57f,56-57°F,0.0,1.0,6.919464111328125,True,False,False,False,True,True,0.05,1.0,1777911300,,,,,,,False,
Dallas,KDAL,2026-05-04,highest-temperature-in-dallas-on-may-4-2026,highest-temperature-in-dallas-on-may-4-2026-58-59f,58-59°F,0.0,1.0,6.919464111328125,True,False,False,False,True,True,0.05,1.0,1777911300,,,,,,,False,
Dallas,KDAL,2026-05-04,highest-temperature-in-dallas-on-may-4-2026,highest-temperature-in-dallas-on-may-4-2026-60-61f,60-61°F,0.0,1.0,6.919464111328125,True,False,False,False,True,True,0.05,1.0,1777911300,,,,,,,False,
Dallas,KDAL,2026-05-04,highest-temperature-in-dallas-on-may-4-2026,highest-temperature-in-dallas-on-may-4-2026-62-63f,62-63°F,0.0,1.0,6.919464111328125,True,False,False,False,True,True,0.05,1.0,1777911300,,,,,,,False,
Dallas,KDAL,2026-05-04,highest-temperature-in-dallas-on-may-4-2026,highest-temperature-in-dallas-on-may-4-2026-64-65f,64-65°F,0.0,1.0,6.919464111328125,True,False,False,False,True,True,0.05,1.0,1777911300,,,,,,,False,
Dallas,KDAL,2026-05-04,highest-temperature-in-dallas-on-may-4-2026,highest-temperature-in-dallas-on-may-4-2026-66-67f,66-67°F,0.0,1.0,6.919464111328125,True,False,False,False,True,True,0.05,1.0,1777911300,,,,,,,False,
Dallas,KDAL,2026-05-04,highest-temperature-in-dallas-on-may-4-2026,highest-temperature-in-dallas-on-may-4-2026-68-69f,68-69°F,0.0,1.0,6.919464111328125,True,False,False,False,True,True,0.05,1.0,1777911300,0.9995,55.0,0.99,0.0004950000000000005,0.990495,0.009504999999999986,True,0.009596211995012593
Dallas,KDAL,2026-05-04,highest-temperature-in-dallas-on-may-4-2026,highest-temperature-in-dallas-on-may-4-2026-70-71f,70-71°F,0.0,1.0,6.919464111328125,True,False,False,False,True,True,0.05,1.0,1777911300,0.9995,55.0,0.99,0.0004950000000000005,0.990495,0.009504999999999986,True,0.009596211995012593
Dallas,KDAL,2026-05-05,highest-temperature-in-dallas-on-may-5-2026,highest-temperature-in-dallas-on-may-5-2026-59forbelow,59°F or below,0.0,1.0,7.156274414062494,False,True,False,False,True,True,0.05,1.0,1777997700,,,,,,,False,
Dallas,KDAL,2026-05-05,highest-temperature-in-dallas-on-may-5-2026,highest-temperature-in-dallas-on-may-5-2026-60-61f,60-61°F,0.0,1.0,7.156274414062494,False,False,False,False,True,True,0.05,1.0,1777997700,,,,,,,False,
Dallas,KDAL,2026-05-05,highest-temperature-in-dallas-on-may-5-2026,highest-temperature-in-dallas-on-may-5-2026-62-63f,62-63°F,0.0,1.0,7.156274414062494,False,False,False,False,True,True,0.05,1.0,1777997700,,,,,,,False,
Dallas,KDAL,2026-05-05,highest-temperature-in-dallas-on-may-5-2026,highest-temperature-in-dallas-on-may-5-2026-64-65f,64-65°F,0.0,1.0,7.156274414062494,False,False,False,False,True,True,0.05,1.0,1777997700,,,,,,,False,
Dallas,KDAL,2026-05-05,highest-temperature-in-dallas-on-may-5-2026,highest-temperature-in-dallas-on-may-5-2026-66-67f,66-67°F,0.0,1.0,7.156274414062494,False,False,False,False,True,True,0.05,1.0,1777997700,,,,,,,False,
Dallas,KDAL,2026-05-05,highest-temperature-in-dallas-on-may-5-2026,highest-temperature-in-dallas-on-may-5-2026-68-69f,68-69°F,0.0,1.0,7.156274414062494,False,False,False,False,True,True,0.05,1.0,1777997700,,,,,,,False,
Dallas,KDAL,2026-05-05,highest-temperature-in-dallas-on-may-5-2026,highest-temperature-in-dallas-on-may-5-2026-70-71f,70-71°F,0.0,1.0,7.156274414062494,False,False,False,False,True,True,0.05,1.0,1777997700,,,,,,,False,
Dallas,KDAL,2026-05-05,highest-temperature-in-dallas-on-may-5-2026,highest-temperature-in-dallas-on-may-5-2026-72-73f,72-73°F,0.0,1.0,7.156274414062494,False,False,False,False,True,True,0.05,1.0,1777997700,,,,,,,False,
Dallas,KDAL,2026-05-05,highest-temperature-in-dallas-on-may-5-2026,highest-temperature-in-dallas-on-may-5-2026-74-75f,74-75°F,0.0,1.0,7.156274414062494,False,False,False,False,True,True,0.05,1.0,1777997700,0.9995,55.0,0.99,0.0004950000000000005,0.990495,0.009504999999999986,True,0.009596211995012593
Dallas,KDAL,2026-05-05,highest-temperature-in-dallas-on-may-5-2026,highest-temperature-in-dallas-on-may-5-2026-76-77f,76-77°F,0.0,1.0,7.156274414062494,False,False,False,False,True,True,0.05,1.0,1777997700,0.9995,55.0,0.99,0.0004950000000000005,0.990495,0.009504999999999986,True,0.009596211995012593
Dallas,KDAL,2026-05-06,highest-temperature-in-dallas-on-may-6-2026,highest-temperature-in-dallas-on-may-6-2026-76-77f,76-77°F,0.0,1.0,4.71373901367177,False,False,False,False,True,True,0.05,1.0,1778084100,0.998,55.0,0.99,0.0004950000000000005,0.990495,0.009504999999999986,True,0.009596211995012593
Dallas,KDAL,2026-05-06,highest-temperature-in-dallas-on-may-6-2026,highest-temperature-in-dallas-on-may-6-2026-78-79f,78-79°F,0.0,1.0,4.71373901367177,False,False,False,False,True,True,0.05,1.0,1778084100,0.9995,54.0,0.99,0.0004950000000000005,0.990495,0.009504999999999986,True,0.009596211995012593
Dallas,KDAL,2026-05-06,highest-temperature-in-dallas-on-may-6-2026,highest-temperature-in-dallas-on-may-6-2026-80-81f,80-81°F,0.0,1.0,4.71373901367177,False,False,False,False,True,True,0.05,1.0,1778084100,0.999,55.0,0.99,0.0004950000000000005,0.990495,0.009504999999999986,True,0.009596211995012593
Dallas,KDAL,2026-05-06,highest-temperature-in-dallas-on-may-6-2026,highest-temperature-in-dallas-on-may-6-2026-82-83f,82-83°F,0.0,1.0,4.71373901367177,False,False,False,False,True,True,0.05,1.0,1778084100,0.9995,55.0,0.99,0.0004950000000000005,0.990495,0.009504999999999986,True,0.009596211995012593
Dallas,KDAL,2026-05-06,highest-temperature-in-dallas-on-may-6-2026,highest-temperature-in-dallas-on-may-6-2026-84-85f,84-85°F,0.0,1.0,4.71373901367177,False,False,False,False,True,True,0.05,1.0,1778084100,0.9995,55.0,0.99,0.0004950000000000005,0.990495,0.009504999999999986,True,0.009596211995012593
Dallas,KDAL,2026-05-06,highest-temperature-in-dallas-on-may-6-2026,highest-temperature-in-dallas-on-may-6-2026-86-87f,86-87°F,0.0,1.0,4.71373901367177,False,False,False,False,True,True,0.05,1.0,1778084100,0.9995,54.0,0.99,0.0004950000000000005,0.990495,0.009504999999999986,True,0.009596211995012593
Dallas,KDAL,2026-05-06,highest-temperature-in-dallas-on-may-6-2026,highest-temperature-in-dallas-on-may-6-2026-88-89f,88-89°F,0.0,1.0,4.71373901367177,False,False,False,False,True,True,0.05,1.0,1778084100,0.9995,55.0,0.99,0.0004950000000000005,0.990495,0.009504999999999986,True,0.009596211995012593
Dallas,KDAL,2026-05-06,highest-temperature-in-dallas-on-may-6-2026,highest-temperature-in-dallas-on-may-6-2026-90-91f,90-91°F,0.0,1.0,4.71373901367177,False,False,False,False,True,True,0.05,1.0,1778084100,0.9995,55.0,0.99,0.0004950000000000005,0.990495,0.009504999999999986,True,0.009596211995012593
Dallas,KDAL,2026-05-06,highest-temperature-in-dallas-on-may-6-2026,highest-temperature-in-dallas-on-may-6-2026-92-93f,92-93°F,0.0,1.0,4.71373901367177,False,False,False,False,True,True,0.05,1.0,1778084100,0.9995,55.0,0.99,0.0004950000000000005,0.990495,0.009504999999999986,True,0.009596211995012593
Dallas,KDAL,2026-05-06,highest-temperature-in-dallas-on-may-6-2026,highest-temperature-in-dallas-on-may-6-2026-94forhigher,94°F or higher,0.0,1.0,4.71373901367177,False,True,False,False,True,True,0.05,1.0,1778084100,0.9995,55.0,0.99,0.0004950000000000005,0.990495,0.009504999999999986,True,0.009596211995012593
Dallas,KDAL,2026-05-07,highest-temperature-in-dallas-on-may-7-2026,highest-temperature-in-dallas-on-may-7-2026-67forbelow,67°F or below,0.0015540023928763342,0.9984459976071237,4.598217773437497,True,True,False,False,True,True,0.05,1.0,1778170500,0.997,50.0,0.99,0.0004950000000000005,0.990495,0.0079509976071237,True,0.009596211995012593
Dallas,KDAL,2026-05-07,highest-temperature-in-dallas-on-may-7-2026,highest-temperature-in-dallas-on-may-7-2026-68-69f,68-69°F,0.012432019143010673,0.9875679808569894,4.598217773437497,True,False,False,False,True,True,0.05,1.0,1778170500,0.994,50.0,0.99,0.0004950000000000005,0.990495,-0.002927019143010634,True,0.009596211995012593
Dallas,KDAL,2026-05-07,highest-temperature-in-dallas-on-may-7-2026,highest-temperature-in-dallas-on-may-7-2026-70-71f,70-71°F,0.027885744242582857,0.9721142557574172,4.598217773437497,True,False,False,False,True,True,0.05,1.0,1778170500,0.9865,50.0,0.99,0.0004950000000000005,0.990495,-0.018380744242582847,True,0.009596211995012593
Dallas,KDAL,2026-05-07,highest-temperature-in-dallas-on-may-7-2026,highest-temperature-in-dallas-on-may-7-2026-72-73f,72-73°F,0.268128188962914,0.731871811037086,4.598217773437497,True,False,False,False,True,True,0.05,1.0,1778170500,0.755,50.0,0.765,0.00898875,0.77398875,-0.04211693896291402,True,0.29200844327517683
Dallas,KDAL,2026-05-07,highest-temperature-in-dallas-on-may-7-2026,highest-temperature-in-dallas-on-may-7-2026-76-77f,76-77°F,0.12621497892472694,0.8737850210752731,4.598217773437497,True,False,False,False,True,True,0.05,1.0,1778170500,0.65,50.0,0.66,0.01122,0.67122,0.20256502107527308,True,0.4898244986740561
Dallas,KDAL,2026-05-07,highest-temperature-in-dallas-on-may-7-2026,highest-temperature-in-dallas-on-may-7-2026-78-79f,78-79°F,0.02509476147982459,0.9749052385201754,4.598217773437497,True,False,False,False,True,True,0.05,1.0,1778170500,0.945,50.0,0.955,0.002148750000000002,0.95714875,0.017756488520175417,True,0.04476968705229978
Dallas,KDAL,2026-05-07,highest-temperature-in-dallas-on-may-7-2026,highest-temperature-in-dallas-on-may-7-2026-80-81f,80-81°F,0.0035849659256892274,0.9964150340743108,4.598217773437497,True,False,False,False,True,True,0.05,1.0,1778170500,0.99,50.0,0.99,0.0004950000000000005,0.990495,0.005920034074310743,True,0.009596211995012593
Dallas,KDAL,2026-05-07,highest-temperature-in-dallas-on-may-7-2026,highest-temperature-in-dallas-on-may-7-2026-82-83f,82-83°F,0.0017924829628446137,0.9982075170371554,4.598217773437497,True,False,False,False,True,True,0.05,1.0,1778170500,0.9975,50.0,0.99,0.0004950000000000005,0.990495,0.007712517037155364,True,0.009596211995012593
Dallas,KDAL,2026-05-07,highest-temperature-in-dallas-on-may-7-2026,highest-temperature-in-dallas-on-may-7-2026-84-85f,84-85°F,0.0,1.0,4.598217773437497,True,False,False,False,True,True,0.05,1.0,1778170500,0.998,50.0,0.99,0.0004950000000000005,0.990495,0.009504999999999986,True,0.009596211995012593
Dallas,KDAL,2026-05-07,highest-temperature-in-dallas-on-may-7-2026,highest-temperature-in-dallas-on-may-7-2026-86forhigher,86°F or higher,0.0,1.0,4.598217773437497,True,True,False,False,True,True,0.05,1.0,1778170500,0.9995,50.0,0.99,0.0004950000000000005,0.990495,0.009504999999999986,True,0.009596211995012593
Dallas,KDAL,2026-05-08,highest-temperature-in-dallas-on-may-8-2026,highest-temperature-in-dallas-on-may-8-2026-63forbelow,63°F or below,0.0,1.0,8.482708740234273,False,True,False,False,True,True,0.05,1.0,1778256900,,,,,,,False,
Dallas,KDAL,2026-05-08,highest-temperature-in-dallas-on-may-8-2026,highest-temperature-in-dallas-on-may-8-2026-64-65f,64-65°F,0.0,1.0,8.482708740234273,False,False,False,False,True,True,0.05,1.0,1778256900,,,,,,,False,
Dallas,KDAL,2026-05-08,highest-temperature-in-dallas-on-may-8-2026,highest-temperature-in-dallas-on-may-8-2026-66-67f,66-67°F,0.0,1.0,8.482708740234273,False,False,False,False,True,True,0.05,1.0,1778256900,0.9995,53.0,0.99,0.0004950000000000005,0.990495,0.009504999999999986,True,0.009596211995012593
Dallas,KDAL,2026-05-08,highest-temperature-in-dallas-on-may-8-2026,highest-temperature-in-dallas-on-may-8-2026-68-69f,68-69°F,0.0,1.0,8.482708740234273,False,False,False,False,True,True,0.05,1.0,1778256900,0.9995,52.0,0.99,0.0004950000000000005,0.990495,0.009504999999999986,True,0.009596211995012593
Dallas,KDAL,2026-05-08,highest-temperature-in-dallas-on-may-8-2026,highest-temperature-in-dallas-on-may-8-2026-70-71f,70-71°F,0.001405592791744692,0.9985944072082553,8.482708740234273,False,False,False,False,True,True,0.05,1.0,1778256900,0.997,53.0,0.99,0.0004950000000000005,0.990495,0.008099407208255305,True,0.009596211995012593
Dallas,KDAL,2026-05-08,highest-temperature-in-dallas-on-may-8-2026,highest-temperature-in-dallas-on-may-8-2026-72-73f,72-73°F,0.007496494889305023,0.992503505110695,8.482708740234273,False,False,False,False,True,True,0.05,1.0,1778256900,0.9935,52.0,0.99,0.0004950000000000005,0.990495,0.002008505110694947,True,0.009596211995012593
Dallas,KDAL,2026-05-08,highest-temperature-in-dallas-on-may-8-2026,highest-temperature-in-dallas-on-may-8-2026-74-75f,74-75°F,0.02717479397373071,0.9728252060262693,8.482708740234273,False,False,False,False,True,True,0.05,1.0,1778256900,0.985,53.0,0.99,0.0004950000000000005,0.990495,-0.017669793973730696,True,0.009596211995012593
Dallas,KDAL,2026-05-08,highest-temperature-in-dallas-on-may-8-2026,highest-temperature-in-dallas-on-may-8-2026-76-77f,76-77°F,0.09583220196509609,0.9041677980349039,8.482708740234273,False,False,False,False,False,True,0.05,1.0,1778256900,0.9145,52.0,0.9245,0.0034899875000000006,0.9279899875,-0.023822189465096066,True,-1.0
Dallas,KDAL,2026-05-08,highest-temperature-in-dallas-on-may-8-2026,highest-temperature-in-dallas-on-may-8-2026-80-81f,80-81°F,0.33669982711616253,0.6633001728838375,8.482708740234273,False,False,False,False,True,True,0.05,1.0,1778256900,0.63,52.0,0.64,0.01152,0.65152,0.01178017288383748,True,0.5348722986247545
Dallas,KDAL,2026-05-08,highest-temperature-in-dallas-on-may-8-2026,highest-temperature-in-dallas-on-may-8-2026-82forhigher,82°F or higher,0.05681890546692599,0.943181094533074,8.482708740234273,False,True,False,False,True,True,0.05,1.0,1778256900,0.8855,53.0,0.8955,0.004678987500000001,0.9001789874999999,0.043002107033074055,True,0.1108901828260016
Dallas,KDAL,2026-05-09,highest-temperature-in-dallas-on-may-9-2026,highest-temperature-in-dallas-on-may-9-2026-53forbelow,53°F or below,0.0,1.0,6.075109863281256,False,True,False,False,True,True,0.05,1.0,1778343300,,,,,,,False,
Dallas,KDAL,2026-05-09,highest-temperature-in-dallas-on-may-9-2026,highest-temperature-in-dallas-on-may-9-2026-54-55f,54-55°F,0.0,1.0,6.075109863281256,False,False,False,False,True,True,0.05,1.0,1778343300,,,,,,,False,
Dallas,KDAL,2026-05-09,highest-temperature-in-dallas-on-may-9-2026,highest-temperature-in-dallas-on-may-9-2026-56-57f,56-57°F,0.0,1.0,6.075109863281256,False,False,False,False,True,True,0.05,1.0,1778343300,,,,,,,False,
Dallas,KDAL,2026-05-09,highest-temperature-in-dallas-on-may-9-2026,highest-temperature-in-dallas-on-may-9-2026-58-59f,58-59°F,0.0,1.0,6.075109863281256,False,False,False,False,True,True,0.05,1.0,1778343300,,,,,,,False,
Dallas,KDAL,2026-05-09,highest-temperature-in-dallas-on-may-9-2026,highest-temperature-in-dallas-on-may-9-2026-60-61f,60-61°F,0.0,1.0,6.075109863281256,False,False,False,False,True,True,0.05,1.0,1778343300,,,,,,,False,
Dallas,KDAL,2026-05-09,highest-temperature-in-dallas-on-may-9-2026,highest-temperature-in-dallas-on-may-9-2026-62-63f,62-63°F,0.0,1.0,6.075109863281256,False,False,False,False,True,True,0.05,1.0,1778343300,,,,,,,False,
Dallas,KDAL,2026-05-09,highest-temperature-in-dallas-on-may-9-2026,highest-temperature-in-dallas-on-may-9-2026-64-65f,64-65°F,0.0,1.0,6.075109863281256,False,False,False,False,True,True,0.05,1.0,1778343300,,,,,,,False,
Dallas,KDAL,2026-05-09,highest-temperature-in-dallas-on-may-9-2026,highest-temperature-in-dallas-on-may-9-2026-66-67f,66-67°F,0.0,1.0,6.075109863281256,False,False,False,False,True,True,0.05,1.0,1778343300,,,,,,,False,
Dallas,KDAL,2026-05-09,highest-temperature-in-dallas-on-may-9-2026,highest-temperature-in-dallas-on-may-9-2026-68-69f,68-69°F,0.0,1.0,6.075109863281256,False,False,False,False,True,True,0.05,1.0,1778343300,,,,,,,False,
Dallas,KDAL,2026-05-09,highest-temperature-in-dallas-on-may-9-2026,highest-temperature-in-dallas-on-may-9-2026-70-71f,70-71°F,0.0,1.0,6.075109863281256,False,False,False,False,True,True,0.05,1.0,1778343300,,,,,,,False,
Dallas,KDAL,2026-05-10,highest-temperature-in-dallas-on-may-10-2026,highest-temperature-in-dallas-on-may-10-2026-57forbelow,57°F or below,0.0,1.0,2.559649658203128,True,True,False,False,True,True,0.05,1.0,1778429700,,,,,,,False,
Dallas,KDAL,2026-05-10,highest-temperature-in-dallas-on-may-10-2026,highest-temperature-in-dallas-on-may-10-2026-58-59f,58-59°F,0.0,1.0,2.559649658203128,True,False,False,False,True,True,0.05,1.0,1778429700,,,,,,,False,
Dallas,KDAL,2026-05-10,highest-temperature-in-dallas-on-may-10-2026,highest-temperature-in-dallas-on-may-10-2026-60-61f,60-61°F,0.0,1.0,2.559649658203128,True,False,False,False,True,True,0.05,1.0,1778429700,,,,,,,False,
Dallas,KDAL,2026-05-10,highest-temperature-in-dallas-on-may-10-2026,highest-temperature-in-dallas-on-may-10-2026-62-63f,62-63°F,0.0,1.0,2.559649658203128,True,False,False,False,True,True,0.05,1.0,1778429700,,,,,,,False,
Dallas,KDAL,2026-05-10,highest-temperature-in-dallas-on-may-10-2026,highest-temperature-in-dallas-on-may-10-2026-64-65f,64-65°F,0.0,1.0,2.559649658203128,True,False,False,False,True,True,0.05,1.0,1778429700,,,,,,,False,
Dallas,KDAL,2026-05-10,highest-temperature-in-dallas-on-may-10-2026,highest-temperature-in-dallas-on-may-10-2026-66-67f,66-67°F,0.0,1.0,2.559649658203128,True,False,False,False,True,True,0.05,1.0,1778429700,,,,,,,False,
Dallas,KDAL,2026-05-10,highest-temperature-in-dallas-on-may-10-2026,highest-temperature-in-dallas-on-may-10-2026-68-69f,68-69°F,0.0,1.0,2.559649658203128,True,False,False,False,True,True,0.05,1.0,1778429700,,,,,,,False,
Dallas,KDAL,2026-05-10,highest-temperature-in-dallas-on-may-10-2026,highest-temperature-in-dallas-on-may-10-2026-70-71f,70-71°F,0.0,1.0,2.559649658203128,True,False,False,False,True,True,0.05,1.0,1778429700,,,,,,,False,
Dallas,KDAL,2026-05-10,highest-temperature-in-dallas-on-may-10-2026,highest-temperature-in-dallas-on-may-10-2026-72-73f,72-73°F,0.0,1.0,2.559649658203128,True,False,False,False,True,True,0.05,1.0,1778429700,,,,,,,False,
Dallas,KDAL,2026-05-10,highest-temperature-in-dallas-on-may-10-2026,highest-temperature-in-dallas-on-may-10-2026-74-75f,74-75°F,0.0,1.0,2.559649658203128,True,False,False,False,True,True,0.05,1.0,1778429700,,,,,,,False,
Dallas,KDAL,2026-05-11,highest-temperature-in-dallas-on-may-11-2026,highest-temperature-in-dallas-on-may-11-2026-65forbelow,65°F or below,0.0,1.0,2.5568481445312443,False,True,False,False,True,True,0.05,1.0,1778516100,0.9995,55.0,0.99,0.0004950000000000005,0.990495,0.009504999999999986,True,0.009596211995012593
Dallas,KDAL,2026-05-11,highest-temperature-in-dallas-on-may-11-2026,highest-temperature-in-dallas-on-may-11-2026-66-67f,66-67°F,0.0005558664008933758,0.9994441335991067,2.5568481445312443,False,False,False,False,True,True,0.05,1.0,1778516100,0.9995,55.0,0.99,0.0004950000000000005,0.990495,0.008949133599106651,True,0.009596211995012593
Dallas,KDAL,2026-05-11,highest-temperature-in-dallas-on-may-11-2026,highest-temperature-in-dallas-on-may-11-2026-68-69f,68-69°F,0.0022234656035735032,0.9977765343964266,2.5568481445312443,False,False,False,False,True,True,0.05,1.0,1778516100,0.9995,55.0,0.99,0.0004950000000000005,0.990495,0.007281534396426537,True,0.009596211995012593
Dallas,KDAL,2026-05-11,highest-temperature-in-dallas-on-may-11-2026,highest-temperature-in-dallas-on-may-11-2026-70-71f,70-71°F,0.02223465603573503,0.977765343964265,2.5568481445312443,False,False,False,False,True,True,0.05,1.0,1778516100,0.9975,55.0,0.99,0.0004950000000000005,0.990495,-0.01272965603573506,True,0.009596211995012593
Dallas,KDAL,2026-05-11,highest-temperature-in-dallas-on-may-11-2026,highest-temperature-in-dallas-on-may-11-2026-72-73f,72-73°F,0.06140325660161852,0.9385967433983815,2.5568481445312443,False,False,False,False,True,True,0.05,1.0,1778516100,0.986,55.0,0.99,0.0004950000000000005,0.990495,-0.05189825660161851,True,0.009596211995012593
Dallas,KDAL,2026-05-11,highest-temperature-in-dallas-on-may-11-2026,highest-temperature-in-dallas-on-may-11-2026-78-79f,78-79°F,0.10151089352933854,0.8984891064706615,2.5568481445312443,False,False,False,False,False,True,0.05,1.0,1778516100,0.645,55.0,0.655,0.01129875,0.66629875,0.23219035647066144,True,-1.0
Dallas,KDAL,2026-05-11,highest-temperature-in-dallas-on-may-11-2026,highest-temperature-in-dallas-on-may-11-2026-80-81f,80-81°F,0.018258835587665487,0.9817411644123345,2.5568481445312443,False,False,False,False,True,True,0.05,1.0,1778516100,0.85,55.0,0.86,0.006020000000000001,0.86602,0.11572116441233449,True,0.1547077434701276
Dallas,KDAL,2026-05-11,highest-temperature-in-dallas-on-may-11-2026,highest-temperature-in-dallas-on-may-11-2026-82-83f,82-83°F,0.002608405083952212,0.9973915949160478,2.5568481445312443,False,False,False,False,True,True,0.05,1.0,1778516100,0.9895,55.0,0.99,0.0004950000000000005,0.990495,0.006896594916047771,True,0.009596211995012593
Dallas,KDAL,2026-05-11,highest-temperature-in-dallas-on-may-11-2026,highest-temperature-in-dallas-on-may-11-2026-84forhigher,84°F or higher,0.001304202541976106,0.998695797458024,2.5568481445312443,False,True,False,False,True,True,0.05,1.0,1778516100,0.9955,55.0,0.99,0.0004950000000000005,0.990495,0.008200797458023934,True,0.009596211995012593
Dallas,KDAL,2026-05-12,highest-temperature-in-dallas-on-may-12-2026,highest-temperature-in-dallas-on-may-12-2026-73forbelow,73°F or below,0.0,1.0,3.734033203124895,True,True,False,False,True,True,0.05,1.0,1778602500,0.9995,54.0,0.99,0.0004950000000000005,0.990495,0.009504999999999986,True,0.009596211995012593
Dallas,KDAL,2026-05-12,highest-temperature-in-dallas-on-may-12-2026,highest-temperature-in-dallas-on-may-12-2026-74-75f,74-75°F,0.0002585361809267104,0.9997414638190733,3.734033203124895,True,False,False,False,True,True,0.05,1.0,1778602500,0.9995,54.0,0.99,0.0004950000000000005,0.990495,0.009246463819073236,True,0.009596211995012593
Dallas,KDAL,2026-05-12,highest-temperature-in-dallas-on-may-12-2026,highest-temperature-in-dallas-on-may-12-2026-76-77f,76-77°F,0.010341447237068417,0.9896585527629316,3.734033203124895,True,False,False,False,True,True,0.05,1.0,1778602500,0.9995,54.0,0.99,0.0004950000000000005,0.990495,-0.0008364472370684384,True,0.009596211995012593
Dallas,KDAL,2026-05-12,highest-temperature-in-dallas-on-may-12-2026,highest-temperature-in-dallas-on-may-12-2026-78-79f,78-79°F,0.02344793738245341,0.9765520626175466,3.734033203124895,True,False,False,False,True,True,0.05,1.0,1778602500,0.992,54.0,0.99,0.0004950000000000005,0.990495,-0.013942937382453446,True,0.009596211995012593
Dallas,KDAL,2026-05-12,highest-temperature-in-dallas-on-may-12-2026,highest-temperature-in-dallas-on-may-12-2026-80-81f,80-81°F,0.2547610736469214,0.7452389263530785,3.734033203124895,True,False,False,False,True,True,0.05,1.0,1778602500,0.925,53.0,0.935,0.003038749999999998,0.93803875,-0.1927998236469215,True,0.06605404094447054
Dallas,KDAL,2026-05-12,highest-temperature-in-dallas-on-may-12-2026,highest-temperature-in-dallas-on-may-12-2026-84-85f,84-85°F,0.12263651385129644,0.8773634861487035,3.734033203124895,True,False,False,False,True,True,0.05,1.0,1778602500,0.59,53.0,0.6,0.012,0.612,0.26536348614870353,True,0.6339869281045751
Dallas,KDAL,2026-05-12,highest-temperature-in-dallas-on-may-12-2026,highest-temperature-in-dallas-on-may-12-2026-86-87f,86-87°F,0.01711181527196705,0.982888184728033,3.734033203124895,True,False,False,False,False,True,0.05,1.0,1778602500,0.84,53.0,0.85,0.0063750000000000005,0.856375,0.12651318472803297,True,-1.0
Dallas,KDAL,2026-05-12,highest-temperature-in-dallas-on-may-12-2026,highest-temperature-in-dallas-on-may-12-2026-88-89f,88-89°F,0.002444545038852436,0.9975554549611476,3.734033203124895,True,False,False,False,True,True,0.05,1.0,1778602500,0.9855,53.0,0.99,0.0004950000000000005,0.990495,0.0070604549611476,True,0.009596211995012593
Dallas,KDAL,2026-05-12,highest-temperature-in-dallas-on-may-12-2026,highest-temperature-in-dallas-on-may-12-2026-90-91f,90-91°F,0.0012222725194262177,0.9987777274805738,3.734033203124895,True,False,False,False,True,True,0.05,1.0,1778602500,0.9985,54.0,0.99,0.0004950000000000005,0.990495,0.008282727480573793,True,0.009596211995012593
Dallas,KDAL,2026-05-12,highest-temperature-in-dallas-on-may-12-2026,highest-temperature-in-dallas-on-may-12-2026-92forhigher,92°F or higher,0.0,1.0,3.734033203124895,True,True,False,False,True,True,0.05,1.0,1778602500,0.9975,54.0,0.99,0.0004950000000000005,0.990495,0.009504999999999986,True,0.009596211995012593
Dallas,KDAL,2026-05-13,highest-temperature-in-dallas-on-may-13-2026,highest-temperature-in-dallas-on-may-13-2026-55forbelow,55°F or below,0.0,1.0,5.446197509765625,False,True,False,False,True,True,0.05,1.0,1778688900,,,,,,,False,
Dallas,KDAL,2026-05-13,highest-temperature-in-dallas-on-may-13-2026,highest-temperature-in-dallas-on-may-13-2026-56-57f,56-57°F,0.0,1.0,5.446197509765625,False,False,False,False,True,True,0.05,1.0,1778688900,,,,,,,False,
Dallas,KDAL,2026-05-13,highest-temperature-in-dallas-on-may-13-2026,highest-temperature-in-dallas-on-may-13-2026-58-59f,58-59°F,0.0,1.0,5.446197509765625,False,False,False,False,True,True,0.05,1.0,1778688900,,,,,,,False,
Dallas,KDAL,2026-05-13,highest-temperature-in-dallas-on-may-13-2026,highest-temperature-in-dallas-on-may-13-2026-60-61f,60-61°F,0.0,1.0,5.446197509765625,False,False,False,False,True,True,0.05,1.0,1778688900,,,,,,,False,
Dallas,KDAL,2026-05-13,highest-temperature-in-dallas-on-may-13-2026,highest-temperature-in-dallas-on-may-13-2026-62-63f,62-63°F,0.0,1.0,5.446197509765625,False,False,False,False,True,True,0.05,1.0,1778688900,,,,,,,False,
Dallas,KDAL,2026-05-13,highest-temperature-in-dallas-on-may-13-2026,highest-temperature-in-dallas-on-may-13-2026-64-65f,64-65°F,0.0,1.0,5.446197509765625,False,False,False,False,True,True,0.05,1.0,1778688900,,,,,,,False,
Dallas,KDAL,2026-05-13,highest-temperature-in-dallas-on-may-13-2026,highest-temperature-in-dallas-on-may-13-2026-66-67f,66-67°F,0.0,1.0,5.446197509765625,False,False,False,False,True,True,0.05,1.0,1778688900,,,,,,,False,
Dallas,KDAL,2026-05-13,highest-temperature-in-dallas-on-may-13-2026,highest-temperature-in-dallas-on-may-13-2026-68-69f,68-69°F,0.0,1.0,5.446197509765625,False,False,False,False,True,True,0.05,1.0,1778688900,,,,,,,False,
Dallas,KDAL,2026-05-13,highest-temperature-in-dallas-on-may-13-2026,highest-temperature-in-dallas-on-may-13-2026-70-71f,70-71°F,0.0,1.0,5.446197509765625,False,False,False,False,True,True,0.05,1.0,1778688900,0.9995,292.0,0.99,0.0004950000000000005,0.990495,0.009504999999999986,True,0.009596211995012593
Dallas,KDAL,2026-05-13,highest-temperature-in-dallas-on-may-13-2026,highest-temperature-in-dallas-on-may-13-2026-72-73f,72-73°F,0.0,1.0,5.446197509765625,False,False,False,False,True,True,0.05,1.0,1778688900,0.9995,291.0,0.99,0.0004950000000000005,0.990495,0.009504999999999986,True,0.009596211995012593
Dallas,KDAL,2026-05-14,highest-temperature-in-dallas-on-may-14-2026,highest-temperature-in-dallas-on-may-14-2026-61forbelow,61°F or below,0.0,1.0,8.224859619140616,False,True,False,False,True,True,0.05,1.0,1778775300,,,,,,,False,
Dallas,KDAL,2026-05-14,highest-temperature-in-dallas-on-may-14-2026,highest-temperature-in-dallas-on-may-14-2026-62-63f,62-63°F,0.0,1.0,8.224859619140616,False,False,False,False,True,True,0.05,1.0,1778775300,,,,,,,False,
Dallas,KDAL,2026-05-14,highest-temperature-in-dallas-on-may-14-2026,highest-temperature-in-dallas-on-may-14-2026-64-65f,64-65°F,0.0,1.0,8.224859619140616,False,False,False,False,True,True,0.05,1.0,1778775300,,,,,,,False,
Dallas,KDAL,2026-05-14,highest-temperature-in-dallas-on-may-14-2026,highest-temperature-in-dallas-on-may-14-2026-66-67f,66-67°F,0.0,1.0,8.224859619140616,False,False,False,False,True,True,0.05,1.0,1778775300,,,,,,,False,
Dallas,KDAL,2026-05-14,highest-temperature-in-dallas-on-may-14-2026,highest-temperature-in-dallas-on-may-14-2026-68-69f,68-69°F,0.0,1.0,8.224859619140616,False,False,False,False,True,True,0.05,1.0,1778775300,,,,,,,False,
Dallas,KDAL,2026-05-14,highest-temperature-in-dallas-on-may-14-2026,highest-temperature-in-dallas-on-may-14-2026-70-71f,70-71°F,0.0,1.0,8.224859619140616,False,False,False,False,True,True,0.05,1.0,1778775300,,,,,,,False,
Dallas,KDAL,2026-05-14,highest-temperature-in-dallas-on-may-14-2026,highest-temperature-in-dallas-on-may-14-2026-72-73f,72-73°F,0.0,1.0,8.224859619140616,False,False,False,False,True,True,0.05,1.0,1778775300,,,,,,,False,
Dallas,KDAL,2026-05-14,highest-temperature-in-dallas-on-may-14-2026,highest-temperature-in-dallas-on-may-14-2026-74-75f,74-75°F,0.0,1.0,8.224859619140616,False,False,False,False,True,True,0.05,1.0,1778775300,,,,,,,False,
Dallas,KDAL,2026-05-14,highest-temperature-in-dallas-on-may-14-2026,highest-temperature-in-dallas-on-may-14-2026-76-77f,76-77°F,0.0,1.0,8.224859619140616,False,False,False,False,True,True,0.05,1.0,1778775300,0.9995,55.0,0.99,0.0004950000000000005,0.990495,0.009504999999999986,True,0.009596211995012593
Dallas,KDAL,2026-05-14,highest-temperature-in-dallas-on-may-14-2026,highest-temperature-in-dallas-on-may-14-2026-78-79f,78-79°F,0.0,1.0,8.224859619140616,False,False,False,False,True,True,0.05,1.0,1778775300,0.9995,56.0,0.99,0.0004950000000000005,0.990495,0.009504999999999986,True,0.009596211995012593
Dallas,KDAL,2026-05-15,highest-temperature-in-dallas-on-may-15-2026,highest-temperature-in-dallas-on-may-15-2026-67forbelow,67°F or below,0.0,1.0,9.245434570312398,False,True,False,False,True,True,0.05,1.0,1778861700,,,,,,,False,
Dallas,KDAL,2026-05-15,highest-temperature-in-dallas-on-may-15-2026,highest-temperature-in-dallas-on-may-15-2026-68-69f,68-69°F,0.0,1.0,9.245434570312398,False,False,False,False,True,True,0.05,1.0,1778861700,,,,,,,False,
Dallas,KDAL,2026-05-15,highest-temperature-in-dallas-on-may-15-2026,highest-temperature-in-dallas-on-may-15-2026-70-71f,70-71°F,0.0,1.0,9.245434570312398,False,False,False,False,True,True,0.05,1.0,1778861700,,,,,,,False,
Dallas,KDAL,2026-05-15,highest-temperature-in-dallas-on-may-15-2026,highest-temperature-in-dallas-on-may-15-2026-72-73f,72-73°F,0.0,1.0,9.245434570312398,False,False,False,False,True,True,0.05,1.0,1778861700,,,,,,,False,
Dallas,KDAL,2026-05-15,highest-temperature-in-dallas-on-may-15-2026,highest-temperature-in-dallas-on-may-15-2026-74-75f,74-75°F,0.0,1.0,9.245434570312398,False,False,False,False,True,True,0.05,1.0,1778861700,,,,,,,False,
Dallas,KDAL,2026-05-15,highest-temperature-in-dallas-on-may-15-2026,highest-temperature-in-dallas-on-may-15-2026-76-77f,76-77°F,0.0,1.0,9.245434570312398,False,False,False,False,True,True,0.05,1.0,1778861700,,,,,,,False,
Dallas,KDAL,2026-05-15,highest-temperature-in-dallas-on-may-15-2026,highest-temperature-in-dallas-on-may-15-2026-78-79f,78-79°F,0.0009095735773261397,0.9990904264226739,9.245434570312398,False,False,False,False,True,True,0.05,1.0,1778861700,0.999,52.0,0.99,0.0004950000000000005,0.990495,0.008595426422673857,True,0.009596211995012593
Dallas,KDAL,2026-05-15,highest-temperature-in-dallas-on-may-15-2026,highest-temperature-in-dallas-on-may-15-2026-80-81f,80-81°F,0.0036382943093045588,0.9963617056906955,9.245434570312398,False,False,False,False,True,True,0.05,1.0,1778861700,0.9985,52.0,0.99,0.0004950000000000005,0.990495,0.005866705690695473,True,0.009596211995012593
Dallas,KDAL,2026-05-15,highest-temperature-in-dallas-on-may-15-2026,highest-temperature-in-dallas-on-may-15-2026-82-83f,82-83°F,0.03638294309304559,0.9636170569069544,9.245434570312398,False,False,False,False,True,True,0.05,1.0,1778861700,0.9985,52.0,0.99,0.0004950000000000005,0.990495,-0.026877943093045586,True,0.009596211995012593
Dallas,KDAL,2026-05-15,highest-temperature-in-dallas-on-may-15-2026,highest-temperature-in-dallas-on-may-15-2026-84-85f,84-85°F,0.0870034846922138,0.9129965153077861,9.245434570312398,False,False,False,False,True,True,0.05,1.0,1778861700,0.9605,52.0,0.9705,0.0014314874999999986,0.9719314875,-0.058934972192213886,True,0.02887910604912869
Dallas,KDAL,2026-05-16,highest-temperature-in-dallas-on-may-16-2026,highest-temperature-in-dallas-on-may-16-2026-73forbelow,73°F or below,0.0,1.0,9.854571533203242,False,True,False,False,True,True,0.05,1.0,1778948100,,,,,,,False,
Dallas,KDAL,2026-05-16,highest-temperature-in-dallas-on-may-16-2026,highest-temperature-in-dallas-on-may-16-2026-74-75f,74-75°F,0.0,1.0,9.854571533203242,False,False,False,False,True,True,0.05,1.0,1778948100,,,,,,,False,
Dallas,KDAL,2026-05-16,highest-temperature-in-dallas-on-may-16-2026,highest-temperature-in-dallas-on-may-16-2026-76-77f,76-77°F,0.0,1.0,9.854571533203242,False,False,False,False,True,True,0.05,1.0,1778948100,,,,,,,False,
Dallas,KDAL,2026-05-16,highest-temperature-in-dallas-on-may-16-2026,highest-temperature-in-dallas-on-may-16-2026-78-79f,78-79°F,0.00263210134626817,0.9973678986537319,9.854571533203242,False,False,False,False,True,True,0.05,1.0,1778948100,0.9995,55.0,0.99,0.0004950000000000005,0.990495,0.006872898653731863,True,0.009596211995012593
Dallas,KDAL,2026-05-16,highest-temperature-in-dallas-on-may-16-2026,highest-temperature-in-dallas-on-may-16-2026-80-81f,80-81°F,0.014037873846763574,0.9859621261532364,9.854571533203242,False,False,False,False,True,True,0.05,1.0,1778948100,0.9985,54.0,0.99,0.0004950000000000005,0.990495,-0.0045328738467635965,True,0.009596211995012593
Dallas,KDAL,2026-05-16,highest-temperature-in-dallas-on-may-16-2026,highest-temperature-in-dallas-on-may-16-2026-82-83f,82-83°F,0.05088729269451795,0.949112707305482,9.854571533203242,False,False,False,False,True,True,0.05,1.0,1778948100,0.9975,55.0,0.99,0.0004950000000000005,0.990495,-0.041382292694517986,True,0.009596211995012593
Dallas,KDAL,2026-05-16,highest-temperature-in-dallas-on-may-16-2026,highest-temperature-in-dallas-on-may-16-2026-84-85f,84-85°F,0.1510200794375543,0.8489799205624458,9.854571533203242,False,False,False,False,True,True,0.05,1.0,1778948100,0.981,55.0,0.99,0.0004950000000000005,0.990495,-0.14151507943755426,True,0.009596211995012593
Dallas,KDAL,2026-05-16,highest-temperature-in-dallas-on-may-16-2026,highest-temperature-in-dallas-on-may-16-2026-88-89f,88-89°F,0.2352441527372096,0.7647558472627904,9.854571533203242,False,False,False,False,True,True,0.05,1.0,1778948100,0.555,55.0,0.5650000000000001,0.012288750000000001,0.57728875,0.18746709726279043,True,0.7322353848052643
Dallas,KDAL,2026-05-16,highest-temperature-in-dallas-on-may-16-2026,highest-temperature-in-dallas-on-may-16-2026-90-91f,90-91°F,0.03888804577598386,0.9611119542240162,9.854571533203242,False,False,False,False,True,True,0.05,1.0,1778948100,0.775,55.0,0.785,0.00843875,0.7934387500000001,0.1676732042240161,True,0.26033673046596206
Dallas,KDAL,2026-05-16,highest-temperature-in-dallas-on-may-16-2026,highest-temperature-in-dallas-on-may-16-2026-92forhigher,92°F or higher,0.013005978158904268,0.9869940218410957,9.854571533203242,False,True,False,False,True,True,0.05,1.0,1778948100,0.85,55.0,0.86,0.006020000000000001,0.86602,0.12097402184109574,True,0.1547077434701276
Dallas,KDAL,2026-05-19,highest-temperature-in-dallas-on-may-19-2026,highest-temperature-in-dallas-on-may-19-2026-77forbelow,77°F or below,0.0,1.0,4.781579589843744,True,True,False,False,True,True,0.05,1.0,1779207300,,,,,,,False,
Dallas,KDAL,2026-05-19,highest-temperature-in-dallas-on-may-19-2026,highest-temperature-in-dallas-on-may-19-2026-78-79f,78-79°F,0.0,1.0,4.781579589843744,True,False,False,False,True,True,0.05,1.0,1779207300,,,,,,,False,
Dallas,KDAL,2026-05-19,highest-temperature-in-dallas-on-may-19-2026,highest-temperature-in-dallas-on-may-19-2026-80-81f,80-81°F,0.0,1.0,4.781579589843744,True,False,False,False,True,True,0.05,1.0,1779207300,,,,,,,False,
Dallas,KDAL,2026-05-19,highest-temperature-in-dallas-on-may-19-2026,highest-temperature-in-dallas-on-may-19-2026-82-83f,82-83°F,0.11744208772342796,0.8825579122765721,4.781579589843744,True,False,False,False,True,True,0.05,1.0,1779207300,,,,,,,False,
Dallas,KDAL,2026-05-19,highest-temperature-in-dallas-on-may-19-2026,highest-temperature-in-dallas-on-may-19-2026-86-87f,86-87°F,0.2839580633967991,0.7160419366032009,4.781579589843744,True,False,False,False,True,True,0.05,1.0,1779207300,,,,,,,False,
Dallas,KDAL,2026-05-19,highest-temperature-in-dallas-on-may-19-2026,highest-temperature-in-dallas-on-may-19-2026-88-89f,88-89°F,0.03408488230326743,0.9659151176967326,4.781579589843744,True,False,False,False,True,True,0.05,1.0,1779207300,,,,,,,False,
Dallas,KDAL,2026-05-19,highest-temperature-in-dallas-on-may-19-2026,highest-temperature-in-dallas-on-may-19-2026-90-91f,90-91°F,0.012292546531890821,0.9877074534681092,4.781579589843744,True,False,False,False,True,True,0.05,1.0,1779207300,,,,,,,False,
Dallas,KDAL,2026-05-19,highest-temperature-in-dallas-on-may-19-2026,highest-temperature-in-dallas-on-may-19-2026-92-93f,92-93°F,0.003512156151968806,0.9964878438480312,4.781579589843744,True,False,False,False,True,True,0.05,1.0,1779207300,,,,,,,False,
Dallas,KDAL,2026-05-19,highest-temperature-in-dallas-on-may-19-2026,highest-temperature-in-dallas-on-may-19-2026-94-95f,94-95°F,0.00043901951899610067,0.999560980481004,4.781579589843744,True,False,False,False,True,True,0.05,1.0,1779207300,,,,,,,False,
Dallas,KDAL,2026-05-19,highest-temperature-in-dallas-on-may-19-2026,highest-temperature-in-dallas-on-may-19-2026-96forhigher,96°F or higher,0.0,1.0,4.781579589843744,True,True,False,False,True,True,0.05,1.0,1779207300,,,,,,,False,
Dallas,KDAL,2026-05-20,highest-temperature-in-dallas-on-may-20-2026,highest-temperature-in-dallas-on-may-20-2026-73forbelow,73°F or below,0.011066014852252736,0.9889339851477472,4.5440002441406335,False,True,False,False,True,True,0.05,1.0,1779293700,0.97,54.0,0.98,0.0009800000000000008,0.98098,0.007953985147747256,True,0.01938877449081544
Dallas,KDAL,2026-05-20,highest-temperature-in-dallas-on-may-20-2026,highest-temperature-in-dallas-on-may-20-2026-74-75f,74-75°F,0.03209144307153294,0.9679085569284671,4.5440002441406335,False,False,False,False,True,True,0.05,1.0,1779293700,0.945,54.0,0.955,0.002148750000000002,0.95714875,0.01075980692846712,True,0.04476968705229978
Dallas,KDAL,2026-05-20,highest-temperature-in-dallas-on-may-20-2026,highest-temperature-in-dallas-on-may-20-2026-76-77f,76-77°F,0.08687749536798955,0.9131225046320104,4.5440002441406335,False,False,False,False,True,True,0.05,1.0,1779293700,0.84,54.0,0.85,0.0063750000000000005,0.856375,0.05674750463201039,True,0.16771274266530445
Dallas,KDAL,2026-05-20,highest-temperature-in-dallas-on-may-20-2026,highest-temperature-in-dallas-on-may-20-2026-80-81f,80-81°F,0.32243709401614906,0.6775629059838509,4.5440002441406335,False,False,False,False,False,True,0.05,1.0,1779293700,0.61,54.0,0.62,0.01178,0.63178,0.04578290598385093,True,-1.0
Dallas,KDAL,2026-05-20,highest-temperature-in-dallas-on-may-20-2026,highest-temperature-in-dallas-on-may-20-2026-82-83f,82-83°F,0.054927469686768406,0.9450725303132316,4.5440002441406335,False,False,False,False,True,True,0.05,1.0,1779293700,0.89,54.0,0.9,0.0045,0.9045,0.0405725303132316,True,0.10558319513543402
Dallas,KDAL,2026-05-20,highest-temperature-in-dallas-on-may-20-2026,highest-temperature-in-dallas-on-may-20-2026-84-85f,84-85°F,0.01706209175847006,0.9829379082415299,4.5440002441406335,False,False,False,False,True,True,0.05,1.0,1779293700,0.994,54.0,0.99,0.0004950000000000005,0.990495,-0.00755709175847008,True,0.009596211995012593
Dallas,KDAL,2026-05-20,highest-temperature-in-dallas-on-may-20-2026,highest-temperature-in-dallas-on-may-20-2026-86-87f,86-87°F,0.004874883359562874,0.9951251166404371,4.5440002441406335,False,False,False,False,True,True,0.05,1.0,1779293700,0.9945,54.0,0.99,0.0004950000000000005,0.990495,0.00463011664043711,True,0.009596211995012593
Dallas,KDAL,2026-05-20,highest-temperature-in-dallas-on-may-20-2026,highest-temperature-in-dallas-on-may-20-2026-88-89f,88-89°F,0.0006093604199453593,0.9993906395800547,4.5440002441406335,False,False,False,False,True,True,0.05,1.0,1779293700,0.996,54.0,0.99,0.0004950000000000005,0.990495,0.008895639580054682,True,0.009596211995012593
Dallas,KDAL,2026-05-20,highest-temperature-in-dallas-on-may-20-2026,highest-temperature-in-dallas-on-may-20-2026-90-91f,90-91°F,0.0,1.0,4.5440002441406335,False,False,False,False,True,True,0.05,1.0,1779293700,0.9975,54.0,0.99,0.0004950000000000005,0.990495,0.009504999999999986,True,0.009596211995012593
Dallas,KDAL,2026-05-20,highest-temperature-in-dallas-on-may-20-2026,highest-temperature-in-dallas-on-may-20-2026-92forhigher,92°F or higher,0.0,1.0,4.5440002441406335,False,True,False,False,True,True,0.05,1.0,1779293700,0.997,54.0,0.99,0.0004950000000000005,0.990495,0.009504999999999986,True,0.009596211995012593
Dallas,KDAL,2026-05-21,highest-temperature-in-dallas-on-may-21-2026,highest-temperature-in-dallas-on-may-21-2026-75forbelow,75°F or below,0.39473817022094804,0.605261829779052,3.946398925781253,False,True,False,False,True,True,0.05,1.0,1779380100,0.905,53.0,0.915,0.0038887499999999985,0.91888875,-0.31362692022094807,True,0.08827102301557166
Dallas,KDAL,2026-05-21,highest-temperature-in-dallas-on-may-21-2026,highest-temperature-in-dallas-on-may-21-2026-78-79f,78-79°F,0.10826896362501984,0.8917310363749802,3.946398925781253,False,False,False,False,True,True,0.05,1.0,1779380100,0.605,54.0,0.615,0.011838750000000002,0.62683875,0.2648922863749802,True,0.5953066079593834
Dallas,KDAL,2026-05-21,highest-temperature-in-dallas-on-may-21-2026,highest-temperature-in-dallas-on-may-21-2026-80-81f,80-81°F,0.022920030595948722,0.9770799694040513,3.946398925781253,False,False,False,False,True,True,0.05,1.0,1779380100,0.805,54.0,0.8150000000000001,0.007538749999999999,0.8225387500000001,0.1545412194040512,True,0.21574819423401004
Dallas,KDAL,2026-05-21,highest-temperature-in-dallas-on-may-21-2026,highest-temperature-in-dallas-on-may-21-2026-82-83f,82-83°F,0.0032742900851355315,0.9967257099148644,3.946398925781253,False,False,False,False,True,True,0.05,1.0,1779380100,0.953,54.0,0.963,0.0017815500000000015,0.96478155,0.031944159914864434,True,0.036504066645967725
Dallas,KDAL,2026-05-21,highest-temperature-in-dallas-on-may-21-2026,highest-temperature-in-dallas-on-may-21-2026-84-85f,84-85°F,0.0016371450425677657,0.9983628549574323,3.946398925781253,False,False,False,False,True,True,0.05,1.0,1779380100,0.9845,53.0,0.99,0.0004950000000000005,0.990495,0.007867854957432252,True,0.009596211995012593
Dallas,KDAL,2026-05-21,highest-temperature-in-dallas-on-may-21-2026,highest-temperature-in-dallas-on-may-21-2026-86-87f,86-87°F,0.0,1.0,3.946398925781253,False,False,False,False,True,True,0.05,1.0,1779380100,0.9975,53.0,0.99,0.0004950000000000005,0.990495,0.009504999999999986,True,0.009596211995012593
Dallas,KDAL,2026-05-21,highest-temperature-in-dallas-on-may-21-2026,highest-temperature-in-dallas-on-may-21-2026-88-89f,88-89°F,0.0,1.0,3.946398925781253,False,False,False,False,True,True,0.05,1.0,1779380100,0.999,54.0,0.99,0.0004950000000000005,0.990495,0.009504999999999986,True,0.009596211995012593
Dallas,KDAL,2026-05-21,highest-temperature-in-dallas-on-may-21-2026,highest-temperature-in-dallas-on-may-21-2026-90-91f,90-91°F,0.0,1.0,3.946398925781253,False,False,False,False,True,True,0.05,1.0,1779380100,0.9995,53.0,0.99,0.0004950000000000005,0.990495,0.009504999999999986,True,0.009596211995012593
Dallas,KDAL,2026-05-21,highest-temperature-in-dallas-on-may-21-2026,highest-temperature-in-dallas-on-may-21-2026-92-93f,92-93°F,0.0,1.0,3.946398925781253,False,False,False,False,True,True,0.05,1.0,1779380100,0.999,53.0,0.99,0.0004950000000000005,0.990495,0.009504999999999986,True,0.009596211995012593
Dallas,KDAL,2026-05-21,highest-temperature-in-dallas-on-may-21-2026,highest-temperature-in-dallas-on-may-21-2026-94forhigher,94°F or higher,0.0,1.0,3.946398925781253,False,True,False,False,True,True,0.05,1.0,1779380100,0.999,53.0,0.99,0.0004950000000000005,0.990495,0.009504999999999986,True,0.009596211995012593
Dallas,KDAL,2026-05-22,highest-temperature-in-dallas-on-may-22-2026,highest-temperature-in-dallas-on-may-22-2026-61forbelow,61°F or below,0.0,1.0,4.575311279296869,False,True,False,False,True,True,0.05,1.0,1779466500,,,,,,,False,
Dallas,KDAL,2026-05-22,highest-temperature-in-dallas-on-may-22-2026,highest-temperature-in-dallas-on-may-22-2026-62-63f,62-63°F,0.0,1.0,4.575311279296869,False,False,False,False,True,True,0.05,1.0,1779466500,,,,,,,False,
Dallas,KDAL,2026-05-22,highest-temperature-in-dallas-on-may-22-2026,highest-temperature-in-dallas-on-may-22-2026-64-65f,64-65°F,0.0,1.0,4.575311279296869,False,False,False,False,True,True,0.05,1.0,1779466500,,,,,,,False,
Dallas,KDAL,2026-05-22,highest-temperature-in-dallas-on-may-22-2026,highest-temperature-in-dallas-on-may-22-2026-66-67f,66-67°F,0.0,1.0,4.575311279296869,False,False,False,False,True,True,0.05,1.0,1779466500,,,,,,,False,
Dallas,KDAL,2026-05-22,highest-temperature-in-dallas-on-may-22-2026,highest-temperature-in-dallas-on-may-22-2026-68-69f,68-69°F,0.0,1.0,4.575311279296869,False,False,False,False,True,True,0.05,1.0,1779466500,,,,,,,False,
Dallas,KDAL,2026-05-22,highest-temperature-in-dallas-on-may-22-2026,highest-temperature-in-dallas-on-may-22-2026-70-71f,70-71°F,0.0,1.0,4.575311279296869,False,False,False,False,True,True,0.05,1.0,1779466500,0.9995,55.0,0.99,0.0004950000000000005,0.990495,0.009504999999999986,True,0.009596211995012593
Dallas,KDAL,2026-05-22,highest-temperature-in-dallas-on-may-22-2026,highest-temperature-in-dallas-on-may-22-2026-72-73f,72-73°F,0.0,1.0,4.575311279296869,False,False,False,False,True,True,0.05,1.0,1779466500,,1733.0,,,,,False,
Dallas,KDAL,2026-05-22,highest-temperature-in-dallas-on-may-22-2026,highest-temperature-in-dallas-on-may-22-2026-74-75f,74-75°F,0.0,1.0,4.575311279296869,False,False,False,False,True,True,0.05,1.0,1779466500,0.9995,53.0,0.99,0.0004950000000000005,0.990495,0.009504999999999986,True,0.009596211995012593
Dallas,KDAL,2026-05-22,highest-temperature-in-dallas-on-may-22-2026,highest-temperature-in-dallas-on-may-22-2026-76-77f,76-77°F,0.001141874858532889,0.9988581251414671,4.575311279296869,False,False,False,False,True,True,0.05,1.0,1779466500,0.998,55.0,0.99,0.0004950000000000005,0.990495,0.008363125141467087,True,0.009596211995012593
Dallas,KDAL,2026-05-22,highest-temperature-in-dallas-on-may-22-2026,highest-temperature-in-dallas-on-may-22-2026-78-79f,78-79°F,0.0060899992455087405,0.9939100007544912,4.575311279296869,False,False,False,False,True,True,0.05,1.0,1779466500,0.9935,55.0,0.99,0.0004950000000000005,0.990495,0.003415000754491193,True,0.009596211995012593
Dallas,KDAL,2026-05-23,highest-temperature-in-dallas-on-may-23-2026,highest-temperature-in-dallas-on-may-23-2026-73forbelow,73°F or below,0.0,1.0,7.126226806640531,True,True,False,False,True,True,0.05,1.0,1779552900,,,,,,,False,
Dallas,KDAL,2026-05-23,highest-temperature-in-dallas-on-may-23-2026,highest-temperature-in-dallas-on-may-23-2026-74-75f,74-75°F,0.0,1.0,7.126226806640531,True,False,False,False,True,True,0.05,1.0,1779552900,,,,,,,False,
Dallas,KDAL,2026-05-23,highest-temperature-in-dallas-on-may-23-2026,highest-temperature-in-dallas-on-may-23-2026-76-77f,76-77°F,0.0,1.0,7.126226806640531,True,False,False,False,True,True,0.05,1.0,1779552900,,,,,,,False,
Dallas,KDAL,2026-05-23,highest-temperature-in-dallas-on-may-23-2026,highest-temperature-in-dallas-on-may-23-2026-78-79f,78-79°F,0.01988300024997762,0.9801169997500224,7.126226806640531,True,False,False,False,True,True,0.05,1.0,1779552900,0.975,55.0,0.985,0.0007387500000000007,0.98573875,-0.005621750249977575,True,0.014467575714153469
Dallas,KDAL,2026-05-23,highest-temperature-in-dallas-on-may-23-2026,highest-temperature-in-dallas-on-may-23-2026-80-81f,80-81°F,0.06324130645226911,0.9367586935477309,7.126226806640531,True,False,False,False,True,True,0.05,1.0,1779552900,0.91,56.0,0.92,0.003679999999999999,0.9236800000000001,0.013078693547730835,True,0.08262601766845656
Dallas,KDAL,2026-05-23,highest-temperature-in-dallas-on-may-23-2026,highest-temperature-in-dallas-on-may-23-2026-82-83f,82-83°F,0.2872713508095431,0.712728649190457,7.126226806640531,True,False,False,False,True,True,0.05,1.0,1779552900,0.755,56.0,0.765,0.00898875,0.77398875,-0.06126010080954303,True,0.29200844327517683
Dallas,KDAL,2026-05-23,highest-temperature-in-dallas-on-may-23-2026,highest-temperature-in-dallas-on-may-23-2026-86-87f,86-87°F,0.09591131088161574,0.9040886891183842,7.126226806640531,True,False,False,False,True,True,0.05,1.0,1779552900,0.775,56.0,0.785,0.00843875,0.7934387500000001,0.11064993911838417,True,0.26033673046596206
Dallas,KDAL,2026-05-23,highest-temperature-in-dallas-on-may-23-2026,highest-temperature-in-dallas-on-may-23-2026-88-89f,88-89°F,0.022821751228694433,0.9771782487713055,7.126226806640531,True,False,False,False,True,True,0.05,1.0,1779552900,0.9845,56.0,0.99,0.0004950000000000005,0.990495,-0.013316751228694468,True,0.009596211995012593
Dallas,KDAL,2026-05-23,highest-temperature-in-dallas-on-may-23-2026,highest-temperature-in-dallas-on-may-23-2026-90-91f,90-91°F,0.0032602501755277756,0.9967397498244722,7.126226806640531,True,False,False,False,True,True,0.05,1.0,1779552900,0.9945,55.0,0.99,0.0004950000000000005,0.990495,0.006244749824472207,True,0.009596211995012593
Dallas,KDAL,2026-05-23,highest-temperature-in-dallas-on-may-23-2026,highest-temperature-in-dallas-on-may-23-2026-92forhigher,92°F or higher,0.001630125087763888,0.9983698749122362,7.126226806640531,True,True,False,False,True,True,0.05,1.0,1779552900,0.9975,55.0,0.99,0.0004950000000000005,0.990495,0.007874874912236152,True,0.009596211995012593
Dallas,KDAL,2026-05-24,highest-temperature-in-dallas-on-may-24-2026,highest-temperature-in-dallas-on-may-24-2026-63forbelow,63°F or below,0.0,1.0,4.590472412109378,False,True,False,False,True,True,0.05,1.0,1779639300,,,,,,,False,
Dallas,KDAL,2026-05-24,highest-temperature-in-dallas-on-may-24-2026,highest-temperature-in-dallas-on-may-24-2026-64-65f,64-65°F,0.0,1.0,4.590472412109378,False,False,False,False,True,True,0.05,1.0,1779639300,,,,,,,False,
Dallas,KDAL,2026-05-24,highest-temperature-in-dallas-on-may-24-2026,highest-temperature-in-dallas-on-may-24-2026-66-67f,66-67°F,0.0,1.0,4.590472412109378,False,False,False,False,True,True,0.05,1.0,1779639300,,,,,,,False,
Dallas,KDAL,2026-05-24,highest-temperature-in-dallas-on-may-24-2026,highest-temperature-in-dallas-on-may-24-2026-68-69f,68-69°F,0.0,1.0,4.590472412109378,False,False,False,False,True,True,0.05,1.0,1779639300,,,,,,,False,
Dallas,KDAL,2026-05-24,highest-temperature-in-dallas-on-may-24-2026,highest-temperature-in-dallas-on-may-24-2026-70-71f,70-71°F,0.0,1.0,4.590472412109378,False,False,False,False,True,True,0.05,1.0,1779639300,,,,,,,False,
Dallas,KDAL,2026-05-24,highest-temperature-in-dallas-on-may-24-2026,highest-temperature-in-dallas-on-may-24-2026-72-73f,72-73°F,0.0,1.0,4.590472412109378,False,False,False,False,True,True,0.05,1.0,1779639300,,,,,,,False,
Dallas,KDAL,2026-05-24,highest-temperature-in-dallas-on-may-24-2026,highest-temperature-in-dallas-on-may-24-2026-74-75f,74-75°F,0.0,1.0,4.590472412109378,False,False,False,False,True,True,0.05,1.0,1779639300,0.9995,56.0,0.99,0.0004950000000000005,0.990495,0.009504999999999986,True,0.009596211995012593
Dallas,KDAL,2026-05-24,highest-temperature-in-dallas-on-may-24-2026,highest-temperature-in-dallas-on-may-24-2026-76-77f,76-77°F,0.0,1.0,4.590472412109378,False,False,False,False,True,True,0.05,1.0,1779639300,0.9995,56.0,0.99,0.0004950000000000005,0.990495,0.009504999999999986,True,0.009596211995012593
Dallas,KDAL,2026-05-24,highest-temperature-in-dallas-on-may-24-2026,highest-temperature-in-dallas-on-may-24-2026-78-79f,78-79°F,0.0,1.0,4.590472412109378,False,False,False,False,True,True,0.05,1.0,1779639300,0.9995,56.0,0.99,0.0004950000000000005,0.990495,0.009504999999999986,True,0.009596211995012593
Dallas,KDAL,2026-05-24,highest-temperature-in-dallas-on-may-24-2026,highest-temperature-in-dallas-on-may-24-2026-80-81f,80-81°F,0.0003772262748413737,0.9996227737251586,4.590472412109378,False,False,False,False,True,True,0.05,1.0,1779639300,0.9975,56.0,0.99,0.0004950000000000005,0.990495,0.009127773725158606,True,0.009596211995012593
Dallas,KDAL,2026-05-25,highest-temperature-in-dallas-on-may-25-2026,highest-temperature-in-dallas-on-may-25-2026-73forbelow,73°F or below,0.0,1.0,4.944342041015631,False,True,False,False,True,True,0.05,1.0,1779725700,,,,,,,False,
Dallas,KDAL,2026-05-25,highest-temperature-in-dallas-on-may-25-2026,highest-temperature-in-dallas-on-may-25-2026-74-75f,74-75°F,0.0,1.0,4.944342041015631,False,False,False,False,True,True,0.05,1.0,1779725700,,957.0,,,,,False,
Dallas,KDAL,2026-05-25,highest-temperature-in-dallas-on-may-25-2026,highest-temperature-in-dallas-on-may-25-2026-76-77f,76-77°F,0.0,1.0,4.944342041015631,False,False,False,False,True,True,0.05,1.0,1779725700,,957.0,,,,,False,
Dallas,KDAL,2026-05-25,highest-temperature-in-dallas-on-may-25-2026,highest-temperature-in-dallas-on-may-25-2026-78-79f,78-79°F,0.0,1.0,4.944342041015631,False,False,False,False,True,True,0.05,1.0,1779725700,0.9995,56.0,0.99,0.0004950000000000005,0.990495,0.009504999999999986,True,0.009596211995012593
Dallas,KDAL,2026-05-25,highest-temperature-in-dallas-on-may-25-2026,highest-temperature-in-dallas-on-may-25-2026-80-81f,80-81°F,0.0,1.0,4.944342041015631,False,False,False,False,True,True,0.05,1.0,1779725700,0.9995,56.0,0.99,0.0004950000000000005,0.990495,0.009504999999999986,True,0.009596211995012593
Dallas,KDAL,2026-05-25,highest-temperature-in-dallas-on-may-25-2026,highest-temperature-in-dallas-on-may-25-2026-82-83f,82-83°F,0.016118675633215652,0.9838813243667843,4.944342041015631,False,False,False,False,True,True,0.05,1.0,1779725700,0.9335,56.0,0.9435,0.0026653874999999997,0.9461653875,0.037715936866784316,True,0.05689767688738234
Dallas,KDAL,2026-05-25,highest-temperature-in-dallas-on-may-25-2026,highest-temperature-in-dallas-on-may-25-2026-84-85f,84-85°F,0.07999262410555302,0.9200073758944469,4.944342041015631,False,False,False,False,True,True,0.05,1.0,1779725700,0.585,56.0,0.595,0.01204875,0.60704875,0.3129586258944469,True,0.6473141572237813
Dallas,KDAL,2026-05-25,highest-temperature-in-dallas-on-may-25-2026,highest-temperature-in-dallas-on-may-25-2026-90-91f,90-91°F,0.05107564868280756,0.9489243513171924,4.944342041015631,False,False,False,False,True,True,0.05,1.0,1779725700,0.9575,56.0,0.9675,0.0015721874999999987,0.9690721875,-0.020147836182807577,True,0.031914869603044904
Dallas,KDAL,2026-05-25,highest-temperature-in-dallas-on-may-25-2026,highest-temperature-in-dallas-on-may-25-2026-92forhigher,92°F or higher,0.013276596764181109,0.9867234032358189,4.944342041015631,False,True,False,False,True,True,0.05,1.0,1779725700,0.996,56.0,0.99,0.0004950000000000005,0.990495,-0.003771596764181151,True,0.009596211995012593
Dallas,KDAL,2026-05-26,highest-temperature-in-dallas-on-may-26-2026,highest-temperature-in-dallas-on-may-26-2026-71forbelow,71°F or below,0.0,1.0,3.6762451171875057,True,True,False,False,True,True,0.05,1.0,1779812100,,356.0,,,,,False,
Dallas,KDAL,2026-05-26,highest-temperature-in-dallas-on-may-26-2026,highest-temperature-in-dallas-on-may-26-2026-72-73f,72-73°F,0.0,1.0,3.6762451171875057,True,False,False,False,True,True,0.05,1.0,1779812100,0.9995,56.0,0.99,0.0004950000000000005,0.990495,0.009504999999999986,True,0.009596211995012593
Dallas,KDAL,2026-05-26,highest-temperature-in-dallas-on-may-26-2026,highest-temperature-in-dallas-on-may-26-2026-74-75f,74-75°F,0.0,1.0,3.6762451171875057,True,False,False,False,True,True,0.05,1.0,1779812100,0.9995,56.0,0.99,0.0004950000000000005,0.990495,0.009504999999999986,True,0.009596211995012593
Dallas,KDAL,2026-05-26,highest-temperature-in-dallas-on-may-26-2026,highest-temperature-in-dallas-on-may-26-2026-76-77f,76-77°F,0.0,1.0,3.6762451171875057,True,False,False,False,True,True,0.05,1.0,1779812100,0.9995,56.0,0.99,0.0004950000000000005,0.990495,0.009504999999999986,True,0.009596211995012593
Dallas,KDAL,2026-05-26,highest-temperature-in-dallas-on-may-26-2026,highest-temperature-in-dallas-on-may-26-2026-78-79f,78-79°F,0.0,1.0,3.6762451171875057,True,False,False,False,True,True,0.05,1.0,1779812100,0.9995,57.0,0.99,0.0004950000000000005,0.990495,0.009504999999999986,True,0.009596211995012593
Dallas,KDAL,2026-05-26,highest-temperature-in-dallas-on-may-26-2026,highest-temperature-in-dallas-on-may-26-2026-80-81f,80-81°F,0.004998742494700925,0.9950012575052991,3.6762451171875057,True,False,False,False,True,True,0.05,1.0,1779812100,0.9875,56.0,0.99,0.0004950000000000005,0.990495,0.004506257505299094,True,0.009596211995012593
Dallas,KDAL,2026-05-26,highest-temperature-in-dallas-on-may-26-2026,highest-temperature-in-dallas-on-may-26-2026-82-83f,82-83°F,0.018120441543290854,0.9818795584567092,3.6762451171875057,True,False,False,False,True,True,0.05,1.0,1779812100,0.9345,57.0,0.9445,0.0026209874999999997,0.9471209875,0.0347585709567092,True,0.05583131743239944
Dallas,KDAL,2026-05-26,highest-temperature-in-dallas-on-may-26-2026,highest-temperature-in-dallas-on-may-26-2026-84-85f,84-85°F,0.14190408306962682,0.8580959169303732,3.6762451171875057,True,False,False,False,True,True,0.05,1.0,1779812100,0.6,56.0,0.61,0.011895000000000001,0.621895,0.23620091693037326,True,0.6079884868024346
Dallas,KDAL,2026-05-26,highest-temperature-in-dallas-on-may-26-2026,highest-temperature-in-dallas-on-may-26-2026-88-89f,88-89°F,0.2744329011290352,0.7255670988709648,3.6762451171875057,True,False,False,False,True,True,0.05,1.0,1779812100,0.845,56.0,0.855,0.006198750000000001,0.86119875,-0.1356316511290352,True,0.1611721452219943
Dallas,KDAL,2026-05-26,highest-temperature-in-dallas-on-may-26-2026,highest-temperature-in-dallas-on-may-26-2026-90forhigher,90°F or higher,0.032102525308247885,0.9678974746917521,3.6762451171875057,True,True,False,False,True,True,0.05,1.0,1779812100,0.9525,56.0,0.9625,0.001804687499999999,0.9643046875,0.003592787191752156,True,0.037016632774586666
Dallas,KDAL,2026-05-27,highest-temperature-in-dallas-on-may-27-2026,highest-temperature-in-dallas-on-may-27-2026-63forbelow,63°F or below,0.0,1.0,8.170147705078136,False,True,False,False,True,True,0.05,1.0,1779898500,0.9995,56.0,0.99,0.0004950000000000005,0.990495,0.009504999999999986,True,0.009596211995012593
Dallas,KDAL,2026-05-27,highest-temperature-in-dallas-on-may-27-2026,highest-temperature-in-dallas-on-may-27-2026-64-65f,64-65°F,0.0,1.0,8.170147705078136,False,False,False,False,True,True,0.05,1.0,1779898500,0.9995,55.0,0.99,0.0004950000000000005,0.990495,0.009504999999999986,True,0.009596211995012593
Dallas,KDAL,2026-05-27,highest-temperature-in-dallas-on-may-27-2026,highest-temperature-in-dallas-on-may-27-2026-66-67f,66-67°F,0.0,1.0,8.170147705078136,False,False,False,False,True,True,0.05,1.0,1779898500,0.9995,56.0,0.99,0.0004950000000000005,0.990495,0.009504999999999986,True,0.009596211995012593
Dallas,KDAL,2026-05-27,highest-temperature-in-dallas-on-may-27-2026,highest-temperature-in-dallas-on-may-27-2026-68-69f,68-69°F,0.0,1.0,8.170147705078136,False,False,False,False,True,True,0.05,1.0,1779898500,0.9995,55.0,0.99,0.0004950000000000005,0.990495,0.009504999999999986,True,0.009596211995012593
Dallas,KDAL,2026-05-27,highest-temperature-in-dallas-on-may-27-2026,highest-temperature-in-dallas-on-may-27-2026-70-71f,70-71°F,0.0,1.0,8.170147705078136,False,False,False,False,True,True,0.05,1.0,1779898500,0.9995,56.0,0.99,0.0004950000000000005,0.990495,0.009504999999999986,True,0.009596211995012593
Dallas,KDAL,2026-05-27,highest-temperature-in-dallas-on-may-27-2026,highest-temperature-in-dallas-on-may-27-2026-72-73f,72-73°F,0.0019465314476030037,0.998053468552397,8.170147705078136,False,False,False,False,True,True,0.05,1.0,1779898500,0.9985,55.0,0.99,0.0004950000000000005,0.990495,0.007558468552396946,True,0.009596211995012593
Dallas,KDAL,2026-05-27,highest-temperature-in-dallas-on-may-27-2026,highest-temperature-in-dallas-on-may-27-2026-74-75f,74-75°F,0.010381501053882686,0.9896184989461173,8.170147705078136,False,False,False,False,True,True,0.05,1.0,1779898500,0.9835,55.0,0.99,0.0004950000000000005,0.990495,-0.0008765010538827056,True,0.009596211995012593
Dallas,KDAL,2026-05-27,highest-temperature-in-dallas-on-may-27-2026,highest-temperature-in-dallas-on-may-27-2026-76-77f,76-77°F,0.03763294132032474,0.9623670586796753,8.170147705078136,False,False,False,False,True,True,0.05,1.0,1779898500,0.9295,56.0,0.9395,0.0028419875000000004,0.9423419875,0.020025071179675336,True,0.061185868044535185
Dallas,KDAL,2026-05-27,highest-temperature-in-dallas-on-may-27-2026,highest-temperature-in-dallas-on-may-27-2026-78-79f,78-79°F,0.13155179207698695,0.868448207923013,8.170147705078136,False,False,False,False,True,True,0.05,1.0,1779898500,0.88,56.0,0.89,0.004895,0.894895,-0.02644679207698697,True,0.11744953318545748
Dallas,KDAL,2026-05-27,highest-temperature-in-dallas-on-may-27-2026,highest-temperature-in-dallas-on-may-27-2026-80-81f,80-81°F,0.3579377672136326,0.6420622327863674,8.170147705078136,False,False,True,False,True,True,0.05,1.0,1779898500,0.81,56.0,0.8200000000000001,0.007379999999999998,0.82738,-0.18531776721363258,True,0.20863448475911905
Dallas,KDAL,2026-05-28,highest-temperature-in-dallas-on-may-28-2026,highest-temperature-in-dallas-on-may-28-2026-65forbelow,65°F or below,0.0,1.0,5.683117675781361,False,True,False,False,True,True,0.05,1.0,1779984900,0.9995,56.0,0.99,0.0004950000000000005,0.990495,0.009504999999999986,True,0.009596211995012593
Dallas,KDAL,2026-05-28,highest-temperature-in-dallas-on-may-28-2026,highest-temperature-in-dallas-on-may-28-2026-66-67f,66-67°F,0.0,1.0,5.683117675781361,False,False,False,False,True,True,0.05,1.0,1779984900,0.9995,57.0,0.99,0.0004950000000000005,0.990495,0.009504999999999986,True,0.009596211995012593
Dallas,KDAL,2026-05-28,highest-temperature-in-dallas-on-may-28-2026,highest-temperature-in-dallas-on-may-28-2026-68-69f,68-69°F,0.0,1.0,5.683117675781361,False,False,False,False,True,True,0.05,1.0,1779984900,0.9995,56.0,0.99,0.0004950000000000005,0.990495,0.009504999999999986,True,0.009596211995012593
Dallas,KDAL,2026-05-28,highest-temperature-in-dallas-on-may-28-2026,highest-temperature-in-dallas-on-may-28-2026-70-71f,70-71°F,0.0,1.0,5.683117675781361,False,False,False,False,True,True,0.05,1.0,1779984900,0.9995,57.0,0.99,0.0004950000000000005,0.990495,0.009504999999999986,True,0.009596211995012593
Dallas,KDAL,2026-05-28,highest-temperature-in-dallas-on-may-28-2026,highest-temperature-in-dallas-on-may-28-2026-72-73f,72-73°F,0.0,1.0,5.683117675781361,False,False,False,False,True,True,0.05,1.0,1779984900,0.9995,57.0,0.99,0.0004950000000000005,0.990495,0.009504999999999986,True,0.009596211995012593
Dallas,KDAL,2026-05-28,highest-temperature-in-dallas-on-may-28-2026,highest-temperature-in-dallas-on-may-28-2026-74-75f,74-75°F,0.0,1.0,5.683117675781361,False,False,False,False,True,True,0.05,1.0,1779984900,0.9995,57.0,0.99,0.0004950000000000005,0.990495,0.009504999999999986,True,0.009596211995012593
Dallas,KDAL,2026-05-28,highest-temperature-in-dallas-on-may-28-2026,highest-temperature-in-dallas-on-may-28-2026-76-77f,76-77°F,0.0,1.0,5.683117675781361,False,False,False,False,True,True,0.05,1.0,1779984900,0.9995,57.0,0.99,0.0004950000000000005,0.990495,0.009504999999999986,True,0.009596211995012593
Dallas,KDAL,2026-05-28,highest-temperature-in-dallas-on-may-28-2026,highest-temperature-in-dallas-on-may-28-2026-78-79f,78-79°F,0.007111276161066186,0.9928887238389338,5.683117675781361,False,False,False,False,True,True,0.05,1.0,1779984900,0.9995,57.0,0.99,0.0004950000000000005,0.990495,0.00239372383893377,True,0.009596211995012593
Dallas,KDAL,2026-05-28,highest-temperature-in-dallas-on-may-28-2026,highest-temperature-in-dallas-on-may-28-2026-80-81f,80-81°F,0.025778376083864924,0.9742216239161351,5.683117675781361,False,False,False,False,True,True,0.05,1.0,1779984900,0.999,57.0,0.99,0.0004950000000000005,0.990495,-0.01627337608386492,True,0.009596211995012593
Dallas,KDAL,2026-05-28,highest-temperature-in-dallas-on-may-28-2026,highest-temperature-in-dallas-on-may-28-2026-82-83f,82-83°F,0.09143121856133421,0.9085687814386658,5.683117675781361,False,False,False,False,True,True,0.05,1.0,1779984900,0.9845,56.0,0.99,0.0004950000000000005,0.990495,-0.0819262185613342,True,0.009596211995012593
Dallas,KDAL,2026-05-29,highest-temperature-in-dallas-on-may-29-2026,highest-temperature-in-dallas-on-may-29-2026-69forbelow,69°F or below,0.0,1.0,3.886798095703142,True,True,False,False,True,True,0.05,1.0,1780071300,0.9995,46.0,0.99,0.0004950000000000005,0.990495,0.009504999999999986,True,0.009596211995012593
Dallas,KDAL,2026-05-29,highest-temperature-in-dallas-on-may-29-2026,highest-temperature-in-dallas-on-may-29-2026-70-71f,70-71°F,0.0,1.0,3.886798095703142,True,False,False,False,True,True,0.05,1.0,1780071300,0.9995,45.0,0.99,0.0004950000000000005,0.990495,0.009504999999999986,True,0.009596211995012593
Dallas,KDAL,2026-05-29,highest-temperature-in-dallas-on-may-29-2026,highest-temperature-in-dallas-on-may-29-2026-72-73f,72-73°F,0.0,1.0,3.886798095703142,True,False,False,False,True,True,0.05,1.0,1780071300,0.9995,45.0,0.99,0.0004950000000000005,0.990495,0.009504999999999986,True,0.009596211995012593
Dallas,KDAL,2026-05-29,highest-temperature-in-dallas-on-may-29-2026,highest-temperature-in-dallas-on-may-29-2026-74-75f,74-75°F,0.0,1.0,3.886798095703142,True,False,False,False,True,True,0.05,1.0,1780071300,0.9995,46.0,0.99,0.0004950000000000005,0.990495,0.009504999999999986,True,0.009596211995012593
Dallas,KDAL,2026-05-29,highest-temperature-in-dallas-on-may-29-2026,highest-temperature-in-dallas-on-may-29-2026-76-77f,76-77°F,0.0,1.0,3.886798095703142,True,False,False,False,True,True,0.05,1.0,1780071300,0.9995,46.0,0.99,0.0004950000000000005,0.990495,0.009504999999999986,True,0.009596211995012593
Dallas,KDAL,2026-05-29,highest-temperature-in-dallas-on-may-29-2026,highest-temperature-in-dallas-on-may-29-2026-78-79f,78-79°F,0.0,1.0,3.886798095703142,True,False,False,False,True,True,0.05,1.0,1780071300,0.9995,45.0,0.99,0.0004950000000000005,0.990495,0.009504999999999986,True,0.009596211995012593
Dallas,KDAL,2026-05-29,highest-temperature-in-dallas-on-may-29-2026,highest-temperature-in-dallas-on-may-29-2026-80-81f,80-81°F,0.0,1.0,3.886798095703142,True,False,False,False,True,True,0.05,1.0,1780071300,0.9995,45.0,0.99,0.0004950000000000005,0.990495,0.009504999999999986,True,0.009596211995012593
Dallas,KDAL,2026-05-29,highest-temperature-in-dallas-on-may-29-2026,highest-temperature-in-dallas-on-may-29-2026-82-83f,82-83°F,0.0,1.0,3.886798095703142,True,False,False,False,True,True,0.05,1.0,1780071300,0.9995,46.0,0.99,0.0004950000000000005,0.990495,0.009504999999999986,True,0.009596211995012593
Dallas,KDAL,2026-05-29,highest-temperature-in-dallas-on-may-29-2026,highest-temperature-in-dallas-on-may-29-2026-84-85f,84-85°F,0.0,1.0,3.886798095703142,True,False,False,False,True,True,0.05,1.0,1780071300,0.9995,46.0,0.99,0.0004950000000000005,0.990495,0.009504999999999986,True,0.009596211995012593
Dallas,KDAL,2026-05-29,highest-temperature-in-dallas-on-may-29-2026,highest-temperature-in-dallas-on-may-29-2026-86-87f,86-87°F,0.01186648579783179,0.9881335142021682,3.886798095703142,True,False,False,False,True,True,0.05,1.0,1780071300,0.9985,45.0,0.99,0.0004950000000000005,0.990495,-0.002361485797831797,True,0.009596211995012593
Dallas,KDAL,2026-05-30,highest-temperature-in-dallas-on-may-30-2026,highest-temperature-in-dallas-on-may-30-2026-69forbelow,69°F or below,0.0,1.0,3.268707275390625,True,True,False,False,True,True,0.05,1.0,1780157700,0.9995,56.0,0.99,0.0004950000000000005,0.990495,0.009504999999999986,True,0.009596211995012593
Dallas,KDAL,2026-05-30,highest-temperature-in-dallas-on-may-30-2026,highest-temperature-in-dallas-on-may-30-2026-70-71f,70-71°F,0.0,1.0,3.268707275390625,True,False,False,False,True,True,0.05,1.0,1780157700,0.9995,56.0,0.99,0.0004950000000000005,0.990495,0.009504999999999986,True,0.009596211995012593
Dallas,KDAL,2026-05-30,highest-temperature-in-dallas-on-may-30-2026,highest-temperature-in-dallas-on-may-30-2026-72-73f,72-73°F,0.0,1.0,3.268707275390625,True,False,False,False,True,True,0.05,1.0,1780157700,0.9995,56.0,0.99,0.0004950000000000005,0.990495,0.009504999999999986,True,0.009596211995012593
Dallas,KDAL,2026-05-30,highest-temperature-in-dallas-on-may-30-2026,highest-temperature-in-dallas-on-may-30-2026-74-75f,74-75°F,0.0,1.0,3.268707275390625,True,False,False,False,True,True,0.05,1.0,1780157700,0.9995,57.0,0.99,0.0004950000000000005,0.990495,0.009504999999999986,True,0.009596211995012593
Dallas,KDAL,2026-05-30,highest-temperature-in-dallas-on-may-30-2026,highest-temperature-in-dallas-on-may-30-2026-76-77f,76-77°F,0.0,1.0,3.268707275390625,True,False,False,False,True,True,0.05,1.0,1780157700,0.9995,56.0,0.99,0.0004950000000000005,0.990495,0.009504999999999986,True,0.009596211995012593
Dallas,KDAL,2026-05-30,highest-temperature-in-dallas-on-may-30-2026,highest-temperature-in-dallas-on-may-30-2026-78-79f,78-79°F,0.0,1.0,3.268707275390625,True,False,False,False,True,True,0.05,1.0,1780157700,0.9995,56.0,0.99,0.0004950000000000005,0.990495,0.009504999999999986,True,0.009596211995012593
Dallas,KDAL,2026-05-30,highest-temperature-in-dallas-on-may-30-2026,highest-temperature-in-dallas-on-may-30-2026-80-81f,80-81°F,0.0,1.0,3.268707275390625,True,False,False,False,True,True,0.05,1.0,1780157700,0.9995,56.0,0.99,0.0004950000000000005,0.990495,0.009504999999999986,True,0.009596211995012593
Dallas,KDAL,2026-05-30,highest-temperature-in-dallas-on-may-30-2026,highest-temperature-in-dallas-on-may-30-2026-82-83f,82-83°F,0.0,1.0,3.268707275390625,True,False,False,False,True,True,0.05,1.0,1780157700,0.9995,56.0,0.99,0.0004950000000000005,0.990495,0.009504999999999986,True,0.009596211995012593
Dallas,KDAL,2026-05-30,highest-temperature-in-dallas-on-may-30-2026,highest-temperature-in-dallas-on-may-30-2026-84-85f,84-85°F,0.0070247222828434056,0.9929752777171565,3.268707275390625,True,False,False,False,True,True,0.05,1.0,1780157700,0.9965,56.0,0.99,0.0004950000000000005,0.990495,0.0024802777171565316,True,0.009596211995012593
Dallas,KDAL,2026-05-30,highest-temperature-in-dallas-on-may-30-2026,highest-temperature-in-dallas-on-may-30-2026-86-87f,86-87°F,0.025464618275307348,0.9745353817246927,3.268707275390625,True,False,False,False,True,True,0.05,1.0,1780157700,0.9825,56.0,0.99,0.0004950000000000005,0.990495,-0.01595961827530734,True,0.009596211995012593
Dallas,KDAL,2026-05-31,highest-temperature-in-dallas-on-may-31-2026,highest-temperature-in-dallas-on-may-31-2026-73forbelow,73°F or below,0.0,1.0,7.676751708984369,False,True,False,False,True,True,0.05,1.0,1780244100,0.9995,56.0,0.99,0.0004950000000000005,0.990495,0.009504999999999986,True,0.009596211995012593
Dallas,KDAL,2026-05-31,highest-temperature-in-dallas-on-may-31-2026,highest-temperature-in-dallas-on-may-31-2026-74-75f,74-75°F,0.0,1.0,7.676751708984369,False,False,False,False,True,True,0.05,1.0,1780244100,0.9995,55.0,0.99,0.0004950000000000005,0.990495,0.009504999999999986,True,0.009596211995012593
Dallas,KDAL,2026-05-31,highest-temperature-in-dallas-on-may-31-2026,highest-temperature-in-dallas-on-may-31-2026-76-77f,76-77°F,0.0,1.0,7.676751708984369,False,False,False,False,True,True,0.05,1.0,1780244100,0.9995,56.0,0.99,0.0004950000000000005,0.990495,0.009504999999999986,True,0.009596211995012593
Dallas,KDAL,2026-05-31,highest-temperature-in-dallas-on-may-31-2026,highest-temperature-in-dallas-on-may-31-2026-78-79f,78-79°F,0.0,1.0,7.676751708984369,False,False,False,False,True,True,0.05,1.0,1780244100,0.9995,56.0,0.99,0.0004950000000000005,0.990495,0.009504999999999986,True,0.009596211995012593
Dallas,KDAL,2026-05-31,highest-temperature-in-dallas-on-may-31-2026,highest-temperature-in-dallas-on-may-31-2026-80-81f,80-81°F,0.0,1.0,7.676751708984369,False,False,False,False,True,True,0.05,1.0,1780244100,0.9995,55.0,0.99,0.0004950000000000005,0.990495,0.009504999999999986,True,0.009596211995012593
Dallas,KDAL,2026-05-31,highest-temperature-in-dallas-on-may-31-2026,highest-temperature-in-dallas-on-may-31-2026-82-83f,82-83°F,0.0,1.0,7.676751708984369,False,False,False,False,True,True,0.05,1.0,1780244100,0.9995,56.0,0.99,0.0004950000000000005,0.990495,0.009504999999999986,True,0.009596211995012593
Dallas,KDAL,2026-05-31,highest-temperature-in-dallas-on-may-31-2026,highest-temperature-in-dallas-on-may-31-2026-84-85f,84-85°F,0.0,1.0,7.676751708984369,False,False,False,False,True,True,0.05,1.0,1780244100,0.9995,56.0,0.99,0.0004950000000000005,0.990495,0.009504999999999986,True,0.009596211995012593
Dallas,KDAL,2026-05-31,highest-temperature-in-dallas-on-may-31-2026,highest-temperature-in-dallas-on-may-31-2026-86-87f,86-87°F,0.00038488643574310536,0.9996151135642569,7.676751708984369,False,False,False,False,True,True,0.05,1.0,1780244100,0.999,55.0,0.99,0.0004950000000000005,0.990495,0.009120113564256904,True,0.009596211995012593
Dallas,KDAL,2026-05-31,highest-temperature-in-dallas-on-may-31-2026,highest-temperature-in-dallas-on-may-31-2026-88-89f,88-89°F,0.015395457429724216,0.9846045425702757,7.676751708984369,False,False,False,False,True,True,0.05,1.0,1780244100,0.9995,56.0,0.99,0.0004950000000000005,0.990495,-0.005890457429724272,True,0.009596211995012593
Dallas,KDAL,2026-05-31,highest-temperature-in-dallas-on-may-31-2026,highest-temperature-in-dallas-on-may-31-2026-90-91f,90-91°F,0.040643322878605226,0.9593566771213948,7.676751708984369,False,False,False,False,True,True,0.05,1.0,1780244100,0.985,56.0,0.99,0.0004950000000000005,0.990495,-0.031138322878605185,True,0.009596211995012593
Dallas,KDAL,2026-06-01,highest-temperature-in-dallas-on-june-1-2026,highest-temperature-in-dallas-on-june-1-2026-75forbelow,75°F or below,0.0,1.0,6.625469970703122,True,True,False,False,True,True,0.05,1.0,1780330500,0.9995,55.0,0.99,0.0004950000000000005,0.990495,0.009504999999999986,True,0.009596211995012593
Dallas,KDAL,2026-06-01,highest-temperature-in-dallas-on-june-1-2026,highest-temperature-in-dallas-on-june-1-2026-76-77f,76-77°F,0.0,1.0,6.625469970703122,True,False,False,False,True,True,0.05,1.0,1780330500,0.9995,55.0,0.99,0.0004950000000000005,0.990495,0.009504999999999986,True,0.009596211995012593
Dallas,KDAL,2026-06-01,highest-temperature-in-dallas-on-june-1-2026,highest-temperature-in-dallas-on-june-1-2026-78-79f,78-79°F,0.0,1.0,6.625469970703122,True,False,False,False,True,True,0.05,1.0,1780330500,0.9995,55.0,0.99,0.0004950000000000005,0.990495,0.009504999999999986,True,0.009596211995012593
Dallas,KDAL,2026-06-01,highest-temperature-in-dallas-on-june-1-2026,highest-temperature-in-dallas-on-june-1-2026-80-81f,80-81°F,0.0,1.0,6.625469970703122,True,False,False,False,True,True,0.05,1.0,1780330500,0.9995,55.0,0.99,0.0004950000000000005,0.990495,0.009504999999999986,True,0.009596211995012593
Dallas,KDAL,2026-06-01,highest-temperature-in-dallas-on-june-1-2026,highest-temperature-in-dallas-on-june-1-2026-82-83f,82-83°F,0.0,1.0,6.625469970703122,True,False,False,False,True,True,0.05,1.0,1780330500,0.9995,55.0,0.99,0.0004950000000000005,0.990495,0.009504999999999986,True,0.009596211995012593
Dallas,KDAL,2026-06-01,highest-temperature-in-dallas-on-june-1-2026,highest-temperature-in-dallas-on-june-1-2026-84-85f,84-85°F,0.0,1.0,6.625469970703122,True,False,False,False,True,True,0.05,1.0,1780330500,0.9995,55.0,0.99,0.0004950000000000005,0.990495,0.009504999999999986,True,0.009596211995012593
Dallas,KDAL,2026-06-01,highest-temperature-in-dallas-on-june-1-2026,highest-temperature-in-dallas-on-june-1-2026-86-87f,86-87°F,0.0,1.0,6.625469970703122,True,False,False,False,True,True,0.05,1.0,1780330500,0.9995,55.0,0.99,0.0004950000000000005,0.990495,0.009504999999999986,True,0.009596211995012593
Dallas,KDAL,2026-06-01,highest-temperature-in-dallas-on-june-1-2026,highest-temperature-in-dallas-on-june-1-2026-88-89f,88-89°F,0.01301804592372508,0.9869819540762749,6.625469970703122,True,False,False,False,True,True,0.05,1.0,1780330500,0.9945,55.0,0.99,0.0004950000000000005,0.990495,-0.0035130459237251443,True,0.009596211995012593
Dallas,KDAL,2026-06-01,highest-temperature-in-dallas-on-june-1-2026,highest-temperature-in-dallas-on-june-1-2026-90-91f,90-91°F,0.03563640310150986,0.9643635968984902,6.625469970703122,True,False,False,False,True,True,0.05,1.0,1780330500,0.992,55.0,0.99,0.0004950000000000005,0.990495,-0.026131403101509854,True,0.009596211995012593
Dallas,KDAL,2026-06-01,highest-temperature-in-dallas-on-june-1-2026,highest-temperature-in-dallas-on-june-1-2026-92-93f,92-93°F,0.25198247724417994,0.7480175227558201,6.625469970703122,True,False,False,False,True,True,0.05,1.0,1780330500,0.85,55.0,0.86,0.006020000000000001,0.86602,-0.11800247724417989,True,0.1547077434701276
Dallas,KDAL,2026-06-02,highest-temperature-in-dallas-on-june-2-2026,highest-temperature-in-dallas-on-june-2-2026-73forbelow,73°F or below,0.0,1.0,7.949047851562526,True,True,False,False,True,True,0.05,1.0,1780416900,0.9995,56.0,0.99,0.0004950000000000005,0.990495,0.009504999999999986,True,0.009596211995012593
Dallas,KDAL,2026-06-02,highest-temperature-in-dallas-on-june-2-2026,highest-temperature-in-dallas-on-june-2-2026-74-75f,74-75°F,0.0,1.0,7.949047851562526,True,False,False,False,True,True,0.05,1.0,1780416900,0.9995,56.0,0.99,0.0004950000000000005,0.990495,0.009504999999999986,True,0.009596211995012593
Dallas,KDAL,2026-06-02,highest-temperature-in-dallas-on-june-2-2026,highest-temperature-in-dallas-on-june-2-2026-76-77f,76-77°F,0.0,1.0,7.949047851562526,True,False,False,False,True,True,0.05,1.0,1780416900,0.9995,56.0,0.99,0.0004950000000000005,0.990495,0.009504999999999986,True,0.009596211995012593
Dallas,KDAL,2026-06-02,highest-temperature-in-dallas-on-june-2-2026,highest-temperature-in-dallas-on-june-2-2026-78-79f,78-79°F,0.0,1.0,7.949047851562526,True,False,False,False,True,True,0.05,1.0,1780416900,0.9995,56.0,0.99,0.0004950000000000005,0.990495,0.009504999999999986,True,0.009596211995012593
Dallas,KDAL,2026-06-02,highest-temperature-in-dallas-on-june-2-2026,highest-temperature-in-dallas-on-june-2-2026-80-81f,80-81°F,0.0,1.0,7.949047851562526,True,False,False,False,True,True,0.05,1.0,1780416900,0.9995,56.0,0.99,0.0004950000000000005,0.990495,0.009504999999999986,True,0.009596211995012593
Dallas,KDAL,2026-06-02,highest-temperature-in-dallas-on-june-2-2026,highest-temperature-in-dallas-on-june-2-2026-82-83f,82-83°F,0.0,1.0,7.949047851562526,True,False,False,False,True,True,0.05,1.0,1780416900,0.9995,56.0,0.99,0.0004950000000000005,0.990495,0.009504999999999986,True,0.009596211995012593
Dallas,KDAL,2026-06-02,highest-temperature-in-dallas-on-june-2-2026,highest-temperature-in-dallas-on-june-2-2026-84-85f,84-85°F,0.0,1.0,7.949047851562526,True,False,False,False,True,True,0.05,1.0,1780416900,0.9995,56.0,0.99,0.0004950000000000005,0.990495,0.009504999999999986,True,0.009596211995012593
Dallas,KDAL,2026-06-02,highest-temperature-in-dallas-on-june-2-2026,highest-temperature-in-dallas-on-june-2-2026-86-87f,86-87°F,0.0,1.0,7.949047851562526,True,False,False,False,True,True,0.05,1.0,1780416900,0.9995,56.0,0.99,0.0004950000000000005,0.990495,0.009504999999999986,True,0.009596211995012593
Dallas,KDAL,2026-06-02,highest-temperature-in-dallas-on-june-2-2026,highest-temperature-in-dallas-on-june-2-2026-88-89f,88-89°F,0.012789327989646678,0.9872106720103533,7.949047851562526,True,False,False,False,True,True,0.05,1.0,1780416900,0.985,56.0,0.99,0.0004950000000000005,0.990495,-0.0032843279896467292,True,0.009596211995012593
Dallas,KDAL,2026-06-02,highest-temperature-in-dallas-on-june-2-2026,highest-temperature-in-dallas-on-june-2-2026-90-91f,90-91°F,0.04590966365413424,0.9540903363458657,7.949047851562526,True,False,False,False,True,True,0.05,1.0,1780416900,0.94,56.0,0.95,0.002375000000000002,0.952375,0.0017153363458657367,True,0.050006562541015986
Dallas,KDAL,2026-06-03,highest-temperature-in-dallas-on-june-3-2026,highest-temperature-in-dallas-on-june-3-2026-77forbelow,77°F or below,0.0,1.0,6.7412109375,False,True,False,False,True,True,0.05,1.0,1780503300,0.9995,53.0,0.99,0.0004950000000000005,0.990495,0.009504999999999986,True,0.009596211995012593
Dallas,KDAL,2026-06-03,highest-temperature-in-dallas-on-june-3-2026,highest-temperature-in-dallas-on-june-3-2026-78-79f,78-79°F,0.0,1.0,6.7412109375,False,False,False,False,True,True,0.05,1.0,1780503300,0.9995,53.0,0.99,0.0004950000000000005,0.990495,0.009504999999999986,True,0.009596211995012593
Dallas,KDAL,2026-06-03,highest-temperature-in-dallas-on-june-3-2026,highest-temperature-in-dallas-on-june-3-2026-80-81f,80-81°F,0.0007779783739981591,0.9992220216260018,6.7412109375,False,False,False,False,True,True,0.05,1.0,1780503300,0.9995,53.0,0.99,0.0004950000000000005,0.990495,0.008727021626001807,True,0.009596211995012593
Dallas,KDAL,2026-06-03,highest-temperature-in-dallas-on-june-3-2026,highest-temperature-in-dallas-on-june-3-2026-82-83f,82-83°F,0.031119134959926367,0.9688808650400736,6.7412109375,False,False,False,False,True,True,0.05,1.0,1780503300,0.9985,53.0,0.99,0.0004950000000000005,0.990495,-0.021614134959926368,True,0.009596211995012593
Dallas,KDAL,2026-06-03,highest-temperature-in-dallas-on-june-3-2026,highest-temperature-in-dallas-on-june-3-2026-84-85f,84-85°F,0.06004188017620697,0.9399581198237931,6.7412109375,False,False,False,False,True,True,0.05,1.0,1780503300,0.99,52.0,0.99,0.0004950000000000005,0.990495,-0.050536880176206944,True,0.009596211995012593
Dallas,KDAL,2026-06-03,highest-temperature-in-dallas-on-june-3-2026,highest-temperature-in-dallas-on-june-3-2026-86-87f,86-87°F,0.27078640475995164,0.7292135952400484,6.7412109375,False,False,False,False,True,True,0.05,1.0,1780503300,0.967,53.0,0.977,0.001123550000000001,0.97812355,-0.2489099547599516,True,0.022365732836102437
Dallas,KDAL,2026-06-03,highest-temperature-in-dallas-on-june-3-2026,highest-temperature-in-dallas-on-june-3-2026-90-91f,90-91°F,0.14652744681642607,0.853472553183574,6.7412109375,False,False,False,False,True,True,0.05,1.0,1780503300,0.51,53.0,0.52,0.01248,0.5324800000000001,0.3209925531835739,True,0.8780048076923075
Dallas,KDAL,2026-06-03,highest-temperature-in-dallas-on-june-3-2026,highest-temperature-in-dallas-on-june-3-2026-92-93f,92-93°F,0.02359601118364036,0.9764039888163596,6.7412109375,False,False,False,False,True,True,0.05,1.0,1780503300,0.945,53.0,0.955,0.002148750000000002,0.95714875,0.0192552388163596,True,0.04476968705229978
Dallas,KDAL,2026-06-03,highest-temperature-in-dallas-on-june-3-2026,highest-temperature-in-dallas-on-june-3-2026-94-95f,94-95°F,0.0033708587405200524,0.99662914125948,6.7412109375,False,False,False,False,True,True,0.05,1.0,1780503300,0.9925,53.0,0.99,0.0004950000000000005,0.990495,0.006134141259479975,True,0.009596211995012593
Dallas,KDAL,2026-06-03,highest-temperature-in-dallas-on-june-3-2026,highest-temperature-in-dallas-on-june-3-2026-96forhigher,96°F or higher,0.0016854293702600262,0.9983145706297399,6.7412109375,False,True,False,False,True,True,0.05,1.0,1780503300,0.996,53.0,0.99,0.0004950000000000005,0.990495,0.007819570629739925,True,0.009596211995012593
Dallas,KDAL,2026-06-04,highest-temperature-in-dallas-on-june-4-2026,highest-temperature-in-dallas-on-june-4-2026-73forbelow,73°F or below,0.0,1.0,7.840502929687503,False,True,False,False,True,True,0.05,1.0,1780589700,0.9995,56.0,0.99,0.0004950000000000005,0.990495,0.009504999999999986,True,0.009596211995012593
Dallas,KDAL,2026-06-04,highest-temperature-in-dallas-on-june-4-2026,highest-temperature-in-dallas-on-june-4-2026-74-75f,74-75°F,0.0,1.0,7.840502929687503,False,False,False,False,True,True,0.05,1.0,1780589700,0.9995,56.0,0.99,0.0004950000000000005,0.990495,0.009504999999999986,True,0.009596211995012593
Dallas,KDAL,2026-06-04,highest-temperature-in-dallas-on-june-4-2026,highest-temperature-in-dallas-on-june-4-2026-76-77f,76-77°F,0.0,1.0,7.840502929687503,False,False,False,False,True,True,0.05,1.0,1780589700,0.9995,56.0,0.99,0.0004950000000000005,0.990495,0.009504999999999986,True,0.009596211995012593
Dallas,KDAL,2026-06-04,highest-temperature-in-dallas-on-june-4-2026,highest-temperature-in-dallas-on-june-4-2026-78-79f,78-79°F,0.0,1.0,7.840502929687503,False,False,False,False,True,True,0.05,1.0,1780589700,0.9995,56.0,0.99,0.0004950000000000005,0.990495,0.009504999999999986,True,0.009596211995012593
Dallas,KDAL,2026-06-04,highest-temperature-in-dallas-on-june-4-2026,highest-temperature-in-dallas-on-june-4-2026-80-81f,80-81°F,0.01959105963768593,0.9804089403623141,7.840502929687503,False,False,False,False,True,True,0.05,1.0,1780589700,0.998,56.0,0.99,0.0004950000000000005,0.990495,-0.01008605963768594,True,0.009596211995012593
Dallas,KDAL,2026-06-04,highest-temperature-in-dallas-on-june-4-2026,highest-temperature-in-dallas-on-june-4-2026-82-83f,82-83°F,0.0775449334636667,0.9224550665363334,7.840502929687503,False,False,False,False,True,True,0.05,1.0,1780589700,0.965,56.0,0.975,0.001218750000000001,0.97621875,-0.05376368346366667,True,0.024360574922372757
Dallas,KDAL,2026-06-04,highest-temperature-in-dallas-on-june-4-2026,highest-temperature-in-dallas-on-june-4-2026-84-85f,84-85°F,0.3373079366631655,0.6626920633368345,7.840502929687503,False,False,False,False,True,True,0.05,1.0,1780589700,0.635,56.0,0.645,0.01144875,0.65644875,0.006243313336834477,True,0.5233481669361089
Dallas,KDAL,2026-06-04,highest-temperature-in-dallas-on-june-4-2026,highest-temperature-in-dallas-on-june-4-2026-88-89f,88-89°F,0.08464501663900828,0.9153549833609917,7.840502929687503,False,False,False,False,True,True,0.05,1.0,1780589700,0.845,56.0,0.855,0.006198750000000001,0.86119875,0.054156233360991735,True,0.1611721452219943
Dallas,KDAL,2026-06-04,highest-temperature-in-dallas-on-june-4-2026,highest-temperature-in-dallas-on-june-4-2026-90-91f,90-91°F,0.016133856204797875,0.9838661437952021,7.840502929687503,False,False,False,False,True,True,0.05,1.0,1780589700,0.9825,56.0,0.99,0.0004950000000000005,0.990495,-0.006628856204797917,True,0.009596211995012593
Dallas,KDAL,2026-06-04,highest-temperature-in-dallas-on-june-4-2026,highest-temperature-in-dallas-on-june-4-2026-92forhigher,92°F or higher,0.0034572549010281166,0.9965427450989719,7.840502929687503,False,True,False,False,True,True,0.05,1.0,1780589700,0.9925,56.0,0.99,0.0004950000000000005,0.990495,0.0060477450989718795,True,0.009596211995012593
Dallas,KDAL,2026-06-05,highest-temperature-in-dallas-on-june-5-2026,highest-temperature-in-dallas-on-june-5-2026-69forbelow,69°F or below,0.0,1.0,4.753454589843756,False,True,False,False,True,True,0.05,1.0,1780676100,0.9995,56.0,0.99,0.0004950000000000005,0.990495,0.009504999999999986,True,0.009596211995012593
Dallas,KDAL,2026-06-05,highest-temperature-in-dallas-on-june-5-2026,highest-temperature-in-dallas-on-june-5-2026-70-71f,70-71°F,0.0,1.0,4.753454589843756,False,False,False,False,True,True,0.05,1.0,1780676100,0.9995,56.0,0.99,0.0004950000000000005,0.990495,0.009504999999999986,True,0.009596211995012593
Dallas,KDAL,2026-06-05,highest-temperature-in-dallas-on-june-5-2026,highest-temperature-in-dallas-on-june-5-2026-72-73f,72-73°F,0.0,1.0,4.753454589843756,False,False,False,False,True,True,0.05,1.0,1780676100,0.9995,55.0,0.99,0.0004950000000000005,0.990495,0.009504999999999986,True,0.009596211995012593
Dallas,KDAL,2026-06-05,highest-temperature-in-dallas-on-june-5-2026,highest-temperature-in-dallas-on-june-5-2026-74-75f,74-75°F,0.0,1.0,4.753454589843756,False,False,False,False,True,True,0.05,1.0,1780676100,0.9995,55.0,0.99,0.0004950000000000005,0.990495,0.009504999999999986,True,0.009596211995012593
Dallas,KDAL,2026-06-05,highest-temperature-in-dallas-on-june-5-2026,highest-temperature-in-dallas-on-june-5-2026-76-77f,76-77°F,0.0,1.0,4.753454589843756,False,False,False,False,True,True,0.05,1.0,1780676100,0.9995,56.0,0.99,0.0004950000000000005,0.990495,0.009504999999999986,True,0.009596211995012593
Dallas,KDAL,2026-06-05,highest-temperature-in-dallas-on-june-5-2026,highest-temperature-in-dallas-on-june-5-2026-78-79f,78-79°F,0.0,1.0,4.753454589843756,False,False,False,False,True,True,0.05,1.0,1780676100,0.9995,55.0,0.99,0.0004950000000000005,0.990495,0.009504999999999986,True,0.009596211995012593
Dallas,KDAL,2026-06-05,highest-temperature-in-dallas-on-june-5-2026,highest-temperature-in-dallas-on-june-5-2026-80-81f,80-81°F,0.05836551653416718,0.9416344834658328,4.753454589843756,False,False,False,False,True,True,0.05,1.0,1780676100,0.9115,56.0,0.9215,0.0036168875000000007,0.9251168875,0.0165175959658328,True,0.08094448767696938
Dallas,KDAL,2026-06-05,highest-temperature-in-dallas-on-june-5-2026,highest-temperature-in-dallas-on-june-5-2026-82-83f,82-83°F,0.14976261712609015,0.8502373828739098,4.753454589843756,False,False,False,False,False,True,0.05,1.0,1780676100,0.705,56.0,0.715,0.010188750000000002,0.7251887499999999,0.12504863287390988,True,-1.0
Dallas,KDAL,2026-06-05,highest-temperature-in-dallas-on-june-5-2026,highest-temperature-in-dallas-on-june-5-2026-86-87f,86-87°F,0.2603933309111112,0.7396066690888887,4.753454589843756,False,False,False,False,True,True,0.05,1.0,1780676100,0.83,56.0,0.84,0.006720000000000001,0.8467199999999999,-0.1071133309111112,True,0.18102796674225252
Dallas,KDAL,2026-06-05,highest-temperature-in-dallas-on-june-5-2026,highest-temperature-in-dallas-on-june-5-2026-88forhigher,88°F or higher,0.06094142814147648,0.9390585718585235,4.753454589843756,False,True,False,False,True,True,0.05,1.0,1780676100,0.9745,56.0,0.9845,0.000762987499999998,0.9852629875000001,-0.04620441564147659,True,0.014957440487431306
Dallas,KDAL,2026-06-06,highest-temperature-in-dallas-on-june-6-2026,highest-temperature-in-dallas-on-june-6-2026-75forbelow,75°F or below,0.0,1.0,6.870190429687611,False,True,False,False,True,True,0.05,1.0,1780762500,0.9995,56.0,0.99,0.0004950000000000005,0.990495,0.009504999999999986,True,0.009596211995012593
Dallas,KDAL,2026-06-06,highest-temperature-in-dallas-on-june-6-2026,highest-temperature-in-dallas-on-june-6-2026-76-77f,76-77°F,0.0,1.0,6.870190429687611,False,False,False,False,True,True,0.05,1.0,1780762500,0.9995,56.0,0.99,0.0004950000000000005,0.990495,0.009504999999999986,True,0.009596211995012593
Dallas,KDAL,2026-06-06,highest-temperature-in-dallas-on-june-6-2026,highest-temperature-in-dallas-on-june-6-2026-78-79f,78-79°F,0.028295059406759013,0.971704940593241,6.870190429687611,False,False,False,False,True,True,0.05,1.0,1780762500,0.9995,56.0,0.99,0.0004950000000000005,0.990495,-0.01879005940675904,True,0.009596211995012593
Dallas,KDAL,2026-06-06,highest-temperature-in-dallas-on-june-6-2026,highest-temperature-in-dallas-on-june-6-2026-80-81f,80-81°F,0.061961792174680216,0.9380382078253198,6.870190429687611,False,False,False,False,True,True,0.05,1.0,1780762500,0.9785,56.0,0.9885,0.0005683874999999978,0.9890683875,-0.051030179674680265,True,0.01105243341932205
Dallas,KDAL,2026-06-06,highest-temperature-in-dallas-on-june-6-2026,highest-temperature-in-dallas-on-june-6-2026-82-83f,82-83°F,0.24614214716922972,0.7538578528307702,6.870190429687611,False,False,False,False,True,True,0.05,1.0,1780762500,0.81,56.0,0.8200000000000001,0.007379999999999998,0.82738,-0.07352214716922978,True,0.20863448475911905
Dallas,KDAL,2026-06-06,highest-temperature-in-dallas-on-june-6-2026,highest-temperature-in-dallas-on-june-6-2026-86-87f,86-87°F,0.18305182460782476,0.8169481753921752,6.870190429687611,False,False,False,False,True,True,0.05,1.0,1780762500,0.65,57.0,0.66,0.01122,0.67122,0.1457281753921752,True,0.4898244986740561
Dallas,KDAL,2026-06-06,highest-temperature-in-dallas-on-june-6-2026,highest-temperature-in-dallas-on-june-6-2026-88-89f,88-89°F,0.025808773643198692,0.9741912263568013,6.870190429687611,False,False,False,False,False,True,0.05,1.0,1780762500,0.895,57.0,0.905,0.00429875,0.90929875,0.06489247635680129,True,-1.0
Dallas,KDAL,2026-06-06,highest-temperature-in-dallas-on-june-6-2026,highest-temperature-in-dallas-on-june-6-2026-90-91f,90-91°F,0.003686967663314099,0.9963130323366859,6.870190429687611,False,False,False,False,True,True,0.05,1.0,1780762500,0.9815,56.0,0.99,0.0004950000000000005,0.990495,0.005818032336685874,True,0.009596211995012593
Dallas,KDAL,2026-06-06,highest-temperature-in-dallas-on-june-6-2026,highest-temperature-in-dallas-on-june-6-2026-92-93f,92-93°F,0.0018434838316570496,0.998156516168343,6.870190429687611,False,False,False,False,True,True,0.05,1.0,1780762500,0.9955,57.0,0.99,0.0004950000000000005,0.990495,0.0076615161683429855,True,0.009596211995012593
Dallas,KDAL,2026-06-06,highest-temperature-in-dallas-on-june-6-2026,highest-temperature-in-dallas-on-june-6-2026-94forhigher,94°F or higher,0.0,1.0,6.870190429687611,False,True,False,False,True,True,0.05,1.0,1780762500,0.998,56.0,0.99,0.0004950000000000005,0.990495,0.009504999999999986,True,0.009596211995012593
Dallas,KDAL,2026-06-07,highest-temperature-in-dallas-on-june-7-2026,highest-temperature-in-dallas-on-june-7-2026-81forbelow,81°F or below,0.0,1.0,4.705004882812503,False,True,False,False,True,True,0.05,1.0,1780848900,0.9995,57.0,0.99,0.0004950000000000005,0.990495,0.009504999999999986,True,0.009596211995012593
Dallas,KDAL,2026-06-07,highest-temperature-in-dallas-on-june-7-2026,highest-temperature-in-dallas-on-june-7-2026-82-83f,82-83°F,0.0015924473682027308,0.9984075526317973,4.705004882812503,False,False,False,False,True,True,0.05,1.0,1780848900,0.9985,57.0,0.99,0.0004950000000000005,0.990495,0.007912552631797243,True,0.009596211995012593
Dallas,KDAL,2026-06-07,highest-temperature-in-dallas-on-june-7-2026,highest-temperature-in-dallas-on-june-7-2026-84-85f,84-85°F,0.015924473682027308,0.9840755263179727,4.705004882812503,False,False,False,False,True,True,0.05,1.0,1780848900,0.995,57.0,0.99,0.0004950000000000005,0.990495,-0.006419473682027332,True,0.009596211995012593
Dallas,KDAL,2026-06-07,highest-temperature-in-dallas-on-june-7-2026,highest-temperature-in-dallas-on-june-7-2026-86-87f,86-87°F,0.046609758583256944,0.953390241416743,4.705004882812503,False,False,False,False,True,True,0.05,1.0,1780848900,0.895,57.0,0.905,0.00429875,0.90929875,0.044091491416742956,True,0.09974856998318749
Dallas,KDAL,2026-06-07,highest-temperature-in-dallas-on-june-7-2026,highest-temperature-in-dallas-on-june-7-2026-88-89f,88-89°F,0.3302938728274025,0.6697061271725975,4.705004882812503,False,False,False,False,True,True,0.05,1.0,1780848900,0.775,57.0,0.785,0.00843875,0.7934387500000001,-0.1237326228274026,True,0.26033673046596206
Dallas,KDAL,2026-06-07,highest-temperature-in-dallas-on-june-7-2026,highest-temperature-in-dallas-on-june-7-2026-92-93f,92-93°F,0.1301418320818874,0.8698581679181125,4.705004882812503,False,False,False,False,False,True,0.05,1.0,1780848900,0.798,57.0,0.808,0.007756799999999999,0.8157568000000001,0.054101367918112486,True,-1.0
Dallas,KDAL,2026-06-07,highest-temperature-in-dallas-on-june-7-2026,highest-temperature-in-dallas-on-june-7-2026-94-95f,94-95°F,0.025861884152971176,0.9741381158470288,4.705004882812503,False,False,False,False,True,True,0.05,1.0,1780848900,0.9755,57.0,0.9855,0.000714487499999998,0.9862144875000001,-0.012076371652971263,True,0.013978209278739717
Dallas,KDAL,2026-06-07,highest-temperature-in-dallas-on-june-7-2026,highest-temperature-in-dallas-on-june-7-2026-96-97f,96-97°F,0.0036945548789958822,0.9963054451210042,4.705004882812503,False,False,False,False,True,True,0.05,1.0,1780848900,0.9925,57.0,0.99,0.0004950000000000005,0.990495,0.0058104451210041486,True,0.009596211995012593
Dallas,KDAL,2026-06-07,highest-temperature-in-dallas-on-june-7-2026,highest-temperature-in-dallas-on-june-7-2026-98-99f,98-99°F,0.0018472774394979411,0.998152722560502,4.705004882812503,False,False,False,False,True,True,0.05,1.0,1780848900,0.9975,57.0,0.99,0.0004950000000000005,0.990495,0.007657722560502012,True,0.009596211995012593
Dallas,KDAL,2026-06-07,highest-temperature-in-dallas-on-june-7-2026,highest-temperature-in-dallas-on-june-7-2026-100forhigher,100°F or higher,0.0,1.0,4.705004882812503,False,True,False,False,True,True,0.05,1.0,1780848900,0.9985,57.0,0.99,0.0004950000000000005,0.990495,0.009504999999999986,True,0.009596211995012593
Dallas,KDAL,2026-06-08,highest-temperature-in-dallas-on-june-8-2026,highest-temperature-in-dallas-on-june-8-2026-83forbelow,83°F or below,0.0,1.0,6.460235595703125,True,True,False,False,True,True,0.05,1.0,1780935300,0.9995,56.0,0.99,0.0004950000000000005,0.990495,0.009504999999999986,True,0.009596211995012593
Dallas,KDAL,2026-06-08,highest-temperature-in-dallas-on-june-8-2026,highest-temperature-in-dallas-on-june-8-2026-84-85f,84-85°F,0.00040757268952160077,0.9995924273104784,6.460235595703125,True,False,False,False,True,True,0.05,1.0,1780935300,0.9985,56.0,0.99,0.0004950000000000005,0.990495,0.009097427310478357,True,0.009596211995012593
Dallas,KDAL,2026-06-08,highest-temperature-in-dallas-on-june-8-2026,highest-temperature-in-dallas-on-june-8-2026-86-87f,86-87°F,0.016302907580864036,0.9836970924191359,6.460235595703125,True,False,False,False,True,True,0.05,1.0,1780935300,0.999,57.0,0.99,0.0004950000000000005,0.990495,-0.006797907580864071,True,0.009596211995012593
Dallas,KDAL,2026-06-08,highest-temperature-in-dallas-on-june-8-2026,highest-temperature-in-dallas-on-june-8-2026-88-89f,88-89°F,0.0481984823737672,0.9518015176262328,6.460235595703125,True,False,False,False,True,True,0.05,1.0,1780935300,0.975,56.0,0.985,0.0007387500000000007,0.98573875,-0.03393723237376722,True,0.014467575714153469
Dallas,KDAL,2026-06-08,highest-temperature-in-dallas-on-june-8-2026,highest-temperature-in-dallas-on-june-8-2026-90-91f,90-91°F,0.22634109376460398,0.773658906235396,6.460235595703125,True,False,False,False,True,True,0.05,1.0,1780935300,0.795,56.0,0.805,0.00784875,0.81284875,-0.03918984376460399,True,0.23024117340403127
Dallas,KDAL,2026-06-08,highest-temperature-in-dallas-on-june-8-2026,highest-temperature-in-dallas-on-june-8-2026-94-95f,94-95°F,0.15281266371435717,0.8471873362856428,6.460235595703125,True,False,False,False,False,True,0.05,1.0,1780935300,0.765,56.0,0.775,0.008718749999999999,0.78371875,0.06346858628564278,True,-1.0
Dallas,KDAL,2026-06-08,highest-temperature-in-dallas-on-june-8-2026,highest-temperature-in-dallas-on-june-8-2026-96-97f,96-97°F,0.03284866844897657,0.9671513315510234,6.460235595703125,True,False,False,False,True,True,0.05,1.0,1780935300,0.9765,56.0,0.9865,0.000665887499999998,0.9871658875,-0.02001455594897661,True,0.013000968390938228
Dallas,KDAL,2026-06-08,highest-temperature-in-dallas-on-june-8-2026,highest-temperature-in-dallas-on-june-8-2026-98-99f,98-99°F,0.004692666921282367,0.9953073330787177,6.460235595703125,True,False,False,False,True,True,0.05,1.0,1780935300,0.9985,56.0,0.99,0.0004950000000000005,0.990495,0.0048123330787176455,True,0.009596211995012593
Dallas,KDAL,2026-06-08,highest-temperature-in-dallas-on-june-8-2026,highest-temperature-in-dallas-on-june-8-2026-100-101f,100-101°F,0.0023463334606411835,0.9976536665393588,6.460235595703125,True,False,False,False,True,True,0.05,1.0,1780935300,0.9985,57.0,0.99,0.0004950000000000005,0.990495,0.007158666539358816,True,0.009596211995012593
Dallas,KDAL,2026-06-08,highest-temperature-in-dallas-on-june-8-2026,highest-temperature-in-dallas-on-june-8-2026-102forhigher,102°F or higher,0.0,1.0,6.460235595703125,True,True,False,False,True,True,0.05,1.0,1780935300,0.9995,57.0,0.99,0.0004950000000000005,0.990495,0.009504999999999986,True,0.009596211995012593
Dallas,KDAL,2026-06-09,highest-temperature-in-dallas-on-june-9-2026,highest-temperature-in-dallas-on-june-9-2026-81forbelow,81°F or below,0.0,1.0,6.942590332031244,False,True,False,False,True,True,0.05,1.0,1781021700,0.9995,53.0,0.99,0.0004950000000000005,0.990495,0.009504999999999986,True,0.009596211995012593
Dallas,KDAL,2026-06-09,highest-temperature-in-dallas-on-june-9-2026,highest-temperature-in-dallas-on-june-9-2026-82-83f,82-83°F,0.0,1.0,6.942590332031244,False,False,False,False,True,True,0.05,1.0,1781021700,0.9995,54.0,0.99,0.0004950000000000005,0.990495,0.009504999999999986,True,0.009596211995012593
Dallas,KDAL,2026-06-09,highest-temperature-in-dallas-on-june-9-2026,highest-temperature-in-dallas-on-june-9-2026-84-85f,84-85°F,0.0004927102022732632,0.9995072897977267,6.942590332031244,False,False,False,False,True,True,0.05,1.0,1781021700,0.9995,54.0,0.99,0.0004950000000000005,0.990495,0.009012289797726725,True,0.009596211995012593
Dallas,KDAL,2026-06-09,highest-temperature-in-dallas-on-june-9-2026,highest-temperature-in-dallas-on-june-9-2026-86-87f,86-87°F,0.019708408090930527,0.9802915919090694,6.942590332031244,False,False,False,False,True,True,0.05,1.0,1781021700,0.9985,54.0,0.99,0.0004950000000000005,0.990495,-0.010203408090930566,True,0.009596211995012593
Dallas,KDAL,2026-06-09,highest-temperature-in-dallas-on-june-9-2026,highest-temperature-in-dallas-on-june-9-2026-88-89f,88-89°F,0.040192406700726505,0.9598075932992735,6.942590332031244,False,False,False,False,True,True,0.05,1.0,1781021700,0.977,54.0,0.987,0.0006415500000000006,0.98764155,-0.027833956700726525,True,0.012513092427105743
Dallas,KDAL,2026-06-09,highest-temperature-in-dallas-on-june-9-2026,highest-temperature-in-dallas-on-june-9-2026-92-93f,92-93°F,0.3345742663076512,0.6654257336923488,6.942590332031244,False,False,True,False,False,True,0.05,1.0,1781021700,0.48,53.0,0.49,0.012495000000000001,0.502495,0.16293073369234878,True,-1.0
Dallas,KDAL,2026-06-09,highest-temperature-in-dallas-on-june-9-2026,highest-temperature-in-dallas-on-june-9-2026-94-95f,94-95°F,0.05468493963453036,0.9453150603654696,6.942590332031244,False,False,False,False,True,True,0.05,1.0,1781021700,0.785,53.0,0.795,0.00814875,0.8031487500000001,0.14216631036546956,True,0.2450993667113346
Dallas,KDAL,2026-06-09,highest-temperature-in-dallas-on-june-9-2026,highest-temperature-in-dallas-on-june-9-2026-96-97f,96-97°F,0.0126129590155927,0.9873870409844073,6.942590332031244,False,False,False,False,True,True,0.05,1.0,1781021700,0.936,53.0,0.9460000000000001,0.0025541999999999974,0.9485542,0.03883284098440731,True,0.05423601519027588
Dallas,KDAL,2026-06-09,highest-temperature-in-dallas-on-june-9-2026,highest-temperature-in-dallas-on-june-9-2026-98-99f,98-99°F,0.0018018512879418142,0.9981981487120581,6.942590332031244,False,False,False,False,True,True,0.05,1.0,1781021700,0.997,53.0,0.99,0.0004950000000000005,0.990495,0.007703148712058128,True,0.009596211995012593
Dallas,KDAL,2026-06-09,highest-temperature-in-dallas-on-june-9-2026,highest-temperature-in-dallas-on-june-9-2026-100forhigher,100°F or higher,0.0009009256439709071,0.9990990743560291,6.942590332031244,False,True,False,False,True,True,0.05,1.0,1781021700,0.9985,53.0,0.99,0.0004950000000000005,0.990495,0.008604074356029057,True,0.009596211995012593
Dallas,KDAL,2026-06-10,highest-temperature-in-dallas-on-june-10-2026,highest-temperature-in-dallas-on-june-10-2026-85forbelow,85°F or below,0.0028195535369453743,0.9971804464630546,5.7623291015625,False,True,False,False,True,True,0.05,1.0,1781108100,0.9995,56.0,0.99,0.0004950000000000005,0.990495,0.0066854464630545785,True,0.009596211995012593
Dallas,KDAL,2026-06-10,highest-temperature-in-dallas-on-june-10-2026,highest-temperature-in-dallas-on-june-10-2026-86-87f,86-87°F,0.028195535369453743,0.9718044646305463,5.7623291015625,False,False,False,False,True,True,0.05,1.0,1781108100,0.999,56.0,0.99,0.0004950000000000005,0.990495,-0.018690535369453753,True,0.009596211995012593
Dallas,KDAL,2026-06-10,highest-temperature-in-dallas-on-june-10-2026,highest-temperature-in-dallas-on-june-10-2026-88-89f,88-89°F,0.06051365738138682,0.9394863426186132,5.7623291015625,False,False,False,False,True,True,0.05,1.0,1781108100,0.987,56.0,0.99,0.0004950000000000005,0.990495,-0.051008657381386824,True,0.009596211995012593
Dallas,KDAL,2026-06-10,highest-temperature-in-dallas-on-june-10-2026,highest-temperature-in-dallas-on-june-10-2026-90-91f,90-91°F,0.32575650188621696,0.674243498113783,5.7623291015625,False,False,False,False,True,True,0.05,1.0,1781108100,0.895,56.0,0.905,0.00429875,0.90929875,-0.235055251886217,True,0.09974856998318749
Dallas,KDAL,2026-06-10,highest-temperature-in-dallas-on-june-10-2026,highest-temperature-in-dallas-on-june-10-2026-94-95f,94-95°F,0.08494935787291163,0.9150506421270883,5.7623291015625,False,False,False,False,True,True,0.05,1.0,1781108100,0.655,56.0,0.665,0.011138750000000001,0.67613875,0.2389118921270883,True,0.4789863766867377
Dallas,KDAL,2026-06-10,highest-temperature-in-dallas-on-june-10-2026,highest-temperature-in-dallas-on-june-10-2026-96-97f,96-97°F,0.019142773861377648,0.9808572261386224,5.7623291015625,False,False,False,False,True,True,0.05,1.0,1781108100,0.9295,56.0,0.9395,0.0028419875000000004,0.9423419875,0.038515238638622384,True,0.061185868044535185
Dallas,KDAL,2026-06-10,highest-temperature-in-dallas-on-june-10-2026,highest-temperature-in-dallas-on-june-10-2026-98-99f,98-99°F,0.002734681980196807,0.9972653180198032,5.7623291015625,False,False,False,False,True,True,0.05,1.0,1781108100,0.9905,56.0,0.99,0.0004950000000000005,0.990495,0.006770318019803212,True,0.009596211995012593
Dallas,KDAL,2026-06-10,highest-temperature-in-dallas-on-june-10-2026,highest-temperature-in-dallas-on-june-10-2026-100-101f,100-101°F,0.0013673409900984035,0.9986326590099016,5.7623291015625,False,False,False,False,True,True,0.05,1.0,1781108100,0.999,56.0,0.99,0.0004950000000000005,0.990495,0.008137659009901599,True,0.009596211995012593
Dallas,KDAL,2026-06-10,highest-temperature-in-dallas-on-june-10-2026,highest-temperature-in-dallas-on-june-10-2026-102-103f,102-103°F,0.0,1.0,5.7623291015625,False,False,False,False,True,True,0.05,1.0,1781108100,0.999,56.0,0.99,0.0004950000000000005,0.990495,0.009504999999999986,True,0.009596211995012593
Dallas,KDAL,2026-06-10,highest-temperature-in-dallas-on-june-10-2026,highest-temperature-in-dallas-on-june-10-2026-104forhigher,104°F or higher,0.0,1.0,5.7623291015625,False,True,False,False,True,True,0.05,1.0,1781108100,0.9995,56.0,0.99,0.0004950000000000005,0.990495,0.009504999999999986,True,0.009596211995012593
Dallas,KDAL,2026-06-11,highest-temperature-in-dallas-on-june-11-2026,highest-temperature-in-dallas-on-june-11-2026-87forbelow,87°F or below,0.002435121470527196,0.9975648785294728,8.648217773437494,False,True,False,False,True,True,0.05,1.0,1781194500,0.999,56.0,0.99,0.0004950000000000005,0.990495,0.007069878529472828,True,0.009596211995012593
Dallas,KDAL,2026-06-11,highest-temperature-in-dallas-on-june-11-2026,highest-temperature-in-dallas-on-june-11-2026-88-89f,88-89°F,0.024351214705271962,0.975648785294728,8.648217773437494,False,False,False,False,True,True,0.05,1.0,1781194500,0.999,56.0,0.99,0.0004950000000000005,0.990495,-0.014846214705272032,True,0.009596211995012593
Dallas,KDAL,2026-06-11,highest-temperature-in-dallas-on-june-11-2026,highest-temperature-in-dallas-on-june-11-2026-90-91f,90-91°F,0.07326270639643812,0.9267372936035618,8.648217773437494,False,False,False,False,True,True,0.05,1.0,1781194500,0.99,56.0,0.99,0.0004950000000000005,0.990495,-0.06375770639643819,True,0.009596211995012593
Dallas,KDAL,2026-06-11,highest-temperature-in-dallas-on-june-11-2026,highest-temperature-in-dallas-on-june-11-2026-92-93f,92-93°F,0.35405783595832185,0.6459421640416781,8.648217773437494,False,False,False,False,False,True,0.05,1.0,1781194500,0.725,56.0,0.735,0.009738750000000001,0.74473875,-0.09879658595832186,True,-1.0
Dallas,KDAL,2026-06-11,highest-temperature-in-dallas-on-june-11-2026,highest-temperature-in-dallas-on-june-11-2026-96-97f,96-97°F,0.06967475523206358,0.9303252447679364,8.648217773437494,False,False,False,False,True,True,0.05,1.0,1781194500,0.725,56.0,0.735,0.009738750000000001,0.74473875,0.18558649476793643,True,0.34275274383131005
Dallas,KDAL,2026-06-11,highest-temperature-in-dallas-on-june-11-2026,highest-temperature-in-dallas-on-june-11-2026-98-99f,98-99°F,0.01652489316631458,0.9834751068336854,8.648217773437494,False,False,False,False,True,True,0.05,1.0,1781194500,0.9875,56.0,0.99,0.0004950000000000005,0.990495,-0.0070198931663145725,True,0.009596211995012593
Dallas,KDAL,2026-06-11,highest-temperature-in-dallas-on-june-11-2026,highest-temperature-in-dallas-on-june-11-2026-100-101f,100-101°F,0.0023606990237592254,0.9976393009762408,8.648217773437494,False,False,False,False,True,True,0.05,1.0,1781194500,0.9975,56.0,0.99,0.0004950000000000005,0.990495,0.007144300976240747,True,0.009596211995012593
Dallas,KDAL,2026-06-11,highest-temperature-in-dallas-on-june-11-2026,highest-temperature-in-dallas-on-june-11-2026-102-103f,102-103°F,0.0011803495118796127,0.9988196504881204,8.648217773437494,False,False,False,False,True,True,0.05,1.0,1781194500,0.999,56.0,0.99,0.0004950000000000005,0.990495,0.008324650488120366,True,0.009596211995012593
Dallas,KDAL,2026-06-11,highest-temperature-in-dallas-on-june-11-2026,highest-temperature-in-dallas-on-june-11-2026-104-105f,104-105°F,0.0,1.0,8.648217773437494,False,False,False,False,True,True,0.05,1.0,1781194500,0.999,56.0,0.99,0.0004950000000000005,0.990495,0.009504999999999986,True,0.009596211995012593
Dallas,KDAL,2026-06-11,highest-temperature-in-dallas-on-june-11-2026,highest-temperature-in-dallas-on-june-11-2026-106forhigher,106°F or higher,0.0,1.0,8.648217773437494,False,True,False,False,True,True,0.05,1.0,1781194500,0.9995,56.0,0.99,0.0004950000000000005,0.990495,0.009504999999999986,True,0.009596211995012593
Dallas,KDAL,2026-06-12,highest-temperature-in-dallas-on-june-12-2026,highest-temperature-in-dallas-on-june-12-2026-85forbelow,85°F or below,0.0,1.0,5.587152099609384,False,True,False,False,True,True,0.05,1.0,1781280900,0.9995,54.0,0.99,0.0004950000000000005,0.990495,0.009504999999999986,True,0.009596211995012593
Dallas,KDAL,2026-06-12,highest-temperature-in-dallas-on-june-12-2026,highest-temperature-in-dallas-on-june-12-2026-86-87f,86-87°F,0.01326689639685753,0.9867331036031425,5.587152099609384,False,False,False,False,True,True,0.05,1.0,1781280900,0.982,53.0,0.99,0.0004950000000000005,0.990495,-0.0037618963968575336,True,0.009596211995012593
Dallas,KDAL,2026-06-12,highest-temperature-in-dallas-on-june-12-2026,highest-temperature-in-dallas-on-june-12-2026-88-89f,88-89°F,0.051716802481229576,0.9482831975187704,5.587152099609384,False,False,False,False,False,True,0.05,1.0,1781280900,0.85,54.0,0.86,0.006020000000000001,0.86602,0.08226319751877043,True,-1.0
Dallas,KDAL,2026-06-12,highest-temperature-in-dallas-on-june-12-2026,highest-temperature-in-dallas-on-june-12-2026-90-91f,90-91°F,0.24490576945508535,0.7550942305449146,5.587152099609384,False,False,False,False,True,True,0.05,1.0,1781280900,0.54,53.0,0.55,0.012375,0.5623750000000001,0.19271923054491458,True,0.7781729273171814
Dallas,KDAL,2026-06-12,highest-temperature-in-dallas-on-june-12-2026,highest-temperature-in-dallas-on-june-12-2026-94-95f,94-95°F,0.18737945528000552,0.8126205447199945,5.587152099609384,False,False,False,False,True,True,0.05,1.0,1781280900,0.945,53.0,0.955,0.002148750000000002,0.95714875,-0.14452820528000554,True,0.04476968705229978
Dallas,KDAL,2026-06-12,highest-temperature-in-dallas-on-june-12-2026,highest-temperature-in-dallas-on-june-12-2026-96-97f,96-97°F,0.029516746819309513,0.9704832531806905,5.587152099609384,False,False,False,False,True,True,0.05,1.0,1781280900,0.987,54.0,0.99,0.0004950000000000005,0.990495,-0.020011746819309506,True,0.009596211995012593
Dallas,KDAL,2026-06-12,highest-temperature-in-dallas-on-june-12-2026,highest-temperature-in-dallas-on-june-12-2026-98-99f,98-99°F,0.004216678117044216,0.9957833218829558,5.587152099609384,False,False,False,False,True,True,0.05,1.0,1781280900,0.9995,54.0,0.99,0.0004950000000000005,0.990495,0.005288321882955804,True,0.009596211995012593
Dallas,KDAL,2026-06-12,highest-temperature-in-dallas-on-june-12-2026,highest-temperature-in-dallas-on-june-12-2026-100-101f,100-101°F,0.002108339058522108,0.9978916609414779,5.587152099609384,False,False,False,False,True,True,0.05,1.0,1781280900,0.9995,54.0,0.99,0.0004950000000000005,0.990495,0.0073966609414778395,True,0.009596211995012593
Dallas,KDAL,2026-06-12,highest-temperature-in-dallas-on-june-12-2026,highest-temperature-in-dallas-on-june-12-2026-102-103f,102-103°F,0.0,1.0,5.587152099609384,False,False,False,False,True,True,0.05,1.0,1781280900,0.9995,54.0,0.99,0.0004950000000000005,0.990495,0.009504999999999986,True,0.009596211995012593
Dallas,KDAL,2026-06-12,highest-temperature-in-dallas-on-june-12-2026,highest-temperature-in-dallas-on-june-12-2026-104forhigher,104°F or higher,0.0,1.0,5.587152099609384,False,True,False,False,True,True,0.05,1.0,1781280900,0.9995,53.0,0.99,0.0004950000000000005,0.990495,0.009504999999999986,True,0.009596211995012593
Dallas,KDAL,2026-06-13,highest-temperature-in-dallas-on-june-13-2026,highest-temperature-in-dallas-on-june-13-2026-85forbelow,85°F or below,0.0,1.0,8.420196533203125,False,True,False,False,True,True,0.05,1.0,1781367300,0.9995,56.0,0.99,0.0004950000000000005,0.990495,0.009504999999999986,True,0.009596211995012593
Dallas,KDAL,2026-06-13,highest-temperature-in-dallas-on-june-13-2026,highest-temperature-in-dallas-on-june-13-2026-86-87f,86-87°F,0.0064663032433018575,0.9935336967566981,8.420196533203125,False,False,False,False,True,True,0.05,1.0,1781367300,0.9995,56.0,0.99,0.0004950000000000005,0.990495,0.0030386967566981005,True,0.009596211995012593
Dallas,KDAL,2026-06-13,highest-temperature-in-dallas-on-june-13-2026,highest-temperature-in-dallas-on-june-13-2026-88-89f,88-89°F,0.025003039207433853,0.9749969607925661,8.420196533203125,False,False,False,False,True,True,0.05,1.0,1781367300,0.995,56.0,0.99,0.0004950000000000005,0.990495,-0.015498039207433867,True,0.009596211995012593
Dallas,KDAL,2026-06-13,highest-temperature-in-dallas-on-june-13-2026,highest-temperature-in-dallas-on-june-13-2026-90-91f,90-91°F,0.10588497509125924,0.8941150249087407,8.420196533203125,False,False,False,False,False,True,0.05,1.0,1781367300,0.965,56.0,0.975,0.001218750000000001,0.97621875,-0.0821037250912593,True,-1.0
Dallas,KDAL,2026-06-13,highest-temperature-in-dallas-on-june-13-2026,highest-temperature-in-dallas-on-june-13-2026-94-95f,94-95°F,0.3726229868531873,0.6273770131468127,8.420196533203125,False,False,False,False,True,True,0.05,1.0,1781367300,0.605,56.0,0.615,0.011838750000000002,0.62683875,0.0005382631468127119,True,0.5953066079593834
Dallas,KDAL,2026-06-13,highest-temperature-in-dallas-on-june-13-2026,highest-temperature-in-dallas-on-june-13-2026-96-97f,96-97°F,0.042754220038350665,0.9572457799616494,8.420196533203125,False,False,False,False,True,True,0.05,1.0,1781367300,0.924,56.0,0.934,0.003082199999999998,0.9370822000000001,0.020163579961649303,True,0.06714224216402775
Dallas,KDAL,2026-06-13,highest-temperature-in-dallas-on-june-13-2026,highest-temperature-in-dallas-on-june-13-2026-98-99f,98-99°F,0.013039491846327491,0.9869605081536725,8.420196533203125,False,False,False,False,True,True,0.05,1.0,1781367300,0.9865,56.0,0.99,0.0004950000000000005,0.990495,-0.003534491846327481,True,0.009596211995012593
Dallas,KDAL,2026-06-13,highest-temperature-in-dallas-on-june-13-2026,highest-temperature-in-dallas-on-june-13-2026-100-101f,100-101°F,0.003725569098950711,0.9962744309010493,8.420196533203125,False,False,False,False,True,True,0.05,1.0,1781367300,0.9975,56.0,0.99,0.0004950000000000005,0.990495,0.005779430901049265,True,0.009596211995012593
Dallas,KDAL,2026-06-13,highest-temperature-in-dallas-on-june-13-2026,highest-temperature-in-dallas-on-june-13-2026-102-103f,102-103°F,0.0004656961373688389,0.9995343038626312,8.420196533203125,False,False,False,False,True,True,0.05,1.0,1781367300,0.9985,56.0,0.99,0.0004950000000000005,0.990495,0.009039303862631187,True,0.009596211995012593
Dallas,KDAL,2026-06-13,highest-temperature-in-dallas-on-june-13-2026,highest-temperature-in-dallas-on-june-13-2026-104forhigher,104°F or higher,0.0,1.0,8.420196533203125,False,True,False,False,True,True,0.05,1.0,1781367300,0.9985,56.0,0.99,0.0004950000000000005,0.990495,0.009504999999999986,True,0.009596211995012593
Dallas,KDAL,2026-06-14,highest-temperature-in-dallas-on-june-14-2026,highest-temperature-in-dallas-on-june-14-2026-77forbelow,77°F or below,0.0,1.0,12.151373291015643,False,True,False,False,True,True,0.05,1.0,1781453700,0.9995,56.0,0.99,0.0004950000000000005,0.990495,0.009504999999999986,True,0.009596211995012593
Dallas,KDAL,2026-06-14,highest-temperature-in-dallas-on-june-14-2026,highest-temperature-in-dallas-on-june-14-2026-78-79f,78-79°F,0.0,1.0,12.151373291015643,False,False,False,False,True,True,0.05,1.0,1781453700,0.9995,56.0,0.99,0.0004950000000000005,0.990495,0.009504999999999986,True,0.009596211995012593
Dallas,KDAL,2026-06-14,highest-temperature-in-dallas-on-june-14-2026,highest-temperature-in-dallas-on-june-14-2026-80-81f,80-81°F,0.0,1.0,12.151373291015643,False,False,False,False,True,True,0.05,1.0,1781453700,0.9995,56.0,0.99,0.0004950000000000005,0.990495,0.009504999999999986,True,0.009596211995012593
Dallas,KDAL,2026-06-14,highest-temperature-in-dallas-on-june-14-2026,highest-temperature-in-dallas-on-june-14-2026-82-83f,82-83°F,0.09039360016727604,0.909606399832724,12.151373291015643,False,False,False,False,True,True,0.05,1.0,1781453700,0.875,56.0,0.885,0.0050887499999999995,0.89008875,0.01951764983272397,True,0.12348347285593708
Dallas,KDAL,2026-06-14,highest-temperature-in-dallas-on-june-14-2026,highest-temperature-in-dallas-on-june-14-2026-84-85f,84-85°F,0.16554773353820806,0.8344522664617919,12.151373291015643,False,False,False,False,False,True,0.05,1.0,1781453700,0.84,56.0,0.85,0.0063750000000000005,0.856375,-0.02192273353820806,True,-1.0
Dallas,KDAL,2026-06-14,highest-temperature-in-dallas-on-june-14-2026,highest-temperature-in-dallas-on-june-14-2026-86-87f,86-87°F,0.37790817916737984,0.6220918208326202,12.151373291015643,False,False,True,True,True,True,0.05,1.0,1781453700,0.665,56.0,0.675,0.01096875,0.68596875,-0.06387692916737986,True,0.4577923557013348
Dallas,KDAL,2026-06-14,highest-temperature-in-dallas-on-june-14-2026,highest-temperature-in-dallas-on-june-14-2026-88-89f,88-89°F,0.2208320404467667,0.7791679595532333,12.151373291015643,False,False,False,False,True,True,0.05,1.0,1781453700,0.79,56.0,0.8,0.007999999999999998,0.808,-0.028832040446766793,True,0.2376237623762376
Dallas,KDAL,2026-06-14,highest-temperature-in-dallas-on-june-14-2026,highest-temperature-in-dallas-on-june-14-2026-90-91f,90-91°F,0.11036425554844309,0.8896357444515569,12.151373291015643,False,False,False,False,True,True,0.05,1.0,1781453700,0.92,56.0,0.93,0.0032549999999999983,0.9332550000000001,-0.04361925554844315,True,0.07151850244574098
Dallas,KDAL,2026-06-14,highest-temperature-in-dallas-on-june-14-2026,highest-temperature-in-dallas-on-june-14-2026-92-93f,92-93°F,0.026367660558462448,0.9736323394415376,12.151373291015643,False,False,False,False,True,True,0.05,1.0,1781453700,0.952,55.0,0.962,0.0018278000000000018,0.9638278,0.009804539441537585,True,0.03752973300832374
Dallas,KDAL,2026-06-14,highest-temperature-in-dallas-on-june-14-2026,highest-temperature-in-dallas-on-june-14-2026-94-95f,94-95°F,0.007533617302417842,0.9924663826975821,12.151373291015643,False,False,False,False,True,True,0.05,1.0,1781453700,0.985,56.0,0.99,0.0004950000000000005,0.990495,0.0019713826975821247,True,0.009596211995012593
Dallas,KDAL,2026-06-14,highest-temperature-in-dallas-on-june-14-2026,highest-temperature-in-dallas-on-june-14-2026-96forhigher,96°F or higher,0.0009417021628022301,0.9990582978371978,12.151373291015643,False,True,False,False,True,True,0.05,1.0,1781453700,0.9955,56.0,0.99,0.0004950000000000005,0.990495,0.00856329783719778,True,0.009596211995012593
Dallas,KDAL,2026-06-15,highest-temperature-in-dallas-on-june-15-2026,highest-temperature-in-dallas-on-june-15-2026-73forbelow,73°F or below,0.0,1.0,3.726837158203125,True,True,False,False,True,True,0.05,1.0,1781540100,0.9995,56.0,0.99,0.0004950000000000005,0.990495,0.009504999999999986,True,0.009596211995012593
Dallas,KDAL,2026-06-15,highest-temperature-in-dallas-on-june-15-2026,highest-temperature-in-dallas-on-june-15-2026-74-75f,74-75°F,0.0,1.0,3.726837158203125,True,False,False,False,True,True,0.05,1.0,1781540100,0.9995,56.0,0.99,0.0004950000000000005,0.990495,0.009504999999999986,True,0.009596211995012593
Dallas,KDAL,2026-06-15,highest-temperature-in-dallas-on-june-15-2026,highest-temperature-in-dallas-on-june-15-2026-76-77f,76-77°F,0.0,1.0,3.726837158203125,True,False,False,False,True,True,0.05,1.0,1781540100,0.9995,56.0,0.99,0.0004950000000000005,0.990495,0.009504999999999986,True,0.009596211995012593
Dallas,KDAL,2026-06-15,highest-temperature-in-dallas-on-june-15-2026,highest-temperature-in-dallas-on-june-15-2026-78-79f,78-79°F,0.0,1.0,3.726837158203125,True,False,False,False,True,True,0.05,1.0,1781540100,0.9995,56.0,0.99,0.0004950000000000005,0.990495,0.009504999999999986,True,0.009596211995012593
Dallas,KDAL,2026-06-15,highest-temperature-in-dallas-on-june-15-2026,highest-temperature-in-dallas-on-june-15-2026-80-81f,80-81°F,0.0,1.0,3.726837158203125,True,False,False,False,True,True,0.05,1.0,1781540100,0.9995,56.0,0.99,0.0004950000000000005,0.990495,0.009504999999999986,True,0.009596211995012593
Dallas,KDAL,2026-06-15,highest-temperature-in-dallas-on-june-15-2026,highest-temperature-in-dallas-on-june-15-2026-82-83f,82-83°F,0.038311075871935434,0.9616889241280646,3.726837158203125,True,False,False,False,True,True,0.05,1.0,1781540100,0.69,56.0,0.7,0.010500000000000002,0.7104999999999999,0.2511889241280647,True,0.40745953553835346
Dallas,KDAL,2026-06-15,highest-temperature-in-dallas-on-june-15-2026,highest-temperature-in-dallas-on-june-15-2026-84-85f,84-85°F,0.2761066234423099,0.72389337655769,3.726837158203125,True,False,False,False,True,True,0.05,1.0,1781540100,0.5,56.0,0.51,0.012495000000000001,0.522495,0.20139837655769,True,0.91389391286041
Dallas,KDAL,2026-06-15,highest-temperature-in-dallas-on-june-15-2026,highest-temperature-in-dallas-on-june-15-2026-88-89f,88-89°F,0.15676952950068368,0.8432304704993163,3.726837158203125,True,False,False,False,True,True,0.05,1.0,1781540100,0.9855,56.0,0.99,0.0004950000000000005,0.990495,-0.1472645295006837,True,0.009596211995012593
Dallas,KDAL,2026-06-15,highest-temperature-in-dallas-on-june-15-2026,highest-temperature-in-dallas-on-june-15-2026-90-91f,90-91°F,0.022660427125315352,0.9773395728746846,3.726837158203125,True,False,False,False,True,True,0.05,1.0,1781540100,0.9975,56.0,0.99,0.0004950000000000005,0.990495,-0.013155427125315367,True,0.009596211995012593
Dallas,KDAL,2026-06-15,highest-temperature-in-dallas-on-june-15-2026,highest-temperature-in-dallas-on-june-15-2026-92forhigher,92°F or higher,0.004855805812567575,0.9951441941874324,3.726837158203125,True,True,False,False,True,True,0.05,1.0,1781540100,0.998,55.0,0.99,0.0004950000000000005,0.990495,0.0046491941874323706,True,0.009596211995012593
Dallas,KDAL,2026-06-16,highest-temperature-in-dallas-on-june-16-2026,highest-temperature-in-dallas-on-june-16-2026-79forbelow,79°F or below,0.0,1.0,3.2319580078124943,False,True,False,False,True,True,0.05,1.0,1781626500,0.9995,55.0,0.99,0.0004950000000000005,0.990495,0.009504999999999986,True,0.009596211995012593
Dallas,KDAL,2026-06-16,highest-temperature-in-dallas-on-june-16-2026,highest-temperature-in-dallas-on-june-16-2026-80-81f,80-81°F,0.0,1.0,3.2319580078124943,False,False,False,False,True,True,0.05,1.0,1781626500,0.9995,55.0,0.99,0.0004950000000000005,0.990495,0.009504999999999986,True,0.009596211995012593
Dallas,KDAL,2026-06-16,highest-temperature-in-dallas-on-june-16-2026,highest-temperature-in-dallas-on-june-16-2026-82-83f,82-83°F,0.00042498981353468126,0.9995750101864653,3.2319580078124943,False,False,False,False,True,True,0.05,1.0,1781626500,0.9975,56.0,0.99,0.0004950000000000005,0.990495,0.009080010186465315,True,0.009596211995012593
Dallas,KDAL,2026-06-16,highest-temperature-in-dallas-on-june-16-2026,highest-temperature-in-dallas-on-june-16-2026-84-85f,84-85°F,0.016999592541387255,0.9830004074586127,3.2319580078124943,False,False,False,False,True,True,0.05,1.0,1781626500,0.995,54.0,0.99,0.0004950000000000005,0.990495,-0.0074945925413872905,True,0.009596211995012593
Dallas,KDAL,2026-06-16,highest-temperature-in-dallas-on-june-16-2026,highest-temperature-in-dallas-on-june-16-2026-86-87f,86-87°F,0.046071209657659415,0.9539287903423406,3.2319580078124943,False,False,False,False,True,True,0.05,1.0,1781626500,0.9695,55.0,0.9795,0.0010039874999999982,0.9805039875,-0.026575197157659436,True,0.01988366467505065
Dallas,KDAL,2026-06-16,highest-temperature-in-dallas-on-june-16-2026,highest-temperature-in-dallas-on-june-16-2026-88-89f,88-89°F,0.3210294766091079,0.678970523390892,3.2319580078124943,False,False,False,False,False,True,0.05,1.0,1781626500,0.675,56.0,0.685,0.01078875,0.6957887500000001,-0.016818226609108033,True,-1.0
Dallas,KDAL,2026-06-16,highest-temperature-in-dallas-on-june-16-2026,highest-temperature-in-dallas-on-june-16-2026-92-93f,92-93°F,0.1109759367897884,0.8890240632102115,3.2319580078124943,False,False,False,False,True,True,0.05,1.0,1781626500,0.79,56.0,0.8,0.007999999999999998,0.808,0.0810240632102115,True,0.2376237623762376
Dallas,KDAL,2026-06-16,highest-temperature-in-dallas-on-june-16-2026,highest-temperature-in-dallas-on-june-16-2026-94-95f,94-95°F,0.020246062548424513,0.9797539374515755,3.2319580078124943,False,False,False,False,True,True,0.05,1.0,1781626500,0.992,55.0,0.99,0.0004950000000000005,0.990495,-0.010741062548424551,True,0.009596211995012593
Dallas,KDAL,2026-06-16,highest-temperature-in-dallas-on-june-16-2026,highest-temperature-in-dallas-on-june-16-2026-96-97f,96-97°F,0.0028922946497749306,0.9971077053502251,3.2319580078124943,False,False,False,False,True,True,0.05,1.0,1781626500,0.996,55.0,0.99,0.0004950000000000005,0.990495,0.006612705350225068,True,0.009596211995012593
Dallas,KDAL,2026-06-16,highest-temperature-in-dallas-on-june-16-2026,highest-temperature-in-dallas-on-june-16-2026-98forhigher,98°F or higher,0.0014461473248874653,0.9985538526751125,3.2319580078124943,False,True,False,False,True,True,0.05,1.0,1781626500,0.9995,55.0,0.99,0.0004950000000000005,0.990495,0.008058852675112527,True,0.009596211995012593
Dallas,KDAL,2026-06-17,highest-temperature-in-dallas-on-june-17-2026,highest-temperature-in-dallas-on-june-17-2026-81forbelow,81°F or below,0.0,1.0,7.388635253906244,False,True,False,False,True,True,0.05,1.0,1781712900,0.9995,55.0,0.99,0.0004950000000000005,0.990495,0.009504999999999986,True,0.009596211995012593
Dallas,KDAL,2026-06-17,highest-temperature-in-dallas-on-june-17-2026,highest-temperature-in-dallas-on-june-17-2026-82-83f,82-83°F,0.0006995270745302981,0.9993004729254698,7.388635253906244,False,False,False,False,True,True,0.05,1.0,1781712900,0.9995,55.0,0.99,0.0004950000000000005,0.990495,0.008805472925469737,True,0.009596211995012593
Dallas,KDAL,2026-06-17,highest-temperature-in-dallas-on-june-17-2026,highest-temperature-in-dallas-on-june-17-2026-84-85f,84-85°F,0.0027981082981211923,0.9972018917018788,7.388635253906244,False,False,False,False,True,True,0.05,1.0,1781712900,0.9995,54.0,0.99,0.0004950000000000005,0.990495,0.00670689170187877,True,0.009596211995012593
Dallas,KDAL,2026-06-17,highest-temperature-in-dallas-on-june-17-2026,highest-temperature-in-dallas-on-june-17-2026-86-87f,86-87°F,0.02798108298121193,0.9720189170187881,7.388635253906244,False,False,False,False,True,True,0.05,1.0,1781712900,0.9975,55.0,0.99,0.0004950000000000005,0.990495,-0.01847608298121195,True,0.009596211995012593
Dallas,KDAL,2026-06-17,highest-temperature-in-dallas-on-june-17-2026,highest-temperature-in-dallas-on-june-17-2026-88-89f,88-89°F,0.08174974463348136,0.9182502553665186,7.388635253906244,False,False,False,False,True,True,0.05,1.0,1781712900,0.9755,55.0,0.9855,0.000714487499999998,0.9862144875000001,-0.06796423213348146,True,0.013978209278739717
Dallas,KDAL,2026-06-17,highest-temperature-in-dallas-on-june-17-2026,highest-temperature-in-dallas-on-june-17-2026-90-91f,90-91°F,0.35839559390014286,0.6416044060998571,7.388635253906244,False,False,False,False,False,True,0.05,1.0,1781712900,0.815,54.0,0.825,0.007218750000000002,0.83221875,-0.19061434390014287,True,-1.0
Dallas,KDAL,2026-06-17,highest-temperature-in-dallas-on-june-17-2026,highest-temperature-in-dallas-on-june-17-2026-94-95f,94-95°F,0.07806955282506076,0.9219304471749392,7.388635253906244,False,False,False,False,True,True,0.05,1.0,1781712900,0.855,55.0,0.865,0.00583875,0.87083875,0.05109169717493922,True,0.14831821620248298
Dallas,KDAL,2026-06-17,highest-temperature-in-dallas-on-june-17-2026,highest-temperature-in-dallas-on-june-17-2026-96-97f,96-97°F,0.018113280873864088,0.9818867191261359,7.388635253906244,False,False,False,False,True,True,0.05,1.0,1781712900,0.9645,54.0,0.9745,0.0012424874999999985,0.9757424875,0.006144231626135865,True,0.024860568039987152
Dallas,KDAL,2026-06-17,highest-temperature-in-dallas-on-june-17-2026,highest-temperature-in-dallas-on-june-17-2026-98-99f,98-99°F,0.002587611553409155,0.9974123884465909,7.388635253906244,False,False,False,False,True,True,0.05,1.0,1781712900,0.983,54.0,0.99,0.0004950000000000005,0.990495,0.006917388446590844,True,0.009596211995012593
Dallas,KDAL,2026-06-17,highest-temperature-in-dallas-on-june-17-2026,highest-temperature-in-dallas-on-june-17-2026-100forhigher,100°F or higher,0.0012938057767045775,0.9987061942232954,7.388635253906244,False,True,False,False,True,True,0.05,1.0,1781712900,0.9995,55.0,0.99,0.0004950000000000005,0.990495,0.008211194223295415,True,0.009596211995012593
Dallas,KDAL,2026-06-19,highest-temperature-in-dallas-on-june-19-2026,highest-temperature-in-dallas-on-june-19-2026-83forbelow,83°F or below,0.0,1.0,5.621978759765625,True,True,False,False,True,True,0.05,1.0,1781885700,0.9995,57.0,0.99,0.0004950000000000005,0.990495,0.009504999999999986,True,0.009596211995012593
Dallas,KDAL,2026-06-19,highest-temperature-in-dallas-on-june-19-2026,highest-temperature-in-dallas-on-june-19-2026-86-87f,86-87°F,0.3160223164239012,0.6839776835760988,5.621978759765625,True,False,False,False,True,True,0.05,1.0,1781885700,0.845,57.0,0.855,0.006198750000000001,0.86119875,-0.17722106642390123,True,0.1611721452219943
Dallas,KDAL,2026-06-19,highest-temperature-in-dallas-on-june-19-2026,highest-temperature-in-dallas-on-june-19-2026-88-89f,88-89°F,0.06660858514984207,0.933391414850158,5.621978759765625,True,False,False,False,True,True,0.05,1.0,1781885700,0.895,57.0,0.905,0.00429875,0.90929875,0.02409266485015793,True,0.09974856998318749
Dallas,KDAL,2026-06-19,highest-temperature-in-dallas-on-june-19-2026,highest-temperature-in-dallas-on-june-19-2026-90-91f,90-91°F,0.018984244587929144,0.9810157554120709,5.621978759765625,True,False,False,False,True,True,0.05,1.0,1781885700,0.99,57.0,0.99,0.0004950000000000005,0.990495,-0.009479244587929148,True,0.009596211995012593
Dallas,KDAL,2026-06-19,highest-temperature-in-dallas-on-june-19-2026,highest-temperature-in-dallas-on-june-19-2026-92-93f,92-93°F,0.00542406988226547,0.9945759301177345,5.621978759765625,True,False,False,False,True,True,0.05,1.0,1781885700,0.9955,57.0,0.99,0.0004950000000000005,0.990495,0.0040809301177344715,True,0.009596211995012593
Dallas,KDAL,2026-06-19,highest-temperature-in-dallas-on-june-19-2026,highest-temperature-in-dallas-on-june-19-2026-94-95f,94-95°F,0.0006780087352831836,0.9993219912647168,5.621978759765625,True,False,False,False,True,True,0.05,1.0,1781885700,0.998,57.0,0.99,0.0004950000000000005,0.990495,0.008826991264716755,True,0.009596211995012593
Dallas,KDAL,2026-06-19,highest-temperature-in-dallas-on-june-19-2026,highest-temperature-in-dallas-on-june-19-2026-96-97f,96-97°F,0.0,1.0,5.621978759765625,True,False,False,False,True,True,0.05,1.0,1781885700,0.9975,57.0,0.99,0.0004950000000000005,0.990495,0.009504999999999986,True,0.009596211995012593
Dallas,KDAL,2026-06-19,highest-temperature-in-dallas-on-june-19-2026,highest-temperature-in-dallas-on-june-19-2026-98-99f,98-99°F,0.0,1.0,5.621978759765625,True,False,False,False,True,True,0.05,1.0,1781885700,0.9995,57.0,0.99,0.0004950000000000005,0.990495,0.009504999999999986,True,0.009596211995012593
Dallas,KDAL,2026-06-19,highest-temperature-in-dallas-on-june-19-2026,highest-temperature-in-dallas-on-june-19-2026-100-101f,100-101°F,0.0,1.0,5.621978759765625,True,False,False,False,True,True,0.05,1.0,1781885700,0.999,57.0,0.99,0.0004950000000000005,0.990495,0.009504999999999986,True,0.009596211995012593
Dallas,KDAL,2026-06-19,highest-temperature-in-dallas-on-june-19-2026,highest-temperature-in-dallas-on-june-19-2026-102forhigher,102°F or higher,0.0,1.0,5.621978759765625,True,True,False,False,True,True,0.05,1.0,1781885700,0.9995,57.0,0.99,0.0004950000000000005,0.990495,0.009504999999999986,True,0.009596211995012593
Dallas,KDAL,2026-06-20,highest-temperature-in-dallas-on-june-20-2026,highest-temperature-in-dallas-on-june-20-2026-79forbelow,79°F or below,0.0,1.0,6.085931396484384,False,True,False,False,True,True,0.05,1.0,1781972100,0.9995,43.0,0.99,0.0004950000000000005,0.990495,0.009504999999999986,True,0.009596211995012593
Dallas,KDAL,2026-06-20,highest-temperature-in-dallas-on-june-20-2026,highest-temperature-in-dallas-on-june-20-2026-80-81f,80-81°F,0.0,1.0,6.085931396484384,False,False,False,False,True,True,0.05,1.0,1781972100,0.9995,43.0,0.99,0.0004950000000000005,0.990495,0.009504999999999986,True,0.009596211995012593
Dallas,KDAL,2026-06-20,highest-temperature-in-dallas-on-june-20-2026,highest-temperature-in-dallas-on-june-20-2026-82-83f,82-83°F,0.0005114493838772303,0.9994885506161227,6.085931396484384,False,False,False,False,True,True,0.05,1.0,1781972100,0.994,43.0,0.99,0.0004950000000000005,0.990495,0.008993550616122725,True,0.009596211995012593
Dallas,KDAL,2026-06-20,highest-temperature-in-dallas-on-june-20-2026,highest-temperature-in-dallas-on-june-20-2026-84-85f,84-85°F,0.020457975355089218,0.9795420246449108,6.085931396484384,False,False,False,False,True,True,0.05,1.0,1781972100,0.9705,43.0,0.9805,0.0009559874999999982,0.9814559875000001,-0.0019139628550892684,True,0.018894390310090214
Dallas,KDAL,2026-06-20,highest-temperature-in-dallas-on-june-20-2026,highest-temperature-in-dallas-on-june-20-2026-86-87f,86-87°F,0.0521756310803707,0.9478243689196293,6.085931396484384,False,False,False,False,True,True,0.05,1.0,1781972100,0.855,43.0,0.865,0.00583875,0.87083875,0.0769856189196293,True,0.14831821620248298
Dallas,KDAL,2026-06-20,highest-temperature-in-dallas-on-june-20-2026,highest-temperature-in-dallas-on-june-20-2026-88-89f,88-89°F,0.3138261328746601,0.6861738671253399,6.085931396484384,False,False,False,False,True,True,0.05,1.0,1781972100,0.67,43.0,0.68,0.01088,0.69088,-0.004706132874660152,True,0.4474293654469661
Dallas,KDAL,2026-06-20,highest-temperature-in-dallas-on-june-20-2026,highest-temperature-in-dallas-on-june-20-2026-92-93f,92-93°F,0.09738659963028701,0.902613400369713,6.085931396484384,False,False,False,False,False,True,0.05,1.0,1781972100,0.95,43.0,0.96,0.0019200000000000016,0.96192,-0.05930659963028695,True,-1.0
Dallas,KDAL,2026-06-20,highest-temperature-in-dallas-on-june-20-2026,highest-temperature-in-dallas-on-june-20-2026-94-95f,94-95°F,0.020953165049049254,0.9790468349509508,6.085931396484384,False,False,False,False,True,True,0.05,1.0,1781972100,0.9935,43.0,0.99,0.0004950000000000005,0.990495,-0.01144816504904922,True,0.009596211995012593
Dallas,KDAL,2026-06-20,highest-temperature-in-dallas-on-june-20-2026,highest-temperature-in-dallas-on-june-20-2026-96-97f,96-97°F,0.0029933092927213224,0.9970066907072787,6.085931396484384,False,False,False,False,True,True,0.05,1.0,1781972100,0.9985,43.0,0.99,0.0004950000000000005,0.990495,0.006511690707278639,True,0.009596211995012593
Dallas,KDAL,2026-06-20,highest-temperature-in-dallas-on-june-20-2026,highest-temperature-in-dallas-on-june-20-2026-98forhigher,98°F or higher,0.0014966546463606612,0.9985033453536394,6.085931396484384,False,True,False,False,True,True,0.05,1.0,1781972100,0.9975,43.0,0.99,0.0004950000000000005,0.990495,0.008008345353639368,True,0.009596211995012593
Dallas,KDAL,2026-06-21,highest-temperature-in-dallas-on-june-21-2026,highest-temperature-in-dallas-on-june-21-2026-83forbelow,83°F or below,0.0,1.0,3.7408447265625,False,True,False,False,True,True,0.05,1.0,1782058500,0.9995,57.0,0.99,0.0004950000000000005,0.990495,0.009504999999999986,True,0.009596211995012593
Dallas,KDAL,2026-06-21,highest-temperature-in-dallas-on-june-21-2026,highest-temperature-in-dallas-on-june-21-2026-84-85f,84-85°F,0.005685954596547339,0.9943140454034527,3.7408447265625,False,False,False,False,True,True,0.05,1.0,1782058500,0.9995,56.0,0.99,0.0004950000000000005,0.990495,0.003819045403452681,True,0.009596211995012593
Dallas,KDAL,2026-06-21,highest-temperature-in-dallas-on-june-21-2026,highest-temperature-in-dallas-on-june-21-2026-86-87f,86-87°F,0.021985691106649708,0.9780143088933503,3.7408447265625,False,False,False,False,True,True,0.05,1.0,1782058500,0.9995,56.0,0.99,0.0004950000000000005,0.990495,-0.012480691106649733,True,0.009596211995012593
Dallas,KDAL,2026-06-21,highest-temperature-in-dallas-on-june-21-2026,highest-temperature-in-dallas-on-june-21-2026-88-89f,88-89°F,0.08587293460034628,0.9141270653996537,3.7408447265625,False,False,False,False,True,True,0.05,1.0,1782058500,0.9725,56.0,0.9825,0.0008596874999999981,0.9833596875,-0.06923262210034631,True,0.016921898173703598
Dallas,KDAL,2026-06-21,highest-temperature-in-dallas-on-june-21-2026,highest-temperature-in-dallas-on-june-21-2026-92-93f,92-93°F,0.3111798810989308,0.6888201189010692,3.7408447265625,False,False,False,False,False,True,0.05,1.0,1782058500,0.71,57.0,0.72,0.01008,0.73008,-0.04125988109893075,True,-1.0
Dallas,KDAL,2026-06-21,highest-temperature-in-dallas-on-june-21-2026,highest-temperature-in-dallas-on-june-21-2026-94-95f,94-95°F,0.039169431982799326,0.9608305680172007,3.7408447265625,False,False,False,False,True,True,0.05,1.0,1782058500,0.945,56.0,0.955,0.002148750000000002,0.95714875,0.0036818180172006887,True,0.04476968705229978
Dallas,KDAL,2026-06-21,highest-temperature-in-dallas-on-june-21-2026,highest-temperature-in-dallas-on-june-21-2026-96-97f,96-97°F,0.011071651761704271,0.9889283482382958,3.7408447265625,False,False,False,False,True,True,0.05,1.0,1782058500,0.999,57.0,0.99,0.0004950000000000005,0.990495,-0.0015666517617042297,True,0.009596211995012593
Dallas,KDAL,2026-06-21,highest-temperature-in-dallas-on-june-21-2026,highest-temperature-in-dallas-on-june-21-2026-98-99f,98-99°F,0.0031633290747726485,0.9968366709252273,3.7408447265625,False,False,False,False,True,True,0.05,1.0,1782058500,0.9985,57.0,0.99,0.0004950000000000005,0.990495,0.006341670925227305,True,0.009596211995012593
Dallas,KDAL,2026-06-21,highest-temperature-in-dallas-on-june-21-2026,highest-temperature-in-dallas-on-june-21-2026-100-101f,100-101°F,0.00039541613434658106,0.9996045838656534,3.7408447265625,False,False,False,False,True,True,0.05,1.0,1782058500,0.9995,56.0,0.99,0.0004950000000000005,0.990495,0.009109583865653414,True,0.009596211995012593
Dallas,KDAL,2026-06-21,highest-temperature-in-dallas-on-june-21-2026,highest-temperature-in-dallas-on-june-21-2026-102forhigher,102°F or higher,0.0,1.0,3.7408447265625,False,True,False,False,True,True,0.05,1.0,1782058500,0.9995,56.0,0.99,0.0004950000000000005,0.990495,0.009504999999999986,True,0.009596211995012593
Dallas,KDAL,2026-07-01,highest-temperature-in-dallas-on-july-1-2026,highest-temperature-in-dallas-on-july-1-2026-91forbelow,91°F or below,0.022045142435744118,0.9779548575642559,8.12169799804687,False,True,False,False,True,True,0.05,1.0,1782922500,0.998,54.0,0.99,0.0004950000000000005,0.990495,-0.012540142435744084,True,0.009596211995012593
Dallas,KDAL,2026-07-01,highest-temperature-in-dallas-on-july-1-2026,highest-temperature-in-dallas-on-july-1-2026-92-93f,92-93°F,0.05578190720850014,0.9442180927914998,8.12169799804687,False,False,False,False,True,True,0.05,1.0,1782922500,0.9925,54.0,0.99,0.0004950000000000005,0.990495,-0.046276907208500195,True,0.009596211995012593
Dallas,KDAL,2026-07-01,highest-temperature-in-dallas-on-july-1-2026,highest-temperature-in-dallas-on-july-1-2026-94-95f,94-95°F,0.33461249850775,0.66538750149225,8.12169799804687,False,False,False,False,False,True,0.05,1.0,1782922500,0.705,54.0,0.715,0.010188750000000002,0.7251887499999999,-0.05980124850774993,True,-1.0
Dallas,KDAL,2026-07-01,highest-temperature-in-dallas-on-july-1-2026,highest-temperature-in-dallas-on-july-1-2026-98-99f,98-99°F,0.08484795958907453,0.9151520404109255,8.12169799804687,False,False,False,False,True,True,0.05,1.0,1782922500,0.9625,53.0,0.9725,0.0013371874999999985,0.9738371875,-0.058685147089074574,True,0.02686569463132149
Dallas,KDAL,2026-07-01,highest-temperature-in-dallas-on-july-1-2026,highest-temperature-in-dallas-on-july-1-2026-100-101f,100-101°F,0.018752291699603105,0.9812477083003969,8.12169799804687,False,False,False,False,True,True,0.05,1.0,1782922500,0.99,54.0,0.99,0.0004950000000000005,0.990495,-0.009247291699603144,True,0.009596211995012593
Dallas,KDAL,2026-07-01,highest-temperature-in-dallas-on-july-1-2026,highest-temperature-in-dallas-on-july-1-2026-102-103f,102-103°F,0.002678898814229015,0.997321101185771,8.12169799804687,False,False,False,False,True,True,0.05,1.0,1782922500,0.9965,53.0,0.99,0.0004950000000000005,0.990495,0.006826101185770983,True,0.009596211995012593
Dallas,KDAL,2026-07-01,highest-temperature-in-dallas-on-july-1-2026,highest-temperature-in-dallas-on-july-1-2026-104-105f,104-105°F,0.0013394494071145076,0.9986605505928855,8.12169799804687,False,False,False,False,True,True,0.05,1.0,1782922500,0.9985,53.0,0.99,0.0004950000000000005,0.990495,0.008165550592885484,True,0.009596211995012593
Dallas,KDAL,2026-07-01,highest-temperature-in-dallas-on-july-1-2026,highest-temperature-in-dallas-on-july-1-2026-106-107f,106-107°F,0.0,1.0,8.12169799804687,False,False,False,False,True,True,0.05,1.0,1782922500,0.9995,53.0,0.99,0.0004950000000000005,0.990495,0.009504999999999986,True,0.009596211995012593
Dallas,KDAL,2026-07-01,highest-temperature-in-dallas-on-july-1-2026,highest-temperature-in-dallas-on-july-1-2026-108-109f,108-109°F,0.0,1.0,8.12169799804687,False,False,False,False,True,True,0.05,1.0,1782922500,0.9995,54.0,0.99,0.0004950000000000005,0.990495,0.009504999999999986,True,0.009596211995012593
Dallas,KDAL,2026-07-01,highest-temperature-in-dallas-on-july-1-2026,highest-temperature-in-dallas-on-july-1-2026-110forhigher,110°F or higher,0.0,1.0,8.12169799804687,False,True,False,False,True,True,0.05,1.0,1782922500,0.9995,53.0,0.99,0.0004950000000000005,0.990495,0.009504999999999986,True,0.009596211995012593
Dallas,KDAL,2026-07-02,highest-temperature-in-dallas-on-july-2-2026,highest-temperature-in-dallas-on-july-2-2026-91forbelow,91°F or below,0.024634829818624006,0.975365170181376,2.6009582519531165,False,True,False,False,True,True,0.05,1.0,1783008900,0.995,45.0,0.99,0.0004950000000000005,0.990495,-0.015129829818623985,True,0.009596211995012593
Dallas,KDAL,2026-07-02,highest-temperature-in-dallas-on-july-2-2026,highest-temperature-in-dallas-on-july-2-2026-92-93f,92-93°F,0.058300242110991676,0.9416997578890083,2.6009582519531165,False,False,False,False,True,True,0.05,1.0,1783008900,0.968,45.0,0.978,0.0010758000000000009,0.9790757999999999,-0.03737604211099166,True,0.021371379008652935
Dallas,KDAL,2026-07-02,highest-temperature-in-dallas-on-july-2-2026,highest-temperature-in-dallas-on-july-2-2026-96-97f,96-97°F,0.3600445675912939,0.6399554324087061,2.6009582519531165,False,False,False,False,True,True,0.05,1.0,1783008900,0.57,45.0,0.58,0.012180000000000002,0.5921799999999999,0.04777543240870619,True,0.6886757404843125
Dallas,KDAL,2026-07-02,highest-temperature-in-dallas-on-july-2-2026,highest-temperature-in-dallas-on-july-2-2026-98-99f,98-99°F,0.05383256525960816,0.9461674347403919,2.6009582519531165,False,False,False,False,True,True,0.05,1.0,1783008900,0.951,45.0,0.961,0.0018739500000000018,0.96287395,-0.01670651525960809,True,0.03855753912544846
Dallas,KDAL,2026-07-02,highest-temperature-in-dallas-on-july-2-2026,highest-temperature-in-dallas-on-july-2-2026-100-101f,100-101°F,0.014796901316433127,0.9852030986835669,2.6009582519531165,False,False,False,False,True,True,0.05,1.0,1783008900,0.995,44.0,0.99,0.0004950000000000005,0.990495,-0.00529190131643309,True,0.009596211995012593
Dallas,KDAL,2026-07-02,highest-temperature-in-dallas-on-july-2-2026,highest-temperature-in-dallas-on-july-2-2026-102-103f,102-103°F,0.004227686090409464,0.9957723139095905,2.6009582519531165,False,False,False,False,True,True,0.05,1.0,1783008900,0.9975,44.0,0.99,0.0004950000000000005,0.990495,0.00527731390959052,True,0.009596211995012593
Dallas,KDAL,2026-07-02,highest-temperature-in-dallas-on-july-2-2026,highest-temperature-in-dallas-on-july-2-2026-104-105f,104-105°F,0.000528460761301183,0.9994715392386988,2.6009582519531165,False,False,False,False,True,True,0.05,1.0,1783008900,0.9975,44.0,0.99,0.0004950000000000005,0.990495,0.008976539238698789,True,0.009596211995012593
Dallas,KDAL,2026-07-02,highest-temperature-in-dallas-on-july-2-2026,highest-temperature-in-dallas-on-july-2-2026-106-107f,106-107°F,0.0,1.0,2.6009582519531165,False,False,False,False,True,True,0.05,1.0,1783008900,0.999,45.0,0.99,0.0004950000000000005,0.990495,0.009504999999999986,True,0.009596211995012593
Dallas,KDAL,2026-07-02,highest-temperature-in-dallas-on-july-2-2026,highest-temperature-in-dallas-on-july-2-2026-108-109f,108-109°F,0.0,1.0,2.6009582519531165,False,False,False,False,True,True,0.05,1.0,1783008900,0.9995,45.0,0.99,0.0004950000000000005,0.990495,0.009504999999999986,True,0.009596211995012593
Dallas,KDAL,2026-07-02,highest-temperature-in-dallas-on-july-2-2026,highest-temperature-in-dallas-on-july-2-2026-110forhigher,110°F or higher,0.0,1.0,2.6009582519531165,False,True,False,False,True,True,0.05,1.0,1783008900,0.9995,44.0,0.99,0.0004950000000000005,0.990495,0.009504999999999986,True,0.009596211995012593
Dallas,KDAL,2026-07-12,highest-temperature-in-dallas-on-july-12-2026,highest-temperature-in-dallas-on-july-12-2026-89forbelow,89°F or below,0.024013814413605374,0.9759861855863946,2.395458984374997,False,True,False,False,True,True,0.05,1.0,1783872900,0.98,54.0,0.99,0.0004950000000000005,0.990495,-0.014508814413605409,True,0.009596211995012593
Dallas,KDAL,2026-07-12,highest-temperature-in-dallas-on-july-12-2026,highest-temperature-in-dallas-on-july-12-2026-90-91f,90-91°F,0.06034837028574408,0.9396516297142559,2.395458984374997,False,False,False,False,True,True,0.05,1.0,1783872900,0.8805,54.0,0.8905,0.004875487500000002,0.8953754875,0.04427614221425591,True,0.11684987355653975
Dallas,KDAL,2026-07-12,highest-temperature-in-dallas-on-july-12-2026,highest-temperature-in-dallas-on-july-12-2026-94-95f,94-95°F,0.36954851575324676,0.6304514842467532,2.395458984374997,False,False,False,False,True,True,0.05,1.0,1783872900,0.63,54.0,0.64,0.01152,0.65152,-0.021068515753246753,True,0.5348722986247545
Dallas,KDAL,2026-07-12,highest-temperature-in-dallas-on-july-12-2026,highest-temperature-in-dallas-on-july-12-2026-96-97f,96-97°F,0.055012506684600865,0.9449874933153991,2.395458984374997,False,False,False,False,True,True,0.05,1.0,1783872900,0.83,55.0,0.84,0.006720000000000001,0.8467199999999999,0.09826749331539919,True,0.18102796674225252
Dallas,KDAL,2026-07-12,highest-temperature-in-dallas-on-july-12-2026,highest-temperature-in-dallas-on-july-12-2026-98-99f,98-99°F,0.014097040958541569,0.9859029590414584,2.395458984374997,False,False,False,False,False,True,0.05,1.0,1783872900,0.981,53.0,0.99,0.0004950000000000005,0.990495,-0.004592040958541599,True,-1.0
Dallas,KDAL,2026-07-12,highest-temperature-in-dallas-on-july-12-2026,highest-temperature-in-dallas-on-july-12-2026-100-101f,100-101°F,0.004027725988154734,0.9959722740118453,2.395458984374997,False,False,False,False,True,True,0.05,1.0,1783872900,0.997,54.0,0.99,0.0004950000000000005,0.990495,0.005477274011845279,True,0.009596211995012593
Dallas,KDAL,2026-07-12,highest-temperature-in-dallas-on-july-12-2026,highest-temperature-in-dallas-on-july-12-2026-102-103f,102-103°F,0.0005034657485193417,0.9994965342514807,2.395458984374997,False,False,False,False,True,True,0.05,1.0,1783872900,0.9985,54.0,0.99,0.0004950000000000005,0.990495,0.009001534251480647,True,0.009596211995012593
Dallas,KDAL,2026-07-12,highest-temperature-in-dallas-on-july-12-2026,highest-temperature-in-dallas-on-july-12-2026-104-105f,104-105°F,0.0,1.0,2.395458984374997,False,False,False,False,True,True,0.05,1.0,1783872900,0.9995,54.0,0.99,0.0004950000000000005,0.990495,0.009504999999999986,True,0.009596211995012593
Dallas,KDAL,2026-07-12,highest-temperature-in-dallas-on-july-12-2026,highest-temperature-in-dallas-on-july-12-2026-106-107f,106-107°F,0.0,1.0,2.395458984374997,False,False,False,False,True,True,0.05,1.0,1783872900,0.9995,55.0,0.99,0.0004950000000000005,0.990495,0.009504999999999986,True,0.009596211995012593
Dallas,KDAL,2026-07-12,highest-temperature-in-dallas-on-july-12-2026,highest-temperature-in-dallas-on-july-12-2026-108forhigher,108°F or higher,0.0,1.0,2.395458984374997,False,True,False,False,True,True,0.05,1.0,1783872900,0.9995,54.0,0.99,0.0004950000000000005,0.990495,0.009504999999999986,True,0.009596211995012593
Dallas,KDAL,2026-07-15,highest-temperature-in-dallas-on-july-15-2026,highest-temperature-in-dallas-on-july-15-2026-81forbelow,81°F or below,0.0,1.0,2.494665527343756,True,True,False,False,True,True,0.05,1.0,1784132100,0.9995,54.0,0.99,0.0004950000000000005,0.990495,0.009504999999999986,True,0.009596211995012593
Dallas,KDAL,2026-07-15,highest-temperature-in-dallas-on-july-15-2026,highest-temperature-in-dallas-on-july-15-2026-82-83f,82-83°F,0.0,1.0,2.494665527343756,True,False,False,False,True,True,0.05,1.0,1784132100,0.9995,54.0,0.99,0.0004950000000000005,0.990495,0.009504999999999986,True,0.009596211995012593
Dallas,KDAL,2026-07-15,highest-temperature-in-dallas-on-july-15-2026,highest-temperature-in-dallas-on-july-15-2026-84-85f,84-85°F,0.01202089377898392,0.987979106221016,2.494665527343756,True,False,False,False,True,True,0.05,1.0,1784132100,0.9935,55.0,0.99,0.0004950000000000005,0.990495,-0.0025158937789839797,True,0.009596211995012593
Dallas,KDAL,2026-07-15,highest-temperature-in-dallas-on-july-15-2026,highest-temperature-in-dallas-on-july-15-2026-86-87f,86-87°F,0.03242488572792686,0.9675751142720731,2.494665527343756,True,False,False,False,True,True,0.05,1.0,1784132100,0.935,54.0,0.9450000000000001,0.0025987499999999973,0.94759875,0.019976364272073055,True,0.05529898598958671
Dallas,KDAL,2026-07-15,highest-temperature-in-dallas-on-july-15-2026,highest-temperature-in-dallas-on-july-15-2026-88-89f,88-89°F,0.28422461732407506,0.715775382675925,2.494665527343756,True,False,False,False,True,True,0.05,1.0,1784132100,0.745,54.0,0.755,0.00924875,0.76424875,-0.048473367324075034,True,0.3084744986498178
Dallas,KDAL,2026-07-15,highest-temperature-in-dallas-on-july-15-2026,highest-temperature-in-dallas-on-july-15-2026-92-93f,92-93°F,0.1428237164748951,0.8571762835251049,2.494665527343756,True,False,False,False,True,True,0.05,1.0,1784132100,0.7115,54.0,0.7215,0.0100468875,0.7315468875000001,0.1256293960251048,True,0.3669663791714237
Dallas,KDAL,2026-07-15,highest-temperature-in-dallas-on-july-15-2026,highest-temperature-in-dallas-on-july-15-2026-94-95f,94-95°F,0.01792421945288416,0.9820757805471159,2.494665527343756,True,False,False,False,True,True,0.05,1.0,1784132100,0.918,54.0,0.928,0.003340799999999998,0.9313408000000001,0.05073498054711578,True,0.07372081197344715
Dallas,KDAL,2026-07-15,highest-temperature-in-dallas-on-july-15-2026,highest-temperature-in-dallas-on-july-15-2026-96-97f,96-97°F,0.002560602778983451,0.9974393972210166,2.494665527343756,True,False,False,False,True,True,0.05,1.0,1784132100,0.997,54.0,0.99,0.0004950000000000005,0.990495,0.006944397221016585,True,0.009596211995012593
Dallas,KDAL,2026-07-15,highest-temperature-in-dallas-on-july-15-2026,highest-temperature-in-dallas-on-july-15-2026-98-99f,98-99°F,0.0012803013894917255,0.9987196986105082,2.494665527343756,True,False,False,False,True,True,0.05,1.0,1784132100,0.9995,54.0,0.99,0.0004950000000000005,0.990495,0.00822469861050823,True,0.009596211995012593
Dallas,KDAL,2026-07-15,highest-temperature-in-dallas-on-july-15-2026,highest-temperature-in-dallas-on-july-15-2026-100forhigher,100°F or higher,0.0,1.0,2.494665527343756,True,True,False,False,True,True,0.05,1.0,1784132100,0.9995,54.0,0.99,0.0004950000000000005,0.990495,0.009504999999999986,True,0.009596211995012593
Dallas,KDAL,2026-07-16,highest-temperature-in-dallas-on-july-16-2026,highest-temperature-in-dallas-on-july-16-2026-77forbelow,77°F or below,0.0,1.0,4.423370361328125,False,True,False,False,True,True,0.05,1.0,1784218500,0.9995,54.0,0.99,0.0004950000000000005,0.990495,0.009504999999999986,True,0.009596211995012593
Dallas,KDAL,2026-07-16,highest-temperature-in-dallas-on-july-16-2026,highest-temperature-in-dallas-on-july-16-2026-78-79f,78-79°F,0.0,1.0,4.423370361328125,False,False,False,False,True,True,0.05,1.0,1784218500,0.9995,54.0,0.99,0.0004950000000000005,0.990495,0.009504999999999986,True,0.009596211995012593
Dallas,KDAL,2026-07-16,highest-temperature-in-dallas-on-july-16-2026,highest-temperature-in-dallas-on-july-16-2026-80-81f,80-81°F,0.0,1.0,4.423370361328125,False,False,False,False,True,True,0.05,1.0,1784218500,0.9995,55.0,0.99,0.0004950000000000005,0.990495,0.009504999999999986,True,0.009596211995012593
Dallas,KDAL,2026-07-16,highest-temperature-in-dallas-on-july-16-2026,highest-temperature-in-dallas-on-july-16-2026-82-83f,82-83°F,0.0,1.0,4.423370361328125,False,False,False,False,True,True,0.05,1.0,1784218500,0.9995,55.0,0.99,0.0004950000000000005,0.990495,0.009504999999999986,True,0.009596211995012593
Dallas,KDAL,2026-07-16,highest-temperature-in-dallas-on-july-16-2026,highest-temperature-in-dallas-on-july-16-2026-84-85f,84-85°F,0.01888018459038284,0.9811198154096171,4.423370361328125,False,False,False,False,True,True,0.05,1.0,1784218500,0.965,55.0,0.975,0.001218750000000001,0.97621875,0.0049010654096171,True,0.024360574922372757
Dallas,KDAL,2026-07-16,highest-temperature-in-dallas-on-july-16-2026,highest-temperature-in-dallas-on-july-16-2026-86-87f,86-87°F,0.05031624750281129,0.9496837524971887,4.423370361328125,False,False,False,False,True,True,0.05,1.0,1784218500,0.825,54.0,0.835,0.0068887500000000025,0.84188875,0.10779500249718876,True,0.1878053959029622
Dallas,KDAL,2026-07-16,highest-temperature-in-dallas-on-july-16-2026,highest-temperature-in-dallas-on-july-16-2026-88-89f,88-89°F,0.36346098610593625,0.6365390138940638,4.423370361328125,False,False,False,False,False,True,0.05,1.0,1784218500,0.655,55.0,0.665,0.011138750000000001,0.67613875,-0.039599736105936256,True,-1.0
Dallas,KDAL,2026-07-16,highest-temperature-in-dallas-on-july-16-2026,highest-temperature-in-dallas-on-july-16-2026-92-93f,92-93°F,0.10948036928999,0.8905196307100101,4.423370361328125,False,False,False,False,True,True,0.05,1.0,1784218500,0.8945,54.0,0.9045,0.004318987500000001,0.9088189875,-0.01829935678998995,True,0.10032912357038537
Dallas,KDAL,2026-07-16,highest-temperature-in-dallas-on-july-16-2026,highest-temperature-in-dallas-on-july-16-2026-94-95f,94-95°F,0.014197725532807662,0.9858022744671924,4.423370361328125,False,False,False,False,True,True,0.05,1.0,1784218500,0.989,55.0,0.99,0.0004950000000000005,0.990495,-0.00469272553280764,True,0.009596211995012593
Dallas,KDAL,2026-07-16,highest-temperature-in-dallas-on-july-16-2026,highest-temperature-in-dallas-on-july-16-2026-96forhigher,96°F or higher,0.0030423697570302133,0.9969576302429698,4.423370361328125,False,True,False,False,True,True,0.05,1.0,1784218500,0.997,55.0,0.99,0.0004950000000000005,0.990495,0.00646263024296978,True,0.009596211995012593
Dallas,KDAL,2026-07-17,highest-temperature-in-dallas-on-july-17-2026,highest-temperature-in-dallas-on-july-17-2026-83forbelow,83°F or below,0.0,1.0,6.65771484375,False,True,False,False,True,True,0.05,1.0,1784304900,0.9995,56.0,0.99,0.0004950000000000005,0.990495,0.009504999999999986,True,0.009596211995012593
Dallas,KDAL,2026-07-17,highest-temperature-in-dallas-on-july-17-2026,highest-temperature-in-dallas-on-july-17-2026-84-85f,84-85°F,0.0,1.0,6.65771484375,False,False,False,False,True,True,0.05,1.0,1784304900,0.9995,56.0,0.99,0.0004950000000000005,0.990495,0.009504999999999986,True,0.009596211995012593
Dallas,KDAL,2026-07-17,highest-temperature-in-dallas-on-july-17-2026,highest-temperature-in-dallas-on-july-17-2026-86-87f,86-87°F,0.00040066834876210586,0.9995993316512379,6.65771484375,False,False,False,False,True,True,0.05,1.0,1784304900,0.9975,56.0,0.99,0.0004950000000000005,0.990495,0.009104331651237918,True,0.009596211995012593
Dallas,KDAL,2026-07-17,highest-temperature-in-dallas-on-july-17-2026,highest-temperature-in-dallas-on-july-17-2026-88-89f,88-89°F,0.016026733950484238,0.9839732660495157,6.65771484375,False,False,False,False,True,True,0.05,1.0,1784304900,0.986,57.0,0.99,0.0004950000000000005,0.990495,-0.006521733950484276,True,0.009596211995012593
Dallas,KDAL,2026-07-17,highest-temperature-in-dallas-on-july-17-2026,highest-temperature-in-dallas-on-july-17-2026-90-91f,90-91°F,0.06463435220013479,0.9353656477998652,6.65771484375,False,False,False,False,True,True,0.05,1.0,1784304900,0.9305,56.0,0.9405,0.0027979874999999998,0.9432979875,-0.00793233970013485,True,0.06011039274055485
Dallas,KDAL,2026-07-17,highest-temperature-in-dallas-on-july-17-2026,highest-temperature-in-dallas-on-july-17-2026-92-93f,92-93°F,0.3520008934538177,0.6479991065461823,6.65771484375,False,False,False,False,True,True,0.05,1.0,1784304900,0.555,57.0,0.5650000000000001,0.012288750000000001,0.57728875,0.0707103565461823,True,0.7322353848052643
Dallas,KDAL,2026-07-17,highest-temperature-in-dallas-on-july-17-2026,highest-temperature-in-dallas-on-july-17-2026-96-97f,96-97°F,0.08701855802923425,0.9129814419707658,6.65771484375,False,False,False,False,True,True,0.05,1.0,1784304900,0.9225,56.0,0.9325,0.0031471875000000007,0.9356471875,-0.02266574552923417,True,0.06877893009217217
Dallas,KDAL,2026-07-17,highest-temperature-in-dallas-on-july-17-2026,highest-temperature-in-dallas-on-july-17-2026-98-99f,98-99°F,0.01668174731960436,0.9833182526803956,6.65771484375,False,False,False,False,True,True,0.05,1.0,1784304900,0.989,57.0,0.99,0.0004950000000000005,0.990495,-0.007176747319604382,True,0.009596211995012593
Dallas,KDAL,2026-07-17,highest-temperature-in-dallas-on-july-17-2026,highest-temperature-in-dallas-on-july-17-2026-100-101f,100-101°F,0.00238310675994348,0.9976168932400565,6.65771484375,False,False,False,False,True,True,0.05,1.0,1784304900,0.9975,57.0,0.99,0.0004950000000000005,0.990495,0.0071218932400565205,True,0.009596211995012593
Dallas,KDAL,2026-07-17,highest-temperature-in-dallas-on-july-17-2026,highest-temperature-in-dallas-on-july-17-2026-102forhigher,102°F or higher,0.0011915533799717402,0.9988084466200282,6.65771484375,False,True,False,False,True,True,0.05,1.0,1784304900,0.9995,56.0,0.99,0.0004950000000000005,0.990495,0.008313446620028198,True,0.009596211995012593
Dallas,KDAL,2026-07-18,highest-temperature-in-dallas-on-july-18-2026,highest-temperature-in-dallas-on-july-18-2026-87forbelow,87°F or below,0.0,1.0,2.046093749999997,True,True,False,False,True,True,0.05,1.0,1784391300,0.9995,56.0,0.99,0.0004950000000000005,0.990495,0.009504999999999986,True,0.009596211995012593
Dallas,KDAL,2026-07-18,highest-temperature-in-dallas-on-july-18-2026,highest-temperature-in-dallas-on-july-18-2026-88-89f,88-89°F,0.0008014394075674819,0.9991985605924325,2.046093749999997,True,False,False,False,True,True,0.05,1.0,1784391300,0.997,55.0,0.99,0.0004950000000000005,0.990495,0.008703560592432491,True,0.009596211995012593
Dallas,KDAL,2026-07-18,highest-temperature-in-dallas-on-july-18-2026,highest-temperature-in-dallas-on-july-18-2026-90-91f,90-91°F,0.00427434350702657,0.9957256564929734,2.046093749999997,True,False,False,False,True,True,0.05,1.0,1784391300,0.9975,55.0,0.99,0.0004950000000000005,0.990495,0.0052306564929733845,True,0.009596211995012593
Dallas,KDAL,2026-07-18,highest-temperature-in-dallas-on-july-18-2026,highest-temperature-in-dallas-on-july-18-2026-92-93f,92-93°F,0.015494495212971315,0.9845055047870287,2.046093749999997,True,False,False,False,True,True,0.05,1.0,1784391300,0.986,55.0,0.99,0.0004950000000000005,0.990495,-0.005989495212971319,True,0.009596211995012593
Dallas,KDAL,2026-07-18,highest-temperature-in-dallas-on-july-18-2026,highest-temperature-in-dallas-on-july-18-2026-94-95f,94-95°F,0.08223600635470193,0.917763993645298,2.046093749999997,True,False,False,False,True,True,0.05,1.0,1784391300,0.82,55.0,0.83,0.007055000000000002,0.837055,0.08070899364529804,True,0.1946646277723687
Dallas,KDAL,2026-07-18,highest-temperature-in-dallas-on-july-18-2026,highest-temperature-in-dallas-on-july-18-2026-98-99f,98-99°F,0.26640036611797957,0.7335996338820204,2.046093749999997,True,False,False,False,True,True,0.05,1.0,1784391300,0.68,55.0,0.6900000000000001,0.010695,0.7006950000000001,0.03290463388202036,True,0.4271544680638508
Dallas,KDAL,2026-07-18,highest-temperature-in-dallas-on-july-18-2026,highest-temperature-in-dallas-on-july-18-2026-100-101f,100-101°F,0.04189728160673452,0.9581027183932654,2.046093749999997,True,False,False,False,True,True,0.05,1.0,1784391300,0.969,56.0,0.979,0.001027950000000001,0.98002795,-0.02192523160673454,True,0.020379061637987084
Dallas,KDAL,2026-07-18,highest-temperature-in-dallas-on-july-18-2026,highest-temperature-in-dallas-on-july-18-2026-102-103f,102-103°F,0.009344508373456498,0.9906554916265435,2.046093749999997,True,False,False,False,True,True,0.05,1.0,1784391300,0.9935,55.0,0.99,0.0004950000000000005,0.990495,0.0001604916265435241,True,0.009596211995012593
Dallas,KDAL,2026-07-18,highest-temperature-in-dallas-on-july-18-2026,highest-temperature-in-dallas-on-july-18-2026-104-105f,104-105°F,0.002669859535273286,0.9973301404647267,2.046093749999997,True,False,False,False,True,True,0.05,1.0,1784391300,0.996,55.0,0.99,0.0004950000000000005,0.990495,0.006835140464726663,True,0.009596211995012593
Dallas,KDAL,2026-07-18,highest-temperature-in-dallas-on-july-18-2026,highest-temperature-in-dallas-on-july-18-2026-106forhigher,106°F or higher,0.0003337324419091607,0.9996662675580908,2.046093749999997,True,True,False,False,True,True,0.05,1.0,1784391300,0.9985,55.0,0.99,0.0004950000000000005,0.990495,0.009171267558090834,True,0.009596211995012593
Dallas,KDAL,2026-07-19,highest-temperature-in-dallas-on-july-19-2026,highest-temperature-in-dallas-on-july-19-2026-91forbelow,91°F or below,0.0009301136693910185,0.999069886330609,3.787811279296861,True,True,False,False,True,True,0.05,1.0,1784477700,0.9995,54.0,0.99,0.0004950000000000005,0.990495,0.008574886330608988,True,0.009596211995012593
Dallas,KDAL,2026-07-19,highest-temperature-in-dallas-on-july-19-2026,highest-temperature-in-dallas-on-july-19-2026-92-93f,92-93°F,0.009301136693910184,0.9906988633060898,3.787811279296861,True,False,False,False,True,True,0.05,1.0,1784477700,0.995,54.0,0.99,0.0004950000000000005,0.990495,0.00020386330608979097,True,0.009596211995012593
Dallas,KDAL,2026-07-19,highest-temperature-in-dallas-on-july-19-2026,highest-temperature-in-dallas-on-july-19-2026-94-95f,94-95°F,0.028341957459051624,0.9716580425409483,3.787811279296861,True,False,False,False,True,True,0.05,1.0,1784477700,0.9705,55.0,0.9805,0.0009559874999999982,0.9814559875000001,-0.00979794495905173,True,0.018894390310090214
Dallas,KDAL,2026-07-19,highest-temperature-in-dallas-on-july-19-2026,highest-temperature-in-dallas-on-july-19-2026-96-97f,96-97°F,0.2706873967520093,0.7293126032479906,3.787811279296861,True,False,False,False,True,True,0.05,1.0,1784477700,0.8,55.0,0.81,0.007694999999999998,0.8176950000000001,-0.08838239675200943,True,0.22294987739927463
Dallas,KDAL,2026-07-19,highest-temperature-in-dallas-on-july-19-2026,highest-temperature-in-dallas-on-july-19-2026-100-101f,100-101°F,0.139009167493385,0.860990832506615,3.787811279296861,True,False,False,False,True,True,0.05,1.0,1784477700,0.765,54.0,0.775,0.008718749999999999,0.78371875,0.07727208250661499,True,0.27596794130547475
Dallas,KDAL,2026-07-19,highest-temperature-in-dallas-on-july-19-2026,highest-temperature-in-dallas-on-july-19-2026-102-103f,102-103°F,0.023915729260477935,0.9760842707395221,3.787811279296861,True,False,False,False,True,True,0.05,1.0,1784477700,0.9635,55.0,0.9735,0.0012898874999999986,0.9747898875000001,0.0012943832395220234,True,0.02586209892334357
Dallas,KDAL,2026-07-19,highest-temperature-in-dallas-on-july-19-2026,highest-temperature-in-dallas-on-july-19-2026-104-105f,104-105°F,0.0034165327514968486,0.9965834672485031,3.787811279296861,True,False,False,False,True,True,0.05,1.0,1784477700,0.994,55.0,0.99,0.0004950000000000005,0.990495,0.006088467248503093,True,0.009596211995012593
Dallas,KDAL,2026-07-19,highest-temperature-in-dallas-on-july-19-2026,highest-temperature-in-dallas-on-july-19-2026-106-107f,106-107°F,0.001708266375748424,0.9982917336242516,3.787811279296861,True,False,False,False,True,True,0.05,1.0,1784477700,0.9975,55.0,0.99,0.0004950000000000005,0.990495,0.007796733624251595,True,0.009596211995012593
Dallas,KDAL,2026-07-19,highest-temperature-in-dallas-on-july-19-2026,highest-temperature-in-dallas-on-july-19-2026-108-109f,108-109°F,0.0,1.0,3.787811279296861,True,False,False,False,True,True,0.05,1.0,1784477700,0.9995,54.0,0.99,0.0004950000000000005,0.990495,0.009504999999999986,True,0.009596211995012593
Dallas,KDAL,2026-07-19,highest-temperature-in-dallas-on-july-19-2026,highest-temperature-in-dallas-on-july-19-2026-110forhigher,110°F or higher,0.0,1.0,3.787811279296861,True,True,False,False,True,True,0.05,1.0,1784477700,0.9995,55.0,0.99,0.0004950000000000005,0.990495,0.009504999999999986,True,0.009596211995012593
Dallas,KDAL,2026-07-20,highest-temperature-in-dallas-on-july-20-2026,highest-temperature-in-dallas-on-july-20-2026-95forbelow,95°F or below,0.004182027174767513,0.9958179728252324,3.2884277343749915,True,True,False,False,True,True,0.05,1.0,1784564100,0.9985,54.0,0.99,0.0004950000000000005,0.990495,0.005322972825232419,True,0.009596211995012593
Dallas,KDAL,2026-07-20,highest-temperature-in-dallas-on-july-20-2026,highest-temperature-in-dallas-on-july-20-2026-96-97f,96-97°F,0.012127878806825787,0.9878721211931742,3.2884277343749915,True,False,False,False,True,True,0.05,1.0,1784564100,0.996,54.0,0.99,0.0004950000000000005,0.990495,-0.002622878806825768,True,0.009596211995012593
Dallas,KDAL,2026-07-20,highest-temperature-in-dallas-on-july-20-2026,highest-temperature-in-dallas-on-july-20-2026-98-99f,98-99°F,0.08002914300296028,0.9199708569970397,3.2884277343749915,True,False,False,False,True,True,0.05,1.0,1784564100,0.968,53.0,0.978,0.0010758000000000009,0.9790757999999999,-0.05910494300296021,True,0.021371379008652935
Dallas,KDAL,2026-07-20,highest-temperature-in-dallas-on-july-20-2026,highest-temperature-in-dallas-on-july-20-2026-102-103f,102-103°F,0.29866880399012474,0.7013311960098753,3.2884277343749915,True,False,False,False,False,True,0.05,1.0,1784564100,0.675,54.0,0.685,0.01078875,0.6957887500000001,0.00554244600987519,True,-1.0
Dallas,KDAL,2026-07-20,highest-temperature-in-dallas-on-july-20-2026,highest-temperature-in-dallas-on-july-20-2026-104-105f,104-105°F,0.0381816264771876,0.9618183735228124,3.2884277343749915,True,False,False,False,True,True,0.05,1.0,1784564100,0.9755,55.0,0.9855,0.000714487499999998,0.9862144875000001,-0.02439611397718766,True,0.013978209278739717
Dallas,KDAL,2026-07-20,highest-temperature-in-dallas-on-july-20-2026,highest-temperature-in-dallas-on-july-20-2026-106-107f,106-107°F,0.01119855105638064,0.9888014489436193,3.2884277343749915,True,False,False,False,True,True,0.05,1.0,1784564100,0.9975,53.0,0.99,0.0004950000000000005,0.990495,-0.0016935510563806933,True,0.009596211995012593
Dallas,KDAL,2026-07-20,highest-temperature-in-dallas-on-july-20-2026,highest-temperature-in-dallas-on-july-20-2026-108-109f,108-109°F,0.003199586016108754,0.9968004139838913,3.2884277343749915,True,False,False,False,True,True,0.05,1.0,1784564100,0.9985,54.0,0.99,0.0004950000000000005,0.990495,0.006305413983891284,True,0.009596211995012593
Dallas,KDAL,2026-07-20,highest-temperature-in-dallas-on-july-20-2026,highest-temperature-in-dallas-on-july-20-2026-110-111f,110-111°F,0.00039994825201359425,0.9996000517479864,3.2884277343749915,True,False,False,False,True,True,0.05,1.0,1784564100,0.9995,54.0,0.99,0.0004950000000000005,0.990495,0.00910505174798637,True,0.009596211995012593
Dallas,KDAL,2026-07-20,highest-temperature-in-dallas-on-july-20-2026,highest-temperature-in-dallas-on-july-20-2026-112-113f,112-113°F,0.0,1.0,3.2884277343749915,True,False,False,False,True,True,0.05,1.0,1784564100,0.9995,55.0,0.99,0.0004950000000000005,0.990495,0.009504999999999986,True,0.009596211995012593
Dallas,KDAL,2026-07-20,highest-temperature-in-dallas-on-july-20-2026,highest-temperature-in-dallas-on-july-20-2026-114forhigher,114°F or higher,0.0,1.0,3.2884277343749915,True,True,False,False,True,True,0.05,1.0,1784564100,0.9995,55.0,0.99,0.0004950000000000005,0.990495,0.009504999999999986,True,0.009596211995012593
Dallas,KDAL,2026-07-21,highest-temperature-in-dallas-on-july-21-2026,highest-temperature-in-dallas-on-july-21-2026-99forbelow,99°F or below,0.003355138114986737,0.9966448618850132,3.4341284179687506,False,True,False,False,True,True,0.05,1.0,1784650500,0.998,44.0,0.99,0.0004950000000000005,0.990495,0.006149861885013208,True,0.009596211995012593
Dallas,KDAL,2026-07-21,highest-temperature-in-dallas-on-july-21-2026,highest-temperature-in-dallas-on-july-21-2026-100-101f,100-101°F,0.009729900533461538,0.9902700994665384,3.4341284179687506,False,False,False,False,True,True,0.05,1.0,1784650500,0.995,44.0,0.99,0.0004950000000000005,0.990495,-0.00022490053346158057,True,0.009596211995012593
Dallas,KDAL,2026-07-21,highest-temperature-in-dallas-on-july-21-2026,highest-temperature-in-dallas-on-july-21-2026-102-103f,102-103°F,0.05119798286964074,0.9488020171303593,3.4341284179687506,False,False,False,False,True,True,0.05,1.0,1784650500,0.9545,44.0,0.9645,0.001711987499999999,0.9662119875,-0.01740997036964076,True,0.034969564585328516
Dallas,KDAL,2026-07-21,highest-temperature-in-dallas-on-july-21-2026,highest-temperature-in-dallas-on-july-21-2026-104-105f,104-105°F,0.3944432947412668,0.6055567052587332,3.4341284179687506,False,False,True,False,True,True,0.05,1.0,1784650500,0.61,44.0,0.62,0.01178,0.63178,-0.026223294741266834,True,0.5828294659533382
Dallas,KDAL,2026-07-21,highest-temperature-in-dallas-on-july-21-2026,highest-temperature-in-dallas-on-july-21-2026-108-109f,108-109°F,0.08145604367763992,0.9185439563223601,3.4341284179687506,False,False,False,False,True,True,0.05,1.0,1784650500,0.9585,44.0,0.9685,0.0015253874999999989,0.9700253875,-0.051481431177639925,True,0.030900853612968016
Dallas,KDAL,2026-07-21,highest-temperature-in-dallas-on-july-21-2026,highest-temperature-in-dallas-on-july-21-2026-110-111f,110-111°F,0.018150847406452647,0.9818491525935473,3.4341284179687506,False,False,False,False,True,True,0.05,1.0,1784650500,0.995,44.0,0.99,0.0004950000000000005,0.990495,-0.008645847406452689,True,0.009596211995012593
Dallas,KDAL,2026-07-21,highest-temperature-in-dallas-on-july-21-2026,highest-temperature-in-dallas-on-july-21-2026-112-113f,112-113°F,0.005185956401843613,0.9948140435981564,3.4341284179687506,False,False,False,False,True,True,0.05,1.0,1784650500,0.997,43.0,0.99,0.0004950000000000005,0.990495,0.00431904359815638,True,0.009596211995012593
Dallas,KDAL,2026-07-21,highest-temperature-in-dallas-on-july-21-2026,highest-temperature-in-dallas-on-july-21-2026-114-115f,114-115°F,0.0006482445502304516,0.9993517554497695,3.4341284179687506,False,False,False,False,True,True,0.05,1.0,1784650500,0.9995,44.0,0.99,0.0004950000000000005,0.990495,0.008856755449769493,True,0.009596211995012593
Dallas,KDAL,2026-07-21,highest-temperature-in-dallas-on-july-21-2026,highest-temperature-in-dallas-on-july-21-2026-116-117f,116-117°F,0.0,1.0,3.4341284179687506,False,False,False,False,True,True,0.05,1.0,1784650500,0.9995,44.0,0.99,0.0004950000000000005,0.990495,0.009504999999999986,True,0.009596211995012593
Dallas,KDAL,2026-07-21,highest-temperature-in-dallas-on-july-21-2026,highest-temperature-in-dallas-on-july-21-2026-118forhigher,118°F or higher,0.0,1.0,3.4341284179687506,False,True,False,False,True,True,0.05,1.0,1784650500,0.9995,44.0,0.99,0.0004950000000000005,0.990495,0.009504999999999986,True,0.009596211995012593
Dallas,KDAL,2026-07-22,highest-temperature-in-dallas-on-july-22-2026,highest-temperature-in-dallas-on-july-22-2026-95forbelow,95°F or below,0.0,1.0,3.1221606445313057,True,True,False,False,True,True,0.05,1.0,1784736900,0.9995,55.0,0.99,0.0004950000000000005,0.990495,0.009504999999999986,True,0.009596211995012593
Dallas,KDAL,2026-07-22,highest-temperature-in-dallas-on-july-22-2026,highest-temperature-in-dallas-on-july-22-2026-96-97f,96-97°F,0.0,1.0,3.1221606445313057,True,False,False,False,True,True,0.05,1.0,1784736900,0.9995,54.0,0.99,0.0004950000000000005,0.990495,0.009504999999999986,True,0.009596211995012593
Dallas,KDAL,2026-07-22,highest-temperature-in-dallas-on-july-22-2026,highest-temperature-in-dallas-on-july-22-2026-98-99f,98-99°F,0.0,1.0,3.1221606445313057,True,False,False,False,True,True,0.05,1.0,1784736900,0.9995,54.0,0.99,0.0004950000000000005,0.990495,0.009504999999999986,True,0.009596211995012593
Dallas,KDAL,2026-07-22,highest-temperature-in-dallas-on-july-22-2026,highest-temperature-in-dallas-on-july-22-2026-100-101f,100-101°F,0.004613707077253343,0.9953862929227466,3.1221606445313057,True,False,False,False,True,True,0.05,1.0,1784736900,0.9945,54.0,0.99,0.0004950000000000005,0.990495,0.004891292922746593,True,0.009596211995012593
Dallas,KDAL,2026-07-22,highest-temperature-in-dallas-on-july-22-2026,highest-temperature-in-dallas-on-july-22-2026-102-103f,102-103°F,0.02042495097632628,0.9795750490236738,3.1221606445313057,True,False,False,False,True,True,0.05,1.0,1784736900,0.945,54.0,0.955,0.002148750000000002,0.95714875,0.022426299023673768,True,0.04476968705229978
Dallas,KDAL,2026-07-22,highest-temperature-in-dallas-on-july-22-2026,highest-temperature-in-dallas-on-july-22-2026-104-105f,104-105°F,0.19670113614290544,0.8032988638570946,3.1221606445313057,True,False,False,False,True,True,0.05,1.0,1784736900,0.605,54.0,0.615,0.011838750000000002,0.62683875,0.1764601138570946,True,0.5953066079593834
Dallas,KDAL,2026-07-22,highest-temperature-in-dallas-on-july-22-2026,highest-temperature-in-dallas-on-july-22-2026-108-109f,108-109°F,0.1791642485082215,0.8208357514917786,3.1221606445313057,True,False,False,False,False,True,0.05,1.0,1784736900,0.855,55.0,0.865,0.00583875,0.87083875,-0.05000299850822143,True,-1.0
Dallas,KDAL,2026-07-22,highest-temperature-in-dallas-on-july-22-2026,highest-temperature-in-dallas-on-july-22-2026-110-111f,110-111°F,0.020293004568623096,0.9797069954313768,3.1221606445313057,True,False,False,False,True,True,0.05,1.0,1784736900,0.9415,54.0,0.9515,0.0023073874999999995,0.9538073875,0.0258996079313768,True,0.0484297071980897
Dallas,KDAL,2026-07-22,highest-temperature-in-dallas-on-july-22-2026,highest-temperature-in-dallas-on-july-22-2026-112-113f,112-113°F,0.002899000652660442,0.9971009993473395,3.1221606445313057,True,False,False,False,True,True,0.05,1.0,1784736900,0.9965,54.0,0.99,0.0004950000000000005,0.990495,0.0066059993473395195,True,0.009596211995012593
Dallas,KDAL,2026-07-22,highest-temperature-in-dallas-on-july-22-2026,highest-temperature-in-dallas-on-july-22-2026-114forhigher,114°F or higher,0.001449500326330221,0.9985504996736698,3.1221606445313057,True,True,False,False,True,True,0.05,1.0,1784736900,0.9995,55.0,0.99,0.0004950000000000005,0.990495,0.008055499673669808,True,0.009596211995012593
Dallas,KDAL,2026-07-23,highest-temperature-in-dallas-on-july-23-2026,highest-temperature-in-dallas-on-july-23-2026-91forbelow,91°F or below,0.0,1.0,6.515002441406253,True,True,False,False,True,True,0.05,1.0,1784823300,0.9995,53.0,0.99,0.0004950000000000005,0.990495,0.009504999999999986,True,0.009596211995012593
Dallas,KDAL,2026-07-23,highest-temperature-in-dallas-on-july-23-2026,highest-temperature-in-dallas-on-july-23-2026-92-93f,92-93°F,0.006203213372790626,0.9937967866272094,6.515002441406253,True,False,False,False,True,True,0.05,1.0,1784823300,0.996,54.0,0.99,0.0004950000000000005,0.990495,0.0033017866272093688,True,0.009596211995012593
Dallas,KDAL,2026-07-23,highest-temperature-in-dallas-on-july-23-2026,highest-temperature-in-dallas-on-july-23-2026-94-95f,94-95°F,0.022486648476366014,0.9775133515236339,6.515002441406253,True,False,False,False,True,True,0.05,1.0,1784823300,0.9915,53.0,0.99,0.0004950000000000005,0.990495,-0.01298164847636607,True,0.009596211995012593
Dallas,KDAL,2026-07-23,highest-temperature-in-dallas-on-july-23-2026,highest-temperature-in-dallas-on-july-23-2026-96-97f,96-97°F,0.06878219930642848,0.9312178006935715,6.515002441406253,True,False,False,False,False,True,0.05,1.0,1784823300,0.83,52.0,0.84,0.006720000000000001,0.8467199999999999,0.0844978006935716,True,-1.0
Dallas,KDAL,2026-07-23,highest-temperature-in-dallas-on-july-23-2026,highest-temperature-in-dallas-on-july-23-2026-100-101f,100-101°F,0.28396619222474906,0.7160338077752509,6.515002441406253,True,False,False,False,True,True,0.05,1.0,1784823300,0.805,54.0,0.8150000000000001,0.007538749999999999,0.8225387500000001,-0.10650494222474916,True,0.21574819423401004
Dallas,KDAL,2026-07-23,highest-temperature-in-dallas-on-july-23-2026,highest-temperature-in-dallas-on-july-23-2026-102-103f,102-103°F,0.05009220423152999,0.9499077957684701,6.515002441406253,True,False,False,False,True,True,0.05,1.0,1784823300,0.965,52.0,0.975,0.001218750000000001,0.97621875,-0.02631095423152996,True,0.024360574922372757
Dallas,KDAL,2026-07-23,highest-temperature-in-dallas-on-july-23-2026,highest-temperature-in-dallas-on-july-23-2026-104-105f,104-105°F,0.012035657473671293,0.9879643425263287,6.515002441406253,True,False,False,False,True,True,0.05,1.0,1784823300,0.9895,53.0,0.99,0.0004950000000000005,0.990495,-0.002530657473671316,True,0.009596211995012593
Dallas,KDAL,2026-07-23,highest-temperature-in-dallas-on-july-23-2026,highest-temperature-in-dallas-on-july-23-2026-106-107f,106-107°F,0.0034387592781917977,0.9965612407218082,6.515002441406253,True,False,False,False,True,True,0.05,1.0,1784823300,0.997,52.0,0.99,0.0004950000000000005,0.990495,0.006066240721808169,True,0.009596211995012593
Dallas,KDAL,2026-07-23,highest-temperature-in-dallas-on-july-23-2026,highest-temperature-in-dallas-on-july-23-2026-108-109f,108-109°F,0.0004298449097739747,0.9995701550902261,6.515002441406253,True,False,False,False,True,True,0.05,1.0,1784823300,0.999,53.0,0.99,0.0004950000000000005,0.990495,0.00907515509022605,True,0.009596211995012593
Dallas,KDAL,2026-07-23,highest-temperature-in-dallas-on-july-23-2026,highest-temperature-in-dallas-on-july-23-2026-110forhigher,110°F or higher,0.0,1.0,6.515002441406253,True,True,False,False,True,True,0.05,1.0,1784823300,0.9995,54.0,0.99,0.0004950000000000005,0.990495,0.009504999999999986,True,0.009596211995012593
Dallas,KDAL,2026-07-24,highest-temperature-in-dallas-on-july-24-2026,highest-temperature-in-dallas-on-july-24-2026-91forbelow,91°F or below,0.09369897652599252,0.9063010234740074,7.781297607421933,True,True,False,False,True,True,0.05,1.0,1784909700,0.9795,54.0,0.9895,0.0005194874999999978,0.9900194875,-0.08371846402599259,True,0.010081127317203453
Dallas,KDAL,2026-07-24,highest-temperature-in-dallas-on-july-24-2026,highest-temperature-in-dallas-on-july-24-2026-92-93f,92-93°F,0.2092392790158129,0.7907607209841871,7.781297607421933,True,False,False,False,True,True,0.05,1.0,1784909700,0.8325,54.0,0.8425,0.006634687499999999,0.8491346875,-0.058373966515812836,True,0.17766947307755587
Dallas,KDAL,2026-07-24,highest-temperature-in-dallas-on-july-24-2026,highest-temperature-in-dallas-on-july-24-2026-96-97f,96-97°F,0.13745983672629492,0.8625401632737051,7.781297607421933,True,False,False,False,True,True,0.05,1.0,1784909700,0.65,54.0,0.66,0.01122,0.67122,0.19132016327370505,True,0.4898244986740561
Dallas,KDAL,2026-07-24,highest-temperature-in-dallas-on-july-24-2026,highest-temperature-in-dallas-on-july-24-2026-98-99f,98-99°F,0.03684267982267398,0.963157320177326,7.781297607421933,True,False,False,False,True,True,0.05,1.0,1784909700,0.925,53.0,0.935,0.003038749999999998,0.93803875,0.025118570177325994,True,0.06605404094447054
Dallas,KDAL,2026-07-24,highest-temperature-in-dallas-on-july-24-2026,highest-temperature-in-dallas-on-july-24-2026-100-101f,100-101°F,0.005263239974667711,0.9947367600253323,7.781297607421933,True,False,False,False,True,True,0.05,1.0,1784909700,0.985,52.0,0.99,0.0004950000000000005,0.990495,0.004241760025332275,True,0.009596211995012593
Dallas,KDAL,2026-07-24,highest-temperature-in-dallas-on-july-24-2026,highest-temperature-in-dallas-on-july-24-2026-102-103f,102-103°F,0.0026316199873338557,0.9973683800126661,7.781297607421933,True,False,False,False,True,True,0.05,1.0,1784909700,0.993,53.0,0.99,0.0004950000000000005,0.990495,0.00687338001266613,True,0.009596211995012593
Dallas,KDAL,2026-07-24,highest-temperature-in-dallas-on-july-24-2026,highest-temperature-in-dallas-on-july-24-2026-104-105f,104-105°F,0.0,1.0,7.781297607421933,True,False,False,False,True,True,0.05,1.0,1784909700,0.9985,53.0,0.99,0.0004950000000000005,0.990495,0.009504999999999986,True,0.009596211995012593
Dallas,KDAL,2026-07-24,highest-temperature-in-dallas-on-july-24-2026,highest-temperature-in-dallas-on-july-24-2026-106-107f,106-107°F,0.0,1.0,7.781297607421933,True,False,False,False,True,True,0.05,1.0,1784909700,0.9995,54.0,0.99,0.0004950000000000005,0.990495,0.009504999999999986,True,0.009596211995012593
Dallas,KDAL,2026-07-24,highest-temperature-in-dallas-on-july-24-2026,highest-temperature-in-dallas-on-july-24-2026-108-109f,108-109°F,0.0,1.0,7.781297607421933,True,False,False,False,True,True,0.05,1.0,1784909700,0.9995,54.0,0.99,0.0004950000000000005,0.990495,0.009504999999999986,True,0.009596211995012593
Dallas,KDAL,2026-07-24,highest-temperature-in-dallas-on-july-24-2026,highest-temperature-in-dallas-on-july-24-2026-110forhigher,110°F or higher,0.0,1.0,7.781297607421933,True,True,False,False,True,True,0.05,1.0,1784909700,0.9995,53.0,0.99,0.0004950000000000005,0.990495,0.009504999999999986,True,0.009596211995012593
Dallas,KDAL,2026-07-25,highest-temperature-in-dallas-on-july-25-2026,highest-temperature-in-dallas-on-july-25-2026-95forbelow,95°F or below,0.025638741869642545,0.9743612581303575,6.36228149414066,True,True,False,False,True,True,0.05,1.0,1784996100,0.9965,37.0,0.99,0.0004950000000000005,0.990495,-0.01613374186964256,True,0.009596211995012593
Dallas,KDAL,2026-07-25,highest-temperature-in-dallas-on-july-25-2026,highest-temperature-in-dallas-on-july-25-2026-96-97f,96-97°F,0.07396626373624927,0.9260337362637507,6.36228149414066,True,False,False,False,True,True,0.05,1.0,1784996100,0.915,37.0,0.925,0.0034687499999999983,0.9284687500000001,-0.002435013736249325,True,0.07704217293258386
Dallas,KDAL,2026-07-25,highest-temperature-in-dallas-on-july-25-2026,highest-temperature-in-dallas-on-july-25-2026-100-101f,100-101°F,0.2850984651397582,0.7149015348602419,6.36228149414066,True,False,False,False,True,True,0.05,1.0,1784996100,0.59,37.0,0.6,0.012,0.612,0.1029015348602419,True,0.6339869281045751
Dallas,KDAL,2026-07-25,highest-temperature-in-dallas-on-july-25-2026,highest-temperature-in-dallas-on-july-25-2026-102-103f,102-103°F,0.046092704440077764,0.9539072955599223,6.36228149414066,True,False,False,False,True,True,0.05,1.0,1784996100,0.965,38.0,0.975,0.001218750000000001,0.97621875,-0.02231145444007776,True,0.024360574922372757
Dallas,KDAL,2026-07-25,highest-temperature-in-dallas-on-july-25-2026,highest-temperature-in-dallas-on-july-25-2026-104-105f,104-105°F,0.011617218291487768,0.9883827817085122,6.36228149414066,True,False,False,False,True,True,0.05,1.0,1784996100,0.985,37.0,0.99,0.0004950000000000005,0.990495,-0.0021122182914877774,True,0.009596211995012593
Dallas,KDAL,2026-07-25,highest-temperature-in-dallas-on-july-25-2026,highest-temperature-in-dallas-on-july-25-2026-106-107f,106-107°F,0.003319205226139362,0.9966807947738606,6.36228149414066,True,False,False,False,True,True,0.05,1.0,1784996100,0.9985,36.0,0.99,0.0004950000000000005,0.990495,0.006185794773860609,True,0.009596211995012593
Dallas,KDAL,2026-07-25,highest-temperature-in-dallas-on-july-25-2026,highest-temperature-in-dallas-on-july-25-2026-108-109f,108-109°F,0.00041490065326742025,0.9995850993467326,6.36228149414066,True,False,False,False,True,True,0.05,1.0,1784996100,0.9995,36.0,0.99,0.0004950000000000005,0.990495,0.00909009934673255,True,0.009596211995012593
Dallas,KDAL,2026-07-25,highest-temperature-in-dallas-on-july-25-2026,highest-temperature-in-dallas-on-july-25-2026-110-111f,110-111°F,0.0,1.0,6.36228149414066,True,False,False,False,True,True,0.05,1.0,1784996100,0.9995,38.0,0.99,0.0004950000000000005,0.990495,0.009504999999999986,True,0.009596211995012593
Dallas,KDAL,2026-07-25,highest-temperature-in-dallas-on-july-25-2026,highest-temperature-in-dallas-on-july-25-2026-112-113f,112-113°F,0.0,1.0,6.36228149414066,True,False,False,False,True,True,0.05,1.0,1784996100,0.9995,37.0,0.99,0.0004950000000000005,0.990495,0.009504999999999986,True,0.009596211995012593
Dallas,KDAL,2026-07-25,highest-temperature-in-dallas-on-july-25-2026,highest-temperature-in-dallas-on-july-25-2026-114forhigher,114°F or higher,0.0,1.0,6.36228149414066,True,True,False,False,True,True,0.05,1.0,1784996100,0.9995,37.0,0.99,0.0004950000000000005,0.990495,0.009504999999999986,True,0.009596211995012593
Dallas,KDAL,2026-07-26,highest-temperature-in-dallas-on-july-26-2026,highest-temperature-in-dallas-on-july-26-2026-95forbelow,95°F or below,0.026392483727348925,0.9736075162726511,5.7738867187500205,True,True,False,False,True,True,0.05,1.0,1785082500,0.9995,53.0,0.99,0.0004950000000000005,0.990495,-0.01688748372734894,True,0.009596211995012593
Dallas,KDAL,2026-07-26,highest-temperature-in-dallas-on-july-26-2026,highest-temperature-in-dallas-on-july-26-2026-96-97f,96-97°F,0.07943424221989372,0.9205657577801063,5.7738867187500205,True,False,False,False,True,True,0.05,1.0,1785082500,0.97,54.0,0.98,0.0009800000000000008,0.98098,-0.060414242219893666,True,0.01938877449081544
Dallas,KDAL,2026-07-26,highest-temperature-in-dallas-on-july-26-2026,highest-temperature-in-dallas-on-july-26-2026-100-101f,100-101°F,0.28806306729811393,0.7119369327018861,5.7738867187500205,True,False,False,False,True,True,0.05,1.0,1785082500,0.525,53.0,0.535,0.01243875,0.5474387500000001,0.164498182701886,True,0.8266883738135085
Dallas,KDAL,2026-07-26,highest-temperature-in-dallas-on-july-26-2026,highest-temperature-in-dallas-on-july-26-2026-102-103f,102-103°F,0.039015515647384105,0.9609844843526159,5.7738867187500205,True,False,False,False,True,True,0.05,1.0,1785082500,0.905,53.0,0.915,0.0038887499999999985,0.91888875,0.04209573435261582,True,0.08827102301557166
Dallas,KDAL,2026-07-26,highest-temperature-in-dallas-on-july-26-2026,highest-temperature-in-dallas-on-july-26-2026-104-105f,104-105°F,0.011223519972048953,0.988776480027951,5.7738867187500205,True,False,False,False,True,True,0.05,1.0,1785082500,0.98,53.0,0.99,0.0004950000000000005,0.990495,-0.0017185199720489708,True,0.009596211995012593
Dallas,KDAL,2026-07-26,highest-temperature-in-dallas-on-july-26-2026,highest-temperature-in-dallas-on-july-26-2026-106-107f,106-107°F,0.0032067199920139864,0.9967932800079861,5.7738867187500205,True,False,False,False,True,True,0.05,1.0,1785082500,0.99,53.0,0.99,0.0004950000000000005,0.990495,0.006298280007986046,True,0.009596211995012593
Dallas,KDAL,2026-07-26,highest-temperature-in-dallas-on-july-26-2026,highest-temperature-in-dallas-on-july-26-2026-108-109f,108-109°F,0.0004008399990017483,0.9995991600009982,5.7738867187500205,True,False,False,False,True,True,0.05,1.0,1785082500,0.9995,53.0,0.99,0.0004950000000000005,0.990495,0.00910416000099823,True,0.009596211995012593
Dallas,KDAL,2026-07-26,highest-temperature-in-dallas-on-july-26-2026,highest-temperature-in-dallas-on-july-26-2026-110-111f,110-111°F,0.0,1.0,5.7738867187500205,True,False,False,False,True,True,0.05,1.0,1785082500,0.9995,54.0,0.99,0.0004950000000000005,0.990495,0.009504999999999986,True,0.009596211995012593
Dallas,KDAL,2026-07-26,highest-temperature-in-dallas-on-july-26-2026,highest-temperature-in-dallas-on-july-26-2026-112-113f,112-113°F,0.0,1.0,5.7738867187500205,True,False,False,False,True,True,0.05,1.0,1785082500,0.9995,53.0,0.99,0.0004950000000000005,0.990495,0.009504999999999986,True,0.009596211995012593
Dallas,KDAL,2026-07-26,highest-temperature-in-dallas-on-july-26-2026,highest-temperature-in-dallas-on-july-26-2026-114forhigher,114°F or higher,0.0,1.0,5.7738867187500205,True,True,False,False,True,True,0.05,1.0,1785082500,0.9995,54.0,0.99,0.0004950000000000005,0.990495,0.009504999999999986,True,0.009596211995012593
Dallas,KDAL,2026-07-27,highest-temperature-in-dallas-on-july-27-2026,highest-temperature-in-dallas-on-july-27-2026-95forbelow,95°F or below,0.012181029693219166,0.9878189703067808,6.695683593750061,True,True,False,False,True,True,0.05,1.0,1785168900,0.992,54.0,0.99,0.0004950000000000005,0.990495,-0.0026760296932192285,True,0.009596211995012593
Dallas,KDAL,2026-07-27,highest-temperature-in-dallas-on-july-27-2026,highest-temperature-in-dallas-on-july-27-2026-96-97f,96-97°F,0.027431817652554487,0.9725681823474455,6.695683593750061,True,False,False,False,True,True,0.05,1.0,1785168900,0.989,53.0,0.99,0.0004950000000000005,0.990495,-0.01792681765255455,True,0.009596211995012593
Dallas,KDAL,2026-07-27,highest-temperature-in-dallas-on-july-27-2026,highest-temperature-in-dallas-on-july-27-2026-98-99f,98-99°F,0.20582437387654176,0.7941756261234583,6.695683593750061,True,False,False,False,False,True,0.05,1.0,1785168900,0.825,54.0,0.835,0.0068887500000000025,0.84188875,-0.047713123876541697,True,-1.0
Dallas,KDAL,2026-07-27,highest-temperature-in-dallas-on-july-27-2026,highest-temperature-in-dallas-on-july-27-2026-102-103f,102-103°F,0.14089482877928972,0.8591051712207103,6.695683593750061,True,False,False,False,True,True,0.05,1.0,1785168900,0.81,53.0,0.8200000000000001,0.007379999999999998,0.82738,0.03172517122071028,True,0.20863448475911905
Dallas,KDAL,2026-07-27,highest-temperature-in-dallas-on-july-27-2026,highest-temperature-in-dallas-on-july-27-2026-104-105f,104-105°F,0.034569455579360295,0.9654305444206397,6.695683593750061,True,False,False,False,True,True,0.05,1.0,1785168900,0.975,54.0,0.985,0.0007387500000000007,0.98573875,-0.020308205579360306,True,0.014467575714153469
Dallas,KDAL,2026-07-27,highest-temperature-in-dallas-on-july-27-2026,highest-temperature-in-dallas-on-july-27-2026-106-107f,106-107°F,0.004938493654194328,0.9950615063458057,6.695683593750061,True,False,False,False,True,True,0.05,1.0,1785168900,0.9945,54.0,0.99,0.0004950000000000005,0.990495,0.004566506345805688,True,0.009596211995012593
Dallas,KDAL,2026-07-27,highest-temperature-in-dallas-on-july-27-2026,highest-temperature-in-dallas-on-july-27-2026-108-109f,108-109°F,0.002469246827097164,0.9975307531729029,6.695683593750061,True,False,False,False,True,True,0.05,1.0,1785168900,0.996,53.0,0.99,0.0004950000000000005,0.990495,0.007035753172902837,True,0.009596211995012593
Dallas,KDAL,2026-07-27,highest-temperature-in-dallas-on-july-27-2026,highest-temperature-in-dallas-on-july-27-2026-110-111f,110-111°F,0.0,1.0,6.695683593750061,True,False,False,False,True,True,0.05,1.0,1785168900,0.9995,54.0,0.99,0.0004950000000000005,0.990495,0.009504999999999986,True,0.009596211995012593
Dallas,KDAL,2026-07-27,highest-temperature-in-dallas-on-july-27-2026,highest-temperature-in-dallas-on-july-27-2026-112-113f,112-113°F,0.0,1.0,6.695683593750061,True,False,False,False,True,True,0.05,1.0,1785168900,0.9995,54.0,0.99,0.0004950000000000005,0.990495,0.009504999999999986,True,0.009596211995012593
Dallas,KDAL,2026-07-27,highest-temperature-in-dallas-on-july-27-2026,highest-temperature-in-dallas-on-july-27-2026-114forhigher,114°F or higher,0.0,1.0,6.695683593750061,True,True,False,False,True,True,0.05,1.0,1785168900,0.9995,54.0,0.99,0.0004950000000000005,0.990495,0.009504999999999986,True,0.009596211995012593
Dallas,KDAL,2026-07-28,highest-temperature-in-dallas-on-july-28-2026,highest-temperature-in-dallas-on-july-28-2026-95forbelow,95°F or below,0.016088640907856493,0.9839113590921436,5.918038330078204,True,True,False,False,True,True,0.05,1.0,1785255300,0.999,52.0,0.99,0.0004950000000000005,0.990495,-0.006583640907856458,True,0.009596211995012593
Dallas,KDAL,2026-07-28,highest-temperature-in-dallas-on-july-28-2026,highest-temperature-in-dallas-on-july-28-2026-96-97f,96-97°F,0.029479658209629018,0.9705203417903709,5.918038330078204,True,False,False,False,True,True,0.05,1.0,1785255300,0.9875,54.0,0.99,0.0004950000000000005,0.990495,-0.01997465820962907,True,0.009596211995012593
Dallas,KDAL,2026-07-28,highest-temperature-in-dallas-on-july-28-2026,highest-temperature-in-dallas-on-july-28-2026-98-99f,98-99°F,0.1998089812954254,0.8001910187045747,5.918038330078204,True,False,False,False,False,True,0.05,1.0,1785255300,0.57,52.0,0.58,0.012180000000000002,0.5921799999999999,0.20801101870457472,True,-1.0
Dallas,KDAL,2026-07-28,highest-temperature-in-dallas-on-july-28-2026,highest-temperature-in-dallas-on-july-28-2026-102-103f,102-103°F,0.13366790171146903,0.866332098288531,5.918038330078204,True,False,False,False,True,True,0.05,1.0,1785255300,0.955,52.0,0.965,0.0016887500000000014,0.96668875,-0.10035665171146901,True,0.03445912658029804
Dallas,KDAL,2026-07-28,highest-temperature-in-dallas-on-july-28-2026,highest-temperature-in-dallas-on-july-28-2026-104-105f,104-105°F,0.04140548254846134,0.9585945174515387,5.918038330078204,True,False,False,False,True,True,0.05,1.0,1785255300,0.994,52.0,0.99,0.0004950000000000005,0.990495,-0.03190048254846134,True,0.009596211995012593
Dallas,KDAL,2026-07-28,highest-temperature-in-dallas-on-july-28-2026,highest-temperature-in-dallas-on-july-28-2026-106-107f,106-107°F,0.005915068935494478,0.9940849310645056,5.918038330078204,True,False,False,False,True,True,0.05,1.0,1785255300,0.999,53.0,0.99,0.0004950000000000005,0.990495,0.003589931064505558,True,0.009596211995012593
Dallas,KDAL,2026-07-28,highest-temperature-in-dallas-on-july-28-2026,highest-temperature-in-dallas-on-july-28-2026-108-109f,108-109°F,0.002957534467747239,0.9970424655322527,5.918038330078204,True,False,False,False,True,True,0.05,1.0,1785255300,0.9995,53.0,0.99,0.0004950000000000005,0.990495,0.0065474655322527164,True,0.009596211995012593
Dallas,KDAL,2026-07-28,highest-temperature-in-dallas-on-july-28-2026,highest-temperature-in-dallas-on-july-28-2026-110-111f,110-111°F,0.0,1.0,5.918038330078204,True,False,False,False,True,True,0.05,1.0,1785255300,0.9995,52.0,0.99,0.0004950000000000005,0.990495,0.009504999999999986,True,0.009596211995012593
Dallas,KDAL,2026-07-28,highest-temperature-in-dallas-on-july-28-2026,highest-temperature-in-dallas-on-july-28-2026-112-113f,112-113°F,0.0,1.0,5.918038330078204,True,False,False,False,True,True,0.05,1.0,1785255300,0.9995,53.0,0.99,0.0004950000000000005,0.990495,0.009504999999999986,True,0.009596211995012593
Dallas,KDAL,2026-07-28,highest-temperature-in-dallas-on-july-28-2026,highest-temperature-in-dallas-on-july-28-2026-114forhigher,114°F or higher,0.0,1.0,5.918038330078204,True,True,False,False,True,True,0.05,1.0,1785255300,0.9995,52.0,0.99,0.0004950000000000005,0.990495,0.009504999999999986,True,0.009596211995012593
Dallas,KDAL,2026-07-29,highest-temperature-in-dallas-on-july-29-2026,highest-temperature-in-dallas-on-july-29-2026-95forbelow,95°F or below,0.03264015169377122,0.9673598483062288,7.257052001953198,False,True,False,False,True,True,0.05,1.0,1785341700,0.996,50.0,0.99,0.0004950000000000005,0.990495,-0.023135151693771228,True,0.009596211995012593
Dallas,KDAL,2026-07-29,highest-temperature-in-dallas-on-july-29-2026,highest-temperature-in-dallas-on-july-29-2026-96-97f,96-97°F,0.06601506535493475,0.9339849346450653,7.257052001953198,False,False,False,False,True,True,0.05,1.0,1785341700,0.98,51.0,0.99,0.0004950000000000005,0.990495,-0.056510065354934746,True,0.009596211995012593
Dallas,KDAL,2026-07-29,highest-temperature-in-dallas-on-july-29-2026,highest-temperature-in-dallas-on-july-29-2026-100-101f,100-101°F,0.304820879003587,0.695179120996413,7.257052001953198,False,False,False,False,True,True,0.05,1.0,1785341700,0.565,44.0,0.575,0.01221875,0.5872187499999999,0.10796037099641309,True,0.7029428981959451
Dallas,KDAL,2026-07-29,highest-temperature-in-dallas-on-july-29-2026,highest-temperature-in-dallas-on-july-29-2026-102-103f,102-103°F,0.06449640308087214,0.9355035969191279,7.257052001953198,False,False,False,False,True,True,0.05,1.0,1785341700,0.975,50.0,0.985,0.0007387500000000007,0.98573875,-0.05023515308087212,True,0.014467575714153469
Dallas,KDAL,2026-07-29,highest-temperature-in-dallas-on-july-29-2026,highest-temperature-in-dallas-on-july-29-2026-104-105f,104-105°F,0.018608432471280342,0.9813915675287197,7.257052001953198,False,False,False,False,True,True,0.05,1.0,1785341700,0.985,51.0,0.99,0.0004950000000000005,0.990495,-0.009103432471280315,True,0.009596211995012593
Dallas,KDAL,2026-07-29,highest-temperature-in-dallas-on-july-29-2026,highest-temperature-in-dallas-on-july-29-2026-106-107f,106-107°F,0.005316694991794384,0.9946833050082056,7.257052001953198,False,False,False,False,True,True,0.05,1.0,1785341700,0.9975,46.0,0.99,0.0004950000000000005,0.990495,0.004188305008205551,True,0.009596211995012593
Dallas,KDAL,2026-07-29,highest-temperature-in-dallas-on-july-29-2026,highest-temperature-in-dallas-on-july-29-2026-108-109f,108-109°F,0.0006645868739742981,0.9993354131260257,7.257052001953198,False,False,False,False,True,True,0.05,1.0,1785341700,0.9995,49.0,0.99,0.0004950000000000005,0.990495,0.008840413126025681,True,0.009596211995012593
Dallas,KDAL,2026-07-29,highest-temperature-in-dallas-on-july-29-2026,highest-temperature-in-dallas-on-july-29-2026-110-111f,110-111°F,0.0,1.0,7.257052001953198,False,False,False,False,True,True,0.05,1.0,1785341700,0.9995,51.0,0.99,0.0004950000000000005,0.990495,0.009504999999999986,True,0.009596211995012593
Dallas,KDAL,2026-07-29,highest-temperature-in-dallas-on-july-29-2026,highest-temperature-in-dallas-on-july-29-2026-112-113f,112-113°F,0.0,1.0,7.257052001953198,False,False,False,False,True,True,0.05,1.0,1785341700,0.9995,49.0,0.99,0.0004950000000000005,0.990495,0.009504999999999986,True,0.009596211995012593
Dallas,KDAL,2026-07-29,highest-temperature-in-dallas-on-july-29-2026,highest-temperature-in-dallas-on-july-29-2026-114forhigher,114°F or higher,0.0,1.0,7.257052001953198,False,True,False,False,True,True,0.05,1.0,1785341700,0.9995,38.0,0.99,0.0004950000000000005,0.990495,0.009504999999999986,True,0.009596211995012593
