city,station_id,contract_date,event_slug,market_slug,bucket_label,model_yes_probability,model_no_probability,provider_spread_high_f,confidence_gate_passed,is_open_tail,is_point_bucket,is_recommended_bucket,no_win,fees_enabled,fee_rate,fee_exponent,entry_timestamp,no_reference_price,price_age_seconds,no_fill_price,fee_per_share,no_entry_cost,no_edge,no_available,no_net_return
Tokyo,RJTT,2026-03-10,highest-temperature-in-tokyo-on-march-10-2026,highest-temperature-in-tokyo-on-march-10-2026-5corbelow,5°C or below,0.0,1.0,0.9072125071172225,True,True,False,False,True,False,0.0,1.0,1773108900,0.9995,32.0,0.99,0.0,0.99,0.010000000000000009,True,0.010101010101010166
Tokyo,RJTT,2026-03-10,highest-temperature-in-tokyo-on-march-10-2026,highest-temperature-in-tokyo-on-march-10-2026-6c,6°C,0.0030884952007335475,0.9969115047992665,0.9072125071172225,True,False,False,False,True,False,0.0,1.0,1773108900,0.998,39.0,0.99,0.0,0.99,0.006911504799266499,True,0.010101010101010166
Tokyo,RJTT,2026-03-10,highest-temperature-in-tokyo-on-march-10-2026,highest-temperature-in-tokyo-on-march-10-2026-7c,7°C,0.008030087521907222,0.9919699124780927,0.9072125071172225,True,False,False,False,True,False,0.0,1.0,1773108900,0.9945,39.0,0.99,0.0,0.99,0.00196991247809275,True,0.010101010101010166
Tokyo,RJTT,2026-03-10,highest-temperature-in-tokyo-on-march-10-2026,highest-temperature-in-tokyo-on-march-10-2026-8c,8°C,0.028752403712388408,0.9712475962876116,0.9072125071172225,True,False,False,False,True,False,0.0,1.0,1773108900,0.982,36.0,0.99,0.0,0.99,-0.0187524037123884,True,0.010101010101010166
Tokyo,RJTT,2026-03-10,highest-temperature-in-tokyo-on-march-10-2026,highest-temperature-in-tokyo-on-march-10-2026-9c,9°C,0.08664634369929414,0.9133536563007059,0.9072125071172225,True,False,False,False,False,False,0.0,1.0,1773108900,0.3,35.0,0.31,0.0,0.31,0.6033536563007058,True,-1.0
Tokyo,RJTT,2026-03-10,highest-temperature-in-tokyo-on-march-10-2026,highest-temperature-in-tokyo-on-march-10-2026-11c,11°C,0.21114246031899148,0.7888575396810085,0.9072125071172225,True,False,False,False,True,False,0.0,1.0,1773108900,0.875,38.0,0.885,0.0,0.885,-0.09614246031899154,True,0.12994350282485878
Tokyo,RJTT,2026-03-10,highest-temperature-in-tokyo-on-march-10-2026,highest-temperature-in-tokyo-on-march-10-2026-12c,12°C,0.11713941239831616,0.8828605876016838,0.9072125071172225,True,False,False,False,True,False,0.0,1.0,1773108900,0.989,32.0,0.99,0.0,0.99,-0.10713941239831615,True,0.010101010101010166
Tokyo,RJTT,2026-03-10,highest-temperature-in-tokyo-on-march-10-2026,highest-temperature-in-tokyo-on-march-10-2026-13corhigher,13°C or higher,0.007421953400831356,0.9925780465991686,0.9072125071172225,True,True,False,False,True,False,0.0,1.0,1773108900,0.9895,35.0,0.99,0.0,0.99,0.002578046599168604,True,0.010101010101010166
Tokyo,RJTT,2026-03-11,highest-temperature-in-tokyo-on-march-11-2026,highest-temperature-in-tokyo-on-march-11-2026-5corbelow,5°C or below,0.001234810225706546,0.9987651897742934,2.8354979929219866,False,True,False,False,True,False,0.0,1.0,1773195300,0.9995,31.0,0.99,0.0,0.99,0.008765189774293414,True,0.010101010101010166
Tokyo,RJTT,2026-03-11,highest-temperature-in-tokyo-on-march-11-2026,highest-temperature-in-tokyo-on-march-11-2026-6c,6°C,0.003210506586837019,0.996789493413163,2.8354979929219866,False,False,False,False,True,False,0.0,1.0,1773195300,0.9995,34.0,0.99,0.0,0.99,0.006789493413163039,True,0.010101010101010166
Tokyo,RJTT,2026-03-11,highest-temperature-in-tokyo-on-march-11-2026,highest-temperature-in-tokyo-on-march-11-2026-7c,7°C,0.009614467410504094,0.9903855325894959,2.8354979929219866,False,False,False,False,True,False,0.0,1.0,1773195300,0.989,33.0,0.99,0.0,0.99,0.0003855325894959183,True,0.010101010101010166
Tokyo,RJTT,2026-03-11,highest-temperature-in-tokyo-on-march-11-2026,highest-temperature-in-tokyo-on-march-11-2026-8c,8°C,0.2360694575848442,0.7639305424151558,2.8354979929219866,False,False,False,False,True,False,0.0,1.0,1773195300,0.9895,29.0,0.99,0.0,0.99,-0.2260694575848442,True,0.010101010101010166
Tokyo,RJTT,2026-03-11,highest-temperature-in-tokyo-on-march-11-2026,highest-temperature-in-tokyo-on-march-11-2026-10c,10°C,0.26087670153465026,0.7391232984653497,2.8354979929219866,False,False,False,False,False,False,0.0,1.0,1773195300,0.66,33.0,0.67,0.0,0.67,0.0691232984653497,True,-1.0
Tokyo,RJTT,2026-03-11,highest-temperature-in-tokyo-on-march-11-2026,highest-temperature-in-tokyo-on-march-11-2026-11c,11°C,0.05126542266297663,0.9487345773370234,2.8354979929219866,False,False,False,False,True,False,0.0,1.0,1773195300,0.715,31.0,0.725,0.0,0.725,0.2237345773370234,True,0.3793103448275863
Tokyo,RJTT,2026-03-11,highest-temperature-in-tokyo-on-march-11-2026,highest-temperature-in-tokyo-on-march-11-2026-12c,12°C,0.005874931849332979,0.994125068150667,2.8354979929219866,False,False,False,False,True,False,0.0,1.0,1773195300,0.896,33.0,0.906,0.0,0.906,0.08812506815066701,True,0.10375275938189832
Tokyo,RJTT,2026-03-11,highest-temperature-in-tokyo-on-march-11-2026,highest-temperature-in-tokyo-on-march-11-2026-13corhigher,13°C or higher,0.0,1.0,2.8354979929219866,False,True,False,False,True,False,0.0,1.0,1773195300,0.9775,33.0,0.9875,0.0,0.9875,0.012499999999999956,True,0.012658227848101111
Tokyo,RJTT,2026-03-12,highest-temperature-in-tokyo-on-march-12-2026,highest-temperature-in-tokyo-on-march-12-2026-6corbelow,6°C or below,0.0,1.0,2.913950079000088,False,True,False,False,True,False,0.0,1.0,1773281700,,,,0.0,,,False,
Tokyo,RJTT,2026-03-12,highest-temperature-in-tokyo-on-march-12-2026,highest-temperature-in-tokyo-on-march-12-2026-7c,7°C,0.0012489990783867394,0.9987510009216133,2.913950079000088,False,False,False,False,True,False,0.0,1.0,1773281700,,,,0.0,,,False,
Tokyo,RJTT,2026-03-12,highest-temperature-in-tokyo-on-march-12-2026,highest-temperature-in-tokyo-on-march-12-2026-8c,8°C,0.003247397603805522,0.9967526023961945,2.913950079000088,False,False,False,False,True,False,0.0,1.0,1773281700,0.9995,37.0,0.99,0.0,0.99,0.0067526023961944626,True,0.010101010101010166
Tokyo,RJTT,2026-03-12,highest-temperature-in-tokyo-on-march-12-2026,highest-temperature-in-tokyo-on-march-12-2026-9c,9°C,0.017190142124947072,0.9828098578750529,2.913950079000088,False,False,False,False,True,False,0.0,1.0,1773281700,0.995,37.0,0.99,0.0,0.99,-0.007190142124947063,True,0.010101010101010166
Tokyo,RJTT,2026-03-12,highest-temperature-in-tokyo-on-march-12-2026,highest-temperature-in-tokyo-on-march-12-2026-10c,10°C,0.17238779197567455,0.8276122080243254,2.913950079000088,False,False,False,False,True,False,0.0,1.0,1773281700,0.966,30.0,0.976,0.0,0.976,-0.14838779197567453,True,0.024590163934426146
Tokyo,RJTT,2026-03-12,highest-temperature-in-tokyo-on-march-12-2026,highest-temperature-in-tokyo-on-march-12-2026-12c,12°C,0.2964142898109456,0.7035857101890544,2.913950079000088,False,False,False,False,False,False,0.0,1.0,1773281700,0.48,34.0,0.49,0.0,0.49,0.21358571018905437,True,-1.0
Tokyo,RJTT,2026-03-12,highest-temperature-in-tokyo-on-march-12-2026,highest-temperature-in-tokyo-on-march-12-2026-13c,13°C,0.06808926187605951,0.9319107381239404,2.913950079000088,False,False,False,False,True,False,0.0,1.0,1773281700,0.9125,32.0,0.9225,0.0,0.9225,0.009410738123940443,True,0.08401084010840121
Tokyo,RJTT,2026-03-12,highest-temperature-in-tokyo-on-march-12-2026,highest-temperature-in-tokyo-on-march-12-2026-14corhigher,14°C or higher,0.004776873716490503,0.9952231262835095,2.913950079000088,False,True,False,False,True,False,0.0,1.0,1773281700,0.991,35.0,0.99,0.0,0.99,0.005223126283509516,True,0.010101010101010166
Tokyo,RJTT,2026-03-13,highest-temperature-in-tokyo-on-march-13-2026,highest-temperature-in-tokyo-on-march-13-2026-5corbelow,5°C or below,0.0007836776066951397,0.9992163223933048,2.884938597000101,False,True,False,False,True,False,0.0,1.0,1773368100,,,,0.0,,,False,
Tokyo,RJTT,2026-03-13,highest-temperature-in-tokyo-on-march-13-2026,highest-temperature-in-tokyo-on-march-13-2026-6c,6°C,0.002037561777407363,0.9979624382225927,2.884938597000101,False,False,False,False,True,False,0.0,1.0,1773368100,,,,0.0,,,False,
Tokyo,RJTT,2026-03-13,highest-temperature-in-tokyo-on-march-13-2026,highest-temperature-in-tokyo-on-march-13-2026-7c,7°C,0.007813112587658154,0.9921868874123418,2.884938597000101,False,False,False,False,True,False,0.0,1.0,1773368100,0.9995,34.0,0.99,0.0,0.99,0.0021868874123418536,True,0.010101010101010166
Tokyo,RJTT,2026-03-13,highest-temperature-in-tokyo-on-march-13-2026,highest-temperature-in-tokyo-on-march-13-2026-8c,8°C,0.28415221291923193,0.715847787080768,2.884938597000101,False,False,False,False,True,False,0.0,1.0,1773368100,0.995,31.0,0.99,0.0,0.99,-0.274152212919232,True,0.010101010101010166
Tokyo,RJTT,2026-03-13,highest-temperature-in-tokyo-on-march-13-2026,highest-temperature-in-tokyo-on-march-13-2026-10c,10°C,0.24899761592136235,0.7510023840786376,2.884938597000101,False,False,False,False,True,False,0.0,1.0,1773368100,0.42,28.0,0.43,0.0,0.43,0.3210023840786376,True,1.3255813953488373
Tokyo,RJTT,2026-03-13,highest-temperature-in-tokyo-on-march-13-2026,highest-temperature-in-tokyo-on-march-13-2026-11c,11°C,0.025623300595550205,0.9743766994044498,2.884938597000101,False,False,False,False,True,False,0.0,1.0,1773368100,0.68,36.0,0.6900000000000001,0.0,0.6900000000000001,0.28437669940444976,True,0.44927536231884035
Tokyo,RJTT,2026-03-13,highest-temperature-in-tokyo-on-march-13-2026,highest-temperature-in-tokyo-on-march-13-2026-12c,12°C,0.005909438422371804,0.9940905615776282,2.884938597000101,False,False,False,False,True,False,0.0,1.0,1773368100,0.935,32.0,0.9450000000000001,0.0,0.9450000000000001,0.049090561577628145,True,0.05820105820105814
Tokyo,RJTT,2026-03-13,highest-temperature-in-tokyo-on-march-13-2026,highest-temperature-in-tokyo-on-march-13-2026-13corhigher,13°C or higher,0.0,1.0,2.884938597000101,False,True,False,False,True,False,0.0,1.0,1773368100,0.987,36.0,0.99,0.0,0.99,0.010000000000000009,True,0.010101010101010166
Tokyo,RJTT,2026-03-14,highest-temperature-in-tokyo-on-march-14-2026,highest-temperature-in-tokyo-on-march-14-2026-9corbelow,9°C or below,0.0008938774549239569,0.999106122545076,3.2327804429999603,False,True,False,False,True,False,0.0,1.0,1773454500,0.9995,33.0,0.99,0.0,0.99,0.009106122545076034,True,0.010101010101010166
Tokyo,RJTT,2026-03-14,highest-temperature-in-tokyo-on-march-14-2026,highest-temperature-in-tokyo-on-march-14-2026-10c,10°C,0.0023240813828022877,0.9976759186171977,3.2327804429999603,False,False,False,False,True,False,0.0,1.0,1773454500,0.9995,33.0,0.99,0.0,0.99,0.007675918617197741,True,0.010101010101010166
Tokyo,RJTT,2026-03-14,highest-temperature-in-tokyo-on-march-14-2026,highest-temperature-in-tokyo-on-march-14-2026-11c,11°C,0.012118371043452042,0.987881628956548,3.2327804429999603,False,False,False,False,True,False,0.0,1.0,1773454500,0.993,35.0,0.99,0.0,0.99,-0.0021183710434520275,True,0.010101010101010166
Tokyo,RJTT,2026-03-14,highest-temperature-in-tokyo-on-march-14-2026,highest-temperature-in-tokyo-on-march-14-2026-12c,12°C,0.17829719616909237,0.8217028038309077,3.2327804429999603,False,False,False,False,True,False,0.0,1.0,1773454500,0.9465,37.0,0.9565,0.0,0.9565,-0.13479719616909236,True,0.045478306325143825
Tokyo,RJTT,2026-03-14,highest-temperature-in-tokyo-on-march-14-2026,highest-temperature-in-tokyo-on-march-14-2026-14c,14°C,0.33154985491015215,0.6684501450898479,3.2327804429999603,False,False,False,False,True,False,0.0,1.0,1773454500,0.5,38.0,0.51,0.0,0.51,0.1584501450898479,True,0.9607843137254901
Tokyo,RJTT,2026-03-14,highest-temperature-in-tokyo-on-march-14-2026,highest-temperature-in-tokyo-on-march-14-2026-15c,15°C,0.062662510560183,0.937337489439817,3.2327804429999603,False,False,False,False,True,False,0.0,1.0,1773454500,0.82,36.0,0.83,0.0,0.83,0.10733748943981702,True,0.20481927710843384
Tokyo,RJTT,2026-03-14,highest-temperature-in-tokyo-on-march-14-2026,highest-temperature-in-tokyo-on-march-14-2026-16c,16°C,0.004496552077588781,0.9955034479224112,3.2327804429999603,False,False,False,False,True,False,0.0,1.0,1773454500,0.9705,36.0,0.9805,0.0,0.9805,0.01500344792241115,True,0.01988781234064252
Tokyo,RJTT,2026-03-14,highest-temperature-in-tokyo-on-march-14-2026,highest-temperature-in-tokyo-on-march-14-2026-17corhigher,17°C or higher,0.0,1.0,3.2327804429999603,False,True,False,False,True,False,0.0,1.0,1773454500,0.9965,38.0,0.99,0.0,0.99,0.010000000000000009,True,0.010101010101010166
Tokyo,RJTT,2026-03-15,highest-temperature-in-tokyo-on-march-15-2026,highest-temperature-in-tokyo-on-march-15-2026-8corbelow,8°C or below,0.0,1.0,3.0015977700586305,True,True,False,False,True,False,0.0,1.0,1773540900,,,,0.0,,,False,
Tokyo,RJTT,2026-03-15,highest-temperature-in-tokyo-on-march-15-2026,highest-temperature-in-tokyo-on-march-15-2026-9c,9°C,0.0007820780288938756,0.9992179219711061,3.0015977700586305,True,False,False,False,True,False,0.0,1.0,1773540900,,,,0.0,,,False,
Tokyo,RJTT,2026-03-15,highest-temperature-in-tokyo-on-march-15-2026,highest-temperature-in-tokyo-on-march-15-2026-10c,10°C,0.0020334028751240766,0.9979665971248759,3.0015977700586305,True,False,False,False,True,False,0.0,1.0,1773540900,0.9995,33.0,0.99,0.0,0.99,0.007966597124875907,True,0.010101010101010166
Tokyo,RJTT,2026-03-15,highest-temperature-in-tokyo-on-march-15-2026,highest-temperature-in-tokyo-on-march-15-2026-11c,11°C,0.014952942906646397,0.9850470570933536,3.0015977700586305,True,False,False,False,True,False,0.0,1.0,1773540900,0.9995,31.0,0.99,0.0,0.99,-0.004952942906646385,True,0.010101010101010166
Tokyo,RJTT,2026-03-15,highest-temperature-in-tokyo-on-march-15-2026,highest-temperature-in-tokyo-on-march-15-2026-12c,12°C,0.2610358840607433,0.7389641159392567,3.0015977700586305,True,False,False,False,True,False,0.0,1.0,1773540900,0.9905,35.0,0.99,0.0,0.99,-0.2510358840607433,True,0.010101010101010166
Tokyo,RJTT,2026-03-15,highest-temperature-in-tokyo-on-march-15-2026,highest-temperature-in-tokyo-on-march-15-2026-14c,14°C,0.19838565164870173,0.8016143483512983,3.0015977700586305,True,False,False,False,False,False,0.0,1.0,1773540900,0.555,33.0,0.5650000000000001,0.0,0.5650000000000001,0.23661434835129824,True,-1.0
Tokyo,RJTT,2026-03-15,highest-temperature-in-tokyo-on-march-15-2026,highest-temperature-in-tokyo-on-march-15-2026-15c,15°C,0.015976073354759677,0.9840239266452403,3.0015977700586305,True,False,False,False,True,False,0.0,1.0,1773540900,0.91,35.0,0.92,0.0,0.92,0.06402392664524026,True,0.08695652173913038
Tokyo,RJTT,2026-03-15,highest-temperature-in-tokyo-on-march-15-2026,highest-temperature-in-tokyo-on-march-15-2026-16corhigher,16°C or higher,0.003690246080344793,0.9963097539196553,3.0015977700586305,True,True,False,False,True,False,0.0,1.0,1773540900,0.9635,32.0,0.9735,0.0,0.9735,0.02280975391965523,True,0.027221366204416952
Tokyo,RJTT,2026-03-16,highest-temperature-in-tokyo-on-march-16-2026,highest-temperature-in-tokyo-on-march-16-2026-8corbelow,8°C or below,0.002674462148508424,0.9973255378514916,3.857483233476536,False,True,False,False,True,False,0.0,1.0,1773627300,,,,0.0,,,False,
Tokyo,RJTT,2026-03-16,highest-temperature-in-tokyo-on-march-16-2026,highest-temperature-in-tokyo-on-march-16-2026-9c,9°C,0.006953601586121902,0.9930463984138781,3.857483233476536,False,False,False,False,True,False,0.0,1.0,1773627300,,,,0.0,,,False,
Tokyo,RJTT,2026-03-16,highest-temperature-in-tokyo-on-march-16-2026,highest-temperature-in-tokyo-on-march-16-2026-10c,10°C,0.028261177456891284,0.9717388225431087,3.857483233476536,False,False,False,False,True,False,0.0,1.0,1773627300,,,,0.0,,,False,
Tokyo,RJTT,2026-03-16,highest-temperature-in-tokyo-on-march-16-2026,highest-temperature-in-tokyo-on-march-16-2026-11c,11°C,0.30824792414383806,0.6917520758561619,3.857483233476536,False,False,False,False,True,False,0.0,1.0,1773627300,0.675,39.0,0.685,0.0,0.685,0.006752075856161888,True,0.45985401459854014
Tokyo,RJTT,2026-03-16,highest-temperature-in-tokyo-on-march-16-2026,highest-temperature-in-tokyo-on-march-16-2026-13c,13°C,0.16728580094726841,0.8327141990527316,3.857483233476536,False,False,False,False,True,False,0.0,1.0,1773627300,0.88,39.0,0.89,0.0,0.89,-0.05728580094726843,True,0.12359550561797761
Tokyo,RJTT,2026-03-16,highest-temperature-in-tokyo-on-march-16-2026,highest-temperature-in-tokyo-on-march-16-2026-14c,14°C,0.025907281391913582,0.9740927186080864,3.857483233476536,False,False,False,False,True,False,0.0,1.0,1773627300,0.972,34.0,0.982,0.0,0.982,-0.007907281391913545,True,0.018329938900203624
Tokyo,RJTT,2026-03-16,highest-temperature-in-tokyo-on-march-16-2026,highest-temperature-in-tokyo-on-march-16-2026-15c,15°C,0.005416882350393014,0.9945831176496069,3.857483233476536,False,False,False,False,True,False,0.0,1.0,1773627300,0.9885,37.0,0.99,0.0,0.99,0.004583117649606949,True,0.010101010101010166
Tokyo,RJTT,2026-03-16,highest-temperature-in-tokyo-on-march-16-2026,highest-temperature-in-tokyo-on-march-16-2026-16c,16°C,0.0,1.0,3.857483233476536,False,False,False,False,True,False,0.0,1.0,1773627300,0.9975,35.0,0.99,0.0,0.99,0.010000000000000009,True,0.010101010101010166
Tokyo,RJTT,2026-03-16,highest-temperature-in-tokyo-on-march-16-2026,highest-temperature-in-tokyo-on-march-16-2026-17c,17°C,0.0,1.0,3.857483233476536,False,False,False,False,True,False,0.0,1.0,1773627300,0.9975,36.0,0.99,0.0,0.99,0.010000000000000009,True,0.010101010101010166
Tokyo,RJTT,2026-03-16,highest-temperature-in-tokyo-on-march-16-2026,highest-temperature-in-tokyo-on-march-16-2026-18corhigher,18°C or higher,0.0,1.0,3.857483233476536,False,True,False,False,True,False,0.0,1.0,1773627300,0.9985,34.0,0.99,0.0,0.99,0.010000000000000009,True,0.010101010101010166
Tokyo,RJTT,2026-03-17,highest-temperature-in-tokyo-on-march-17-2026,highest-temperature-in-tokyo-on-march-17-2026-8corbelow,8°C or below,0.0,1.0,2.414943042187509,True,True,False,False,True,False,0.0,1.0,1773713700,,,,0.0,,,False,
Tokyo,RJTT,2026-03-17,highest-temperature-in-tokyo-on-march-17-2026,highest-temperature-in-tokyo-on-march-17-2026-9c,9°C,0.001046372454570498,0.9989536275454295,2.414943042187509,True,False,False,False,True,False,0.0,1.0,1773713700,,,,0.0,,,False,
Tokyo,RJTT,2026-03-17,highest-temperature-in-tokyo-on-march-17-2026,highest-temperature-in-tokyo-on-march-17-2026-10c,10°C,0.0027205683818832945,0.9972794316181167,2.414943042187509,True,False,False,False,True,False,0.0,1.0,1773713700,,,,0.0,,,False,
Tokyo,RJTT,2026-03-17,highest-temperature-in-tokyo-on-march-17-2026,highest-temperature-in-tokyo-on-march-17-2026-11c,11°C,0.01709734814289254,0.9829026518571075,2.414943042187509,True,False,False,False,True,False,0.0,1.0,1773713700,0.993,32.0,0.99,0.0,0.99,-0.0070973481428925345,True,0.010101010101010166
Tokyo,RJTT,2026-03-17,highest-temperature-in-tokyo-on-march-17-2026,highest-temperature-in-tokyo-on-march-17-2026-12c,12°C,0.2522873396043601,0.7477126603956399,2.414943042187509,True,False,False,False,True,False,0.0,1.0,1773713700,0.99,17.0,0.99,0.0,0.99,-0.2422873396043601,True,0.010101010101010166
Tokyo,RJTT,2026-03-17,highest-temperature-in-tokyo-on-march-17-2026,highest-temperature-in-tokyo-on-march-17-2026-14c,14°C,0.1843278959017095,0.8156721040982905,2.414943042187509,True,False,False,False,True,False,0.0,1.0,1773713700,0.47,19.0,0.48,0.0,0.48,0.3356721040982905,True,1.0833333333333335
Tokyo,RJTT,2026-03-17,highest-temperature-in-tokyo-on-march-17-2026,highest-temperature-in-tokyo-on-march-17-2026-15c,15°C,0.02261659458751848,0.9773834054124815,2.414943042187509,True,False,False,False,True,False,0.0,1.0,1773713700,0.695,22.0,0.705,0.0,0.705,0.2723834054124815,True,0.4184397163120568
Tokyo,RJTT,2026-03-17,highest-temperature-in-tokyo-on-march-17-2026,highest-temperature-in-tokyo-on-march-17-2026-16c,16°C,0.005146907541348739,0.9948530924586513,2.414943042187509,True,False,False,False,True,False,0.0,1.0,1773713700,0.9635,22.0,0.9735,0.0,0.9735,0.021353092458651246,True,0.027221366204416952
Tokyo,RJTT,2026-03-17,highest-temperature-in-tokyo-on-march-17-2026,highest-temperature-in-tokyo-on-march-17-2026-17c,17°C,0.0,1.0,2.414943042187509,True,False,False,False,True,False,0.0,1.0,1773713700,0.9965,14.0,0.99,0.0,0.99,0.010000000000000009,True,0.010101010101010166
Tokyo,RJTT,2026-03-17,highest-temperature-in-tokyo-on-march-17-2026,highest-temperature-in-tokyo-on-march-17-2026-18corhigher,18°C or higher,0.0,1.0,2.414943042187509,True,True,False,False,True,False,0.0,1.0,1773713700,0.9985,26.0,0.99,0.0,0.99,0.010000000000000009,True,0.010101010101010166
Tokyo,RJTT,2026-03-18,highest-temperature-in-tokyo-on-march-18-2026,highest-temperature-in-tokyo-on-march-18-2026-9corbelow,9°C or below,0.0,1.0,5.8063630078125925,True,True,False,False,True,False,0.0,1.0,1773800100,,,,0.0,,,False,
Tokyo,RJTT,2026-03-18,highest-temperature-in-tokyo-on-march-18-2026,highest-temperature-in-tokyo-on-march-18-2026-10c,10°C,0.0,1.0,5.8063630078125925,True,False,False,False,True,False,0.0,1.0,1773800100,,,,0.0,,,False,
Tokyo,RJTT,2026-03-18,highest-temperature-in-tokyo-on-march-18-2026,highest-temperature-in-tokyo-on-march-18-2026-11c,11°C,0.0,1.0,5.8063630078125925,True,False,False,False,True,False,0.0,1.0,1773800100,0.9995,32.0,0.99,0.0,0.99,0.010000000000000009,True,0.010101010101010166
Tokyo,RJTT,2026-03-18,highest-temperature-in-tokyo-on-march-18-2026,highest-temperature-in-tokyo-on-march-18-2026-12c,12°C,0.0013898114777481192,0.9986101885222519,5.8063630078125925,True,False,False,False,True,False,0.0,1.0,1773800100,0.9995,30.0,0.99,0.0,0.99,0.008610188522251927,True,0.010101010101010166
Tokyo,RJTT,2026-03-18,highest-temperature-in-tokyo-on-march-18-2026,highest-temperature-in-tokyo-on-march-18-2026-13c,13°C,0.0036135098421451097,0.9963864901578549,5.8063630078125925,True,False,False,False,True,False,0.0,1.0,1773800100,0.9995,29.0,0.99,0.0,0.99,0.006386490157854863,True,0.010101010101010166
Tokyo,RJTT,2026-03-18,highest-temperature-in-tokyo-on-march-18-2026,highest-temperature-in-tokyo-on-march-18-2026-14c,14°C,0.0233624266650987,0.9766375733349013,5.8063630078125925,True,False,False,False,True,False,0.0,1.0,1773800100,0.79,29.0,0.8,0.0,0.8,0.17663757333490127,True,0.25
Tokyo,RJTT,2026-03-18,highest-temperature-in-tokyo-on-march-18-2026,highest-temperature-in-tokyo-on-march-18-2026-15c,15°C,0.2666586255793843,0.7333413744206156,5.8063630078125925,True,False,False,False,True,False,0.0,1.0,1773800100,0.435,30.0,0.445,0.0,0.445,0.28834137442061564,True,1.2471910112359552
Tokyo,RJTT,2026-03-18,highest-temperature-in-tokyo-on-march-18-2026,highest-temperature-in-tokyo-on-march-18-2026-17c,17°C,0.21174422460898815,0.7882557753910119,5.8063630078125925,True,False,False,False,False,False,0.0,1.0,1773800100,0.976,31.0,0.986,0.0,0.986,-0.1977442246089881,True,-1.0
Tokyo,RJTT,2026-03-18,highest-temperature-in-tokyo-on-march-18-2026,highest-temperature-in-tokyo-on-march-18-2026-18c,18°C,0.026223772334145027,0.9737762276658549,5.8063630078125925,True,False,False,False,True,False,0.0,1.0,1773800100,0.9945,31.0,0.99,0.0,0.99,-0.01622377233414507,True,0.010101010101010166
Tokyo,RJTT,2026-03-18,highest-temperature-in-tokyo-on-march-18-2026,highest-temperature-in-tokyo-on-march-18-2026-19corhigher,19°C or higher,0.0038170898250090833,0.9961829101749909,5.8063630078125925,True,True,False,False,True,False,0.0,1.0,1773800100,0.9995,29.0,0.99,0.0,0.99,0.006182910174990952,True,0.010101010101010166
Tokyo,RJTT,2026-03-19,highest-temperature-in-tokyo-on-march-19-2026,highest-temperature-in-tokyo-on-march-19-2026-11corbelow,11°C or below,0.0,1.0,1.8213012673242588,True,True,False,False,True,False,0.0,1.0,1773886500,,,,0.0,,,False,
Tokyo,RJTT,2026-03-19,highest-temperature-in-tokyo-on-march-19-2026,highest-temperature-in-tokyo-on-march-19-2026-12c,12°C,0.0,1.0,1.8213012673242588,True,False,False,False,True,False,0.0,1.0,1773886500,,,,0.0,,,False,
Tokyo,RJTT,2026-03-19,highest-temperature-in-tokyo-on-march-19-2026,highest-temperature-in-tokyo-on-march-19-2026-13c,13°C,0.0013179777205221063,0.9986820222794779,1.8213012673242588,True,False,False,False,True,False,0.0,1.0,1773886500,,,,0.0,,,False,
Tokyo,RJTT,2026-03-19,highest-temperature-in-tokyo-on-march-19-2026,highest-temperature-in-tokyo-on-march-19-2026-14c,14°C,0.003426742073357476,0.9965732579266425,1.8213012673242588,True,False,False,False,True,False,0.0,1.0,1773886500,,,,0.0,,,False,
Tokyo,RJTT,2026-03-19,highest-temperature-in-tokyo-on-march-19-2026,highest-temperature-in-tokyo-on-march-19-2026-15c,15°C,0.005513983116571695,0.9944860168834283,1.8213012673242588,True,False,False,False,True,False,0.0,1.0,1773886500,0.9915,30.0,0.99,0.0,0.99,0.004486016883428312,True,0.010101010101010166
Tokyo,RJTT,2026-03-19,highest-temperature-in-tokyo-on-march-19-2026,highest-temperature-in-tokyo-on-march-19-2026-16c,16°C,0.15606112020529672,0.8439388797947033,1.8213012673242588,True,False,False,False,True,False,0.0,1.0,1773886500,0.935,29.0,0.9450000000000001,0.0,0.9450000000000001,-0.10106112020529678,True,0.05820105820105814
Tokyo,RJTT,2026-03-19,highest-temperature-in-tokyo-on-march-19-2026,highest-temperature-in-tokyo-on-march-19-2026-18c,18°C,0.24515836500977986,0.7548416349902202,1.8213012673242588,True,False,False,False,False,False,0.0,1.0,1773886500,0.635,33.0,0.645,0.0,0.645,0.10984163499022015,True,-1.0
Tokyo,RJTT,2026-03-19,highest-temperature-in-tokyo-on-march-19-2026,highest-temperature-in-tokyo-on-march-19-2026-19c,19°C,0.054532441742351216,0.9454675582576488,1.8213012673242588,True,False,False,False,True,False,0.0,1.0,1773886500,0.825,30.0,0.835,0.0,0.835,0.11046755825764887,True,0.1976047904191618
Tokyo,RJTT,2026-03-19,highest-temperature-in-tokyo-on-march-19-2026,highest-temperature-in-tokyo-on-march-19-2026-20c,20°C,0.004949331595370441,0.9950506684046295,1.8213012673242588,True,False,False,False,True,False,0.0,1.0,1773886500,0.964,31.0,0.974,0.0,0.974,0.021050668404629547,True,0.026694045174538106
Tokyo,RJTT,2026-03-19,highest-temperature-in-tokyo-on-march-19-2026,highest-temperature-in-tokyo-on-march-19-2026-21corhigher,21°C or higher,0.0,1.0,1.8213012673242588,True,True,False,False,True,False,0.0,1.0,1773886500,0.992,31.0,0.99,0.0,0.99,0.010000000000000009,True,0.010101010101010166
Tokyo,RJTT,2026-03-20,highest-temperature-in-tokyo-on-march-20-2026,highest-temperature-in-tokyo-on-march-20-2026-10corbelow,10°C or below,0.004983676227576118,0.9950163237724239,5.878776712499928,True,True,False,False,True,False,0.0,1.0,1773972900,,,,0.0,,,False,
Tokyo,RJTT,2026-03-20,highest-temperature-in-tokyo-on-march-20-2026,highest-temperature-in-tokyo-on-march-20-2026-11c,11°C,0.010030824837699343,0.9899691751623007,5.878776712499928,True,False,False,False,True,False,0.0,1.0,1773972900,,,,0.0,,,False,
Tokyo,RJTT,2026-03-20,highest-temperature-in-tokyo-on-march-20-2026,highest-temperature-in-tokyo-on-march-20-2026-12c,12°C,0.2865991905575605,0.7134008094424396,5.878776712499928,True,False,False,False,True,False,0.0,1.0,1773972900,,,,0.0,,,False,
Tokyo,RJTT,2026-03-20,highest-temperature-in-tokyo-on-march-20-2026,highest-temperature-in-tokyo-on-march-20-2026-14c,14°C,0.12113093513710067,0.8788690648628993,5.878776712499928,True,False,False,False,True,False,0.0,1.0,1773972900,0.95,18.0,0.96,0.0,0.96,-0.08113093513710068,True,0.04166666666666674
Tokyo,RJTT,2026-03-20,highest-temperature-in-tokyo-on-march-20-2026,highest-temperature-in-tokyo-on-march-20-2026-15c,15°C,0.036150998072581424,0.9638490019274186,5.878776712499928,True,False,False,False,True,False,0.0,1.0,1773972900,0.991,20.0,0.99,0.0,0.99,-0.026150998072581366,True,0.010101010101010166
Tokyo,RJTT,2026-03-20,highest-temperature-in-tokyo-on-march-20-2026,highest-temperature-in-tokyo-on-march-20-2026-16c,16°C,0.008067041580593572,0.9919329584194064,5.878776712499928,True,False,False,False,True,False,0.0,1.0,1773972900,0.988,16.0,0.99,0.0,0.99,0.0019329584194064386,True,0.010101010101010166
Tokyo,RJTT,2026-03-20,highest-temperature-in-tokyo-on-march-20-2026,highest-temperature-in-tokyo-on-march-20-2026-17c,17°C,0.0,1.0,5.878776712499928,True,False,False,False,True,False,0.0,1.0,1773972900,0.9965,17.0,0.99,0.0,0.99,0.010000000000000009,True,0.010101010101010166
Tokyo,RJTT,2026-03-20,highest-temperature-in-tokyo-on-march-20-2026,highest-temperature-in-tokyo-on-march-20-2026-18c,18°C,0.0,1.0,5.878776712499928,True,False,False,False,True,False,0.0,1.0,1773972900,0.9975,21.0,0.99,0.0,0.99,0.010000000000000009,True,0.010101010101010166
Tokyo,RJTT,2026-03-20,highest-temperature-in-tokyo-on-march-20-2026,highest-temperature-in-tokyo-on-march-20-2026-19c,19°C,0.0,1.0,5.878776712499928,True,False,False,False,True,False,0.0,1.0,1773972900,0.9975,22.0,0.99,0.0,0.99,0.010000000000000009,True,0.010101010101010166
Tokyo,RJTT,2026-03-20,highest-temperature-in-tokyo-on-march-20-2026,highest-temperature-in-tokyo-on-march-20-2026-20corhigher,20°C or higher,0.0,1.0,5.878776712499928,True,True,False,False,True,False,0.0,1.0,1773972900,0.9985,16.0,0.99,0.0,0.99,0.010000000000000009,True,0.010101010101010166
Tokyo,RJTT,2026-03-21,highest-temperature-in-tokyo-on-march-21-2026,highest-temperature-in-tokyo-on-march-21-2026-8corbelow,8°C or below,0.0,1.0,3.6974137707773167,False,True,False,False,True,False,0.0,1.0,1774059300,,,,0.0,,,False,
Tokyo,RJTT,2026-03-21,highest-temperature-in-tokyo-on-march-21-2026,highest-temperature-in-tokyo-on-march-21-2026-9c,9°C,0.0,1.0,3.6974137707773167,False,False,False,False,True,False,0.0,1.0,1774059300,0.9995,29.0,0.99,0.0,0.99,0.010000000000000009,True,0.010101010101010166
Tokyo,RJTT,2026-03-21,highest-temperature-in-tokyo-on-march-21-2026,highest-temperature-in-tokyo-on-march-21-2026-10c,10°C,0.00066370612232534,0.9993362938776746,3.6974137707773167,False,False,False,False,True,False,0.0,1.0,1774059300,0.9995,33.0,0.99,0.0,0.99,0.00933629387767465,True,0.010101010101010166
Tokyo,RJTT,2026-03-21,highest-temperature-in-tokyo-on-march-21-2026,highest-temperature-in-tokyo-on-march-21-2026-11c,11°C,0.0017256359180458838,0.9982743640819541,3.6974137707773167,False,False,False,False,True,False,0.0,1.0,1774059300,0.9995,35.0,0.99,0.0,0.99,0.008274364081954144,True,0.010101010101010166
Tokyo,RJTT,2026-03-21,highest-temperature-in-tokyo-on-march-21-2026,highest-temperature-in-tokyo-on-march-21-2026-12c,12°C,0.004646614732899622,0.9953533852671004,3.6974137707773167,False,False,False,False,True,False,0.0,1.0,1774059300,0.999,35.0,0.99,0.0,0.99,0.005353385267100386,True,0.010101010101010166
Tokyo,RJTT,2026-03-21,highest-temperature-in-tokyo-on-march-21-2026,highest-temperature-in-tokyo-on-march-21-2026-13c,13°C,0.2100799515615295,0.7899200484384705,3.6974137707773167,False,False,False,False,True,False,0.0,1.0,1774059300,0.9695,34.0,0.9795,0.0,0.9795,-0.18957995156152951,True,0.02092904543134244
Tokyo,RJTT,2026-03-21,highest-temperature-in-tokyo-on-march-21-2026,highest-temperature-in-tokyo-on-march-21-2026-14c,14°C,0.39757700738544227,0.6024229926145577,3.6974137707773167,False,False,True,True,True,False,0.0,1.0,1774059300,0.765,31.0,0.775,0.0,0.775,-0.17257700738544235,True,0.29032258064516125
Tokyo,RJTT,2026-03-21,highest-temperature-in-tokyo-on-march-21-2026,highest-temperature-in-tokyo-on-march-21-2026-15c,15°C,0.33447488323298225,0.6655251167670178,3.6974137707773167,False,False,False,False,False,False,0.0,1.0,1774059300,0.46,36.0,0.47000000000000003,0.0,0.47000000000000003,0.19552511676701773,True,-1.0
Tokyo,RJTT,2026-03-21,highest-temperature-in-tokyo-on-march-21-2026,highest-temperature-in-tokyo-on-march-21-2026-16c,16°C,0.04696315860510482,0.9530368413948952,3.6974137707773167,False,False,False,False,True,False,0.0,1.0,1774059300,0.835,35.0,0.845,0.0,0.845,0.10803684139489522,True,0.18343195266272194
Tokyo,RJTT,2026-03-21,highest-temperature-in-tokyo-on-march-21-2026,highest-temperature-in-tokyo-on-march-21-2026-17c,17°C,0.003869042441670416,0.9961309575583296,3.6974137707773167,False,False,False,False,True,False,0.0,1.0,1774059300,0.9635,30.0,0.9735,0.0,0.9735,0.022630957558329556,True,0.027221366204416952
Tokyo,RJTT,2026-03-21,highest-temperature-in-tokyo-on-march-21-2026,highest-temperature-in-tokyo-on-march-21-2026-18corhigher,18°C or higher,0.0,1.0,3.6974137707773167,False,True,False,False,True,False,0.0,1.0,1774059300,0.9825,36.0,0.99,0.0,0.99,0.010000000000000009,True,0.010101010101010166
Tokyo,RJTT,2026-03-22,highest-temperature-in-tokyo-on-march-22-2026,highest-temperature-in-tokyo-on-march-22-2026-11corbelow,11°C or below,0.0,1.0,2.164625441718762,True,True,False,False,True,False,0.0,1.0,1774145700,,,,0.0,,,False,
Tokyo,RJTT,2026-03-22,highest-temperature-in-tokyo-on-march-22-2026,highest-temperature-in-tokyo-on-march-22-2026-12c,12°C,0.0011967218250573863,0.9988032781749426,2.164625441718762,True,False,False,False,True,False,0.0,1.0,1774145700,0.9995,36.0,0.99,0.0,0.99,0.008803278174942641,True,0.010101010101010166
Tokyo,RJTT,2026-03-22,highest-temperature-in-tokyo-on-march-22-2026,highest-temperature-in-tokyo-on-march-22-2026-13c,13°C,0.0031114767451492042,0.9968885232548508,2.164625441718762,True,False,False,False,True,False,0.0,1.0,1774145700,0.9955,35.0,0.99,0.0,0.99,0.006888523254850787,True,0.010101010101010166
Tokyo,RJTT,2026-03-22,highest-temperature-in-tokyo-on-march-22-2026,highest-temperature-in-tokyo-on-march-22-2026-14c,14°C,0.009973349618581205,0.9900266503814188,2.164625441718762,True,False,False,False,True,False,0.0,1.0,1774145700,0.9625,33.0,0.9725,0.0,0.9725,0.017526650381418762,True,0.028277634961439535
Tokyo,RJTT,2026-03-22,highest-temperature-in-tokyo-on-march-22-2026,highest-temperature-in-tokyo-on-march-22-2026-15c,15°C,0.1614491546136836,0.8385508453863164,2.164625441718762,True,False,False,False,False,False,0.0,1.0,1774145700,0.665,36.0,0.675,0.0,0.675,0.16355084538631637,True,-1.0
Tokyo,RJTT,2026-03-22,highest-temperature-in-tokyo-on-march-22-2026,highest-temperature-in-tokyo-on-march-22-2026-17c,17°C,0.2923657465197073,0.7076342534802926,2.164625441718762,True,False,False,False,True,False,0.0,1.0,1774145700,0.845,38.0,0.855,0.0,0.855,-0.14736574651970735,True,0.16959064327485374
Tokyo,RJTT,2026-03-22,highest-temperature-in-tokyo-on-march-22-2026,highest-temperature-in-tokyo-on-march-22-2026-18c,18°C,0.049853816847098165,0.9501461831529019,2.164625441718762,True,False,False,False,True,False,0.0,1.0,1774145700,0.9825,36.0,0.99,0.0,0.99,-0.0398538168470981,True,0.010101010101010166
Tokyo,RJTT,2026-03-22,highest-temperature-in-tokyo-on-march-22-2026,highest-temperature-in-tokyo-on-march-22-2026-19c,19°C,0.003740260186063605,0.9962597398139363,2.164625441718762,True,False,False,False,True,False,0.0,1.0,1774145700,0.991,34.0,0.99,0.0,0.99,0.006259739813936349,True,0.010101010101010166
Tokyo,RJTT,2026-03-22,highest-temperature-in-tokyo-on-march-22-2026,highest-temperature-in-tokyo-on-march-22-2026-20c,20°C,0.0,1.0,2.164625441718762,True,False,False,False,True,False,0.0,1.0,1774145700,0.996,35.0,0.99,0.0,0.99,0.010000000000000009,True,0.010101010101010166
Tokyo,RJTT,2026-03-22,highest-temperature-in-tokyo-on-march-22-2026,highest-temperature-in-tokyo-on-march-22-2026-21corhigher,21°C or higher,0.0,1.0,2.164625441718762,True,True,False,False,True,False,0.0,1.0,1774145700,0.9985,40.0,0.99,0.0,0.99,0.010000000000000009,True,0.010101010101010166
Tokyo,RJTT,2026-03-23,highest-temperature-in-tokyo-on-march-23-2026,highest-temperature-in-tokyo-on-march-23-2026-10corbelow,10°C or below,0.0,1.0,1.0481372101758737,True,True,False,False,True,False,0.0,1.0,1774232100,,,,0.0,,,False,
Tokyo,RJTT,2026-03-23,highest-temperature-in-tokyo-on-march-23-2026,highest-temperature-in-tokyo-on-march-23-2026-11c,11°C,0.0020750112501387477,0.9979249887498612,1.0481372101758737,True,False,False,False,True,False,0.0,1.0,1774232100,,,,0.0,,,False,
Tokyo,RJTT,2026-03-23,highest-temperature-in-tokyo-on-march-23-2026,highest-temperature-in-tokyo-on-march-23-2026-12c,12°C,0.005395029250360744,0.9946049707496393,1.0481372101758737,True,False,False,False,True,False,0.0,1.0,1774232100,,,,0.0,,,False,
Tokyo,RJTT,2026-03-23,highest-temperature-in-tokyo-on-march-23-2026,highest-temperature-in-tokyo-on-march-23-2026-13c,13°C,0.010785989120603027,0.989214010879397,1.0481372101758737,True,False,False,False,True,False,0.0,1.0,1774232100,,,,0.0,,,False,
Tokyo,RJTT,2026-03-23,highest-temperature-in-tokyo-on-march-23-2026,highest-temperature-in-tokyo-on-march-23-2026-14c,14°C,0.16002714599537093,0.8399728540046291,1.0481372101758737,True,False,False,False,True,False,0.0,1.0,1774232100,0.175,35.0,0.185,0.0,0.185,0.6549728540046291,True,4.405405405405405
Tokyo,RJTT,2026-03-23,highest-temperature-in-tokyo-on-march-23-2026,highest-temperature-in-tokyo-on-march-23-2026-16c,16°C,0.2028031331366815,0.7971968668633185,1.0481372101758737,True,False,False,False,True,False,0.0,1.0,1774232100,0.9775,31.0,0.9875,0.0,0.9875,-0.19030313313668157,True,0.012658227848101111
Tokyo,RJTT,2026-03-23,highest-temperature-in-tokyo-on-march-23-2026,highest-temperature-in-tokyo-on-march-23-2026-17c,17°C,0.04324650755806086,0.9567534924419392,1.0481372101758737,True,False,False,False,True,False,0.0,1.0,1774232100,0.9905,32.0,0.99,0.0,0.99,-0.0332465075580608,True,0.010101010101010166
Tokyo,RJTT,2026-03-23,highest-temperature-in-tokyo-on-march-23-2026,highest-temperature-in-tokyo-on-march-23-2026-18c,18°C,0.005529365683658185,0.9944706343163419,1.0481372101758737,True,False,False,False,True,False,0.0,1.0,1774232100,0.9985,36.0,0.99,0.0,0.99,0.0044706343163418705,True,0.010101010101010166
Tokyo,RJTT,2026-03-23,highest-temperature-in-tokyo-on-march-23-2026,highest-temperature-in-tokyo-on-march-23-2026-19c,19°C,0.0,1.0,1.0481372101758737,True,False,False,False,True,False,0.0,1.0,1774232100,0.997,37.0,0.99,0.0,0.99,0.010000000000000009,True,0.010101010101010166
Tokyo,RJTT,2026-03-23,highest-temperature-in-tokyo-on-march-23-2026,highest-temperature-in-tokyo-on-march-23-2026-20corhigher,20°C or higher,0.0,1.0,1.0481372101758737,True,True,False,False,True,False,0.0,1.0,1774232100,0.997,37.0,0.99,0.0,0.99,0.010000000000000009,True,0.010101010101010166
Tokyo,RJTT,2026-03-24,highest-temperature-in-tokyo-on-march-24-2026,highest-temperature-in-tokyo-on-march-24-2026-11corbelow,11°C or below,0.0,1.0,4.219876906875015,False,True,False,False,True,False,0.0,1.0,1774318500,,,,0.0,,,False,
Tokyo,RJTT,2026-03-24,highest-temperature-in-tokyo-on-march-24-2026,highest-temperature-in-tokyo-on-march-24-2026-12c,12°C,0.0004258431976157815,0.9995741568023843,4.219876906875015,False,False,False,False,True,False,0.0,1.0,1774318500,,,,0.0,,,False,
Tokyo,RJTT,2026-03-24,highest-temperature-in-tokyo-on-march-24-2026,highest-temperature-in-tokyo-on-march-24-2026-13c,13°C,0.0011071923138010317,0.9988928076861989,4.219876906875015,False,False,False,False,True,False,0.0,1.0,1774318500,0.9995,35.0,0.99,0.0,0.99,0.008892807686198934,True,0.010101010101010166
Tokyo,RJTT,2026-03-24,highest-temperature-in-tokyo-on-march-24-2026,highest-temperature-in-tokyo-on-march-24-2026-14c,14°C,0.0012913867214096033,0.9987086132785904,4.219876906875015,False,False,False,False,True,False,0.0,1.0,1774318500,0.9995,34.0,0.99,0.0,0.99,0.008708613278590405,True,0.010101010101010166
Tokyo,RJTT,2026-03-24,highest-temperature-in-tokyo-on-march-24-2026,highest-temperature-in-tokyo-on-march-24-2026-15c,15°C,0.23933534871406345,0.7606646512859365,4.219876906875015,False,False,False,False,True,False,0.0,1.0,1774318500,0.92,34.0,0.93,0.0,0.93,-0.16933534871406353,True,0.07526881720430101
Tokyo,RJTT,2026-03-24,highest-temperature-in-tokyo-on-march-24-2026,highest-temperature-in-tokyo-on-march-24-2026-17c,17°C,0.2891777213312741,0.7108222786687259,4.219876906875015,False,False,False,False,True,False,0.0,1.0,1774318500,0.53,39.0,0.54,0.0,0.54,0.1708222786687259,True,0.8518518518518516
Tokyo,RJTT,2026-03-24,highest-temperature-in-tokyo-on-march-24-2026,highest-temperature-in-tokyo-on-march-24-2026-18c,18°C,0.01924438735247646,0.9807556126475235,4.219876906875015,False,False,False,False,True,False,0.0,1.0,1774318500,0.939,40.0,0.949,0.0,0.949,0.03175561264752358,True,0.05374077976817704
Tokyo,RJTT,2026-03-24,highest-temperature-in-tokyo-on-march-24-2026,highest-temperature-in-tokyo-on-march-24-2026-19c,19°C,0.00317919244154475,0.9968208075584553,4.219876906875015,False,False,False,False,True,False,0.0,1.0,1774318500,0.9845,37.0,0.99,0.0,0.99,0.006820807558455266,True,0.010101010101010166
Tokyo,RJTT,2026-03-24,highest-temperature-in-tokyo-on-march-24-2026,highest-temperature-in-tokyo-on-march-24-2026-20c,20°C,0.0,1.0,4.219876906875015,False,False,False,False,True,False,0.0,1.0,1774318500,0.995,37.0,0.99,0.0,0.99,0.010000000000000009,True,0.010101010101010166
Tokyo,RJTT,2026-03-24,highest-temperature-in-tokyo-on-march-24-2026,highest-temperature-in-tokyo-on-march-24-2026-21corhigher,21°C or higher,0.0,1.0,4.219876906875015,False,True,False,False,True,False,0.0,1.0,1774318500,0.9985,37.0,0.99,0.0,0.99,0.010000000000000009,True,0.010101010101010166
Tokyo,RJTT,2026-03-25,highest-temperature-in-tokyo-on-march-25-2026,highest-temperature-in-tokyo-on-march-25-2026-7corbelow,7°C or below,0.0,1.0,1.342504045195291,True,True,False,False,True,False,0.0,1.0,1774404900,,,,0.0,,,False,
Tokyo,RJTT,2026-03-25,highest-temperature-in-tokyo-on-march-25-2026,highest-temperature-in-tokyo-on-march-25-2026-8c,8°C,0.0,1.0,1.342504045195291,True,False,False,False,True,False,0.0,1.0,1774404900,,,,0.0,,,False,
Tokyo,RJTT,2026-03-25,highest-temperature-in-tokyo-on-march-25-2026,highest-temperature-in-tokyo-on-march-25-2026-9c,9°C,0.0,1.0,1.342504045195291,True,False,False,False,True,False,0.0,1.0,1774404900,,,,0.0,,,False,
Tokyo,RJTT,2026-03-25,highest-temperature-in-tokyo-on-march-25-2026,highest-temperature-in-tokyo-on-march-25-2026-10c,10°C,0.0011532333423893955,0.9988467666576106,1.342504045195291,True,False,False,False,True,False,0.0,1.0,1774404900,,,,0.0,,,False,
Tokyo,RJTT,2026-03-25,highest-temperature-in-tokyo-on-march-25-2026,highest-temperature-in-tokyo-on-march-25-2026-11c,11°C,0.0029984066902124283,0.9970015933097875,1.342504045195291,True,False,False,False,True,False,0.0,1.0,1774404900,,,,0.0,,,False,
Tokyo,RJTT,2026-03-25,highest-temperature-in-tokyo-on-march-25-2026,highest-temperature-in-tokyo-on-march-25-2026-12c,12°C,0.010882242500306229,0.9891177574996938,1.342504045195291,True,False,False,False,True,False,0.0,1.0,1774404900,0.9995,212.0,0.99,0.0,0.99,-0.0008822425003062184,True,0.010101010101010166
Tokyo,RJTT,2026-03-25,highest-temperature-in-tokyo-on-march-25-2026,highest-temperature-in-tokyo-on-march-25-2026-13c,13°C,0.252525023107959,0.747474976892041,1.342504045195291,True,False,False,False,False,False,0.0,1.0,1774404900,0.605,36.0,0.615,0.0,0.615,0.13247497689204102,True,-1.0
Tokyo,RJTT,2026-03-25,highest-temperature-in-tokyo-on-march-25-2026,highest-temperature-in-tokyo-on-march-25-2026-15c,15°C,0.15075997760543244,0.8492400223945675,1.342504045195291,True,False,False,False,True,False,0.0,1.0,1774404900,0.905,28.0,0.915,0.0,0.915,-0.0657599776054325,True,0.09289617486338786
Tokyo,RJTT,2026-03-25,highest-temperature-in-tokyo-on-march-25-2026,highest-temperature-in-tokyo-on-march-25-2026-16c,16°C,0.013061699374073431,0.9869383006259266,1.342504045195291,True,False,False,False,True,False,0.0,1.0,1774404900,0.976,24.0,0.986,0.0,0.986,0.0009383006259265914,True,0.014198782961460488
Tokyo,RJTT,2026-03-25,highest-temperature-in-tokyo-on-march-25-2026,highest-temperature-in-tokyo-on-march-25-2026-17corhigher,17°C or higher,0.005469877181635511,0.9945301228183645,1.342504045195291,True,True,False,False,True,False,0.0,1.0,1774404900,0.996,28.0,0.99,0.0,0.99,0.004530122818364513,True,0.010101010101010166
Tokyo,RJTT,2026-03-26,highest-temperature-in-tokyo-on-march-26-2026,highest-temperature-in-tokyo-on-march-26-2026-6corbelow,6°C or below,0.0,1.0,1.040050691367199,True,True,False,False,True,False,0.0,1.0,1774491300,,,,0.0,,,False,
Tokyo,RJTT,2026-03-26,highest-temperature-in-tokyo-on-march-26-2026,highest-temperature-in-tokyo-on-march-26-2026-7c,7°C,0.0,1.0,1.040050691367199,True,False,False,False,True,False,0.0,1.0,1774491300,,,,0.0,,,False,
Tokyo,RJTT,2026-03-26,highest-temperature-in-tokyo-on-march-26-2026,highest-temperature-in-tokyo-on-march-26-2026-8c,8°C,0.0,1.0,1.040050691367199,True,False,False,False,True,False,0.0,1.0,1774491300,,,,0.0,,,False,
Tokyo,RJTT,2026-03-26,highest-temperature-in-tokyo-on-march-26-2026,highest-temperature-in-tokyo-on-march-26-2026-9c,9°C,0.0,1.0,1.040050691367199,True,False,False,False,True,False,0.0,1.0,1774491300,,,,0.0,,,False,
Tokyo,RJTT,2026-03-26,highest-temperature-in-tokyo-on-march-26-2026,highest-temperature-in-tokyo-on-march-26-2026-10c,10°C,0.0006624512070520074,0.999337548792948,1.040050691367199,True,False,False,False,True,False,0.0,1.0,1774491300,,,,0.0,,,False,
Tokyo,RJTT,2026-03-26,highest-temperature-in-tokyo-on-march-26-2026,highest-temperature-in-tokyo-on-march-26-2026-11c,11°C,0.001722373138335219,0.9982776268616648,1.040050691367199,True,False,False,False,True,False,0.0,1.0,1774491300,,,,0.0,,,False,
Tokyo,RJTT,2026-03-26,highest-temperature-in-tokyo-on-march-26-2026,highest-temperature-in-tokyo-on-march-26-2026-12c,12°C,0.004775877691410189,0.9952241223085898,1.040050691367199,True,False,False,False,True,False,0.0,1.0,1774491300,0.9995,29.0,0.99,0.0,0.99,0.005224122308589818,True,0.010101010101010166
Tokyo,RJTT,2026-03-26,highest-temperature-in-tokyo-on-march-26-2026,highest-temperature-in-tokyo-on-march-26-2026-13c,13°C,0.13363346650977212,0.8663665334902279,1.040050691367199,True,False,False,False,False,False,0.0,1.0,1774491300,0.175,27.0,0.185,0.0,0.185,0.6813665334902279,True,-1.0
Tokyo,RJTT,2026-03-26,highest-temperature-in-tokyo-on-march-26-2026,highest-temperature-in-tokyo-on-march-26-2026-15c,15°C,0.13299788930198775,0.8670021106980123,1.040050691367199,True,False,False,False,True,False,0.0,1.0,1774491300,0.9725,27.0,0.9825,0.0,0.9825,-0.11549788930198779,True,0.01781170483460559
Tokyo,RJTT,2026-03-26,highest-temperature-in-tokyo-on-march-26-2026,highest-temperature-in-tokyo-on-march-26-2026-16corhigher,16°C or higher,0.033355513406212206,0.9666444865937878,1.040050691367199,True,True,False,False,True,False,0.0,1.0,1774491300,0.9975,32.0,0.99,0.0,0.99,-0.023355513406212225,True,0.010101010101010166
Tokyo,RJTT,2026-03-27,highest-temperature-in-tokyo-on-march-27-2026,highest-temperature-in-tokyo-on-march-27-2026-11corbelow,11°C or below,0.0,1.0,3.003322627441392,True,True,False,False,True,False,0.0,1.0,1774577700,,,,0.0,,,False,
Tokyo,RJTT,2026-03-27,highest-temperature-in-tokyo-on-march-27-2026,highest-temperature-in-tokyo-on-march-27-2026-12c,12°C,0.0006002609964905757,0.9993997390035094,3.003322627441392,True,False,False,False,True,False,0.0,1.0,1774577700,,,,0.0,,,False,
Tokyo,RJTT,2026-03-27,highest-temperature-in-tokyo-on-march-27-2026,highest-temperature-in-tokyo-on-march-27-2026-13c,13°C,0.0015606785908754968,0.9984393214091245,3.003322627441392,True,False,False,False,True,False,0.0,1.0,1774577700,0.9995,28.0,0.99,0.0,0.99,0.008439321409124512,True,0.010101010101010166
Tokyo,RJTT,2026-03-27,highest-temperature-in-tokyo-on-march-27-2026,highest-temperature-in-tokyo-on-march-27-2026-14c,14°C,0.011823764062148023,0.988176235937852,3.003322627441392,True,False,False,False,True,False,0.0,1.0,1774577700,0.9995,34.0,0.99,0.0,0.99,-0.0018237640621480145,True,0.010101010101010166
Tokyo,RJTT,2026-03-27,highest-temperature-in-tokyo-on-march-27-2026,highest-temperature-in-tokyo-on-march-27-2026-15c,15°C,0.15122193351283655,0.8487780664871635,3.003322627441392,True,False,False,False,True,False,0.0,1.0,1774577700,0.9825,35.0,0.99,0.0,0.99,-0.14122193351283652,True,0.010101010101010166
Tokyo,RJTT,2026-03-27,highest-temperature-in-tokyo-on-march-27-2026,highest-temperature-in-tokyo-on-march-27-2026-17c,17°C,0.2082207156998383,0.7917792843001616,3.003322627441392,True,False,False,False,True,False,0.0,1.0,1774577700,0.62,27.0,0.63,0.0,0.63,0.16177928430016164,True,0.5873015873015872
Tokyo,RJTT,2026-03-27,highest-temperature-in-tokyo-on-march-27-2026,highest-temperature-in-tokyo-on-march-27-2026-18c,18°C,0.030949349504395873,0.9690506504956041,3.003322627441392,True,False,False,False,True,False,0.0,1.0,1774577700,0.795,30.0,0.805,0.0,0.805,0.16405065049560408,True,0.2422360248447204
Tokyo,RJTT,2026-03-27,highest-temperature-in-tokyo-on-march-27-2026,highest-temperature-in-tokyo-on-march-27-2026-19c,19°C,0.004088816597912962,0.9959111834020871,3.003322627441392,True,False,False,False,True,False,0.0,1.0,1774577700,0.948,36.0,0.958,0.0,0.958,0.0379111834020871,True,0.04384133611691032
Tokyo,RJTT,2026-03-27,highest-temperature-in-tokyo-on-march-27-2026,highest-temperature-in-tokyo-on-march-27-2026-20c,20°C,0.0,1.0,3.003322627441392,True,False,False,False,True,False,0.0,1.0,1774577700,0.994,29.0,0.99,0.0,0.99,0.010000000000000009,True,0.010101010101010166
Tokyo,RJTT,2026-03-27,highest-temperature-in-tokyo-on-march-27-2026,highest-temperature-in-tokyo-on-march-27-2026-21corhigher,21°C or higher,0.0,1.0,3.003322627441392,True,True,False,False,True,False,0.0,1.0,1774577700,0.9975,27.0,0.99,0.0,0.99,0.010000000000000009,True,0.010101010101010166
Tokyo,RJTT,2026-03-28,highest-temperature-in-tokyo-on-march-28-2026,highest-temperature-in-tokyo-on-march-28-2026-11corbelow,11°C or below,0.0,1.0,5.1266675081251165,False,True,False,False,True,False,0.0,1.0,1774664100,,,,0.0,,,False,
Tokyo,RJTT,2026-03-28,highest-temperature-in-tokyo-on-march-28-2026,highest-temperature-in-tokyo-on-march-28-2026-12c,12°C,0.0,1.0,5.1266675081251165,False,False,False,False,True,False,0.0,1.0,1774664100,0.9995,32.0,0.99,0.0,0.99,0.010000000000000009,True,0.010101010101010166
Tokyo,RJTT,2026-03-28,highest-temperature-in-tokyo-on-march-28-2026,highest-temperature-in-tokyo-on-march-28-2026-13c,13°C,0.0,1.0,5.1266675081251165,False,False,False,False,True,False,0.0,1.0,1774664100,0.9995,30.0,0.99,0.0,0.99,0.010000000000000009,True,0.010101010101010166
Tokyo,RJTT,2026-03-28,highest-temperature-in-tokyo-on-march-28-2026,highest-temperature-in-tokyo-on-march-28-2026-14c,14°C,0.0044227844447187895,0.9955772155552812,5.1266675081251165,False,False,False,False,True,False,0.0,1.0,1774664100,0.9995,29.0,0.99,0.0,0.99,0.005577215555281234,True,0.010101010101010166
Tokyo,RJTT,2026-03-28,highest-temperature-in-tokyo-on-march-28-2026,highest-temperature-in-tokyo-on-march-28-2026-15c,15°C,0.011499239556268852,0.9885007604437311,5.1266675081251165,False,False,False,False,True,False,0.0,1.0,1774664100,0.993,33.0,0.99,0.0,0.99,-0.0014992395562688499,True,0.010101010101010166
Tokyo,RJTT,2026-03-28,highest-temperature-in-tokyo-on-march-28-2026,highest-temperature-in-tokyo-on-march-28-2026-16c,16°C,0.054317762479181325,0.9456822375208187,5.1266675081251165,False,False,False,False,True,False,0.0,1.0,1774664100,0.9015,27.0,0.9115,0.0,0.9115,0.034182237520818726,True,0.09709270433351613
Tokyo,RJTT,2026-03-28,highest-temperature-in-tokyo-on-march-28-2026,highest-temperature-in-tokyo-on-march-28-2026-17c,17°C,0.2397724537371002,0.7602275462628998,5.1266675081251165,False,False,False,False,True,False,0.0,1.0,1774664100,0.635,26.0,0.645,0.0,0.645,0.11522754626289977,True,0.5503875968992247
Tokyo,RJTT,2026-03-28,highest-temperature-in-tokyo-on-march-28-2026,highest-temperature-in-tokyo-on-march-28-2026-19c,19°C,0.22252263561042548,0.7774773643895745,5.1266675081251165,False,False,False,False,True,False,0.0,1.0,1774664100,0.93,27.0,0.9400000000000001,0.0,0.9400000000000001,-0.16252263561042557,True,0.06382978723404253
Tokyo,RJTT,2026-03-28,highest-temperature-in-tokyo-on-march-28-2026,highest-temperature-in-tokyo-on-march-28-2026-20c,20°C,0.05683285486543962,0.9431671451345603,5.1266675081251165,False,False,False,False,True,False,0.0,1.0,1774664100,0.9715,31.0,0.9815,0.0,0.9815,-0.03833285486543969,True,0.01884870096790614
Tokyo,RJTT,2026-03-28,highest-temperature-in-tokyo-on-march-28-2026,highest-temperature-in-tokyo-on-march-28-2026-21corhigher,21°C or higher,0.0042745962306942895,0.9957254037693057,5.1266675081251165,False,True,False,False,True,False,0.0,1.0,1774664100,0.991,27.0,0.99,0.0,0.99,0.005725403769305748,True,0.010101010101010166
Tokyo,RJTT,2026-03-29,highest-temperature-in-tokyo-on-march-29-2026,highest-temperature-in-tokyo-on-march-29-2026-12corbelow,12°C or below,0.0,1.0,5.479445635031311,False,True,False,False,True,False,0.0,1.0,1774750500,,,,0.0,,,False,
Tokyo,RJTT,2026-03-29,highest-temperature-in-tokyo-on-march-29-2026,highest-temperature-in-tokyo-on-march-29-2026-13c,13°C,0.0,1.0,5.479445635031311,False,False,False,False,True,False,0.0,1.0,1774750500,,,,0.0,,,False,
Tokyo,RJTT,2026-03-29,highest-temperature-in-tokyo-on-march-29-2026,highest-temperature-in-tokyo-on-march-29-2026-14c,14°C,0.0,1.0,5.479445635031311,False,False,False,False,True,False,0.0,1.0,1774750500,,,,0.0,,,False,
Tokyo,RJTT,2026-03-29,highest-temperature-in-tokyo-on-march-29-2026,highest-temperature-in-tokyo-on-march-29-2026-15c,15°C,0.0,1.0,5.479445635031311,False,False,False,False,True,False,0.0,1.0,1774750500,0.9995,32.0,0.99,0.0,0.99,0.010000000000000009,True,0.010101010101010166
Tokyo,RJTT,2026-03-29,highest-temperature-in-tokyo-on-march-29-2026,highest-temperature-in-tokyo-on-march-29-2026-16c,16°C,0.001632118152747516,0.9983678818472524,5.479445635031311,False,False,False,False,True,False,0.0,1.0,1774750500,0.9995,26.0,0.99,0.0,0.99,0.008367881847252456,True,0.010101010101010166
Tokyo,RJTT,2026-03-29,highest-temperature-in-tokyo-on-march-29-2026,highest-temperature-in-tokyo-on-march-29-2026-17c,17°C,0.004243507197143542,0.9957564928028565,5.479445635031311,False,False,False,False,True,False,0.0,1.0,1774750500,0.9975,22.0,0.99,0.0,0.99,0.0057564928028565054,True,0.010101010101010166
Tokyo,RJTT,2026-03-29,highest-temperature-in-tokyo-on-march-29-2026,highest-temperature-in-tokyo-on-march-29-2026-18c,18°C,0.011301043485608786,0.9886989565143912,5.479445635031311,False,False,False,False,True,False,0.0,1.0,1774750500,0.9405,30.0,0.9505,0.0,0.9505,0.0381989565143912,True,0.05207785376117835
Tokyo,RJTT,2026-03-29,highest-temperature-in-tokyo-on-march-29-2026,highest-temperature-in-tokyo-on-march-29-2026-19c,19°C,0.26421280078681164,0.7357871992131884,5.479445635031311,False,False,False,False,True,False,0.0,1.0,1774750500,0.65,28.0,0.66,0.0,0.66,0.07578719921318833,True,0.5151515151515151
Tokyo,RJTT,2026-03-29,highest-temperature-in-tokyo-on-march-29-2026,highest-temperature-in-tokyo-on-march-29-2026-20c,20°C,0.3867682981662151,0.613231701833785,5.479445635031311,False,False,True,True,True,False,0.0,1.0,1774750500,0.62,21.0,0.63,0.0,0.63,-0.016768298166215057,True,0.5873015873015872
Tokyo,RJTT,2026-03-29,highest-temperature-in-tokyo-on-march-29-2026,highest-temperature-in-tokyo-on-march-29-2026-21c,21°C,0.28532846160157926,0.7146715383984208,5.479445635031311,False,False,False,False,False,False,0.0,1.0,1774750500,0.89,26.0,0.9,0.0,0.9,-0.18532846160157923,True,-1.0
Tokyo,RJTT,2026-03-29,highest-temperature-in-tokyo-on-march-29-2026,highest-temperature-in-tokyo-on-march-29-2026-22corhigher,22°C or higher,0.046513770609894076,0.953486229390106,5.479445635031311,False,True,False,False,True,False,0.0,1.0,1774750500,0.9245,27.0,0.9345,0.0,0.9345,0.01898622939010597,True,0.07009095773140728
Tokyo,RJTT,2026-03-30,highest-temperature-in-tokyo-on-march-30-2026,highest-temperature-in-tokyo-on-march-30-2026-12corbelow,12°C or below,0.0,1.0,4.359503933261735,True,True,False,False,True,False,0.0,1.0,1774836900,,,,0.0,,,False,
Tokyo,RJTT,2026-03-30,highest-temperature-in-tokyo-on-march-30-2026,highest-temperature-in-tokyo-on-march-30-2026-13c,13°C,0.0,1.0,4.359503933261735,True,False,False,False,True,False,0.0,1.0,1774836900,,,,0.0,,,False,
Tokyo,RJTT,2026-03-30,highest-temperature-in-tokyo-on-march-30-2026,highest-temperature-in-tokyo-on-march-30-2026-14c,14°C,0.0,1.0,4.359503933261735,True,False,False,False,True,False,0.0,1.0,1774836900,,1096.0,,0.0,,,False,
Tokyo,RJTT,2026-03-30,highest-temperature-in-tokyo-on-march-30-2026,highest-temperature-in-tokyo-on-march-30-2026-15c,15°C,0.0,1.0,4.359503933261735,True,False,False,False,True,False,0.0,1.0,1774836900,0.9995,12.0,0.99,0.0,0.99,0.010000000000000009,True,0.010101010101010166
Tokyo,RJTT,2026-03-30,highest-temperature-in-tokyo-on-march-30-2026,highest-temperature-in-tokyo-on-march-30-2026-16c,16°C,0.0023078333536338197,0.9976921666463662,4.359503933261735,True,False,False,False,True,False,0.0,1.0,1774836900,0.989,19.0,0.99,0.0,0.99,0.007692166646366183,True,0.010101010101010166
Tokyo,RJTT,2026-03-30,highest-temperature-in-tokyo-on-march-30-2026,highest-temperature-in-tokyo-on-march-30-2026-17c,17°C,0.006000366719447931,0.9939996332805521,4.359503933261735,True,False,False,False,True,False,0.0,1.0,1774836900,0.9615,20.0,0.9715,0.0,0.9715,0.022499633280552045,True,0.029336078229541984
Tokyo,RJTT,2026-03-30,highest-temperature-in-tokyo-on-march-30-2026,highest-temperature-in-tokyo-on-march-30-2026-18c,18°C,0.030247250931776277,0.9697527490682237,4.359503933261735,True,False,False,False,True,False,0.0,1.0,1774836900,0.74,14.0,0.75,0.0,0.75,0.21975274906822373,True,0.33333333333333326
Tokyo,RJTT,2026-03-30,highest-temperature-in-tokyo-on-march-30-2026,highest-temperature-in-tokyo-on-march-30-2026-19c,19°C,0.17021434409604566,0.8297856559039544,4.359503933261735,True,False,False,False,True,False,0.0,1.0,1774836900,0.565,22.0,0.575,0.0,0.575,0.2547856559039544,True,0.7391304347826089
Tokyo,RJTT,2026-03-30,highest-temperature-in-tokyo-on-march-30-2026,highest-temperature-in-tokyo-on-march-30-2026-21c,21°C,0.26713288640311866,0.7328671135968814,4.359503933261735,True,False,False,False,True,False,0.0,1.0,1774836900,0.925,18.0,0.935,0.0,0.935,-0.20213288640311866,True,0.06951871657753994
Tokyo,RJTT,2026-03-30,highest-temperature-in-tokyo-on-march-30-2026,highest-temperature-in-tokyo-on-march-30-2026-22corhigher,22°C or higher,0.06035454639777233,0.9396454536022276,4.359503933261735,True,True,False,False,True,False,0.0,1.0,1774836900,0.99,17.0,0.99,0.0,0.99,-0.05035454639777237,True,0.010101010101010166
Tokyo,RJTT,2026-04-01,highest-temperature-in-tokyo-on-april-1-2026,highest-temperature-in-tokyo-on-april-1-2026-9corbelow,9°C or below,0.0,1.0,5.336567985058508,True,True,False,False,True,True,0.05,1.0,1775009700,,,,,,,False,
Tokyo,RJTT,2026-04-01,highest-temperature-in-tokyo-on-april-1-2026,highest-temperature-in-tokyo-on-april-1-2026-10c,10°C,0.0,1.0,5.336567985058508,True,False,False,False,True,True,0.05,1.0,1775009700,,,,,,,False,
Tokyo,RJTT,2026-04-01,highest-temperature-in-tokyo-on-april-1-2026,highest-temperature-in-tokyo-on-april-1-2026-11c,11°C,0.0,1.0,5.336567985058508,True,False,False,False,True,True,0.05,1.0,1775009700,,,,,,,False,
Tokyo,RJTT,2026-04-01,highest-temperature-in-tokyo-on-april-1-2026,highest-temperature-in-tokyo-on-april-1-2026-12c,12°C,0.0,1.0,5.336567985058508,True,False,False,False,True,True,0.05,1.0,1775009700,,,,,,,False,
Tokyo,RJTT,2026-04-01,highest-temperature-in-tokyo-on-april-1-2026,highest-temperature-in-tokyo-on-april-1-2026-13c,13°C,0.0010415552444265677,0.9989584447555734,5.336567985058508,True,False,False,False,True,True,0.05,1.0,1775009700,,,,,,,False,
Tokyo,RJTT,2026-04-01,highest-temperature-in-tokyo-on-april-1-2026,highest-temperature-in-tokyo-on-april-1-2026-14c,14°C,0.002708043635509076,0.997291956364491,5.336567985058508,True,False,False,False,True,True,0.05,1.0,1775009700,,,,,,,False,
Tokyo,RJTT,2026-04-01,highest-temperature-in-tokyo-on-april-1-2026,highest-temperature-in-tokyo-on-april-1-2026-15c,15°C,0.007098743495961068,0.9929012565040389,5.336567985058508,True,False,False,False,True,True,0.05,1.0,1775009700,,,,,,,False,
Tokyo,RJTT,2026-04-01,highest-temperature-in-tokyo-on-april-1-2026,highest-temperature-in-tokyo-on-april-1-2026-16c,16°C,0.28720275558761876,0.7127972444123812,5.336567985058508,True,False,False,False,True,True,0.05,1.0,1775009700,,,,,,,False,
Tokyo,RJTT,2026-04-01,highest-temperature-in-tokyo-on-april-1-2026,highest-temperature-in-tokyo-on-april-1-2026-18c,18°C,0.16495295422917577,0.8350470457708242,5.336567985058508,True,False,False,False,True,True,0.05,1.0,1775009700,0.955,18.0,0.965,0.0016887500000000014,0.96668875,-0.13164170422917576,True,0.03445912658029804
Tokyo,RJTT,2026-04-01,highest-temperature-in-tokyo-on-april-1-2026,highest-temperature-in-tokyo-on-april-1-2026-19corhigher,19°C or higher,0.02343234585163141,0.9765676541483685,5.336567985058508,True,True,False,False,True,True,0.05,1.0,1775009700,0.9885,18.0,0.99,0.0004950000000000005,0.990495,-0.013927345851631467,True,0.009596211995012593
Tokyo,RJTT,2026-04-02,highest-temperature-in-tokyo-on-april-2-2026,highest-temperature-in-tokyo-on-april-2-2026-9corbelow,9°C or below,0.0,1.0,2.628966137519569,False,True,False,False,True,True,0.05,1.0,1775096100,,,,,,,False,
Tokyo,RJTT,2026-04-02,highest-temperature-in-tokyo-on-april-2-2026,highest-temperature-in-tokyo-on-april-2-2026-10c,10°C,0.0,1.0,2.628966137519569,False,False,False,False,True,True,0.05,1.0,1775096100,,,,,,,False,
Tokyo,RJTT,2026-04-02,highest-temperature-in-tokyo-on-april-2-2026,highest-temperature-in-tokyo-on-april-2-2026-11c,11°C,0.0,1.0,2.628966137519569,False,False,False,False,True,True,0.05,1.0,1775096100,,,,,,,False,
Tokyo,RJTT,2026-04-02,highest-temperature-in-tokyo-on-april-2-2026,highest-temperature-in-tokyo-on-april-2-2026-12c,12°C,0.004121333292151085,0.995878666707849,2.628966137519569,False,False,False,False,True,True,0.05,1.0,1775096100,0.997,14.0,0.99,0.0004950000000000005,0.990495,0.005383666707848955,True,0.009596211995012593
Tokyo,RJTT,2026-04-02,highest-temperature-in-tokyo-on-april-2-2026,highest-temperature-in-tokyo-on-april-2-2026-13c,13°C,0.01071546655959282,0.9892845334404072,2.628966137519569,False,False,False,False,True,True,0.05,1.0,1775096100,0.975,21.0,0.985,0.0007387500000000007,0.98573875,0.0035457834404072353,True,0.014467575714153469
Tokyo,RJTT,2026-04-02,highest-temperature-in-tokyo-on-april-2-2026,highest-temperature-in-tokyo-on-april-2-2026-14c,14°C,0.027965359955084097,0.9720346400449159,2.628966137519569,False,False,False,False,True,True,0.05,1.0,1775096100,0.91,13.0,0.92,0.003679999999999999,0.9236800000000001,0.04835464004491585,True,0.08262601766845656
Tokyo,RJTT,2026-04-02,highest-temperature-in-tokyo-on-april-2-2026,highest-temperature-in-tokyo-on-april-2-2026-15c,15°C,0.09867571311592327,0.9013242868840767,2.628966137519569,False,False,False,False,True,True,0.05,1.0,1775096100,0.72,22.0,0.73,0.009855000000000001,0.7398549999999999,0.1614692868840768,True,0.35161619506524944
Tokyo,RJTT,2026-04-02,highest-temperature-in-tokyo-on-april-2-2026,highest-temperature-in-tokyo-on-april-2-2026-16c,16°C,0.38952791139760595,0.610472088602394,2.628966137519569,False,False,True,True,False,True,0.05,1.0,1775096100,0.512,22.0,0.522,0.0124758,0.5344758000000001,0.07599628860239394,True,-1.0
Tokyo,RJTT,2026-04-02,highest-temperature-in-tokyo-on-april-2-2026,highest-temperature-in-tokyo-on-april-2-2026-17c,17°C,0.3208764629454549,0.6791235370545451,2.628966137519569,False,False,False,False,True,True,0.05,1.0,1775096100,0.8495,18.0,0.8595,0.006037987499999999,0.8655379875,-0.1864144504454549,True,0.1553507927345592
Tokyo,RJTT,2026-04-02,highest-temperature-in-tokyo-on-april-2-2026,highest-temperature-in-tokyo-on-april-2-2026-18c,18°C,0.14269346778907618,0.8573065322109238,2.628966137519569,False,False,False,False,True,True,0.05,1.0,1775096100,0.964,18.0,0.974,0.0012662000000000012,0.9752662,-0.11795966778907618,True,0.025361075776029196
Tokyo,RJTT,2026-04-02,highest-temperature-in-tokyo-on-april-2-2026,highest-temperature-in-tokyo-on-april-2-2026-19corhigher,19°C or higher,0.005424284945111697,0.9945757150548883,2.628966137519569,False,True,False,False,True,True,0.05,1.0,1775096100,0.9745,22.0,0.9845,0.000762987499999998,0.9852629875000001,0.009312727554888212,True,0.014957440487431306
Tokyo,RJTT,2026-04-03,highest-temperature-in-tokyo-on-april-3-2026,highest-temperature-in-tokyo-on-april-3-2026-11corbelow,11°C or below,0.0,1.0,3.852265312160263,True,True,False,False,True,True,0.05,1.0,1775182500,,,,,,,False,
Tokyo,RJTT,2026-04-03,highest-temperature-in-tokyo-on-april-3-2026,highest-temperature-in-tokyo-on-april-3-2026-12c,12°C,0.0,1.0,3.852265312160263,True,False,False,False,True,True,0.05,1.0,1775182500,,,,,,,False,
Tokyo,RJTT,2026-04-03,highest-temperature-in-tokyo-on-april-3-2026,highest-temperature-in-tokyo-on-april-3-2026-13c,13°C,0.0,1.0,3.852265312160263,True,False,False,False,True,True,0.05,1.0,1775182500,,1464.0,,,,,False,
Tokyo,RJTT,2026-04-03,highest-temperature-in-tokyo-on-april-3-2026,highest-temperature-in-tokyo-on-april-3-2026-14c,14°C,0.0,1.0,3.852265312160263,True,False,False,False,True,True,0.05,1.0,1775182500,0.9995,10.0,0.99,0.0004950000000000005,0.990495,0.009504999999999986,True,0.009596211995012593
Tokyo,RJTT,2026-04-03,highest-temperature-in-tokyo-on-april-3-2026,highest-temperature-in-tokyo-on-april-3-2026-15c,15°C,0.00036263091617974916,0.9996373690838203,3.852265312160263,True,False,False,False,True,True,0.05,1.0,1775182500,0.9995,11.0,0.99,0.0004950000000000005,0.990495,0.009142369083820268,True,0.009596211995012593
Tokyo,RJTT,2026-04-03,highest-temperature-in-tokyo-on-april-3-2026,highest-temperature-in-tokyo-on-april-3-2026-16c,16°C,0.0009428403820673477,0.9990571596179326,3.852265312160263,True,False,False,False,True,True,0.05,1.0,1775182500,0.9995,15.0,0.99,0.0004950000000000005,0.990495,0.008562159617932608,True,0.009596211995012593
Tokyo,RJTT,2026-04-03,highest-temperature-in-tokyo-on-april-3-2026,highest-temperature-in-tokyo-on-april-3-2026-17c,17°C,0.0019933083778328475,0.9980066916221672,3.852265312160263,True,False,False,False,True,True,0.05,1.0,1775182500,0.9995,11.0,0.99,0.0004950000000000005,0.990495,0.007511691622167138,True,0.009596211995012593
Tokyo,RJTT,2026-04-03,highest-temperature-in-tokyo-on-april-3-2026,highest-temperature-in-tokyo-on-april-3-2026-18c,18°C,0.14337229535815543,0.8566277046418446,3.852265312160263,True,False,False,False,True,True,0.05,1.0,1775182500,0.825,17.0,0.835,0.0068887500000000025,0.84188875,0.014738954641844604,True,0.1878053959029622
Tokyo,RJTT,2026-04-03,highest-temperature-in-tokyo-on-april-3-2026,highest-temperature-in-tokyo-on-april-3-2026-20c,20°C,0.3075542589908217,0.6924457410091782,3.852265312160263,True,False,False,False,True,True,0.05,1.0,1775182500,0.775,19.0,0.785,0.00843875,0.7934387500000001,-0.10099300899082186,True,0.26033673046596206
Tokyo,RJTT,2026-04-03,highest-temperature-in-tokyo-on-april-3-2026,highest-temperature-in-tokyo-on-april-3-2026-21corhigher,21°C or higher,0.03597111116078711,0.9640288888392129,3.852265312160263,True,True,False,False,True,True,0.05,1.0,1775182500,0.8825,18.0,0.8925,0.004797187500000002,0.8972971875,0.06673170133921291,True,0.11445796769534633
Tokyo,RJTT,2026-04-04,highest-temperature-in-tokyo-on-april-4-2026,highest-temperature-in-tokyo-on-april-4-2026-11corbelow,11°C or below,0.0,1.0,2.54228368088674,True,True,False,False,True,True,0.05,1.0,1775268900,,,,,,,False,
Tokyo,RJTT,2026-04-04,highest-temperature-in-tokyo-on-april-4-2026,highest-temperature-in-tokyo-on-april-4-2026-12c,12°C,0.0,1.0,2.54228368088674,True,False,False,False,True,True,0.05,1.0,1775268900,,,,,,,False,
Tokyo,RJTT,2026-04-04,highest-temperature-in-tokyo-on-april-4-2026,highest-temperature-in-tokyo-on-april-4-2026-13c,13°C,0.0,1.0,2.54228368088674,True,False,False,False,True,True,0.05,1.0,1775268900,,,,,,,False,
Tokyo,RJTT,2026-04-04,highest-temperature-in-tokyo-on-april-4-2026,highest-temperature-in-tokyo-on-april-4-2026-14c,14°C,0.005982990667040924,0.9940170093329591,2.54228368088674,True,False,False,False,True,True,0.05,1.0,1775268900,,,,,,,False,
Tokyo,RJTT,2026-04-04,highest-temperature-in-tokyo-on-april-4-2026,highest-temperature-in-tokyo-on-april-4-2026-15c,15°C,0.015555775734306401,0.9844442242656936,2.54228368088674,True,False,False,False,True,True,0.05,1.0,1775268900,0.9995,2.0,0.99,0.0004950000000000005,0.990495,-0.006050775734306457,True,0.009596211995012593
Tokyo,RJTT,2026-04-04,highest-temperature-in-tokyo-on-april-4-2026,highest-temperature-in-tokyo-on-april-4-2026-16c,16°C,0.03607819176421456,0.9639218082357854,2.54228368088674,True,False,False,False,True,True,0.05,1.0,1775268900,0.9995,10.0,0.99,0.0004950000000000005,0.990495,-0.026573191764214577,True,0.009596211995012593
Tokyo,RJTT,2026-04-04,highest-temperature-in-tokyo-on-april-4-2026,highest-temperature-in-tokyo-on-april-4-2026-17c,17°C,0.25962382787400695,0.740376172125993,2.54228368088674,True,False,False,False,True,True,0.05,1.0,1775268900,0.56,5.0,0.5700000000000001,0.012255,0.5822550000000001,0.15812117212599297,True,0.7174605628118262
Tokyo,RJTT,2026-04-04,highest-temperature-in-tokyo-on-april-4-2026,highest-temperature-in-tokyo-on-april-4-2026-19c,19°C,0.18225757756612326,0.8177424224338767,2.54228368088674,True,False,False,False,True,True,0.05,1.0,1775268900,0.922,59.0,0.932,0.003168799999999998,0.9351688,-0.11742637756612329,True,0.06932566612573043
Tokyo,RJTT,2026-04-04,highest-temperature-in-tokyo-on-april-4-2026,highest-temperature-in-tokyo-on-april-4-2026-20c,20°C,0.043803860275034724,0.9561961397249653,2.54228368088674,True,False,False,False,True,True,0.05,1.0,1775268900,0.982,0.0,0.99,0.0004950000000000005,0.990495,-0.034298860275034704,True,0.009596211995012593
Tokyo,RJTT,2026-04-04,highest-temperature-in-tokyo-on-april-4-2026,highest-temperature-in-tokyo-on-april-4-2026-21corhigher,21°C or higher,0.005824775846363356,0.9941752241536367,2.54228368088674,True,True,False,False,True,True,0.05,1.0,1775268900,0.996,1.0,0.99,0.0004950000000000005,0.990495,0.0036802241536366687,True,0.009596211995012593
Tokyo,RJTT,2026-04-05,highest-temperature-in-tokyo-on-april-5-2026,highest-temperature-in-tokyo-on-april-5-2026-13corbelow,13°C or below,0.0,1.0,7.369398261281177,True,True,False,False,True,True,0.05,1.0,1775355300,,,,,,,False,
Tokyo,RJTT,2026-04-05,highest-temperature-in-tokyo-on-april-5-2026,highest-temperature-in-tokyo-on-april-5-2026-14c,14°C,0.0,1.0,7.369398261281177,True,False,False,False,True,True,0.05,1.0,1775355300,,,,,,,False,
Tokyo,RJTT,2026-04-05,highest-temperature-in-tokyo-on-april-5-2026,highest-temperature-in-tokyo-on-april-5-2026-15c,15°C,0.0,1.0,7.369398261281177,True,False,False,False,True,True,0.05,1.0,1775355300,,,,,,,False,
Tokyo,RJTT,2026-04-05,highest-temperature-in-tokyo-on-april-5-2026,highest-temperature-in-tokyo-on-april-5-2026-16c,16°C,0.0,1.0,7.369398261281177,True,False,False,False,True,True,0.05,1.0,1775355300,,,,,,,False,
Tokyo,RJTT,2026-04-05,highest-temperature-in-tokyo-on-april-5-2026,highest-temperature-in-tokyo-on-april-5-2026-17c,17°C,0.0,1.0,7.369398261281177,True,False,False,False,True,True,0.05,1.0,1775355300,,,,,,,False,
Tokyo,RJTT,2026-04-05,highest-temperature-in-tokyo-on-april-5-2026,highest-temperature-in-tokyo-on-april-5-2026-18c,18°C,0.0,1.0,7.369398261281177,True,False,False,False,True,True,0.05,1.0,1775355300,,,,,,,False,
Tokyo,RJTT,2026-04-05,highest-temperature-in-tokyo-on-april-5-2026,highest-temperature-in-tokyo-on-april-5-2026-19c,19°C,0.0003710256052426153,0.9996289743947574,7.369398261281177,True,False,False,False,True,True,0.05,1.0,1775355300,0.9995,21.0,0.99,0.0004950000000000005,0.990495,0.009133974394757383,True,0.009596211995012593
Tokyo,RJTT,2026-04-05,highest-temperature-in-tokyo-on-april-5-2026,highest-temperature-in-tokyo-on-april-5-2026-20c,20°C,0.0009646665736307996,0.9990353334263692,7.369398261281177,True,False,False,False,True,True,0.05,1.0,1775355300,0.9995,18.0,0.99,0.0004950000000000005,0.990495,0.008540333426369173,True,0.009596211995012593
Tokyo,RJTT,2026-04-05,highest-temperature-in-tokyo-on-april-5-2026,highest-temperature-in-tokyo-on-april-5-2026-21c,21°C,0.003511058309121127,0.9964889416908789,7.369398261281177,True,False,False,False,True,True,0.05,1.0,1775355300,0.9995,20.0,0.99,0.0004950000000000005,0.990495,0.005993941690878857,True,0.009596211995012593
Tokyo,RJTT,2026-04-05,highest-temperature-in-tokyo-on-april-5-2026,highest-temperature-in-tokyo-on-april-5-2026-22c,22°C,0.23243460311712816,0.7675653968828718,7.369398261281177,True,False,False,False,True,True,0.05,1.0,1775355300,0.815,22.0,0.825,0.007218750000000002,0.83221875,-0.06465335311712817,True,0.20160714956253978
Tokyo,RJTT,2026-04-06,highest-temperature-in-tokyo-on-april-6-2026,highest-temperature-in-tokyo-on-april-6-2026-13corbelow,13°C or below,0.0,1.0,6.045624486738191,False,True,False,False,True,True,0.05,1.0,1775441700,,,,,,,False,
Tokyo,RJTT,2026-04-06,highest-temperature-in-tokyo-on-april-6-2026,highest-temperature-in-tokyo-on-april-6-2026-14c,14°C,0.0,1.0,6.045624486738191,False,False,False,False,True,True,0.05,1.0,1775441700,,,,,,,False,
Tokyo,RJTT,2026-04-06,highest-temperature-in-tokyo-on-april-6-2026,highest-temperature-in-tokyo-on-april-6-2026-15c,15°C,0.0,1.0,6.045624486738191,False,False,False,False,True,True,0.05,1.0,1775441700,,,,,,,False,
Tokyo,RJTT,2026-04-06,highest-temperature-in-tokyo-on-april-6-2026,highest-temperature-in-tokyo-on-april-6-2026-16c,16°C,0.0,1.0,6.045624486738191,False,False,False,False,True,True,0.05,1.0,1775441700,,,,,,,False,
Tokyo,RJTT,2026-04-06,highest-temperature-in-tokyo-on-april-6-2026,highest-temperature-in-tokyo-on-april-6-2026-17c,17°C,0.0,1.0,6.045624486738191,False,False,False,False,True,True,0.05,1.0,1775441700,,,,,,,False,
Tokyo,RJTT,2026-04-06,highest-temperature-in-tokyo-on-april-6-2026,highest-temperature-in-tokyo-on-april-6-2026-18c,18°C,0.004247833407354456,0.9957521665926455,6.045624486738191,False,False,False,False,True,True,0.05,1.0,1775441700,0.9995,16.0,0.99,0.0004950000000000005,0.990495,0.0052571665926455236,True,0.009596211995012593
Tokyo,RJTT,2026-04-06,highest-temperature-in-tokyo-on-april-6-2026,highest-temperature-in-tokyo-on-april-6-2026-19c,19°C,0.011044366859121585,0.9889556331408784,6.045624486738191,False,False,False,False,True,True,0.05,1.0,1775441700,0.9955,12.0,0.99,0.0004950000000000005,0.990495,-0.0015393668591215937,True,0.009596211995012593
Tokyo,RJTT,2026-04-06,highest-temperature-in-tokyo-on-april-6-2026,highest-temperature-in-tokyo-on-april-6-2026-20c,20°C,0.02658215957543564,0.9734178404245644,6.045624486738191,False,False,False,False,True,True,0.05,1.0,1775441700,0.981,18.0,0.99,0.0004950000000000005,0.990495,-0.017077159575435652,True,0.009596211995012593
Tokyo,RJTT,2026-04-06,highest-temperature-in-tokyo-on-april-6-2026,highest-temperature-in-tokyo-on-april-6-2026-21c,21°C,0.3542827760441858,0.6457172239558142,6.045624486738191,False,False,False,True,True,True,0.05,1.0,1775441700,0.91,16.0,0.92,0.003679999999999999,0.9236800000000001,-0.27796277604418584,True,0.08262601766845656
Tokyo,RJTT,2026-04-06,highest-temperature-in-tokyo-on-april-6-2026,highest-temperature-in-tokyo-on-april-6-2026-22c,22°C,0.3526946500217334,0.6473053499782666,6.045624486738191,False,False,True,False,False,True,0.05,1.0,1775441700,0.66,20.0,0.67,0.011055,0.6810550000000001,-0.03374965002173347,True,-1.0
Tokyo,RJTT,2026-04-06,highest-temperature-in-tokyo-on-april-6-2026,highest-temperature-in-tokyo-on-april-6-2026-23corhigher,23°C or higher,0.25114821409216925,0.7488517859078307,6.045624486738191,False,True,False,False,True,True,0.05,1.0,1775441700,0.49,11.0,0.5,0.0125,0.5125,0.2363517859078308,True,0.9512195121951221
Tokyo,RJTT,2026-04-07,highest-temperature-in-tokyo-on-april-7-2026,highest-temperature-in-tokyo-on-april-7-2026-14corbelow,14°C or below,0.0,1.0,6.838399465312513,True,True,False,False,True,True,0.05,1.0,1775528100,,,,,,,False,
Tokyo,RJTT,2026-04-07,highest-temperature-in-tokyo-on-april-7-2026,highest-temperature-in-tokyo-on-april-7-2026-15c,15°C,0.0009007775552904069,0.9990992224447096,6.838399465312513,True,False,False,False,True,True,0.05,1.0,1775528100,,,,,,,False,
Tokyo,RJTT,2026-04-07,highest-temperature-in-tokyo-on-april-7-2026,highest-temperature-in-tokyo-on-april-7-2026-16c,16°C,0.002342021643755058,0.9976579783562449,6.838399465312513,True,False,False,False,True,True,0.05,1.0,1775528100,,,,,,,False,
Tokyo,RJTT,2026-04-07,highest-temperature-in-tokyo-on-april-7-2026,highest-temperature-in-tokyo-on-april-7-2026-17c,17°C,0.013840833391428052,0.986159166608572,6.838399465312513,True,False,False,False,True,True,0.05,1.0,1775528100,,,,,,,False,
Tokyo,RJTT,2026-04-07,highest-temperature-in-tokyo-on-april-7-2026,highest-temperature-in-tokyo-on-april-7-2026-18c,18°C,0.2756213248700394,0.7243786751299606,6.838399465312513,True,False,False,False,True,True,0.05,1.0,1775528100,,,,,,,False,
Tokyo,RJTT,2026-04-07,highest-temperature-in-tokyo-on-april-7-2026,highest-temperature-in-tokyo-on-april-7-2026-20c,20°C,0.09891879136764868,0.9010812086323513,6.838399465312513,True,False,False,False,True,True,0.05,1.0,1775528100,0.9295,12.0,0.9395,0.0028419875000000004,0.9423419875,-0.04126077886764867,True,0.061185868044535185
Tokyo,RJTT,2026-04-07,highest-temperature-in-tokyo-on-april-7-2026,highest-temperature-in-tokyo-on-april-7-2026-21c,21°C,0.006396680876889993,0.99360331912311,6.838399465312513,True,False,False,False,True,True,0.05,1.0,1775528100,0.9895,18.0,0.99,0.0004950000000000005,0.990495,0.003108319123109937,True,0.009596211995012593
Tokyo,RJTT,2026-04-07,highest-temperature-in-tokyo-on-april-7-2026,highest-temperature-in-tokyo-on-april-7-2026-22c,22°C,0.004096714776472678,0.9959032852235273,6.838399465312513,True,False,False,False,True,True,0.05,1.0,1775528100,0.9905,9.0,0.99,0.0004950000000000005,0.990495,0.0054082852235273204,True,0.009596211995012593
Tokyo,RJTT,2026-04-07,highest-temperature-in-tokyo-on-april-7-2026,highest-temperature-in-tokyo-on-april-7-2026-23c,23°C,0.0,1.0,6.838399465312513,True,False,False,False,True,True,0.05,1.0,1775528100,0.9965,16.0,0.99,0.0004950000000000005,0.990495,0.009504999999999986,True,0.009596211995012593
Tokyo,RJTT,2026-04-07,highest-temperature-in-tokyo-on-april-7-2026,highest-temperature-in-tokyo-on-april-7-2026-24corhigher,24°C or higher,0.0,1.0,6.838399465312513,True,True,False,False,True,True,0.05,1.0,1775528100,0.9985,19.0,0.99,0.0004950000000000005,0.990495,0.009504999999999986,True,0.009596211995012593
Tokyo,RJTT,2026-04-08,highest-temperature-in-tokyo-on-april-8-2026,highest-temperature-in-tokyo-on-april-8-2026-10corbelow,10°C or below,0.0,1.0,4.371620162695329,False,True,False,False,True,True,0.05,1.0,1775614500,,,,,,,False,
Tokyo,RJTT,2026-04-08,highest-temperature-in-tokyo-on-april-8-2026,highest-temperature-in-tokyo-on-april-8-2026-11c,11°C,0.0,1.0,4.371620162695329,False,False,False,False,True,True,0.05,1.0,1775614500,,,,,,,False,
Tokyo,RJTT,2026-04-08,highest-temperature-in-tokyo-on-april-8-2026,highest-temperature-in-tokyo-on-april-8-2026-12c,12°C,0.0007326677432961051,0.9992673322567039,4.371620162695329,False,False,False,False,True,True,0.05,1.0,1775614500,0.9995,27.0,0.99,0.0004950000000000005,0.990495,0.00877233225670393,True,0.009596211995012593
Tokyo,RJTT,2026-04-08,highest-temperature-in-tokyo-on-april-8-2026,highest-temperature-in-tokyo-on-april-8-2026-13c,13°C,0.0019049361325698731,0.9980950638674301,4.371620162695329,False,False,False,False,True,True,0.05,1.0,1775614500,0.9995,32.0,0.99,0.0004950000000000005,0.990495,0.0076000638674300625,True,0.009596211995012593
Tokyo,RJTT,2026-04-08,highest-temperature-in-tokyo-on-april-8-2026,highest-temperature-in-tokyo-on-april-8-2026-14c,14°C,0.005550344526533912,0.9944496554734661,4.371620162695329,False,False,False,False,True,True,0.05,1.0,1775614500,0.9995,28.0,0.99,0.0004950000000000005,0.990495,0.003954655473466073,True,0.009596211995012593
Tokyo,RJTT,2026-04-08,highest-temperature-in-tokyo-on-april-8-2026,highest-temperature-in-tokyo-on-april-8-2026-15c,15°C,0.3246338393540722,0.6753661606459278,4.371620162695329,False,False,False,False,True,True,0.05,1.0,1775614500,0.982,26.0,0.99,0.0004950000000000005,0.990495,-0.3151288393540722,True,0.009596211995012593
Tokyo,RJTT,2026-04-08,highest-temperature-in-tokyo-on-april-8-2026,highest-temperature-in-tokyo-on-april-8-2026-17c,17°C,0.19248710223090243,0.8075128977690975,4.371620162695329,False,False,False,False,False,True,0.05,1.0,1775614500,0.51,26.0,0.52,0.01248,0.5324800000000001,0.27503289776909745,True,-1.0
Tokyo,RJTT,2026-04-08,highest-temperature-in-tokyo-on-april-8-2026,highest-temperature-in-tokyo-on-april-8-2026-18c,18°C,0.014012715726107964,0.985987284273892,4.371620162695329,False,False,False,False,True,True,0.05,1.0,1775614500,0.615,25.0,0.625,0.01171875,0.63671875,0.34926853427389204,True,0.5705521472392638
Tokyo,RJTT,2026-04-08,highest-temperature-in-tokyo-on-april-8-2026,highest-temperature-in-tokyo-on-april-8-2026-19c,19°C,0.003067500022894783,0.9969324999771052,4.371620162695329,False,False,False,False,True,True,0.05,1.0,1775614500,0.9475,26.0,0.9575,0.0020346874999999996,0.9595346875,0.03739781247710516,True,0.04217180788474617
Tokyo,RJTT,2026-04-08,highest-temperature-in-tokyo-on-april-8-2026,highest-temperature-in-tokyo-on-april-8-2026-20corhigher,20°C or higher,0.0,1.0,4.371620162695329,False,True,False,False,True,True,0.05,1.0,1775614500,0.986,26.0,0.99,0.0004950000000000005,0.990495,0.009504999999999986,True,0.009596211995012593
Tokyo,RJTT,2026-04-09,highest-temperature-in-tokyo-on-april-9-2026,highest-temperature-in-tokyo-on-april-9-2026-12corbelow,12°C or below,0.0,1.0,3.112889304199271,True,True,False,False,True,True,0.05,1.0,1775700900,,,,,,,False,
Tokyo,RJTT,2026-04-09,highest-temperature-in-tokyo-on-april-9-2026,highest-temperature-in-tokyo-on-april-9-2026-13c,13°C,0.0,1.0,3.112889304199271,True,False,False,False,True,True,0.05,1.0,1775700900,,,,,,,False,
Tokyo,RJTT,2026-04-09,highest-temperature-in-tokyo-on-april-9-2026,highest-temperature-in-tokyo-on-april-9-2026-14c,14°C,0.0,1.0,3.112889304199271,True,False,False,False,True,True,0.05,1.0,1775700900,,,,,,,False,
Tokyo,RJTT,2026-04-09,highest-temperature-in-tokyo-on-april-9-2026,highest-temperature-in-tokyo-on-april-9-2026-15c,15°C,0.00047202714405466167,0.9995279728559453,3.112889304199271,True,False,False,False,True,True,0.05,1.0,1775700900,,,,,,,False,
Tokyo,RJTT,2026-04-09,highest-temperature-in-tokyo-on-april-9-2026,highest-temperature-in-tokyo-on-april-9-2026-16c,16°C,0.0012272705745421204,0.9987727294254579,3.112889304199271,True,False,False,False,True,True,0.05,1.0,1775700900,0.9995,17.0,0.99,0.0004950000000000005,0.990495,0.008277729425457903,True,0.009596211995012593
Tokyo,RJTT,2026-04-09,highest-temperature-in-tokyo-on-april-9-2026,highest-temperature-in-tokyo-on-april-9-2026-17c,17°C,0.0019036038723571065,0.9980963961276429,3.112889304199271,True,False,False,False,True,True,0.05,1.0,1775700900,0.9995,21.0,0.99,0.0004950000000000005,0.990495,0.007601396127642879,True,0.009596211995012593
Tokyo,RJTT,2026-04-09,highest-temperature-in-tokyo-on-april-9-2026,highest-temperature-in-tokyo-on-april-9-2026-18c,18°C,0.1708096532253164,0.8291903467746836,3.112889304199271,True,False,False,False,True,True,0.05,1.0,1775700900,0.9995,12.0,0.99,0.0004950000000000005,0.990495,-0.1613046532253164,True,0.009596211995012593
Tokyo,RJTT,2026-04-09,highest-temperature-in-tokyo-on-april-9-2026,highest-temperature-in-tokyo-on-april-9-2026-20c,20°C,0.22493318989479189,0.7750668101052081,3.112889304199271,True,False,False,False,True,True,0.05,1.0,1775700900,0.51,17.0,0.52,0.01248,0.5324800000000001,0.242586810105208,True,0.8780048076923075
Tokyo,RJTT,2026-04-09,highest-temperature-in-tokyo-on-april-9-2026,highest-temperature-in-tokyo-on-april-9-2026-21c,21°C,0.021342580680926503,0.9786574193190735,3.112889304199271,True,False,False,False,True,True,0.05,1.0,1775700900,0.9355,22.0,0.9455,0.0025764875,0.9480764875,0.03058093181907351,True,0.05476721887378311
Tokyo,RJTT,2026-04-09,highest-temperature-in-tokyo-on-april-9-2026,highest-temperature-in-tokyo-on-april-9-2026-22corhigher,22°C or higher,0.003935829781374688,0.9960641702186254,3.112889304199271,True,True,False,False,True,True,0.05,1.0,1775700900,0.985,16.0,0.99,0.0004950000000000005,0.990495,0.005569170218625352,True,0.009596211995012593
Tokyo,RJTT,2026-04-10,highest-temperature-in-tokyo-on-april-10-2026,highest-temperature-in-tokyo-on-april-10-2026-12corbelow,12°C or below,0.0,1.0,3.864509488160195,True,True,False,False,True,True,0.05,1.0,1775787300,,,,,,,False,
Tokyo,RJTT,2026-04-10,highest-temperature-in-tokyo-on-april-10-2026,highest-temperature-in-tokyo-on-april-10-2026-13c,13°C,0.0,1.0,3.864509488160195,True,False,False,False,True,True,0.05,1.0,1775787300,,,,,,,False,
Tokyo,RJTT,2026-04-10,highest-temperature-in-tokyo-on-april-10-2026,highest-temperature-in-tokyo-on-april-10-2026-14c,14°C,0.0,1.0,3.864509488160195,True,False,False,False,True,True,0.05,1.0,1775787300,,,,,,,False,
Tokyo,RJTT,2026-04-10,highest-temperature-in-tokyo-on-april-10-2026,highest-temperature-in-tokyo-on-april-10-2026-15c,15°C,0.0,1.0,3.864509488160195,True,False,False,False,True,True,0.05,1.0,1775787300,,,,,,,False,
Tokyo,RJTT,2026-04-10,highest-temperature-in-tokyo-on-april-10-2026,highest-temperature-in-tokyo-on-april-10-2026-16c,16°C,0.0017013321594605247,0.9982986678405394,3.864509488160195,True,False,False,False,True,True,0.05,1.0,1775787300,,,,,,,False,
Tokyo,RJTT,2026-04-10,highest-temperature-in-tokyo-on-april-10-2026,highest-temperature-in-tokyo-on-april-10-2026-17c,17°C,0.004423463614597364,0.9955765363854027,3.864509488160195,True,False,False,False,True,True,0.05,1.0,1775787300,,,,,,,False,
Tokyo,RJTT,2026-04-10,highest-temperature-in-tokyo-on-april-10-2026,highest-temperature-in-tokyo-on-april-10-2026-18c,18°C,0.014415463166738031,0.985584536833262,3.864509488160195,True,False,False,False,True,True,0.05,1.0,1775787300,0.9995,12.0,0.99,0.0004950000000000005,0.990495,-0.004910463166738044,True,0.009596211995012593
Tokyo,RJTT,2026-04-10,highest-temperature-in-tokyo-on-april-10-2026,highest-temperature-in-tokyo-on-april-10-2026-19c,19°C,0.2556749250580054,0.7443250749419946,3.864509488160195,True,False,False,False,True,True,0.05,1.0,1775787300,0.54,14.0,0.55,0.012375,0.5623750000000001,0.18195007494199456,True,0.7781729273171814
Tokyo,RJTT,2026-04-10,highest-temperature-in-tokyo-on-april-10-2026,highest-temperature-in-tokyo-on-april-10-2026-21c,21°C,0.20017476525391922,0.7998252347460808,3.864509488160195,True,False,False,False,True,True,0.05,1.0,1775787300,0.895,10.0,0.905,0.00429875,0.90929875,-0.10947351525391924,True,0.09974856998318749
Tokyo,RJTT,2026-04-10,highest-temperature-in-tokyo-on-april-10-2026,highest-temperature-in-tokyo-on-april-10-2026-22corhigher,22°C or higher,0.023826051201996518,0.9761739487980035,3.864509488160195,True,True,False,False,True,True,0.05,1.0,1775787300,0.9745,19.0,0.9845,0.000762987499999998,0.9852629875000001,-0.009089038701996621,True,0.014957440487431306
Tokyo,RJTT,2026-04-11,highest-temperature-in-tokyo-on-april-11-2026,highest-temperature-in-tokyo-on-april-11-2026-16corbelow,16°C or below,0.0,1.0,5.810833180054658,False,True,False,False,True,True,0.05,1.0,1775873700,,,,,,,False,
Tokyo,RJTT,2026-04-11,highest-temperature-in-tokyo-on-april-11-2026,highest-temperature-in-tokyo-on-april-11-2026-17c,17°C,0.0,1.0,5.810833180054658,False,False,False,False,True,True,0.05,1.0,1775873700,,,,,,,False,
Tokyo,RJTT,2026-04-11,highest-temperature-in-tokyo-on-april-11-2026,highest-temperature-in-tokyo-on-april-11-2026-18c,18°C,0.0,1.0,5.810833180054658,False,False,False,False,True,True,0.05,1.0,1775873700,,,,,,,False,
Tokyo,RJTT,2026-04-11,highest-temperature-in-tokyo-on-april-11-2026,highest-temperature-in-tokyo-on-april-11-2026-19c,19°C,0.0011792386623625062,0.9988207613376375,5.810833180054658,False,False,False,False,True,True,0.05,1.0,1775873700,0.9995,13.0,0.99,0.0004950000000000005,0.990495,0.008325761337637516,True,0.009596211995012593
Tokyo,RJTT,2026-04-11,highest-temperature-in-tokyo-on-april-11-2026,highest-temperature-in-tokyo-on-april-11-2026-20c,20°C,0.0030660205221425155,0.9969339794778574,5.810833180054658,False,False,False,False,True,True,0.05,1.0,1775873700,0.9995,2.0,0.99,0.0004950000000000005,0.990495,0.006438979477857432,True,0.009596211995012593
Tokyo,RJTT,2026-04-11,highest-temperature-in-tokyo-on-april-11-2026,highest-temperature-in-tokyo-on-april-11-2026-21c,21°C,0.016707456338800993,0.983292543661199,5.810833180054658,False,False,False,False,True,True,0.05,1.0,1775873700,0.993,20.0,0.99,0.0004950000000000005,0.990495,-0.007202456338801011,True,0.009596211995012593
Tokyo,RJTT,2026-04-11,highest-temperature-in-tokyo-on-april-11-2026,highest-temperature-in-tokyo-on-april-11-2026-22c,22°C,0.23727083575368532,0.7627291642463147,5.810833180054658,False,False,False,False,True,True,0.05,1.0,1775873700,0.969,10.0,0.979,0.001027950000000001,0.98002795,-0.21729878575368533,True,0.020379061637987084
Tokyo,RJTT,2026-04-11,highest-temperature-in-tokyo-on-april-11-2026,highest-temperature-in-tokyo-on-april-11-2026-24c,24°C,0.30381652291508754,0.6961834770849125,5.810833180054658,False,False,False,False,True,True,0.05,1.0,1775873700,0.705,7.0,0.715,0.010188750000000002,0.7251887499999999,-0.029005272915087477,True,0.37895134197820934
Tokyo,RJTT,2026-04-11,highest-temperature-in-tokyo-on-april-11-2026,highest-temperature-in-tokyo-on-april-11-2026-25c,25°C,0.028978166470165528,0.9710218335298345,5.810833180054658,False,False,False,False,False,True,0.05,1.0,1775873700,0.58,5.0,0.59,0.012095000000000002,0.6020949999999999,0.3689268335298346,True,-1.0
Tokyo,RJTT,2026-04-11,highest-temperature-in-tokyo-on-april-11-2026,highest-temperature-in-tokyo-on-april-11-2026-26corhigher,26°C or higher,0.002909849293329474,0.9970901507066705,5.810833180054658,False,True,False,False,True,True,0.05,1.0,1775873700,0.85,2.0,0.86,0.006020000000000001,0.86602,0.1310701507066705,True,0.1547077434701276
Tokyo,RJTT,2026-04-12,highest-temperature-in-tokyo-on-april-12-2026,highest-temperature-in-tokyo-on-april-12-2026-13corbelow,13°C or below,0.0,1.0,5.966055461636827,True,True,False,False,True,True,0.05,1.0,1775960100,,,,,,,False,
Tokyo,RJTT,2026-04-12,highest-temperature-in-tokyo-on-april-12-2026,highest-temperature-in-tokyo-on-april-12-2026-14c,14°C,0.0,1.0,5.966055461636827,True,False,False,False,True,True,0.05,1.0,1775960100,,,,,,,False,
Tokyo,RJTT,2026-04-12,highest-temperature-in-tokyo-on-april-12-2026,highest-temperature-in-tokyo-on-april-12-2026-15c,15°C,0.0,1.0,5.966055461636827,True,False,False,False,True,True,0.05,1.0,1775960100,,,,,,,False,
Tokyo,RJTT,2026-04-12,highest-temperature-in-tokyo-on-april-12-2026,highest-temperature-in-tokyo-on-april-12-2026-16c,16°C,0.0,1.0,5.966055461636827,True,False,False,False,True,True,0.05,1.0,1775960100,,,,,,,False,
Tokyo,RJTT,2026-04-12,highest-temperature-in-tokyo-on-april-12-2026,highest-temperature-in-tokyo-on-april-12-2026-17c,17°C,0.0006433872043174534,0.9993566127956826,5.966055461636827,True,False,False,False,True,True,0.05,1.0,1775960100,,,,,,,False,
Tokyo,RJTT,2026-04-12,highest-temperature-in-tokyo-on-april-12-2026,highest-temperature-in-tokyo-on-april-12-2026-18c,18°C,0.0016728067312253788,0.9983271932687746,5.966055461636827,True,False,False,False,True,True,0.05,1.0,1775960100,0.9995,15.0,0.99,0.0004950000000000005,0.990495,0.007832193268774601,True,0.009596211995012593
Tokyo,RJTT,2026-04-12,highest-temperature-in-tokyo-on-april-12-2026,highest-temperature-in-tokyo-on-april-12-2026-19c,19°C,0.00427252213063467,0.9957274778693653,5.966055461636827,True,False,False,False,True,True,0.05,1.0,1775960100,0.976,13.0,0.986,0.0006902000000000006,0.9866902,0.009037277869365368,True,0.013489340423164187
Tokyo,RJTT,2026-04-12,highest-temperature-in-tokyo-on-april-12-2026,highest-temperature-in-tokyo-on-april-12-2026-20c,20°C,0.2554622725496799,0.7445377274503201,5.966055461636827,True,False,False,False,True,True,0.05,1.0,1775960100,0.885,17.0,0.895,0.00469875,0.89969875,-0.1551610225496799,True,0.11148314922078084
Tokyo,RJTT,2026-04-12,highest-temperature-in-tokyo-on-april-12-2026,highest-temperature-in-tokyo-on-april-12-2026-22c,22°C,0.2374773586027117,0.7625226413972883,5.966055461636827,True,False,False,False,False,True,0.05,1.0,1775960100,0.765,21.0,0.775,0.008718749999999999,0.78371875,-0.021196108602711705,True,-1.0
Tokyo,RJTT,2026-04-12,highest-temperature-in-tokyo-on-april-12-2026,highest-temperature-in-tokyo-on-april-12-2026-23corhigher,23°C or higher,0.022470379153441168,0.9775296208465588,5.966055461636827,True,True,False,False,True,True,0.05,1.0,1775960100,0.9805,18.0,0.99,0.0004950000000000005,0.990495,-0.012965379153441203,True,0.009596211995012593
Tokyo,RJTT,2026-04-13,highest-temperature-in-tokyo-on-april-13-2026,highest-temperature-in-tokyo-on-april-13-2026-13corbelow,13°C or below,0.0,1.0,6.129450063386756,False,True,False,False,True,True,0.05,1.0,1776046500,,,,,,,False,
Tokyo,RJTT,2026-04-13,highest-temperature-in-tokyo-on-april-13-2026,highest-temperature-in-tokyo-on-april-13-2026-14c,14°C,0.0,1.0,6.129450063386756,False,False,False,False,True,True,0.05,1.0,1776046500,,,,,,,False,
Tokyo,RJTT,2026-04-13,highest-temperature-in-tokyo-on-april-13-2026,highest-temperature-in-tokyo-on-april-13-2026-15c,15°C,0.0,1.0,6.129450063386756,False,False,False,False,True,True,0.05,1.0,1776046500,,,,,,,False,
Tokyo,RJTT,2026-04-13,highest-temperature-in-tokyo-on-april-13-2026,highest-temperature-in-tokyo-on-april-13-2026-16c,16°C,0.0,1.0,6.129450063386756,False,False,False,False,True,True,0.05,1.0,1776046500,,,,,,,False,
Tokyo,RJTT,2026-04-13,highest-temperature-in-tokyo-on-april-13-2026,highest-temperature-in-tokyo-on-april-13-2026-17c,17°C,0.0,1.0,6.129450063386756,False,False,False,False,True,True,0.05,1.0,1776046500,,,,,,,False,
Tokyo,RJTT,2026-04-13,highest-temperature-in-tokyo-on-april-13-2026,highest-temperature-in-tokyo-on-april-13-2026-18c,18°C,0.001077940169438913,0.998922059830561,6.129450063386756,False,False,False,False,True,True,0.05,1.0,1776046500,0.9995,15.0,0.99,0.0004950000000000005,0.990495,0.008427059830561023,True,0.009596211995012593
Tokyo,RJTT,2026-04-13,highest-temperature-in-tokyo-on-april-13-2026,highest-temperature-in-tokyo-on-april-13-2026-19c,19°C,0.002802644440541174,0.9971973555594589,6.129450063386756,False,False,False,False,True,True,0.05,1.0,1776046500,0.9995,20.0,0.99,0.0004950000000000005,0.990495,0.006702355559458861,True,0.009596211995012593
Tokyo,RJTT,2026-04-13,highest-temperature-in-tokyo-on-april-13-2026,highest-temperature-in-tokyo-on-april-13-2026-20c,20°C,0.013127093549478825,0.9868729064505212,6.129450063386756,False,False,False,False,True,True,0.05,1.0,1776046500,0.991,24.0,0.99,0.0004950000000000005,0.990495,-0.003622093549478844,True,0.009596211995012593
Tokyo,RJTT,2026-04-13,highest-temperature-in-tokyo-on-april-13-2026,highest-temperature-in-tokyo-on-april-13-2026-21c,21°C,0.2255653499614327,0.7744346500385673,6.129450063386756,False,False,False,False,True,True,0.05,1.0,1776046500,0.895,15.0,0.905,0.00429875,0.90929875,-0.13486409996143278,True,0.09974856998318749
Tokyo,RJTT,2026-04-13,highest-temperature-in-tokyo-on-april-13-2026,highest-temperature-in-tokyo-on-april-13-2026-23corhigher,23°C or higher,0.3198139686347339,0.6801860313652661,6.129450063386756,False,True,False,False,False,True,0.05,1.0,1776046500,0.61,22.0,0.62,0.01178,0.63178,0.04840603136526611,True,-1.0
Tokyo,RJTT,2026-04-14,highest-temperature-in-tokyo-on-april-14-2026,highest-temperature-in-tokyo-on-april-14-2026-15corbelow,15°C or below,0.0,1.0,4.6663224306328175,False,True,False,False,True,True,0.05,1.0,1776132900,,,,,,,False,
Tokyo,RJTT,2026-04-14,highest-temperature-in-tokyo-on-april-14-2026,highest-temperature-in-tokyo-on-april-14-2026-16c,16°C,0.0,1.0,4.6663224306328175,False,False,False,False,True,True,0.05,1.0,1776132900,,,,,,,False,
Tokyo,RJTT,2026-04-14,highest-temperature-in-tokyo-on-april-14-2026,highest-temperature-in-tokyo-on-april-14-2026-17c,17°C,0.001133992389078088,0.9988660076109219,4.6663224306328175,False,False,False,False,True,True,0.05,1.0,1776132900,0.9995,10.0,0.99,0.0004950000000000005,0.990495,0.00837100761092191,True,0.009596211995012593
Tokyo,RJTT,2026-04-14,highest-temperature-in-tokyo-on-april-14-2026,highest-temperature-in-tokyo-on-april-14-2026-18c,18°C,0.0029483802116030285,0.997051619788397,4.6663224306328175,False,False,False,False,True,True,0.05,1.0,1776132900,0.9995,10.0,0.99,0.0004950000000000005,0.990495,0.006556619788396945,True,0.009596211995012593
Tokyo,RJTT,2026-04-14,highest-temperature-in-tokyo-on-april-14-2026,highest-temperature-in-tokyo-on-april-14-2026-19c,19°C,0.01045625716175569,0.9895437428382443,4.6663224306328175,False,False,False,False,True,True,0.05,1.0,1776132900,0.9965,18.0,0.99,0.0004950000000000005,0.990495,-0.0009512571617557031,True,0.009596211995012593
Tokyo,RJTT,2026-04-14,highest-temperature-in-tokyo-on-april-14-2026,highest-temperature-in-tokyo-on-april-14-2026-20c,20°C,0.22207530224227526,0.7779246977577248,4.6663224306328175,False,False,False,False,True,True,0.05,1.0,1776132900,0.99,15.0,0.99,0.0004950000000000005,0.990495,-0.21257030224227524,True,0.009596211995012593
Tokyo,RJTT,2026-04-14,highest-temperature-in-tokyo-on-april-14-2026,highest-temperature-in-tokyo-on-april-14-2026-21c,21°C,0.3639747104135321,0.636025289586468,4.6663224306328175,False,False,True,True,False,True,0.05,1.0,1776132900,0.91,10.0,0.92,0.003679999999999999,0.9236800000000001,-0.2876547104135321,True,-1.0
Tokyo,RJTT,2026-04-14,highest-temperature-in-tokyo-on-april-14-2026,highest-temperature-in-tokyo-on-april-14-2026-22c,22°C,0.342155502678005,0.657844497321995,4.6663224306328175,False,False,False,False,True,True,0.05,1.0,1776132900,0.57,20.0,0.58,0.012180000000000002,0.5921799999999999,0.06566449732199509,True,0.6886757404843125
Tokyo,RJTT,2026-04-14,highest-temperature-in-tokyo-on-april-14-2026,highest-temperature-in-tokyo-on-april-14-2026-23c,23°C,0.05281905482976308,0.9471809451702369,4.6663224306328175,False,False,False,False,True,True,0.05,1.0,1776132900,0.625,19.0,0.635,0.011588750000000002,0.64658875,0.30059219517023683,True,0.5465780992941802
Tokyo,RJTT,2026-04-14,highest-temperature-in-tokyo-on-april-14-2026,highest-temperature-in-tokyo-on-april-14-2026-24c,24°C,0.004436800073987852,0.9955631999260122,4.6663224306328175,False,False,False,False,True,True,0.05,1.0,1776132900,0.915,14.0,0.925,0.0034687499999999983,0.9284687500000001,0.0670944499260121,True,0.07704217293258386
Tokyo,RJTT,2026-04-14,highest-temperature-in-tokyo-on-april-14-2026,highest-temperature-in-tokyo-on-april-14-2026-25corhigher,25°C or higher,0.0,1.0,4.6663224306328175,False,True,False,False,True,True,0.05,1.0,1776132900,0.988,17.0,0.99,0.0004950000000000005,0.990495,0.009504999999999986,True,0.009596211995012593
Tokyo,RJTT,2026-04-15,highest-temperature-in-tokyo-on-april-15-2026,highest-temperature-in-tokyo-on-april-15-2026-14corbelow,14°C or below,0.0,1.0,6.108934137750026,False,True,False,False,True,True,0.05,1.0,1776219300,,,,,,,False,
Tokyo,RJTT,2026-04-15,highest-temperature-in-tokyo-on-april-15-2026,highest-temperature-in-tokyo-on-april-15-2026-15c,15°C,0.0,1.0,6.108934137750026,False,False,False,False,True,True,0.05,1.0,1776219300,,,,,,,False,
Tokyo,RJTT,2026-04-15,highest-temperature-in-tokyo-on-april-15-2026,highest-temperature-in-tokyo-on-april-15-2026-16c,16°C,0.00182131675502992,0.99817868324497,6.108934137750026,False,False,False,False,True,True,0.05,1.0,1776219300,,,,,,,False,
Tokyo,RJTT,2026-04-15,highest-temperature-in-tokyo-on-april-15-2026,highest-temperature-in-tokyo-on-april-15-2026-17c,17°C,0.004735423563077793,0.9952645764369222,6.108934137750026,False,False,False,False,True,True,0.05,1.0,1776219300,0.9995,18.0,0.99,0.0004950000000000005,0.990495,0.004769576436922218,True,0.009596211995012593
Tokyo,RJTT,2026-04-15,highest-temperature-in-tokyo-on-april-15-2026,highest-temperature-in-tokyo-on-april-15-2026-18c,18°C,0.007830420802490192,0.9921695791975098,6.108934137750026,False,False,False,False,True,True,0.05,1.0,1776219300,0.9995,13.0,0.99,0.0004950000000000005,0.990495,0.0016745791975097957,True,0.009596211995012593
Tokyo,RJTT,2026-04-15,highest-temperature-in-tokyo-on-april-15-2026,highest-temperature-in-tokyo-on-april-15-2026-19c,19°C,0.3873958683085146,0.6126041316914854,6.108934137750026,False,False,False,True,True,True,0.05,1.0,1776219300,0.915,18.0,0.925,0.0034687499999999983,0.9284687500000001,-0.31586461830851464,True,0.07704217293258386
Tokyo,RJTT,2026-04-15,highest-temperature-in-tokyo-on-april-15-2026,highest-temperature-in-tokyo-on-april-15-2026-20c,20°C,0.36778334388151285,0.6322166561184872,6.108934137750026,False,False,True,False,True,True,0.05,1.0,1776219300,0.56,16.0,0.5700000000000001,0.012255,0.5822550000000001,0.04996165611848713,True,0.7174605628118262
Tokyo,RJTT,2026-04-15,highest-temperature-in-tokyo-on-april-15-2026,highest-temperature-in-tokyo-on-april-15-2026-21c,21°C,0.21090175133326702,0.789098248666733,6.108934137750026,False,False,False,False,True,True,0.05,1.0,1776219300,0.615,22.0,0.625,0.01171875,0.63671875,0.15237949866673295,True,0.5705521472392638
Tokyo,RJTT,2026-04-15,highest-temperature-in-tokyo-on-april-15-2026,highest-temperature-in-tokyo-on-april-15-2026-22c,22°C,0.01612852828393872,0.9838714717160613,6.108934137750026,False,False,False,False,False,True,0.05,1.0,1776219300,0.901,18.0,0.911,0.004053949999999999,0.91505395,0.06881752171606126,True,-1.0
Tokyo,RJTT,2026-04-15,highest-temperature-in-tokyo-on-april-15-2026,highest-temperature-in-tokyo-on-april-15-2026-23c,23°C,0.0034033470721689875,0.9965966529278311,6.108934137750026,False,False,False,False,True,True,0.05,1.0,1776219300,0.979,17.0,0.989,0.0005439500000000005,0.98954395,0.0070527029278311115,True,0.010566534210026735
Tokyo,RJTT,2026-04-15,highest-temperature-in-tokyo-on-april-15-2026,highest-temperature-in-tokyo-on-april-15-2026-24corhigher,24°C or higher,0.0,1.0,6.108934137750026,False,True,False,False,True,True,0.05,1.0,1776219300,0.99,12.0,0.99,0.0004950000000000005,0.990495,0.009504999999999986,True,0.009596211995012593
Tokyo,RJTT,2026-04-16,highest-temperature-in-tokyo-on-april-16-2026,highest-temperature-in-tokyo-on-april-16-2026-14corbelow,14°C or below,0.0,1.0,6.9275931586523285,False,True,False,False,True,True,0.05,1.0,1776305700,,,,,,,False,
Tokyo,RJTT,2026-04-16,highest-temperature-in-tokyo-on-april-16-2026,highest-temperature-in-tokyo-on-april-16-2026-15c,15°C,0.0,1.0,6.9275931586523285,False,False,False,False,True,True,0.05,1.0,1776305700,,,,,,,False,
Tokyo,RJTT,2026-04-16,highest-temperature-in-tokyo-on-april-16-2026,highest-temperature-in-tokyo-on-april-16-2026-16c,16°C,0.0,1.0,6.9275931586523285,False,False,False,False,True,True,0.05,1.0,1776305700,0.9995,19.0,0.99,0.0004950000000000005,0.990495,0.009504999999999986,True,0.009596211995012593
Tokyo,RJTT,2026-04-16,highest-temperature-in-tokyo-on-april-16-2026,highest-temperature-in-tokyo-on-april-16-2026-17c,17°C,0.0,1.0,6.9275931586523285,False,False,False,False,True,True,0.05,1.0,1776305700,0.9995,24.0,0.99,0.0004950000000000005,0.990495,0.009504999999999986,True,0.009596211995012593
Tokyo,RJTT,2026-04-16,highest-temperature-in-tokyo-on-april-16-2026,highest-temperature-in-tokyo-on-april-16-2026-18c,18°C,0.0005195825374898179,0.9994804174625102,6.9275931586523285,False,False,False,False,True,True,0.05,1.0,1776305700,0.9995,14.0,0.99,0.0004950000000000005,0.990495,0.008985417462510137,True,0.009596211995012593
Tokyo,RJTT,2026-04-16,highest-temperature-in-tokyo-on-april-16-2026,highest-temperature-in-tokyo-on-april-16-2026-19c,19°C,0.0013509145974735265,0.9986490854025265,6.9275931586523285,False,False,False,False,True,True,0.05,1.0,1776305700,0.9995,17.0,0.99,0.0004950000000000005,0.990495,0.00815408540252649,True,0.009596211995012593
Tokyo,RJTT,2026-04-16,highest-temperature-in-tokyo-on-april-16-2026,highest-temperature-in-tokyo-on-april-16-2026-20c,20°C,0.005130814176060653,0.9948691858239394,6.9275931586523285,False,False,False,False,True,True,0.05,1.0,1776305700,0.9995,17.0,0.99,0.0004950000000000005,0.990495,0.004374185823939336,True,0.009596211995012593
Tokyo,RJTT,2026-04-16,highest-temperature-in-tokyo-on-april-16-2026,highest-temperature-in-tokyo-on-april-16-2026-21c,21°C,0.29333326708465624,0.7066667329153438,6.9275931586523285,False,False,False,False,False,True,0.05,1.0,1776305700,0.76,17.0,0.77,0.008855,0.778855,-0.0721882670846562,True,-1.0
Tokyo,RJTT,2026-04-16,highest-temperature-in-tokyo-on-april-16-2026,highest-temperature-in-tokyo-on-april-16-2026-22c,22°C,0.3862459116293662,0.6137540883706338,6.9275931586523285,False,False,True,True,True,True,0.05,1.0,1776305700,0.7,19.0,0.71,0.010295000000000002,0.720295,-0.10654091162936619,True,0.3883200633073949
Tokyo,RJTT,2026-04-16,highest-temperature-in-tokyo-on-april-16-2026,highest-temperature-in-tokyo-on-april-16-2026-23c,23°C,0.2943605594936966,0.7056394405063033,6.9275931586523285,False,False,False,False,True,True,0.05,1.0,1776305700,0.69,22.0,0.7,0.010500000000000002,0.7104999999999999,-0.00486055949369657,True,0.40745953553835346
Tokyo,RJTT,2026-04-16,highest-temperature-in-tokyo-on-april-16-2026,highest-temperature-in-tokyo-on-april-16-2026-24corhigher,24°C or higher,0.019058950481256973,0.9809410495187431,6.9275931586523285,False,True,False,False,True,True,0.05,1.0,1776305700,0.851,16.0,0.861,0.005983950000000001,0.86698395,0.11395709951874311,True,0.15342388979634514
Tokyo,RJTT,2026-04-17,highest-temperature-in-tokyo-on-april-17-2026,highest-temperature-in-tokyo-on-april-17-2026-12corbelow,12°C or below,0.0,1.0,4.950638686757799,False,True,False,False,True,True,0.05,1.0,1776392100,0.9995,9.0,0.99,0.0004950000000000005,0.990495,0.009504999999999986,True,0.009596211995012593
Tokyo,RJTT,2026-04-17,highest-temperature-in-tokyo-on-april-17-2026,highest-temperature-in-tokyo-on-april-17-2026-13c,13°C,0.0,1.0,4.950638686757799,False,False,False,False,True,True,0.05,1.0,1776392100,0.9995,9.0,0.99,0.0004950000000000005,0.990495,0.009504999999999986,True,0.009596211995012593
Tokyo,RJTT,2026-04-17,highest-temperature-in-tokyo-on-april-17-2026,highest-temperature-in-tokyo-on-april-17-2026-14c,14°C,0.0011614223541054401,0.9988385776458946,4.950638686757799,False,False,False,False,True,True,0.05,1.0,1776392100,0.9995,14.0,0.99,0.0004950000000000005,0.990495,0.008343577645894551,True,0.009596211995012593
Tokyo,RJTT,2026-04-17,highest-temperature-in-tokyo-on-april-17-2026,highest-temperature-in-tokyo-on-april-17-2026-15c,15°C,0.003019698120674144,0.9969803018793258,4.950638686757799,False,False,False,False,True,True,0.05,1.0,1776392100,0.9995,14.0,0.99,0.0004950000000000005,0.990495,0.006485301879325833,True,0.009596211995012593
Tokyo,RJTT,2026-04-17,highest-temperature-in-tokyo-on-april-17-2026,highest-temperature-in-tokyo-on-april-17-2026-16c,16°C,0.0151432207902722,0.9848567792097278,4.950638686757799,False,False,False,False,True,True,0.05,1.0,1776392100,0.982,17.0,0.99,0.0004950000000000005,0.990495,-0.005638220790272208,True,0.009596211995012593
Tokyo,RJTT,2026-04-17,highest-temperature-in-tokyo-on-april-17-2026,highest-temperature-in-tokyo-on-april-17-2026-17c,17°C,0.20992076063363063,0.7900792393663694,4.950638686757799,False,False,False,False,False,True,0.05,1.0,1776392100,0.835,12.0,0.845,0.006548750000000001,0.85154875,-0.0614695106336306,True,-1.0
Tokyo,RJTT,2026-04-17,highest-temperature-in-tokyo-on-april-17-2026,highest-temperature-in-tokyo-on-april-17-2026-18c,18°C,0.29963802107797044,0.7003619789220296,4.950638686757799,False,False,True,False,True,True,0.05,1.0,1776392100,0.57,11.0,0.58,0.012180000000000002,0.5921799999999999,0.10818197892202963,True,0.6886757404843125
Tokyo,RJTT,2026-04-17,highest-temperature-in-tokyo-on-april-17-2026,highest-temperature-in-tokyo-on-april-17-2026-20c,20°C,0.0662395599251274,0.9337604400748726,4.950638686757799,False,False,False,False,True,True,0.05,1.0,1776392100,0.91,9.0,0.92,0.003679999999999999,0.9236800000000001,0.010080440074872521,True,0.08262601766845656
Tokyo,RJTT,2026-04-17,highest-temperature-in-tokyo-on-april-17-2026,highest-temperature-in-tokyo-on-april-17-2026-21c,21°C,0.004020122331073373,0.9959798776689266,4.950638686757799,False,False,False,False,True,True,0.05,1.0,1776392100,0.9855,10.0,0.99,0.0004950000000000005,0.990495,0.00548487766892658,True,0.009596211995012593
Tokyo,RJTT,2026-04-17,highest-temperature-in-tokyo-on-april-17-2026,highest-temperature-in-tokyo-on-april-17-2026-22corhigher,22°C or higher,0.0,1.0,4.950638686757799,False,True,False,False,True,True,0.05,1.0,1776392100,0.9895,15.0,0.99,0.0004950000000000005,0.990495,0.009504999999999986,True,0.009596211995012593
Tokyo,RJTT,2026-04-18,highest-temperature-in-tokyo-on-april-18-2026,highest-temperature-in-tokyo-on-april-18-2026-13corbelow,13°C or below,0.0,1.0,5.345230918710996,False,True,False,False,True,True,0.05,1.0,1776478500,,,,,,,False,
Tokyo,RJTT,2026-04-18,highest-temperature-in-tokyo-on-april-18-2026,highest-temperature-in-tokyo-on-april-18-2026-14c,14°C,0.0,1.0,5.345230918710996,False,False,False,False,True,True,0.05,1.0,1776478500,,,,,,,False,
Tokyo,RJTT,2026-04-18,highest-temperature-in-tokyo-on-april-18-2026,highest-temperature-in-tokyo-on-april-18-2026-15c,15°C,0.0,1.0,5.345230918710996,False,False,False,False,True,True,0.05,1.0,1776478500,0.9995,234.0,0.99,0.0004950000000000005,0.990495,0.009504999999999986,True,0.009596211995012593
Tokyo,RJTT,2026-04-18,highest-temperature-in-tokyo-on-april-18-2026,highest-temperature-in-tokyo-on-april-18-2026-16c,16°C,0.0,1.0,5.345230918710996,False,False,False,False,True,True,0.05,1.0,1776478500,0.9995,1.0,0.99,0.0004950000000000005,0.990495,0.009504999999999986,True,0.009596211995012593
Tokyo,RJTT,2026-04-18,highest-temperature-in-tokyo-on-april-18-2026,highest-temperature-in-tokyo-on-april-18-2026-17c,17°C,0.001394871334826662,0.9986051286651734,5.345230918710996,False,False,False,False,True,True,0.05,1.0,1776478500,0.9995,52.0,0.99,0.0004950000000000005,0.990495,0.008110128665173355,True,0.009596211995012593
Tokyo,RJTT,2026-04-18,highest-temperature-in-tokyo-on-april-18-2026,highest-temperature-in-tokyo-on-april-18-2026-18c,18°C,0.003626665470549321,0.9963733345294506,5.345230918710996,False,False,False,False,True,True,0.05,1.0,1776478500,0.9975,3.0,0.99,0.0004950000000000005,0.990495,0.005878334529450635,True,0.009596211995012593
Tokyo,RJTT,2026-04-18,highest-temperature-in-tokyo-on-april-18-2026,highest-temperature-in-tokyo-on-april-18-2026-19c,19°C,0.0061635461091095215,0.9938364538908905,5.345230918710996,False,False,False,False,True,True,0.05,1.0,1776478500,0.983,2.0,0.99,0.0004950000000000005,0.990495,0.0033414538908904667,True,0.009596211995012593
Tokyo,RJTT,2026-04-18,highest-temperature-in-tokyo-on-april-18-2026,highest-temperature-in-tokyo-on-april-18-2026-20c,20°C,0.23628959185942236,0.7637104081405777,5.345230918710996,False,False,False,False,True,True,0.05,1.0,1776478500,0.82,50.0,0.83,0.007055000000000002,0.837055,-0.07334459185942233,True,0.1946646277723687
Tokyo,RJTT,2026-04-18,highest-temperature-in-tokyo-on-april-18-2026,highest-temperature-in-tokyo-on-april-18-2026-22c,22°C,0.27154864896241443,0.7284513510375856,5.345230918710996,False,False,False,False,True,True,0.05,1.0,1776478500,0.69,5.0,0.7,0.010500000000000002,0.7104999999999999,0.017951351037585717,True,0.40745953553835346
Tokyo,RJTT,2026-04-18,highest-temperature-in-tokyo-on-april-18-2026,highest-temperature-in-tokyo-on-april-18-2026-23corhigher,23°C or higher,0.040137373613435216,0.9598626263865648,5.345230918710996,False,True,False,False,True,True,0.05,1.0,1776478500,0.951,52.0,0.961,0.0018739500000000018,0.96287395,-0.003011323613435146,True,0.03855753912544846
Tokyo,RJTT,2026-04-19,highest-temperature-in-tokyo-on-april-19-2026,highest-temperature-in-tokyo-on-april-19-2026-16corbelow,16°C or below,0.0,1.0,5.550433127472701,False,True,False,False,True,True,0.05,1.0,1776564900,,,,,,,False,
Tokyo,RJTT,2026-04-19,highest-temperature-in-tokyo-on-april-19-2026,highest-temperature-in-tokyo-on-april-19-2026-17c,17°C,0.0,1.0,5.550433127472701,False,False,False,False,True,True,0.05,1.0,1776564900,0.9995,5.0,0.99,0.0004950000000000005,0.990495,0.009504999999999986,True,0.009596211995012593
Tokyo,RJTT,2026-04-19,highest-temperature-in-tokyo-on-april-19-2026,highest-temperature-in-tokyo-on-april-19-2026-18c,18°C,0.001762108499158792,0.9982378915008412,5.550433127472701,False,False,False,False,True,True,0.05,1.0,1776564900,0.9995,5.0,0.99,0.0004950000000000005,0.990495,0.007742891500841176,True,0.009596211995012593
Tokyo,RJTT,2026-04-19,highest-temperature-in-tokyo-on-april-19-2026,highest-temperature-in-tokyo-on-april-19-2026-19c,19°C,0.004581482097812859,0.9954185179021872,5.550433127472701,False,False,False,False,True,True,0.05,1.0,1776564900,0.9995,3.0,0.99,0.0004950000000000005,0.990495,0.004923517902187147,True,0.009596211995012593
Tokyo,RJTT,2026-04-19,highest-temperature-in-tokyo-on-april-19-2026,highest-temperature-in-tokyo-on-april-19-2026-20c,20°C,0.029867107006660065,0.9701328929933399,5.550433127472701,False,False,False,False,True,True,0.05,1.0,1776564900,0.9965,0.0,0.99,0.0004950000000000005,0.990495,-0.02036210700666008,True,0.009596211995012593
Tokyo,RJTT,2026-04-19,highest-temperature-in-tokyo-on-april-19-2026,highest-temperature-in-tokyo-on-april-19-2026-21c,21°C,0.3265185307462213,0.6734814692537787,5.550433127472701,False,False,False,True,True,True,0.05,1.0,1776564900,0.973,7.0,0.983,0.0008355500000000008,0.98383555,-0.3103540807462213,True,0.016430032437839914
Tokyo,RJTT,2026-04-19,highest-temperature-in-tokyo-on-april-19-2026,highest-temperature-in-tokyo-on-april-19-2026-22c,22°C,0.2932644159357421,0.706735584064258,5.550433127472701,False,False,True,False,True,True,0.05,1.0,1776564900,0.92,4.0,0.93,0.0032549999999999983,0.9332550000000001,-0.2265194159357421,True,0.07151850244574098
Tokyo,RJTT,2026-04-19,highest-temperature-in-tokyo-on-april-19-2026,highest-temperature-in-tokyo-on-april-19-2026-23c,23°C,0.3136222927362116,0.6863777072637884,5.550433127472701,False,False,False,False,False,True,0.05,1.0,1776564900,0.595,6.0,0.605,0.011948750000000001,0.6169487499999999,0.0694289572637885,True,-1.0
Tokyo,RJTT,2026-04-19,highest-temperature-in-tokyo-on-april-19-2026,highest-temperature-in-tokyo-on-april-19-2026-24c,24°C,0.02732782693674129,0.9726721730632587,5.550433127472701,False,False,False,False,True,True,0.05,1.0,1776564900,0.555,9.0,0.5650000000000001,0.012288750000000001,0.57728875,0.3953834230632587,True,0.7322353848052643
Tokyo,RJTT,2026-04-19,highest-temperature-in-tokyo-on-april-19-2026,highest-temperature-in-tokyo-on-april-19-2026-25c,25°C,0.0030562360414520635,0.9969437639585479,5.550433127472701,False,False,False,False,True,True,0.05,1.0,1776564900,0.94,10.0,0.95,0.002375000000000002,0.952375,0.04456876395854792,True,0.050006562541015986
Tokyo,RJTT,2026-04-19,highest-temperature-in-tokyo-on-april-19-2026,highest-temperature-in-tokyo-on-april-19-2026-26corhigher,26°C or higher,0.0,1.0,5.550433127472701,False,True,False,False,True,True,0.05,1.0,1776564900,0.989,8.0,0.99,0.0004950000000000005,0.990495,0.009504999999999986,True,0.009596211995012593
Tokyo,RJTT,2026-04-20,highest-temperature-in-tokyo-on-april-20-2026,highest-temperature-in-tokyo-on-april-20-2026-14corbelow,14°C or below,0.0,1.0,5.18816821904295,True,True,False,False,True,True,0.05,1.0,1776651300,,,,,,,False,
Tokyo,RJTT,2026-04-20,highest-temperature-in-tokyo-on-april-20-2026,highest-temperature-in-tokyo-on-april-20-2026-15c,15°C,0.0,1.0,5.18816821904295,True,False,False,False,True,True,0.05,1.0,1776651300,,,,,,,False,
Tokyo,RJTT,2026-04-20,highest-temperature-in-tokyo-on-april-20-2026,highest-temperature-in-tokyo-on-april-20-2026-16c,16°C,0.0,1.0,5.18816821904295,True,False,False,False,True,True,0.05,1.0,1776651300,,,,,,,False,
Tokyo,RJTT,2026-04-20,highest-temperature-in-tokyo-on-april-20-2026,highest-temperature-in-tokyo-on-april-20-2026-17c,17°C,0.0,1.0,5.18816821904295,True,False,False,False,True,True,0.05,1.0,1776651300,,,,,,,False,
Tokyo,RJTT,2026-04-20,highest-temperature-in-tokyo-on-april-20-2026,highest-temperature-in-tokyo-on-april-20-2026-18c,18°C,0.0,1.0,5.18816821904295,True,False,False,False,True,True,0.05,1.0,1776651300,0.9995,18.0,0.99,0.0004950000000000005,0.990495,0.009504999999999986,True,0.009596211995012593
Tokyo,RJTT,2026-04-20,highest-temperature-in-tokyo-on-april-20-2026,highest-temperature-in-tokyo-on-april-20-2026-19c,19°C,0.0008040116207673019,0.9991959883792327,5.18816821904295,True,False,False,False,True,True,0.05,1.0,1776651300,0.9995,22.0,0.99,0.0004950000000000005,0.990495,0.008700988379232721,True,0.009596211995012593
Tokyo,RJTT,2026-04-20,highest-temperature-in-tokyo-on-april-20-2026,highest-temperature-in-tokyo-on-april-20-2026-20c,20°C,0.002090430213994985,0.997909569786005,5.18816821904295,True,False,False,False,True,True,0.05,1.0,1776651300,0.9995,22.0,0.99,0.0004950000000000005,0.990495,0.007414569786004965,True,0.009596211995012593
Tokyo,RJTT,2026-04-20,highest-temperature-in-tokyo-on-april-20-2026,highest-temperature-in-tokyo-on-april-20-2026-21c,21°C,0.006645789458291196,0.9933542105417088,5.18816821904295,True,False,False,False,True,True,0.05,1.0,1776651300,0.981,22.0,0.99,0.0004950000000000005,0.990495,0.00285921054170879,True,0.009596211995012593
Tokyo,RJTT,2026-04-20,highest-temperature-in-tokyo-on-april-20-2026,highest-temperature-in-tokyo-on-april-20-2026-22c,22°C,0.28700715669191956,0.7129928433080804,5.18816821904295,True,False,False,False,False,True,0.05,1.0,1776651300,0.745,15.0,0.755,0.00924875,0.76424875,-0.051255906691919595,True,-1.0
Tokyo,RJTT,2026-04-20,highest-temperature-in-tokyo-on-april-20-2026,highest-temperature-in-tokyo-on-april-20-2026-24corhigher,24°C or higher,0.23603041752406445,0.7639695824759356,5.18816821904295,True,True,False,False,True,True,0.05,1.0,1776651300,0.775,19.0,0.785,0.00843875,0.7934387500000001,-0.029469167524064477,True,0.26033673046596206
Tokyo,RJTT,2026-04-21,highest-temperature-in-tokyo-on-april-21-2026,highest-temperature-in-tokyo-on-april-21-2026-16corbelow,16°C or below,0.0,1.0,5.008388147929637,False,True,False,False,True,True,0.05,1.0,1776737700,,,,,,,False,
Tokyo,RJTT,2026-04-21,highest-temperature-in-tokyo-on-april-21-2026,highest-temperature-in-tokyo-on-april-21-2026-17c,17°C,0.0,1.0,5.008388147929637,False,False,False,False,True,True,0.05,1.0,1776737700,,,,,,,False,
Tokyo,RJTT,2026-04-21,highest-temperature-in-tokyo-on-april-21-2026,highest-temperature-in-tokyo-on-april-21-2026-18c,18°C,0.0,1.0,5.008388147929637,False,False,False,False,True,True,0.05,1.0,1776737700,,,,,,,False,
Tokyo,RJTT,2026-04-21,highest-temperature-in-tokyo-on-april-21-2026,highest-temperature-in-tokyo-on-april-21-2026-19c,19°C,0.0,1.0,5.008388147929637,False,False,False,False,True,True,0.05,1.0,1776737700,,671.0,,,,,False,
Tokyo,RJTT,2026-04-21,highest-temperature-in-tokyo-on-april-21-2026,highest-temperature-in-tokyo-on-april-21-2026-20c,20°C,0.0026253269065133287,0.9973746730934867,5.008388147929637,False,False,False,False,True,True,0.05,1.0,1776737700,0.9995,245.0,0.99,0.0004950000000000005,0.990495,0.006879673093486693,True,0.009596211995012593
Tokyo,RJTT,2026-04-21,highest-temperature-in-tokyo-on-april-21-2026,highest-temperature-in-tokyo-on-april-21-2026-21c,21°C,0.006825849956934654,0.9931741500430653,5.008388147929637,False,False,False,False,True,True,0.05,1.0,1776737700,0.9995,18.0,0.99,0.0004950000000000005,0.990495,0.0026791500430652926,True,0.009596211995012593
Tokyo,RJTT,2026-04-21,highest-temperature-in-tokyo-on-april-21-2026,highest-temperature-in-tokyo-on-april-21-2026-22c,22°C,0.019567953220476775,0.9804320467795232,5.008388147929637,False,False,False,False,True,True,0.05,1.0,1776737700,0.9995,14.0,0.99,0.0004950000000000005,0.990495,-0.010062953220476789,True,0.009596211995012593
Tokyo,RJTT,2026-04-21,highest-temperature-in-tokyo-on-april-21-2026,highest-temperature-in-tokyo-on-april-21-2026-24c,24°C,0.34968343795401746,0.6503165620459825,5.008388147929637,False,False,True,False,True,True,0.05,1.0,1776737700,0.71,20.0,0.72,0.01008,0.73008,-0.07976343795401741,True,0.3697129081744468
Tokyo,RJTT,2026-04-21,highest-temperature-in-tokyo-on-april-21-2026,highest-temperature-in-tokyo-on-april-21-2026-25c,25°C,0.19165652619231457,0.8083434738076855,5.008388147929637,False,False,False,False,True,True,0.05,1.0,1776737700,0.895,12.0,0.905,0.00429875,0.90929875,-0.10095527619231459,True,0.09974856998318749
Tokyo,RJTT,2026-04-21,highest-temperature-in-tokyo-on-april-21-2026,highest-temperature-in-tokyo-on-april-21-2026-26corhigher,26°C or higher,0.027077758277361356,0.9729222417226386,5.008388147929637,False,True,False,False,True,True,0.05,1.0,1776737700,0.9635,19.0,0.9735,0.0012898874999999986,0.9747898875000001,-0.0018676457773614263,True,0.02586209892334357
Tokyo,RJTT,2026-04-22,highest-temperature-in-tokyo-on-april-22-2026,highest-temperature-in-tokyo-on-april-22-2026-14corbelow,14°C or below,0.0,1.0,3.9781970324648768,True,True,False,False,True,True,0.05,1.0,1776824100,,,,,,,False,
Tokyo,RJTT,2026-04-22,highest-temperature-in-tokyo-on-april-22-2026,highest-temperature-in-tokyo-on-april-22-2026-15c,15°C,0.0,1.0,3.9781970324648768,True,False,False,False,True,True,0.05,1.0,1776824100,,,,,,,False,
Tokyo,RJTT,2026-04-22,highest-temperature-in-tokyo-on-april-22-2026,highest-temperature-in-tokyo-on-april-22-2026-16c,16°C,0.0,1.0,3.9781970324648768,True,False,False,False,True,True,0.05,1.0,1776824100,,,,,,,False,
Tokyo,RJTT,2026-04-22,highest-temperature-in-tokyo-on-april-22-2026,highest-temperature-in-tokyo-on-april-22-2026-17c,17°C,0.0,1.0,3.9781970324648768,True,False,False,False,True,True,0.05,1.0,1776824100,,,,,,,False,
Tokyo,RJTT,2026-04-22,highest-temperature-in-tokyo-on-april-22-2026,highest-temperature-in-tokyo-on-april-22-2026-18c,18°C,0.0003962228633846987,0.9996037771366153,3.9781970324648768,True,False,False,False,True,True,0.05,1.0,1776824100,,416.0,,,,,False,
Tokyo,RJTT,2026-04-22,highest-temperature-in-tokyo-on-april-22-2026,highest-temperature-in-tokyo-on-april-22-2026-19c,19°C,0.0010301794448002166,0.9989698205551998,3.9781970324648768,True,False,False,False,True,True,0.05,1.0,1776824100,0.9995,55.0,0.99,0.0004950000000000005,0.990495,0.008474820555199769,True,0.009596211995012593
Tokyo,RJTT,2026-04-22,highest-temperature-in-tokyo-on-april-22-2026,highest-temperature-in-tokyo-on-april-22-2026-20c,20°C,0.00365812002528132,0.9963418799747187,3.9781970324648768,True,False,False,False,True,True,0.05,1.0,1776824100,0.9995,55.0,0.99,0.0004950000000000005,0.990495,0.005846879974718666,True,0.009596211995012593
Tokyo,RJTT,2026-04-22,highest-temperature-in-tokyo-on-april-22-2026,highest-temperature-in-tokyo-on-april-22-2026-21c,21°C,0.2894538459260393,0.7105461540739607,3.9781970324648768,True,False,False,False,True,True,0.05,1.0,1776824100,0.998,56.0,0.99,0.0004950000000000005,0.990495,-0.2799488459260393,True,0.009596211995012593
Tokyo,RJTT,2026-04-22,highest-temperature-in-tokyo-on-april-22-2026,highest-temperature-in-tokyo-on-april-22-2026-23c,23°C,0.15403724512485484,0.8459627548751452,3.9781970324648768,True,False,False,False,True,True,0.05,1.0,1776824100,0.635,56.0,0.645,0.01144875,0.65644875,0.18951400487514514,True,0.5233481669361089
Tokyo,RJTT,2026-04-22,highest-temperature-in-tokyo-on-april-22-2026,highest-temperature-in-tokyo-on-april-22-2026-24corhigher,24°C or higher,0.007180922498946628,0.9928190775010534,3.9781970324648768,True,True,False,False,True,True,0.05,1.0,1776824100,0.9045,55.0,0.9145,0.003909487500000001,0.9184094875,0.0744095900010534,True,0.0888389260024931
Tokyo,RJTT,2026-04-23,highest-temperature-in-tokyo-on-april-23-2026,highest-temperature-in-tokyo-on-april-23-2026-13corbelow,13°C or below,0.0,1.0,8.298534224250034,True,True,False,False,True,True,0.05,1.0,1776910500,,,,,,,False,
Tokyo,RJTT,2026-04-23,highest-temperature-in-tokyo-on-april-23-2026,highest-temperature-in-tokyo-on-april-23-2026-14c,14°C,0.0,1.0,8.298534224250034,True,False,False,False,True,True,0.05,1.0,1776910500,,,,,,,False,
Tokyo,RJTT,2026-04-23,highest-temperature-in-tokyo-on-april-23-2026,highest-temperature-in-tokyo-on-april-23-2026-15c,15°C,0.000620217198396987,0.999379782801603,8.298534224250034,True,False,False,False,True,True,0.05,1.0,1776910500,,,,,,,False,
Tokyo,RJTT,2026-04-23,highest-temperature-in-tokyo-on-april-23-2026,highest-temperature-in-tokyo-on-april-23-2026-16c,16°C,0.0016125647158321663,0.9983874352841678,8.298534224250034,True,False,False,False,True,True,0.05,1.0,1776910500,,,,,,,False,
Tokyo,RJTT,2026-04-23,highest-temperature-in-tokyo-on-april-23-2026,highest-temperature-in-tokyo-on-april-23-2026-17c,17°C,0.0101712148973423,0.9898287851026577,8.298534224250034,True,False,False,False,True,True,0.05,1.0,1776910500,,,,,,,False,
Tokyo,RJTT,2026-04-23,highest-temperature-in-tokyo-on-april-23-2026,highest-temperature-in-tokyo-on-april-23-2026-18c,18°C,0.32824141831604137,0.6717585816839586,8.298534224250034,True,False,False,False,True,True,0.05,1.0,1776910500,,,,,,,False,
Tokyo,RJTT,2026-04-23,highest-temperature-in-tokyo-on-april-23-2026,highest-temperature-in-tokyo-on-april-23-2026-20c,20°C,0.0931894920831809,0.906810507916819,8.298534224250034,True,False,False,False,True,True,0.05,1.0,1776910500,0.965,54.0,0.975,0.001218750000000001,0.97621875,-0.06940824208318097,True,0.024360574922372757
Tokyo,RJTT,2026-04-23,highest-temperature-in-tokyo-on-april-23-2026,highest-temperature-in-tokyo-on-april-23-2026-21c,21°C,0.0039867228505187004,0.9960132771494813,8.298534224250034,True,False,False,False,True,True,0.05,1.0,1776910500,0.9875,54.0,0.99,0.0004950000000000005,0.990495,0.005518277149481277,True,0.009596211995012593
Tokyo,RJTT,2026-04-23,highest-temperature-in-tokyo-on-april-23-2026,highest-temperature-in-tokyo-on-april-23-2026-22c,22°C,0.0035596104213621027,0.9964403895786379,8.298534224250034,True,False,False,False,True,True,0.05,1.0,1776910500,0.9975,53.0,0.99,0.0004950000000000005,0.990495,0.005945389578637883,True,0.009596211995012593
Tokyo,RJTT,2026-04-23,highest-temperature-in-tokyo-on-april-23-2026,highest-temperature-in-tokyo-on-april-23-2026-23corhigher,23°C or higher,0.0,1.0,8.298534224250034,True,True,False,False,True,True,0.05,1.0,1776910500,0.9975,54.0,0.99,0.0004950000000000005,0.990495,0.009504999999999986,True,0.009596211995012593
Tokyo,RJTT,2026-04-24,highest-temperature-in-tokyo-on-april-24-2026,highest-temperature-in-tokyo-on-april-24-2026-14corbelow,14°C or below,0.0006824501325561335,0.9993175498674439,3.235465096874933,True,True,False,False,True,True,0.05,1.0,1776996900,,,,,,,False,
Tokyo,RJTT,2026-04-24,highest-temperature-in-tokyo-on-april-24-2026,highest-temperature-in-tokyo-on-april-24-2026-15c,15°C,0.0017743703446459471,0.9982256296553541,3.235465096874933,True,False,False,False,True,True,0.05,1.0,1776996900,0.9995,56.0,0.99,0.0004950000000000005,0.990495,0.007730629655354093,True,0.009596211995012593
Tokyo,RJTT,2026-04-24,highest-temperature-in-tokyo-on-april-24-2026,highest-temperature-in-tokyo-on-april-24-2026-16c,16°C,0.008993979437736612,0.9910060205622634,3.235465096874933,True,False,False,False,True,True,0.05,1.0,1776996900,0.9995,55.0,0.99,0.0004950000000000005,0.990495,0.0005110205622633757,True,0.009596211995012593
Tokyo,RJTT,2026-04-24,highest-temperature-in-tokyo-on-april-24-2026,highest-temperature-in-tokyo-on-april-24-2026-17c,17°C,0.2537404541873284,0.7462595458126716,3.235465096874933,True,False,False,False,True,True,0.05,1.0,1776996900,0.815,56.0,0.825,0.007218750000000002,0.83221875,-0.08595920418732839,True,0.20160714956253978
Tokyo,RJTT,2026-04-24,highest-temperature-in-tokyo-on-april-24-2026,highest-temperature-in-tokyo-on-april-24-2026-19c,19°C,0.18727215681018627,0.8127278431898137,3.235465096874933,True,False,False,False,True,True,0.05,1.0,1776996900,0.755,56.0,0.765,0.00898875,0.77398875,0.03873909318981372,True,0.29200844327517683
Tokyo,RJTT,2026-04-24,highest-temperature-in-tokyo-on-april-24-2026,highest-temperature-in-tokyo-on-april-24-2026-20c,20°C,0.012698632294101949,0.987301367705898,3.235465096874933,True,False,False,False,True,True,0.05,1.0,1776996900,0.9885,56.0,0.99,0.0004950000000000005,0.990495,-0.003193632294101967,True,0.009596211995012593
Tokyo,RJTT,2026-04-24,highest-temperature-in-tokyo-on-april-24-2026,highest-temperature-in-tokyo-on-april-24-2026-21c,21°C,0.003729435099153438,0.9962705649008465,3.235465096874933,True,False,False,False,True,True,0.05,1.0,1776996900,0.9935,56.0,0.99,0.0004950000000000005,0.990495,0.005775564900846519,True,0.009596211995012593
Tokyo,RJTT,2026-04-24,highest-temperature-in-tokyo-on-april-24-2026,highest-temperature-in-tokyo-on-april-24-2026-22c,22°C,0.0,1.0,3.235465096874933,True,False,False,False,True,True,0.05,1.0,1776996900,0.9955,55.0,0.99,0.0004950000000000005,0.990495,0.009504999999999986,True,0.009596211995012593
Tokyo,RJTT,2026-04-24,highest-temperature-in-tokyo-on-april-24-2026,highest-temperature-in-tokyo-on-april-24-2026-23c,23°C,0.0,1.0,3.235465096874933,True,False,False,False,True,True,0.05,1.0,1776996900,0.996,55.0,0.99,0.0004950000000000005,0.990495,0.009504999999999986,True,0.009596211995012593
Tokyo,RJTT,2026-04-24,highest-temperature-in-tokyo-on-april-24-2026,highest-temperature-in-tokyo-on-april-24-2026-24corhigher,24°C or higher,0.0,1.0,3.235465096874933,True,True,False,False,True,True,0.05,1.0,1776996900,0.999,55.0,0.99,0.0004950000000000005,0.990495,0.009504999999999986,True,0.009596211995012593
Tokyo,RJTT,2026-04-25,highest-temperature-in-tokyo-on-april-25-2026,highest-temperature-in-tokyo-on-april-25-2026-12corbelow,12°C or below,0.0,1.0,1.3417078385741377,True,True,False,False,True,True,0.05,1.0,1777083300,,,,,,,False,
Tokyo,RJTT,2026-04-25,highest-temperature-in-tokyo-on-april-25-2026,highest-temperature-in-tokyo-on-april-25-2026-13c,13°C,0.0,1.0,1.3417078385741377,True,False,False,False,True,True,0.05,1.0,1777083300,,,,,,,False,
Tokyo,RJTT,2026-04-25,highest-temperature-in-tokyo-on-april-25-2026,highest-temperature-in-tokyo-on-april-25-2026-14c,14°C,0.0011054923470753411,0.9988945076529246,1.3417078385741377,True,False,False,False,True,True,0.05,1.0,1777083300,,,,,,,False,
Tokyo,RJTT,2026-04-25,highest-temperature-in-tokyo-on-april-25-2026,highest-temperature-in-tokyo-on-april-25-2026-15c,15°C,0.002874280102395887,0.9971257198976041,1.3417078385741377,True,False,False,False,True,True,0.05,1.0,1777083300,0.9995,55.0,0.99,0.0004950000000000005,0.990495,0.006630719897604109,True,0.009596211995012593
Tokyo,RJTT,2026-04-25,highest-temperature-in-tokyo-on-april-25-2026,highest-temperature-in-tokyo-on-april-25-2026-16c,16°C,0.007386123166255642,0.9926138768337444,1.3417078385741377,True,False,False,False,True,True,0.05,1.0,1777083300,0.9915,55.0,0.99,0.0004950000000000005,0.990495,0.002118876833744343,True,0.009596211995012593
Tokyo,RJTT,2026-04-25,highest-temperature-in-tokyo-on-april-25-2026,highest-temperature-in-tokyo-on-april-25-2026-17c,17°C,0.23064984034756955,0.7693501596524305,1.3417078385741377,True,False,False,False,True,True,0.05,1.0,1777083300,0.84,55.0,0.85,0.0063750000000000005,0.856375,-0.08702484034756952,True,0.16771274266530445
Tokyo,RJTT,2026-04-25,highest-temperature-in-tokyo-on-april-25-2026,highest-temperature-in-tokyo-on-april-25-2026-19c,19°C,0.18728114330159193,0.812718856698408,1.3417078385741377,True,False,False,False,True,True,0.05,1.0,1777083300,0.755,56.0,0.765,0.00898875,0.77398875,0.03873010669840804,True,0.29200844327517683
Tokyo,RJTT,2026-04-25,highest-temperature-in-tokyo-on-april-25-2026,highest-temperature-in-tokyo-on-april-25-2026-20c,20°C,0.023277460124096476,0.9767225398759035,1.3417078385741377,True,False,False,False,True,True,0.05,1.0,1777083300,0.946,55.0,0.956,0.002103200000000002,0.9581031999999999,0.018619339875903584,True,0.04372890102026594
Tokyo,RJTT,2026-04-25,highest-temperature-in-tokyo-on-april-25-2026,highest-temperature-in-tokyo-on-april-25-2026-21c,21°C,0.0038381090277173615,0.9961618909722827,1.3417078385741377,True,False,False,False,True,True,0.05,1.0,1777083300,0.9905,55.0,0.99,0.0004950000000000005,0.990495,0.005666890972282679,True,0.009596211995012593
Tokyo,RJTT,2026-04-25,highest-temperature-in-tokyo-on-april-25-2026,highest-temperature-in-tokyo-on-april-25-2026-22corhigher,22°C or higher,0.0,1.0,1.3417078385741377,True,True,False,False,True,True,0.05,1.0,1777083300,0.9955,55.0,0.99,0.0004950000000000005,0.990495,0.009504999999999986,True,0.009596211995012593
Tokyo,RJTT,2026-04-26,highest-temperature-in-tokyo-on-april-26-2026,highest-temperature-in-tokyo-on-april-26-2026-13corbelow,13°C or below,0.0,1.0,3.391807407187571,True,True,False,False,True,True,0.05,1.0,1777169700,,,,,,,False,
Tokyo,RJTT,2026-04-26,highest-temperature-in-tokyo-on-april-26-2026,highest-temperature-in-tokyo-on-april-26-2026-14c,14°C,0.0,1.0,3.391807407187571,True,False,False,False,True,True,0.05,1.0,1777169700,,,,,,,False,
Tokyo,RJTT,2026-04-26,highest-temperature-in-tokyo-on-april-26-2026,highest-temperature-in-tokyo-on-april-26-2026-15c,15°C,0.0,1.0,3.391807407187571,True,False,False,False,True,True,0.05,1.0,1777169700,,,,,,,False,
Tokyo,RJTT,2026-04-26,highest-temperature-in-tokyo-on-april-26-2026,highest-temperature-in-tokyo-on-april-26-2026-16c,16°C,0.000902071031033341,0.9990979289689667,3.391807407187571,True,False,False,False,True,True,0.05,1.0,1777169700,,417.0,,,,,False,
Tokyo,RJTT,2026-04-26,highest-temperature-in-tokyo-on-april-26-2026,highest-temperature-in-tokyo-on-april-26-2026-17c,17°C,0.0023453846806866865,0.9976546153193133,3.391807407187571,True,False,False,False,True,True,0.05,1.0,1777169700,0.9995,55.0,0.99,0.0004950000000000005,0.990495,0.007159615319313306,True,0.009596211995012593
Tokyo,RJTT,2026-04-26,highest-temperature-in-tokyo-on-april-26-2026,highest-temperature-in-tokyo-on-april-26-2026-18c,18°C,0.004560497390664109,0.9954395026093359,3.391807407187571,True,False,False,False,True,True,0.05,1.0,1777169700,0.9935,55.0,0.99,0.0004950000000000005,0.990495,0.004944502609335877,True,0.009596211995012593
Tokyo,RJTT,2026-04-26,highest-temperature-in-tokyo-on-april-26-2026,highest-temperature-in-tokyo-on-april-26-2026-19c,19°C,0.26047574729658296,0.739524252703417,3.391807407187571,True,False,False,False,True,True,0.05,1.0,1777169700,0.89,55.0,0.9,0.0045,0.9045,-0.16497574729658293,True,0.10558319513543402
Tokyo,RJTT,2026-04-26,highest-temperature-in-tokyo-on-april-26-2026,highest-temperature-in-tokyo-on-april-26-2026-21c,21°C,0.2027759696227518,0.7972240303772482,3.391807407187571,True,False,False,False,True,True,0.05,1.0,1777169700,0.645,55.0,0.655,0.01129875,0.66629875,0.13092528037724815,True,0.500828269601286
Tokyo,RJTT,2026-04-26,highest-temperature-in-tokyo-on-april-26-2026,highest-temperature-in-tokyo-on-april-26-2026-22c,22°C,0.017646927257486376,0.9823530727425136,3.391807407187571,True,False,False,False,True,True,0.05,1.0,1777169700,0.977,56.0,0.987,0.0006415500000000006,0.98764155,-0.005288477257486379,True,0.012513092427105743
Tokyo,RJTT,2026-04-26,highest-temperature-in-tokyo-on-april-26-2026,highest-temperature-in-tokyo-on-april-26-2026-23corhigher,23°C or higher,0.002982478456279968,0.99701752154372,3.391807407187571,True,True,False,False,True,True,0.05,1.0,1777169700,0.992,56.0,0.99,0.0004950000000000005,0.990495,0.006522521543720017,True,0.009596211995012593
Tokyo,RJTT,2026-04-27,highest-temperature-in-tokyo-on-april-27-2026,highest-temperature-in-tokyo-on-april-27-2026-11corbelow,11°C or below,0.0,1.0,3.8160955321875454,True,True,False,False,True,True,0.05,1.0,1777256100,,,,,,,False,
Tokyo,RJTT,2026-04-27,highest-temperature-in-tokyo-on-april-27-2026,highest-temperature-in-tokyo-on-april-27-2026-12c,12°C,0.0,1.0,3.8160955321875454,True,False,False,False,True,True,0.05,1.0,1777256100,,,,,,,False,
Tokyo,RJTT,2026-04-27,highest-temperature-in-tokyo-on-april-27-2026,highest-temperature-in-tokyo-on-april-27-2026-13c,13°C,0.0,1.0,3.8160955321875454,True,False,False,False,True,True,0.05,1.0,1777256100,,,,,,,False,
Tokyo,RJTT,2026-04-27,highest-temperature-in-tokyo-on-april-27-2026,highest-temperature-in-tokyo-on-april-27-2026-14c,14°C,0.0,1.0,3.8160955321875454,True,False,False,False,True,True,0.05,1.0,1777256100,,,,,,,False,
Tokyo,RJTT,2026-04-27,highest-temperature-in-tokyo-on-april-27-2026,highest-temperature-in-tokyo-on-april-27-2026-15c,15°C,0.0010535685914797588,0.9989464314085202,3.8160955321875454,True,False,False,False,True,True,0.05,1.0,1777256100,,,,,,,False,
Tokyo,RJTT,2026-04-27,highest-temperature-in-tokyo-on-april-27-2026,highest-temperature-in-tokyo-on-april-27-2026-16c,16°C,0.002739278337847373,0.9972607216621526,3.8160955321875454,True,False,False,False,True,True,0.05,1.0,1777256100,,,,,,,False,
Tokyo,RJTT,2026-04-27,highest-temperature-in-tokyo-on-april-27-2026,highest-temperature-in-tokyo-on-april-27-2026-17c,17°C,0.007067991485254943,0.9929320085147451,3.8160955321875454,True,False,False,False,True,True,0.05,1.0,1777256100,,,,,,,False,
Tokyo,RJTT,2026-04-27,highest-temperature-in-tokyo-on-april-27-2026,highest-temperature-in-tokyo-on-april-27-2026-18c,18°C,0.12375785991129364,0.8762421400887064,3.8160955321875454,True,False,False,False,True,True,0.05,1.0,1777256100,0.44,56.0,0.45,0.012375000000000002,0.46237500000000004,0.41386714008870634,True,1.1627466882941335
Tokyo,RJTT,2026-04-27,highest-temperature-in-tokyo-on-april-27-2026,highest-temperature-in-tokyo-on-april-27-2026-20c,20°C,0.2934880662832253,0.7065119337167747,3.8160955321875454,True,False,False,False,False,True,0.05,1.0,1777256100,0.8685,56.0,0.8785000000000001,0.005336887499999998,0.8838368875,-0.17732495378322533,True,-1.0
Tokyo,RJTT,2026-04-27,highest-temperature-in-tokyo-on-april-27-2026,highest-temperature-in-tokyo-on-april-27-2026-21corhigher,21°C or higher,0.05581829493965657,0.9441817050603434,3.8160955321875454,True,True,False,False,True,True,0.05,1.0,1777256100,0.9145,57.0,0.9245,0.0034899875000000006,0.9279899875,0.016191717560343433,True,0.07759783345722804
Tokyo,RJTT,2026-04-28,highest-temperature-in-tokyo-on-april-28-2026,highest-temperature-in-tokyo-on-april-28-2026-15corbelow,15°C or below,0.0,1.0,3.676673842558756,True,True,False,False,True,True,0.05,1.0,1777342500,,,,,,,False,
Tokyo,RJTT,2026-04-28,highest-temperature-in-tokyo-on-april-28-2026,highest-temperature-in-tokyo-on-april-28-2026-16c,16°C,0.0,1.0,3.676673842558756,True,False,False,False,True,True,0.05,1.0,1777342500,,,,,,,False,
Tokyo,RJTT,2026-04-28,highest-temperature-in-tokyo-on-april-28-2026,highest-temperature-in-tokyo-on-april-28-2026-17c,17°C,0.0,1.0,3.676673842558756,True,False,False,False,True,True,0.05,1.0,1777342500,,,,,,,False,
Tokyo,RJTT,2026-04-28,highest-temperature-in-tokyo-on-april-28-2026,highest-temperature-in-tokyo-on-april-28-2026-18c,18°C,0.0,1.0,3.676673842558756,True,False,False,False,True,True,0.05,1.0,1777342500,,1795.0,,,,,False,
Tokyo,RJTT,2026-04-28,highest-temperature-in-tokyo-on-april-28-2026,highest-temperature-in-tokyo-on-april-28-2026-19c,19°C,0.0007270057076143461,0.9992729942923857,3.676673842558756,True,False,False,False,True,True,0.05,1.0,1777342500,0.9995,56.0,0.99,0.0004950000000000005,0.990495,0.008777994292385682,True,0.009596211995012593
Tokyo,RJTT,2026-04-28,highest-temperature-in-tokyo-on-april-28-2026,highest-temperature-in-tokyo-on-april-28-2026-20c,20°C,0.0018902148397972997,0.9981097851602027,3.676673842558756,True,False,False,False,True,True,0.05,1.0,1777342500,0.9995,56.0,0.99,0.0004950000000000005,0.990495,0.007614785160202642,True,0.009596211995012593
Tokyo,RJTT,2026-04-28,highest-temperature-in-tokyo-on-april-28-2026,highest-temperature-in-tokyo-on-april-28-2026-21c,21°C,0.0026876945502879433,0.997312305449712,3.676673842558756,True,False,False,False,True,True,0.05,1.0,1777342500,0.9995,56.0,0.99,0.0004950000000000005,0.990495,0.006817305449712041,True,0.009596211995012593
Tokyo,RJTT,2026-04-28,highest-temperature-in-tokyo-on-april-28-2026,highest-temperature-in-tokyo-on-april-28-2026-22c,22°C,0.22804230200150388,0.7719576979984961,3.676673842558756,True,False,False,False,True,True,0.05,1.0,1777342500,0.91,56.0,0.92,0.003679999999999999,0.9236800000000001,-0.15172230200150394,True,0.08262601766845656
Tokyo,RJTT,2026-04-28,highest-temperature-in-tokyo-on-april-28-2026,highest-temperature-in-tokyo-on-april-28-2026-24c,24°C,0.22284601272303947,0.7771539872769605,3.676673842558756,True,False,False,False,True,True,0.05,1.0,1777342500,0.79,56.0,0.8,0.007999999999999998,0.808,-0.03084601272303955,True,0.2376237623762376
Tokyo,RJTT,2026-04-28,highest-temperature-in-tokyo-on-april-28-2026,highest-temperature-in-tokyo-on-april-28-2026-25corhigher,25°C or higher,0.01578029534768799,0.984219704652312,3.676673842558756,True,True,False,False,True,True,0.05,1.0,1777342500,0.957,56.0,0.967,0.0015955500000000016,0.96859555,0.015624154652312039,True,0.03242266599304533
Tokyo,RJTT,2026-04-29,highest-temperature-in-tokyo-on-april-29-2026,highest-temperature-in-tokyo-on-april-29-2026-14corbelow,14°C or below,0.0,1.0,5.7414298746093095,True,True,False,False,True,True,0.05,1.0,1777428900,,,,,,,False,
Tokyo,RJTT,2026-04-29,highest-temperature-in-tokyo-on-april-29-2026,highest-temperature-in-tokyo-on-april-29-2026-15c,15°C,0.0,1.0,5.7414298746093095,True,False,False,False,True,True,0.05,1.0,1777428900,,,,,,,False,
Tokyo,RJTT,2026-04-29,highest-temperature-in-tokyo-on-april-29-2026,highest-temperature-in-tokyo-on-april-29-2026-16c,16°C,0.0005868316441604325,0.9994131683558396,5.7414298746093095,True,False,False,False,True,True,0.05,1.0,1777428900,,,,,,,False,
Tokyo,RJTT,2026-04-29,highest-temperature-in-tokyo-on-april-29-2026,highest-temperature-in-tokyo-on-april-29-2026-17c,17°C,0.0015257622748171243,0.9984742377251828,5.7414298746093095,True,False,False,False,True,True,0.05,1.0,1777428900,,,,,,,False,
Tokyo,RJTT,2026-04-29,highest-temperature-in-tokyo-on-april-29-2026,highest-temperature-in-tokyo-on-april-29-2026-18c,18°C,0.011415318594007238,0.9885846814059928,5.7414298746093095,True,False,False,False,True,True,0.05,1.0,1777428900,,,,,,,False,
Tokyo,RJTT,2026-04-29,highest-temperature-in-tokyo-on-april-29-2026,highest-temperature-in-tokyo-on-april-29-2026-19c,19°C,0.1963556268350137,0.8036443731649863,5.7414298746093095,True,False,False,False,True,True,0.05,1.0,1777428900,,,,,,,False,
Tokyo,RJTT,2026-04-29,highest-temperature-in-tokyo-on-april-29-2026,highest-temperature-in-tokyo-on-april-29-2026-21c,21°C,0.16559206181936464,0.8344079381806353,5.7414298746093095,True,False,False,False,True,True,0.05,1.0,1777428900,0.925,56.0,0.935,0.003038749999999998,0.93803875,-0.10363081181936473,True,0.06605404094447054
Tokyo,RJTT,2026-04-29,highest-temperature-in-tokyo-on-april-29-2026,highest-temperature-in-tokyo-on-april-29-2026-22c,22°C,0.01941459338571366,0.9805854066142864,5.7414298746093095,True,False,False,False,True,True,0.05,1.0,1777428900,0.979,55.0,0.989,0.0005439500000000005,0.98954395,-0.008958543385713558,True,0.010566534210026735
Tokyo,RJTT,2026-04-29,highest-temperature-in-tokyo-on-april-29-2026,highest-temperature-in-tokyo-on-april-29-2026-23c,23°C,0.004979558631881098,0.995020441368119,5.7414298746093095,True,False,False,False,True,True,0.05,1.0,1777428900,0.997,56.0,0.99,0.0004950000000000005,0.990495,0.004525441368118943,True,0.009596211995012593
Tokyo,RJTT,2026-04-29,highest-temperature-in-tokyo-on-april-29-2026,highest-temperature-in-tokyo-on-april-29-2026-24corhigher,24°C or higher,0.0,1.0,5.7414298746093095,True,True,False,False,True,True,0.05,1.0,1777428900,0.998,56.0,0.99,0.0004950000000000005,0.990495,0.009504999999999986,True,0.009596211995012593
Tokyo,RJTT,2026-04-30,highest-temperature-in-tokyo-on-april-30-2026,highest-temperature-in-tokyo-on-april-30-2026-11corbelow,11°C or below,0.0,1.0,1.9177656843165067,True,True,False,False,True,True,0.05,1.0,1777515300,,,,,,,False,
Tokyo,RJTT,2026-04-30,highest-temperature-in-tokyo-on-april-30-2026,highest-temperature-in-tokyo-on-april-30-2026-12c,12°C,0.0009307412129125645,0.9990692587870874,1.9177656843165067,True,False,False,False,True,True,0.05,1.0,1777515300,,,,,,,False,
Tokyo,RJTT,2026-04-30,highest-temperature-in-tokyo-on-april-30-2026,highest-temperature-in-tokyo-on-april-30-2026-13c,13°C,0.0024199271535726673,0.9975800728464274,1.9177656843165067,True,False,False,False,True,True,0.05,1.0,1777515300,,,,,,,False,
Tokyo,RJTT,2026-04-30,highest-temperature-in-tokyo-on-april-30-2026,highest-temperature-in-tokyo-on-april-30-2026-14c,14°C,0.009142308437796618,0.9908576915622034,1.9177656843165067,True,False,False,False,True,True,0.05,1.0,1777515300,,,,,,,False,
Tokyo,RJTT,2026-04-30,highest-temperature-in-tokyo-on-april-30-2026,highest-temperature-in-tokyo-on-april-30-2026-15c,15°C,0.196337259899487,0.803662740100513,1.9177656843165067,True,False,False,False,True,True,0.05,1.0,1777515300,0.845,55.0,0.855,0.006198750000000001,0.86119875,-0.05753600989948704,True,0.1611721452219943
Tokyo,RJTT,2026-04-30,highest-temperature-in-tokyo-on-april-30-2026,highest-temperature-in-tokyo-on-april-30-2026-17c,17°C,0.15268048559562375,0.8473195144043763,1.9177656843165067,True,False,False,False,True,True,0.05,1.0,1777515300,0.845,55.0,0.855,0.006198750000000001,0.86119875,-0.013879235595623762,True,0.1611721452219943
Tokyo,RJTT,2026-04-30,highest-temperature-in-tokyo-on-april-30-2026,highest-temperature-in-tokyo-on-april-30-2026-18c,18°C,0.019144038873729237,0.9808559611262707,1.9177656843165067,True,False,False,False,True,True,0.05,1.0,1777515300,0.985,55.0,0.99,0.0004950000000000005,0.990495,-0.0096390388737293,True,0.009596211995012593
Tokyo,RJTT,2026-04-30,highest-temperature-in-tokyo-on-april-30-2026,highest-temperature-in-tokyo-on-april-30-2026-19c,19°C,0.00556227879514515,0.9944377212048549,1.9177656843165067,True,False,False,False,True,True,0.05,1.0,1777515300,0.996,55.0,0.99,0.0004950000000000005,0.990495,0.003942721204854838,True,0.009596211995012593
Tokyo,RJTT,2026-04-30,highest-temperature-in-tokyo-on-april-30-2026,highest-temperature-in-tokyo-on-april-30-2026-20c,20°C,0.0,1.0,1.9177656843165067,True,False,False,False,True,True,0.05,1.0,1777515300,0.9975,55.0,0.99,0.0004950000000000005,0.990495,0.009504999999999986,True,0.009596211995012593
Tokyo,RJTT,2026-04-30,highest-temperature-in-tokyo-on-april-30-2026,highest-temperature-in-tokyo-on-april-30-2026-21corhigher,21°C or higher,0.0,1.0,1.9177656843165067,True,True,False,False,True,True,0.05,1.0,1777515300,0.998,55.0,0.99,0.0004950000000000005,0.990495,0.009504999999999986,True,0.009596211995012593
Tokyo,RJTT,2026-05-01,highest-temperature-in-tokyo-on-may-1-2026,highest-temperature-in-tokyo-on-may-1-2026-11corbelow,11°C or below,0.0,1.0,5.260930285957031,True,True,False,False,True,True,0.05,1.0,1777601700,,,,,,,False,
Tokyo,RJTT,2026-05-01,highest-temperature-in-tokyo-on-may-1-2026,highest-temperature-in-tokyo-on-may-1-2026-12c,12°C,0.0,1.0,5.260930285957031,True,False,False,False,True,True,0.05,1.0,1777601700,0.9995,56.0,0.99,0.0004950000000000005,0.990495,0.009504999999999986,True,0.009596211995012593
Tokyo,RJTT,2026-05-01,highest-temperature-in-tokyo-on-may-1-2026,highest-temperature-in-tokyo-on-may-1-2026-13c,13°C,0.0,1.0,5.260930285957031,True,False,False,False,True,True,0.05,1.0,1777601700,0.9995,56.0,0.99,0.0004950000000000005,0.990495,0.009504999999999986,True,0.009596211995012593
Tokyo,RJTT,2026-05-01,highest-temperature-in-tokyo-on-may-1-2026,highest-temperature-in-tokyo-on-may-1-2026-14c,14°C,0.0,1.0,5.260930285957031,True,False,False,False,True,True,0.05,1.0,1777601700,0.9995,56.0,0.99,0.0004950000000000005,0.990495,0.009504999999999986,True,0.009596211995012593
Tokyo,RJTT,2026-05-01,highest-temperature-in-tokyo-on-may-1-2026,highest-temperature-in-tokyo-on-may-1-2026-15c,15°C,0.008033950546829743,0.9919660494531702,5.260930285957031,True,False,False,False,True,True,0.05,1.0,1777601700,0.9955,56.0,0.99,0.0004950000000000005,0.990495,0.0014710494531702256,True,0.009596211995012593
Tokyo,RJTT,2026-05-01,highest-temperature-in-tokyo-on-may-1-2026,highest-temperature-in-tokyo-on-may-1-2026-16c,16°C,0.02088827142175733,0.9791117285782427,5.260930285957031,True,False,False,False,True,True,0.05,1.0,1777601700,0.9945,56.0,0.99,0.0004950000000000005,0.990495,-0.011383271421757324,True,0.009596211995012593
Tokyo,RJTT,2026-05-01,highest-temperature-in-tokyo-on-may-1-2026,highest-temperature-in-tokyo-on-may-1-2026-17c,17°C,0.1103303734288321,0.8896696265711679,5.260930285957031,True,False,False,False,True,True,0.05,1.0,1777601700,0.971,56.0,0.981,0.0009319500000000008,0.98193195,-0.09226232342883212,True,0.018400511359264682
Tokyo,RJTT,2026-05-01,highest-temperature-in-tokyo-on-may-1-2026,highest-temperature-in-tokyo-on-may-1-2026-18c,18°C,0.15994127406827718,0.8400587259317228,5.260930285957031,True,False,False,False,True,True,0.05,1.0,1777601700,0.92,56.0,0.93,0.0032549999999999983,0.9332550000000001,-0.09319627406827724,True,0.07151850244574098
Tokyo,RJTT,2026-05-01,highest-temperature-in-tokyo-on-may-1-2026,highest-temperature-in-tokyo-on-may-1-2026-19c,19°C,0.1082192461842567,0.8917807538157433,5.260930285957031,True,False,True,False,True,True,0.05,1.0,1777601700,0.775,56.0,0.785,0.00843875,0.7934387500000001,0.0983420038157432,True,0.26033673046596206
Tokyo,RJTT,2026-05-01,highest-temperature-in-tokyo-on-may-1-2026,highest-temperature-in-tokyo-on-may-1-2026-21corhigher,21°C or higher,0.15783840912285868,0.8421615908771414,5.260930285957031,True,True,False,False,False,True,0.05,1.0,1777601700,0.636,56.0,0.646,0.0114342,0.6574342,0.1847273908771414,True,-1.0
Tokyo,RJTT,2026-05-02,highest-temperature-in-tokyo-on-may-2-2026,highest-temperature-in-tokyo-on-may-2-2026-15corbelow,15°C or below,0.0,1.0,7.089108950214907,True,True,False,False,True,True,0.05,1.0,1777688100,,,,,,,False,
Tokyo,RJTT,2026-05-02,highest-temperature-in-tokyo-on-may-2-2026,highest-temperature-in-tokyo-on-may-2-2026-16c,16°C,0.0,1.0,7.089108950214907,True,False,False,False,True,True,0.05,1.0,1777688100,,,,,,,False,
Tokyo,RJTT,2026-05-02,highest-temperature-in-tokyo-on-may-2-2026,highest-temperature-in-tokyo-on-may-2-2026-17c,17°C,0.0,1.0,7.089108950214907,True,False,False,False,True,True,0.05,1.0,1777688100,,,,,,,False,
Tokyo,RJTT,2026-05-02,highest-temperature-in-tokyo-on-may-2-2026,highest-temperature-in-tokyo-on-may-2-2026-18c,18°C,0.0,1.0,7.089108950214907,True,False,False,False,True,True,0.05,1.0,1777688100,,,,,,,False,
Tokyo,RJTT,2026-05-02,highest-temperature-in-tokyo-on-may-2-2026,highest-temperature-in-tokyo-on-may-2-2026-19c,19°C,0.0,1.0,7.089108950214907,True,False,False,False,True,True,0.05,1.0,1777688100,,,,,,,False,
Tokyo,RJTT,2026-05-02,highest-temperature-in-tokyo-on-may-2-2026,highest-temperature-in-tokyo-on-may-2-2026-20c,20°C,0.0,1.0,7.089108950214907,True,False,False,False,True,True,0.05,1.0,1777688100,,,,,,,False,
Tokyo,RJTT,2026-05-02,highest-temperature-in-tokyo-on-may-2-2026,highest-temperature-in-tokyo-on-may-2-2026-21c,21°C,0.0,1.0,7.089108950214907,True,False,False,False,True,True,0.05,1.0,1777688100,0.9995,54.0,0.99,0.0004950000000000005,0.990495,0.009504999999999986,True,0.009596211995012593
Tokyo,RJTT,2026-05-02,highest-temperature-in-tokyo-on-may-2-2026,highest-temperature-in-tokyo-on-may-2-2026-22c,22°C,0.0005601131879005389,0.9994398868120995,7.089108950214907,True,False,False,False,True,True,0.05,1.0,1777688100,0.9995,54.0,0.99,0.0004950000000000005,0.990495,0.008944886812099484,True,0.009596211995012593
Tokyo,RJTT,2026-05-02,highest-temperature-in-tokyo-on-may-2-2026,highest-temperature-in-tokyo-on-may-2-2026-23c,23°C,0.001456294288541401,0.9985437057114586,7.089108950214907,True,False,False,False,True,True,0.05,1.0,1777688100,0.9995,54.0,0.99,0.0004950000000000005,0.990495,0.008048705711458548,True,0.009596211995012593
Tokyo,RJTT,2026-05-02,highest-temperature-in-tokyo-on-may-2-2026,highest-temperature-in-tokyo-on-may-2-2026-24c,24°C,0.005414070754860557,0.9945859292451394,7.089108950214907,True,False,False,False,True,True,0.05,1.0,1777688100,0.9995,54.0,0.99,0.0004950000000000005,0.990495,0.00409092924513943,True,0.009596211995012593
Tokyo,RJTT,2026-05-03,highest-temperature-in-tokyo-on-may-3-2026,highest-temperature-in-tokyo-on-may-3-2026-16corbelow,16°C or below,0.0,1.0,5.704350768632892,False,True,False,False,True,True,0.05,1.0,1777774500,,,,,,,False,
Tokyo,RJTT,2026-05-03,highest-temperature-in-tokyo-on-may-3-2026,highest-temperature-in-tokyo-on-may-3-2026-17c,17°C,0.0,1.0,5.704350768632892,False,False,False,False,True,True,0.05,1.0,1777774500,,,,,,,False,
Tokyo,RJTT,2026-05-03,highest-temperature-in-tokyo-on-may-3-2026,highest-temperature-in-tokyo-on-may-3-2026-18c,18°C,0.0,1.0,5.704350768632892,False,False,False,False,True,True,0.05,1.0,1777774500,,651.0,,,,,False,
Tokyo,RJTT,2026-05-03,highest-temperature-in-tokyo-on-may-3-2026,highest-temperature-in-tokyo-on-may-3-2026-19c,19°C,0.002244589540065017,0.997755410459935,5.704350768632892,False,False,False,False,True,True,0.05,1.0,1777774500,0.9995,44.0,0.99,0.0004950000000000005,0.990495,0.007260410459934974,True,0.009596211995012593
Tokyo,RJTT,2026-05-03,highest-temperature-in-tokyo-on-may-3-2026,highest-temperature-in-tokyo-on-may-3-2026-20c,20°C,0.005835932804169044,0.994164067195831,5.704350768632892,False,False,False,False,True,True,0.05,1.0,1777774500,0.995,43.0,0.99,0.0004950000000000005,0.990495,0.003669067195830933,True,0.009596211995012593
Tokyo,RJTT,2026-05-03,highest-temperature-in-tokyo-on-may-3-2026,highest-temperature-in-tokyo-on-may-3-2026-21c,21°C,0.012223729168607589,0.9877762708313924,5.704350768632892,False,False,False,False,True,True,0.05,1.0,1777774500,0.982,43.0,0.99,0.0004950000000000005,0.990495,-0.002718729168607603,True,0.009596211995012593
Tokyo,RJTT,2026-05-03,highest-temperature-in-tokyo-on-may-3-2026,highest-temperature-in-tokyo-on-may-3-2026-22c,22°C,0.357208795175871,0.642791204824129,5.704350768632892,False,False,False,False,True,True,0.05,1.0,1777774500,0.875,43.0,0.885,0.0050887499999999995,0.89008875,-0.247297545175871,True,0.12348347285593708
Tokyo,RJTT,2026-05-03,highest-temperature-in-tokyo-on-may-3-2026,highest-temperature-in-tokyo-on-may-3-2026-24c,24°C,0.19008749340768313,0.8099125065923168,5.704350768632892,False,False,False,False,True,True,0.05,1.0,1777774500,0.795,43.0,0.805,0.00784875,0.81284875,-0.00293624340768317,True,0.23024117340403127
Tokyo,RJTT,2026-05-03,highest-temperature-in-tokyo-on-may-3-2026,highest-temperature-in-tokyo-on-may-3-2026-25c,25°C,0.017541202354000505,0.9824587976459995,5.704350768632892,False,False,False,False,True,True,0.05,1.0,1777774500,0.96,43.0,0.97,0.0014550000000000014,0.971455,0.011003797645999569,True,0.029383759412427768
Tokyo,RJTT,2026-05-03,highest-temperature-in-tokyo-on-may-3-2026,highest-temperature-in-tokyo-on-may-3-2026-26corhigher,26°C or higher,0.002725848533324561,0.9972741514666754,5.704350768632892,False,True,False,False,True,True,0.05,1.0,1777774500,0.978,44.0,0.988,0.0005928000000000005,0.9885927999999999,0.00868135146667548,True,0.011538825692438914
Tokyo,RJTT,2026-05-04,highest-temperature-in-tokyo-on-may-4-2026,highest-temperature-in-tokyo-on-may-4-2026-18corbelow,18°C or below,0.0,1.0,6.949953882421951,True,True,False,False,True,True,0.05,1.0,1777860900,,,,,,,False,
Tokyo,RJTT,2026-05-04,highest-temperature-in-tokyo-on-may-4-2026,highest-temperature-in-tokyo-on-may-4-2026-19c,19°C,0.0,1.0,6.949953882421951,True,False,False,False,True,True,0.05,1.0,1777860900,,,,,,,False,
Tokyo,RJTT,2026-05-04,highest-temperature-in-tokyo-on-may-4-2026,highest-temperature-in-tokyo-on-may-4-2026-20c,20°C,0.0,1.0,6.949953882421951,True,False,False,False,True,True,0.05,1.0,1777860900,,,,,,,False,
Tokyo,RJTT,2026-05-04,highest-temperature-in-tokyo-on-may-4-2026,highest-temperature-in-tokyo-on-may-4-2026-21c,21°C,0.0,1.0,6.949953882421951,True,False,False,False,True,True,0.05,1.0,1777860900,,,,,,,False,
Tokyo,RJTT,2026-05-04,highest-temperature-in-tokyo-on-may-4-2026,highest-temperature-in-tokyo-on-may-4-2026-22c,22°C,0.0,1.0,6.949953882421951,True,False,False,False,True,True,0.05,1.0,1777860900,0.9995,57.0,0.99,0.0004950000000000005,0.990495,0.009504999999999986,True,0.009596211995012593
Tokyo,RJTT,2026-05-04,highest-temperature-in-tokyo-on-may-4-2026,highest-temperature-in-tokyo-on-may-4-2026-23c,23°C,0.0,1.0,6.949953882421951,True,False,False,False,True,True,0.05,1.0,1777860900,0.9995,56.0,0.99,0.0004950000000000005,0.990495,0.009504999999999986,True,0.009596211995012593
Tokyo,RJTT,2026-05-04,highest-temperature-in-tokyo-on-may-4-2026,highest-temperature-in-tokyo-on-may-4-2026-24c,24°C,0.00031919863941018114,0.9996808013605898,6.949953882421951,True,False,False,False,True,True,0.05,1.0,1777860900,0.9995,57.0,0.99,0.0004950000000000005,0.990495,0.009185801360589774,True,0.009596211995012593
Tokyo,RJTT,2026-05-04,highest-temperature-in-tokyo-on-may-4-2026,highest-temperature-in-tokyo-on-may-4-2026-25c,25°C,0.0008299164624664709,0.9991700835375336,6.949953882421951,True,False,False,False,True,True,0.05,1.0,1777860900,0.9995,57.0,0.99,0.0004950000000000005,0.990495,0.008675083537533546,True,0.009596211995012593
Tokyo,RJTT,2026-05-04,highest-temperature-in-tokyo-on-may-4-2026,highest-temperature-in-tokyo-on-may-4-2026-26c,26°C,0.0008241592195956659,0.9991758407804043,6.949953882421951,True,False,False,False,True,True,0.05,1.0,1777860900,0.9995,57.0,0.99,0.0004950000000000005,0.990495,0.00868084078040432,True,0.009596211995012593
Tokyo,RJTT,2026-05-04,highest-temperature-in-tokyo-on-may-4-2026,highest-temperature-in-tokyo-on-may-4-2026-27c,27°C,0.23442821228503885,0.7655717877149611,6.949953882421951,True,False,False,False,True,True,0.05,1.0,1777860900,0.295,57.0,0.305,0.010598750000000002,0.31559875,0.44997303771496117,True,2.1685803571782207
Tokyo,RJTT,2026-05-05,highest-temperature-in-tokyo-on-may-5-2026,highest-temperature-in-tokyo-on-may-5-2026-13corbelow,13°C or below,0.0,1.0,4.43790850679305,True,True,False,False,True,True,0.05,1.0,1777947300,,,,,,,False,
Tokyo,RJTT,2026-05-05,highest-temperature-in-tokyo-on-may-5-2026,highest-temperature-in-tokyo-on-may-5-2026-14c,14°C,0.0,1.0,4.43790850679305,True,False,False,False,True,True,0.05,1.0,1777947300,,,,,,,False,
Tokyo,RJTT,2026-05-05,highest-temperature-in-tokyo-on-may-5-2026,highest-temperature-in-tokyo-on-may-5-2026-15c,15°C,0.0,1.0,4.43790850679305,True,False,False,False,True,True,0.05,1.0,1777947300,,,,,,,False,
Tokyo,RJTT,2026-05-05,highest-temperature-in-tokyo-on-may-5-2026,highest-temperature-in-tokyo-on-may-5-2026-16c,16°C,0.0,1.0,4.43790850679305,True,False,False,False,True,True,0.05,1.0,1777947300,,,,,,,False,
Tokyo,RJTT,2026-05-05,highest-temperature-in-tokyo-on-may-5-2026,highest-temperature-in-tokyo-on-may-5-2026-17c,17°C,0.0005136491530070069,0.999486350846993,4.43790850679305,True,False,False,False,True,True,0.05,1.0,1777947300,,,,,,,False,
Tokyo,RJTT,2026-05-05,highest-temperature-in-tokyo-on-may-5-2026,highest-temperature-in-tokyo-on-may-5-2026-18c,18°C,0.001335487797818218,0.9986645122021818,4.43790850679305,True,False,False,False,True,True,0.05,1.0,1777947300,,955.0,,,,,False,
Tokyo,RJTT,2026-05-05,highest-temperature-in-tokyo-on-may-5-2026,highest-temperature-in-tokyo-on-may-5-2026-19c,19°C,0.006297800209687954,0.993702199790312,4.43790850679305,True,False,False,False,True,True,0.05,1.0,1777947300,0.9995,56.0,0.99,0.0004950000000000005,0.990495,0.003207199790312032,True,0.009596211995012593
Tokyo,RJTT,2026-05-05,highest-temperature-in-tokyo-on-may-5-2026,highest-temperature-in-tokyo-on-may-5-2026-20c,20°C,0.24400065666881315,0.7559993433311869,4.43790850679305,True,False,False,False,True,True,0.05,1.0,1777947300,0.998,55.0,0.99,0.0004950000000000005,0.990495,-0.2344956566688131,True,0.009596211995012593
Tokyo,RJTT,2026-05-05,highest-temperature-in-tokyo-on-may-5-2026,highest-temperature-in-tokyo-on-may-5-2026-22c,22°C,0.16915914757948264,0.8308408524205173,4.43790850679305,True,False,False,False,False,True,0.05,1.0,1777947300,0.7,55.0,0.71,0.010295000000000002,0.720295,0.11054585242051729,True,-1.0
Tokyo,RJTT,2026-05-05,highest-temperature-in-tokyo-on-may-5-2026,highest-temperature-in-tokyo-on-may-5-2026-23corhigher,23°C or higher,0.014648886947687437,0.9853511130523126,4.43790850679305,True,True,False,False,True,True,0.05,1.0,1777947300,0.415,56.0,0.425,0.01221875,0.43721875,0.5481323630523126,True,1.2871846186834395
Tokyo,RJTT,2026-05-06,highest-temperature-in-tokyo-on-may-6-2026,highest-temperature-in-tokyo-on-may-6-2026-14corbelow,14°C or below,0.0,1.0,3.539409294902427,True,True,False,False,True,True,0.05,1.0,1778033700,,,,,,,False,
Tokyo,RJTT,2026-05-06,highest-temperature-in-tokyo-on-may-6-2026,highest-temperature-in-tokyo-on-may-6-2026-15c,15°C,0.0,1.0,3.539409294902427,True,False,False,False,True,True,0.05,1.0,1778033700,,,,,,,False,
Tokyo,RJTT,2026-05-06,highest-temperature-in-tokyo-on-may-6-2026,highest-temperature-in-tokyo-on-may-6-2026-16c,16°C,0.0,1.0,3.539409294902427,True,False,False,False,True,True,0.05,1.0,1778033700,,,,,,,False,
Tokyo,RJTT,2026-05-06,highest-temperature-in-tokyo-on-may-6-2026,highest-temperature-in-tokyo-on-may-6-2026-17c,17°C,0.0,1.0,3.539409294902427,True,False,False,False,True,True,0.05,1.0,1778033700,,,,,,,False,
Tokyo,RJTT,2026-05-06,highest-temperature-in-tokyo-on-may-6-2026,highest-temperature-in-tokyo-on-may-6-2026-18c,18°C,0.00040752465703015097,0.9995924753429698,3.539409294902427,True,False,False,False,True,True,0.05,1.0,1778033700,,,,,,,False,
Tokyo,RJTT,2026-05-06,highest-temperature-in-tokyo-on-may-6-2026,highest-temperature-in-tokyo-on-may-6-2026-19c,19°C,0.0010595641082783926,0.9989404358917217,3.539409294902427,True,False,False,False,True,True,0.05,1.0,1778033700,0.9995,55.0,0.99,0.0004950000000000005,0.990495,0.008445435891721642,True,0.009596211995012593
Tokyo,RJTT,2026-05-06,highest-temperature-in-tokyo-on-may-6-2026,highest-temperature-in-tokyo-on-may-6-2026-20c,20°C,0.0043838477738216124,0.9956161522261784,3.539409294902427,True,False,False,False,True,True,0.05,1.0,1778033700,0.9995,52.0,0.99,0.0004950000000000005,0.990495,0.0051211522261783715,True,0.009596211995012593
Tokyo,RJTT,2026-05-06,highest-temperature-in-tokyo-on-may-6-2026,highest-temperature-in-tokyo-on-may-6-2026-21c,21°C,0.22737757906400674,0.7726224209359933,3.539409294902427,True,False,False,False,True,True,0.05,1.0,1778033700,0.89,52.0,0.9,0.0045,0.9045,-0.13187757906400666,True,0.10558319513543402
Tokyo,RJTT,2026-05-06,highest-temperature-in-tokyo-on-may-6-2026,highest-temperature-in-tokyo-on-may-6-2026-23c,23°C,0.16664691314075517,0.8333530868592448,3.539409294902427,True,False,False,False,True,True,0.05,1.0,1778033700,0.734,53.0,0.744,0.0095232,0.7535232,0.07982988685924486,True,0.32709915235522957
Tokyo,RJTT,2026-05-06,highest-temperature-in-tokyo-on-may-6-2026,highest-temperature-in-tokyo-on-may-6-2026-24corhigher,24°C or higher,0.011617629513877771,0.9883823704861222,3.539409294902427,True,True,False,False,True,True,0.05,1.0,1778033700,0.937,53.0,0.9470000000000001,0.0025095499999999975,0.94950955,0.03887282048612217,True,0.05317529455074976
Tokyo,RJTT,2026-05-07,highest-temperature-in-tokyo-on-may-7-2026,highest-temperature-in-tokyo-on-may-7-2026-14corbelow,14°C or below,0.0,1.0,7.6479490907226335,False,True,False,False,True,True,0.05,1.0,1778120100,,,,,,,False,
Tokyo,RJTT,2026-05-07,highest-temperature-in-tokyo-on-may-7-2026,highest-temperature-in-tokyo-on-may-7-2026-15c,15°C,0.0,1.0,7.6479490907226335,False,False,False,False,True,True,0.05,1.0,1778120100,,,,,,,False,
Tokyo,RJTT,2026-05-07,highest-temperature-in-tokyo-on-may-7-2026,highest-temperature-in-tokyo-on-may-7-2026-16c,16°C,0.0,1.0,7.6479490907226335,False,False,False,False,True,True,0.05,1.0,1778120100,,,,,,,False,
Tokyo,RJTT,2026-05-07,highest-temperature-in-tokyo-on-may-7-2026,highest-temperature-in-tokyo-on-may-7-2026-17c,17°C,0.0,1.0,7.6479490907226335,False,False,False,False,True,True,0.05,1.0,1778120100,,,,,,,False,
Tokyo,RJTT,2026-05-07,highest-temperature-in-tokyo-on-may-7-2026,highest-temperature-in-tokyo-on-may-7-2026-18c,18°C,0.0,1.0,7.6479490907226335,False,False,False,False,True,True,0.05,1.0,1778120100,,,,,,,False,
Tokyo,RJTT,2026-05-07,highest-temperature-in-tokyo-on-may-7-2026,highest-temperature-in-tokyo-on-may-7-2026-19c,19°C,0.0,1.0,7.6479490907226335,False,False,False,False,True,True,0.05,1.0,1778120100,,957.0,,,,,False,
Tokyo,RJTT,2026-05-07,highest-temperature-in-tokyo-on-may-7-2026,highest-temperature-in-tokyo-on-may-7-2026-20c,20°C,0.001441441055850287,0.9985585589441497,7.6479490907226335,False,False,False,False,True,True,0.05,1.0,1778120100,,657.0,,,,,False,
Tokyo,RJTT,2026-05-07,highest-temperature-in-tokyo-on-may-7-2026,highest-temperature-in-tokyo-on-may-7-2026-21c,21°C,0.0037477467452107457,0.9962522532547893,7.6479490907226335,False,False,False,False,True,True,0.05,1.0,1778120100,0.9995,56.0,0.99,0.0004950000000000005,0.990495,0.005757253254789263,True,0.009596211995012593
Tokyo,RJTT,2026-05-07,highest-temperature-in-tokyo-on-may-7-2026,highest-temperature-in-tokyo-on-may-7-2026-22c,22°C,0.009604151438956538,0.9903958485610435,7.6479490907226335,False,False,False,False,True,True,0.05,1.0,1778120100,0.9875,56.0,0.99,0.0004950000000000005,0.990495,-9.915143895655731e-05,True,0.009596211995012593
Tokyo,RJTT,2026-05-07,highest-temperature-in-tokyo-on-may-7-2026,highest-temperature-in-tokyo-on-may-7-2026-23c,23°C,0.3521384425197663,0.6478615574802338,7.6479490907226335,False,False,False,False,True,True,0.05,1.0,1778120100,0.785,56.0,0.795,0.00814875,0.8031487500000001,-0.1552871925197663,True,0.2450993667113346
Tokyo,RJTT,2026-05-08,highest-temperature-in-tokyo-on-may-8-2026,highest-temperature-in-tokyo-on-may-8-2026-17corbelow,17°C or below,0.0,1.0,6.39696742875006,False,True,False,False,True,True,0.05,1.0,1778206500,,,,,,,False,
Tokyo,RJTT,2026-05-08,highest-temperature-in-tokyo-on-may-8-2026,highest-temperature-in-tokyo-on-may-8-2026-18c,18°C,0.0,1.0,6.39696742875006,False,False,False,False,True,True,0.05,1.0,1778206500,,,,,,,False,
Tokyo,RJTT,2026-05-08,highest-temperature-in-tokyo-on-may-8-2026,highest-temperature-in-tokyo-on-may-8-2026-19c,19°C,0.0,1.0,6.39696742875006,False,False,False,False,True,True,0.05,1.0,1778206500,,,,,,,False,
Tokyo,RJTT,2026-05-08,highest-temperature-in-tokyo-on-may-8-2026,highest-temperature-in-tokyo-on-may-8-2026-20c,20°C,0.0,1.0,6.39696742875006,False,False,False,False,True,True,0.05,1.0,1778206500,,,,,,,False,
Tokyo,RJTT,2026-05-08,highest-temperature-in-tokyo-on-may-8-2026,highest-temperature-in-tokyo-on-may-8-2026-21c,21°C,0.0,1.0,6.39696742875006,False,False,False,False,True,True,0.05,1.0,1778206500,,,,,,,False,
Tokyo,RJTT,2026-05-08,highest-temperature-in-tokyo-on-may-8-2026,highest-temperature-in-tokyo-on-may-8-2026-22c,22°C,0.0008361024382467895,0.9991638975617532,6.39696742875006,False,False,False,False,True,True,0.05,1.0,1778206500,,,,,,,False,
Tokyo,RJTT,2026-05-08,highest-temperature-in-tokyo-on-may-8-2026,highest-temperature-in-tokyo-on-may-8-2026-23c,23°C,0.0021738663394416523,0.9978261336605584,6.39696742875006,False,False,False,False,True,True,0.05,1.0,1778206500,,,,,,,False,
Tokyo,RJTT,2026-05-08,highest-temperature-in-tokyo-on-may-8-2026,highest-temperature-in-tokyo-on-may-8-2026-24c,24°C,0.010424345809284865,0.9895756541907151,6.39696742875006,False,False,False,False,True,True,0.05,1.0,1778206500,,,,,,,False,
Tokyo,RJTT,2026-05-08,highest-temperature-in-tokyo-on-may-8-2026,highest-temperature-in-tokyo-on-may-8-2026-25c,25°C,0.3251228863520087,0.6748771136479913,6.39696742875006,False,False,False,False,True,True,0.05,1.0,1778206500,,,,,,,False,
Tokyo,RJTT,2026-05-08,highest-temperature-in-tokyo-on-may-8-2026,highest-temperature-in-tokyo-on-may-8-2026-27corhigher,27°C or higher,0.18233013106785032,0.8176698689321497,6.39696742875006,False,True,False,False,True,True,0.05,1.0,1778206500,0.9325,55.0,0.9425,0.0027096875000000003,0.9452096875,-0.12753981856785035,True,0.057966304434432736
Tokyo,RJTT,2026-05-09,highest-temperature-in-tokyo-on-may-9-2026,highest-temperature-in-tokyo-on-may-9-2026-16corbelow,16°C or below,0.0,1.0,3.481729760039073,True,True,False,False,True,True,0.05,1.0,1778292900,,,,,,,False,
Tokyo,RJTT,2026-05-09,highest-temperature-in-tokyo-on-may-9-2026,highest-temperature-in-tokyo-on-may-9-2026-17c,17°C,0.0,1.0,3.481729760039073,True,False,False,False,True,True,0.05,1.0,1778292900,,,,,,,False,
Tokyo,RJTT,2026-05-09,highest-temperature-in-tokyo-on-may-9-2026,highest-temperature-in-tokyo-on-may-9-2026-18c,18°C,0.0,1.0,3.481729760039073,True,False,False,False,True,True,0.05,1.0,1778292900,,,,,,,False,
Tokyo,RJTT,2026-05-09,highest-temperature-in-tokyo-on-may-9-2026,highest-temperature-in-tokyo-on-may-9-2026-19c,19°C,0.0006608366054358661,0.9993391633945641,3.481729760039073,True,False,False,False,True,True,0.05,1.0,1778292900,,,,,,,False,
Tokyo,RJTT,2026-05-09,highest-temperature-in-tokyo-on-may-9-2026,highest-temperature-in-tokyo-on-may-9-2026-20c,20°C,0.0017181751741332518,0.9982818248258667,3.481729760039073,True,False,False,False,True,True,0.05,1.0,1778292900,,,,,,,False,
Tokyo,RJTT,2026-05-09,highest-temperature-in-tokyo-on-may-9-2026,highest-temperature-in-tokyo-on-may-9-2026-21c,21°C,0.003000585260708344,0.9969994147392917,3.481729760039073,True,False,False,False,True,True,0.05,1.0,1778292900,0.9995,55.0,0.99,0.0004950000000000005,0.990495,0.006504414739291642,True,0.009596211995012593
Tokyo,RJTT,2026-05-09,highest-temperature-in-tokyo-on-may-9-2026,highest-temperature-in-tokyo-on-may-9-2026-22c,22°C,0.2740835816523878,0.7259164183476122,3.481729760039073,True,False,False,False,True,True,0.05,1.0,1778292900,0.894,54.0,0.904,0.004339199999999999,0.9083392,-0.1824227816523878,True,0.10091032072600181
Tokyo,RJTT,2026-05-09,highest-temperature-in-tokyo-on-may-9-2026,highest-temperature-in-tokyo-on-may-9-2026-24c,24°C,0.22830919453211176,0.7716908054678883,3.481729760039073,True,False,False,False,True,True,0.05,1.0,1778292900,0.635,55.0,0.645,0.01144875,0.65644875,0.11524205546788824,True,0.5233481669361089
Tokyo,RJTT,2026-05-09,highest-temperature-in-tokyo-on-may-9-2026,highest-temperature-in-tokyo-on-may-9-2026-25c,25°C,0.013899056514093133,0.9861009434859068,3.481729760039073,True,False,False,False,True,True,0.05,1.0,1778292900,0.915,55.0,0.925,0.0034687499999999983,0.9284687500000001,0.05763219348590676,True,0.07704217293258386
Tokyo,RJTT,2026-05-09,highest-temperature-in-tokyo-on-may-9-2026,highest-temperature-in-tokyo-on-may-9-2026-26corhigher,26°C or higher,0.0025376646024596852,0.9974623353975404,3.481729760039073,True,True,False,False,True,True,0.05,1.0,1778292900,0.9795,55.0,0.9895,0.0005194874999999978,0.9900194875,0.00744284789754035,True,0.010081127317203453
Tokyo,RJTT,2026-05-10,highest-temperature-in-tokyo-on-may-10-2026,highest-temperature-in-tokyo-on-may-10-2026-15corbelow,15°C or below,0.0,1.0,3.161975459765628,True,True,False,False,True,True,0.05,1.0,1778379300,,,,,,,False,
Tokyo,RJTT,2026-05-10,highest-temperature-in-tokyo-on-may-10-2026,highest-temperature-in-tokyo-on-may-10-2026-16c,16°C,0.0,1.0,3.161975459765628,True,False,False,False,True,True,0.05,1.0,1778379300,,,,,,,False,
Tokyo,RJTT,2026-05-10,highest-temperature-in-tokyo-on-may-10-2026,highest-temperature-in-tokyo-on-may-10-2026-17c,17°C,0.0,1.0,3.161975459765628,True,False,False,False,True,True,0.05,1.0,1778379300,0.9995,55.0,0.99,0.0004950000000000005,0.990495,0.009504999999999986,True,0.009596211995012593
Tokyo,RJTT,2026-05-10,highest-temperature-in-tokyo-on-may-10-2026,highest-temperature-in-tokyo-on-may-10-2026-18c,18°C,0.0007416042858873766,0.9992583957141126,3.161975459765628,True,False,False,False,True,True,0.05,1.0,1778379300,0.9995,55.0,0.99,0.0004950000000000005,0.990495,0.008763395714112554,True,0.009596211995012593
Tokyo,RJTT,2026-05-10,highest-temperature-in-tokyo-on-may-10-2026,highest-temperature-in-tokyo-on-may-10-2026-19c,19°C,0.0019281711433071788,0.9980718288566928,3.161975459765628,True,False,False,False,True,True,0.05,1.0,1778379300,0.9995,55.0,0.99,0.0004950000000000005,0.990495,0.007576828856692752,True,0.009596211995012593
Tokyo,RJTT,2026-05-10,highest-temperature-in-tokyo-on-may-10-2026,highest-temperature-in-tokyo-on-may-10-2026-20c,20°C,0.004837714355300784,0.9951622856446992,3.161975459765628,True,False,False,False,True,True,0.05,1.0,1778379300,0.9995,55.0,0.99,0.0004950000000000005,0.990495,0.004667285644699204,True,0.009596211995012593
Tokyo,RJTT,2026-05-10,highest-temperature-in-tokyo-on-may-10-2026,highest-temperature-in-tokyo-on-may-10-2026-21c,21°C,0.29045967138639023,0.7095403286136097,3.161975459765628,True,False,False,False,True,True,0.05,1.0,1778379300,0.9805,56.0,0.99,0.0004950000000000005,0.990495,-0.2809546713863903,True,0.009596211995012593
Tokyo,RJTT,2026-05-10,highest-temperature-in-tokyo-on-may-10-2026,highest-temperature-in-tokyo-on-may-10-2026-23c,23°C,0.1657451438648312,0.8342548561351688,3.161975459765628,True,False,False,False,True,True,0.05,1.0,1778379300,0.465,55.0,0.47500000000000003,0.01246875,0.48746875,0.3467861061351688,True,1.051413552150779
Tokyo,RJTT,2026-05-10,highest-temperature-in-tokyo-on-may-10-2026,highest-temperature-in-tokyo-on-may-10-2026-24c,24°C,0.011419733436321675,0.9885802665636784,3.161975459765628,True,False,False,False,True,True,0.05,1.0,1778379300,0.79,55.0,0.8,0.007999999999999998,0.808,0.18058026656367832,True,0.2376237623762376
Tokyo,RJTT,2026-05-10,highest-temperature-in-tokyo-on-may-10-2026,highest-temperature-in-tokyo-on-may-10-2026-25corhigher,25°C or higher,0.002461588455209664,0.9975384115447903,3.161975459765628,True,True,False,False,False,True,0.05,1.0,1778379300,0.947,55.0,0.957,0.0020575500000000017,0.9590575499999999,0.03848086154479036,True,-1.0
Tokyo,RJTT,2026-05-11,highest-temperature-in-tokyo-on-may-11-2026,highest-temperature-in-tokyo-on-may-11-2026-15corbelow,15°C or below,0.0,1.0,5.216885447308698,True,True,False,False,True,True,0.05,1.0,1778465700,,,,,,,False,
Tokyo,RJTT,2026-05-11,highest-temperature-in-tokyo-on-may-11-2026,highest-temperature-in-tokyo-on-may-11-2026-16c,16°C,0.0,1.0,5.216885447308698,True,False,False,False,True,True,0.05,1.0,1778465700,,,,,,,False,
Tokyo,RJTT,2026-05-11,highest-temperature-in-tokyo-on-may-11-2026,highest-temperature-in-tokyo-on-may-11-2026-17c,17°C,0.0,1.0,5.216885447308698,True,False,False,False,True,True,0.05,1.0,1778465700,,,,,,,False,
Tokyo,RJTT,2026-05-11,highest-temperature-in-tokyo-on-may-11-2026,highest-temperature-in-tokyo-on-may-11-2026-18c,18°C,0.0,1.0,5.216885447308698,True,False,False,False,True,True,0.05,1.0,1778465700,,,,,,,False,
Tokyo,RJTT,2026-05-11,highest-temperature-in-tokyo-on-may-11-2026,highest-temperature-in-tokyo-on-may-11-2026-19c,19°C,0.0,1.0,5.216885447308698,True,False,False,False,True,True,0.05,1.0,1778465700,0.9995,176.0,0.99,0.0004950000000000005,0.990495,0.009504999999999986,True,0.009596211995012593
Tokyo,RJTT,2026-05-11,highest-temperature-in-tokyo-on-may-11-2026,highest-temperature-in-tokyo-on-may-11-2026-20c,20°C,0.0003279079072488848,0.9996720920927511,5.216885447308698,True,False,False,False,True,True,0.05,1.0,1778465700,0.9995,56.0,0.99,0.0004950000000000005,0.990495,0.009177092092751082,True,0.009596211995012593
Tokyo,RJTT,2026-05-11,highest-temperature-in-tokyo-on-may-11-2026,highest-temperature-in-tokyo-on-may-11-2026-21c,21°C,0.0008525605588471005,0.9991474394411529,5.216885447308698,True,False,False,False,True,True,0.05,1.0,1778465700,0.9995,56.0,0.99,0.0004950000000000005,0.990495,0.008652439441152904,True,0.009596211995012593
Tokyo,RJTT,2026-05-11,highest-temperature-in-tokyo-on-may-11-2026,highest-temperature-in-tokyo-on-may-11-2026-22c,22°C,0.0018647449450356342,0.9981352550549644,5.216885447308698,True,False,False,False,True,True,0.05,1.0,1778465700,0.9995,56.0,0.99,0.0004950000000000005,0.990495,0.007640255054964351,True,0.009596211995012593
Tokyo,RJTT,2026-05-11,highest-temperature-in-tokyo-on-may-11-2026,highest-temperature-in-tokyo-on-may-11-2026-23c,23°C,0.17943872991922116,0.8205612700807788,5.216885447308698,True,False,False,False,True,True,0.05,1.0,1778465700,0.9995,56.0,0.99,0.0004950000000000005,0.990495,-0.16993372991922118,True,0.009596211995012593
Tokyo,RJTT,2026-05-11,highest-temperature-in-tokyo-on-may-11-2026,highest-temperature-in-tokyo-on-may-11-2026-25corhigher,25°C or higher,0.1731146754562702,0.8268853245437298,5.216885447308698,True,True,False,False,True,True,0.05,1.0,1778465700,0.175,56.0,0.185,0.00753875,0.19253875,0.6343465745437298,True,4.193759697723185
Tokyo,RJTT,2026-05-12,highest-temperature-in-tokyo-on-may-12-2026,highest-temperature-in-tokyo-on-may-12-2026-15corbelow,15°C or below,0.0,1.0,5.582326759277365,True,True,False,False,True,True,0.05,1.0,1778552100,,,,,,,False,
Tokyo,RJTT,2026-05-12,highest-temperature-in-tokyo-on-may-12-2026,highest-temperature-in-tokyo-on-may-12-2026-16c,16°C,0.0,1.0,5.582326759277365,True,False,False,False,True,True,0.05,1.0,1778552100,,,,,,,False,
Tokyo,RJTT,2026-05-12,highest-temperature-in-tokyo-on-may-12-2026,highest-temperature-in-tokyo-on-may-12-2026-17c,17°C,0.0,1.0,5.582326759277365,True,False,False,False,True,True,0.05,1.0,1778552100,,,,,,,False,
Tokyo,RJTT,2026-05-12,highest-temperature-in-tokyo-on-may-12-2026,highest-temperature-in-tokyo-on-may-12-2026-18c,18°C,0.0,1.0,5.582326759277365,True,False,False,False,True,True,0.05,1.0,1778552100,,,,,,,False,
Tokyo,RJTT,2026-05-12,highest-temperature-in-tokyo-on-may-12-2026,highest-temperature-in-tokyo-on-may-12-2026-19c,19°C,0.0,1.0,5.582326759277365,True,False,False,False,True,True,0.05,1.0,1778552100,0.9995,56.0,0.99,0.0004950000000000005,0.990495,0.009504999999999986,True,0.009596211995012593
Tokyo,RJTT,2026-05-12,highest-temperature-in-tokyo-on-may-12-2026,highest-temperature-in-tokyo-on-may-12-2026-20c,20°C,0.0008337492304136274,0.9991662507695864,5.582326759277365,True,False,False,False,True,True,0.05,1.0,1778552100,,,,,,,False,
Tokyo,RJTT,2026-05-12,highest-temperature-in-tokyo-on-may-12-2026,highest-temperature-in-tokyo-on-may-12-2026-21c,21°C,0.002167747999075431,0.9978322520009246,5.582326759277365,True,False,False,False,True,True,0.05,1.0,1778552100,,701.0,,,,,False,
Tokyo,RJTT,2026-05-12,highest-temperature-in-tokyo-on-may-12-2026,highest-temperature-in-tokyo-on-may-12-2026-22c,22°C,0.002959813706476243,0.9970401862935238,5.582326759277365,True,False,False,False,True,True,0.05,1.0,1778552100,0.983,57.0,0.99,0.0004950000000000005,0.990495,0.0065451862935237415,True,0.009596211995012593
Tokyo,RJTT,2026-05-12,highest-temperature-in-tokyo-on-may-12-2026,highest-temperature-in-tokyo-on-may-12-2026-23c,23°C,0.2687059044883564,0.7312940955116436,5.582326759277365,True,False,False,False,True,True,0.05,1.0,1778552100,0.875,56.0,0.885,0.0050887499999999995,0.89008875,-0.1587946544883564,True,0.12348347285593708
Tokyo,RJTT,2026-05-12,highest-temperature-in-tokyo-on-may-12-2026,highest-temperature-in-tokyo-on-may-12-2026-25corhigher,25°C or higher,0.221184137464363,0.778815862535637,5.582326759277365,True,True,False,False,False,True,0.05,1.0,1778552100,0.615,56.0,0.625,0.01171875,0.63671875,0.14209711253563695,True,-1.0
Tokyo,RJTT,2026-05-13,highest-temperature-in-tokyo-on-may-13-2026,highest-temperature-in-tokyo-on-may-13-2026-16corbelow,16°C or below,0.0,1.0,6.341607916066437,True,True,False,False,True,True,0.05,1.0,1778638500,,,,,,,False,
Tokyo,RJTT,2026-05-13,highest-temperature-in-tokyo-on-may-13-2026,highest-temperature-in-tokyo-on-may-13-2026-17c,17°C,0.0,1.0,6.341607916066437,True,False,False,False,True,True,0.05,1.0,1778638500,,,,,,,False,
Tokyo,RJTT,2026-05-13,highest-temperature-in-tokyo-on-may-13-2026,highest-temperature-in-tokyo-on-may-13-2026-18c,18°C,0.0,1.0,6.341607916066437,True,False,False,False,True,True,0.05,1.0,1778638500,0.9995,53.0,0.99,0.0004950000000000005,0.990495,0.009504999999999986,True,0.009596211995012593
Tokyo,RJTT,2026-05-13,highest-temperature-in-tokyo-on-may-13-2026,highest-temperature-in-tokyo-on-may-13-2026-19c,19°C,0.0,1.0,6.341607916066437,True,False,False,False,True,True,0.05,1.0,1778638500,,,,,,,False,
Tokyo,RJTT,2026-05-13,highest-temperature-in-tokyo-on-may-13-2026,highest-temperature-in-tokyo-on-may-13-2026-20c,20°C,0.0,1.0,6.341607916066437,True,False,False,False,True,True,0.05,1.0,1778638500,,,,,,,False,
Tokyo,RJTT,2026-05-13,highest-temperature-in-tokyo-on-may-13-2026,highest-temperature-in-tokyo-on-may-13-2026-21c,21°C,0.0007900972559039666,0.999209902744096,6.341607916066437,True,False,False,False,True,True,0.05,1.0,1778638500,,,,,,,False,
Tokyo,RJTT,2026-05-13,highest-temperature-in-tokyo-on-may-13-2026,highest-temperature-in-tokyo-on-may-13-2026-22c,22°C,0.002054252865350313,0.9979457471346497,6.341607916066437,True,False,False,False,True,True,0.05,1.0,1778638500,0.9995,53.0,0.99,0.0004950000000000005,0.990495,0.00745074713464966,True,0.009596211995012593
Tokyo,RJTT,2026-05-13,highest-temperature-in-tokyo-on-may-13-2026,highest-temperature-in-tokyo-on-may-13-2026-23c,23°C,0.009680652266146336,0.9903193477338537,6.341607916066437,True,False,False,False,True,True,0.05,1.0,1778638500,0.995,53.0,0.99,0.0004950000000000005,0.990495,-0.00017565226614635332,True,0.009596211995012593
Tokyo,RJTT,2026-05-13,highest-temperature-in-tokyo-on-may-13-2026,highest-temperature-in-tokyo-on-may-13-2026-24c,24°C,0.29901478005178445,0.7009852199482156,6.341607916066437,True,False,False,False,True,True,0.05,1.0,1778638500,0.871,54.0,0.881,0.00524195,0.8862419500000001,-0.18525673005178445,True,0.12836003757213255
Tokyo,RJTT,2026-05-13,highest-temperature-in-tokyo-on-may-13-2026,highest-temperature-in-tokyo-on-may-13-2026-26corhigher,26°C or higher,0.2086893933960773,0.7913106066039227,6.341607916066437,True,True,False,False,False,True,0.05,1.0,1778638500,0.45,54.0,0.46,0.012420000000000002,0.47242,0.3188906066039227,True,-1.0
Tokyo,RJTT,2026-05-14,highest-temperature-in-tokyo-on-may-14-2026,highest-temperature-in-tokyo-on-may-14-2026-17corbelow,17°C or below,0.0,1.0,6.894093897246151,False,True,False,False,True,True,0.05,1.0,1778724900,,,,,,,False,
Tokyo,RJTT,2026-05-14,highest-temperature-in-tokyo-on-may-14-2026,highest-temperature-in-tokyo-on-may-14-2026-18c,18°C,0.0,1.0,6.894093897246151,False,False,False,False,True,True,0.05,1.0,1778724900,,,,,,,False,
Tokyo,RJTT,2026-05-14,highest-temperature-in-tokyo-on-may-14-2026,highest-temperature-in-tokyo-on-may-14-2026-19c,19°C,0.0,1.0,6.894093897246151,False,False,False,False,True,True,0.05,1.0,1778724900,,,,,,,False,
Tokyo,RJTT,2026-05-14,highest-temperature-in-tokyo-on-may-14-2026,highest-temperature-in-tokyo-on-may-14-2026-20c,20°C,0.0,1.0,6.894093897246151,False,False,False,False,True,True,0.05,1.0,1778724900,,,,,,,False,
Tokyo,RJTT,2026-05-14,highest-temperature-in-tokyo-on-may-14-2026,highest-temperature-in-tokyo-on-may-14-2026-21c,21°C,0.00031844320514001176,0.99968155679486,6.894093897246151,False,False,False,False,True,True,0.05,1.0,1778724900,,,,,,,False,
Tokyo,RJTT,2026-05-14,highest-temperature-in-tokyo-on-may-14-2026,highest-temperature-in-tokyo-on-may-14-2026-22c,22°C,0.0008279523333640305,0.9991720476666359,6.894093897246151,False,False,False,False,True,True,0.05,1.0,1778724900,0.9995,55.0,0.99,0.0004950000000000005,0.990495,0.008677047666635906,True,0.009596211995012593
Tokyo,RJTT,2026-05-14,highest-temperature-in-tokyo-on-may-14-2026,highest-temperature-in-tokyo-on-may-14-2026-23c,23°C,0.0038206185233539123,0.9961793814766461,6.894093897246151,False,False,False,False,True,True,0.05,1.0,1778724900,0.9995,55.0,0.99,0.0004950000000000005,0.990495,0.005684381476646072,True,0.009596211995012593
Tokyo,RJTT,2026-05-14,highest-temperature-in-tokyo-on-may-14-2026,highest-temperature-in-tokyo-on-may-14-2026-24c,24°C,0.2556391535092652,0.7443608464907348,6.894093897246151,False,False,False,False,False,True,0.05,1.0,1778724900,0.67,55.0,0.68,0.01088,0.69088,0.0534808464907347,True,-1.0
Tokyo,RJTT,2026-05-14,highest-temperature-in-tokyo-on-may-14-2026,highest-temperature-in-tokyo-on-may-14-2026-26c,26°C,0.2744917964241237,0.7255082035758763,6.894093897246151,False,False,False,False,True,True,0.05,1.0,1778724900,0.855,55.0,0.865,0.00583875,0.87083875,-0.14533054642412369,True,0.14831821620248298
Tokyo,RJTT,2026-05-14,highest-temperature-in-tokyo-on-may-14-2026,highest-temperature-in-tokyo-on-may-14-2026-27corhigher,27°C or higher,0.016613873156719576,0.9833861268432804,6.894093897246151,False,True,False,False,True,True,0.05,1.0,1778724900,0.966,55.0,0.976,0.0011712000000000011,0.9771712,0.0062149268432803995,True,0.02336212937917126
Tokyo,RJTT,2026-05-15,highest-temperature-in-tokyo-on-may-15-2026,highest-temperature-in-tokyo-on-may-15-2026-17corbelow,17°C or below,0.0,1.0,4.757731893105358,False,True,False,False,True,True,0.05,1.0,1778811300,,1134.0,,,,,False,
Tokyo,RJTT,2026-05-15,highest-temperature-in-tokyo-on-may-15-2026,highest-temperature-in-tokyo-on-may-15-2026-18c,18°C,0.0022239598900983567,0.9977760401099016,4.757731893105358,False,False,False,False,True,True,0.05,1.0,1778811300,0.9995,56.0,0.99,0.0004950000000000005,0.990495,0.007281040109901604,True,0.009596211995012593
Tokyo,RJTT,2026-05-15,highest-temperature-in-tokyo-on-may-15-2026,highest-temperature-in-tokyo-on-may-15-2026-19c,19°C,0.005782295714255727,0.9942177042857443,4.757731893105358,False,False,False,False,True,True,0.05,1.0,1778811300,0.9995,57.0,0.99,0.0004950000000000005,0.990495,0.0037227042857442827,True,0.009596211995012593
Tokyo,RJTT,2026-05-15,highest-temperature-in-tokyo-on-may-15-2026,highest-temperature-in-tokyo-on-may-15-2026-20c,20°C,0.014425548635776834,0.9855744513642232,4.757731893105358,False,False,False,False,True,True,0.05,1.0,1778811300,0.998,56.0,0.99,0.0004950000000000005,0.990495,-0.004920548635776845,True,0.009596211995012593
Tokyo,RJTT,2026-05-15,highest-temperature-in-tokyo-on-may-15-2026,highest-temperature-in-tokyo-on-may-15-2026-21c,21°C,0.2536615484752059,0.7463384515247942,4.757731893105358,False,False,False,False,True,True,0.05,1.0,1778811300,0.9775,56.0,0.9875,0.000617187499999998,0.9881171875,-0.24177873597520583,True,0.012025711778239856
Tokyo,RJTT,2026-05-15,highest-temperature-in-tokyo-on-may-15-2026,highest-temperature-in-tokyo-on-may-15-2026-22c,22°C,0.255326523307452,0.744673476692548,4.757731893105358,False,False,True,False,False,True,0.05,1.0,1778811300,0.9,57.0,0.91,0.004094999999999999,0.914095,-0.16942152330745197,True,-1.0
Tokyo,RJTT,2026-05-15,highest-temperature-in-tokyo-on-may-15-2026,highest-temperature-in-tokyo-on-may-15-2026-24c,24°C,0.06452263469619453,0.9354773653038054,4.757731893105358,False,False,False,False,True,True,0.05,1.0,1778811300,0.655,56.0,0.665,0.011138750000000001,0.67613875,0.2593386153038054,True,0.4789863766867377
Tokyo,RJTT,2026-05-15,highest-temperature-in-tokyo-on-may-15-2026,highest-temperature-in-tokyo-on-may-15-2026-25c,25°C,0.003114817364192626,0.9968851826358074,4.757731893105358,False,False,False,False,True,True,0.05,1.0,1778811300,0.89,56.0,0.9,0.0045,0.9045,0.09238518263580742,True,0.10558319513543402
Tokyo,RJTT,2026-05-15,highest-temperature-in-tokyo-on-may-15-2026,highest-temperature-in-tokyo-on-may-15-2026-26c,26°C,0.0,1.0,4.757731893105358,False,False,False,False,True,True,0.05,1.0,1778811300,0.972,56.0,0.982,0.0008838000000000008,0.9828838,0.017116200000000026,True,0.01741426606074903
Tokyo,RJTT,2026-05-15,highest-temperature-in-tokyo-on-may-15-2026,highest-temperature-in-tokyo-on-may-15-2026-27corhigher,27°C or higher,0.0,1.0,4.757731893105358,False,True,False,False,True,True,0.05,1.0,1778811300,0.9915,56.0,0.99,0.0004950000000000005,0.990495,0.009504999999999986,True,0.009596211995012593
Tokyo,RJTT,2026-05-16,highest-temperature-in-tokyo-on-may-16-2026,highest-temperature-in-tokyo-on-may-16-2026-18corbelow,18°C or below,0.0,1.0,6.234045754921908,False,True,False,False,True,True,0.05,1.0,1778897700,,,,,,,False,
Tokyo,RJTT,2026-05-16,highest-temperature-in-tokyo-on-may-16-2026,highest-temperature-in-tokyo-on-may-16-2026-19c,19°C,0.0,1.0,6.234045754921908,False,False,False,False,True,True,0.05,1.0,1778897700,,954.0,,,,,False,
Tokyo,RJTT,2026-05-16,highest-temperature-in-tokyo-on-may-16-2026,highest-temperature-in-tokyo-on-may-16-2026-20c,20°C,0.0,1.0,6.234045754921908,False,False,False,False,True,True,0.05,1.0,1778897700,0.9995,55.0,0.99,0.0004950000000000005,0.990495,0.009504999999999986,True,0.009596211995012593
Tokyo,RJTT,2026-05-16,highest-temperature-in-tokyo-on-may-16-2026,highest-temperature-in-tokyo-on-may-16-2026-21c,21°C,0.0009092577869918637,0.9990907422130081,6.234045754921908,False,False,False,False,True,True,0.05,1.0,1778897700,0.9995,54.0,0.99,0.0004950000000000005,0.990495,0.008595742213008073,True,0.009596211995012593
Tokyo,RJTT,2026-05-16,highest-temperature-in-tokyo-on-may-16-2026,highest-temperature-in-tokyo-on-may-16-2026-22c,22°C,0.0023640702461788458,0.9976359297538212,6.234045754921908,False,False,False,False,True,True,0.05,1.0,1778897700,0.9995,54.0,0.99,0.0004950000000000005,0.990495,0.00714092975382119,True,0.009596211995012593
Tokyo,RJTT,2026-05-16,highest-temperature-in-tokyo-on-may-16-2026,highest-temperature-in-tokyo-on-may-16-2026-23c,23°C,0.004907140853155913,0.9950928591468441,6.234045754921908,False,False,False,False,True,True,0.05,1.0,1778897700,0.985,55.0,0.99,0.0004950000000000005,0.990495,0.004597859146844074,True,0.009596211995012593
Tokyo,RJTT,2026-05-16,highest-temperature-in-tokyo-on-may-16-2026,highest-temperature-in-tokyo-on-may-16-2026-24c,24°C,0.2176306968475756,0.7823693031524244,6.234045754921908,False,False,False,False,True,True,0.05,1.0,1778897700,0.875,54.0,0.885,0.0050887499999999995,0.89008875,-0.10771944684757562,True,0.12348347285593708
Tokyo,RJTT,2026-05-16,highest-temperature-in-tokyo-on-may-16-2026,highest-temperature-in-tokyo-on-may-16-2026-25c,25°C,0.362424974434737,0.637575025565263,6.234045754921908,False,False,True,False,False,True,0.05,1.0,1778897700,0.655,54.0,0.665,0.011138750000000001,0.67613875,-0.03856372443473699,True,-1.0
Tokyo,RJTT,2026-05-16,highest-temperature-in-tokyo-on-may-16-2026,highest-temperature-in-tokyo-on-may-16-2026-26c,26°C,0.3730605013487704,0.6269394986512296,6.234045754921908,False,False,False,True,True,True,0.05,1.0,1778897700,0.67,54.0,0.68,0.01088,0.69088,-0.0639405013487705,True,0.4474293654469661
Tokyo,RJTT,2026-05-16,highest-temperature-in-tokyo-on-may-16-2026,highest-temperature-in-tokyo-on-may-16-2026-27c,27°C,0.03689702871073291,0.9631029712892671,6.234045754921908,False,False,False,False,True,True,0.05,1.0,1778897700,0.815,54.0,0.825,0.007218750000000002,0.83221875,0.13088422128926713,True,0.20160714956253978
Tokyo,RJTT,2026-05-16,highest-temperature-in-tokyo-on-may-16-2026,highest-temperature-in-tokyo-on-may-16-2026-28corhigher,28°C or higher,0.001806329771857487,0.9981936702281425,6.234045754921908,False,True,False,False,True,True,0.05,1.0,1778897700,0.9505,55.0,0.9605,0.001896987499999999,0.9623969875,0.035796682728142515,True,0.039072246680323275
Tokyo,RJTT,2026-05-19,highest-temperature-in-tokyo-on-may-19-2026,highest-temperature-in-tokyo-on-may-19-2026-16corbelow,16°C or below,0.0,1.0,7.422061727812547,True,True,False,False,True,True,0.05,1.0,1779156900,,,,,,,False,
Tokyo,RJTT,2026-05-19,highest-temperature-in-tokyo-on-may-19-2026,highest-temperature-in-tokyo-on-may-19-2026-17c,17°C,0.0,1.0,7.422061727812547,True,False,False,False,True,True,0.05,1.0,1779156900,,,,,,,False,
Tokyo,RJTT,2026-05-19,highest-temperature-in-tokyo-on-may-19-2026,highest-temperature-in-tokyo-on-may-19-2026-18c,18°C,0.0,1.0,7.422061727812547,True,False,False,False,True,True,0.05,1.0,1779156900,,,,,,,False,
Tokyo,RJTT,2026-05-19,highest-temperature-in-tokyo-on-may-19-2026,highest-temperature-in-tokyo-on-may-19-2026-19c,19°C,0.0,1.0,7.422061727812547,True,False,False,False,True,True,0.05,1.0,1779156900,,,,,,,False,
Tokyo,RJTT,2026-05-19,highest-temperature-in-tokyo-on-may-19-2026,highest-temperature-in-tokyo-on-may-19-2026-20c,20°C,0.0,1.0,7.422061727812547,True,False,False,False,True,True,0.05,1.0,1779156900,,,,,,,False,
Tokyo,RJTT,2026-05-19,highest-temperature-in-tokyo-on-may-19-2026,highest-temperature-in-tokyo-on-may-19-2026-21c,21°C,0.0,1.0,7.422061727812547,True,False,False,False,True,True,0.05,1.0,1779156900,,,,,,,False,
Tokyo,RJTT,2026-05-19,highest-temperature-in-tokyo-on-may-19-2026,highest-temperature-in-tokyo-on-may-19-2026-22c,22°C,0.0,1.0,7.422061727812547,True,False,False,False,True,True,0.05,1.0,1779156900,,,,,,,False,
Tokyo,RJTT,2026-05-19,highest-temperature-in-tokyo-on-may-19-2026,highest-temperature-in-tokyo-on-may-19-2026-23c,23°C,0.0004592141527443336,0.9995407858472557,7.422061727812547,True,False,False,False,True,True,0.05,1.0,1779156900,,,,,,,False,
Tokyo,RJTT,2026-05-19,highest-temperature-in-tokyo-on-may-19-2026,highest-temperature-in-tokyo-on-may-19-2026-24c,24°C,0.0011939567971352674,0.9988060432028647,7.422061727812547,True,False,False,False,True,True,0.05,1.0,1779156900,,,,,,,False,
Tokyo,RJTT,2026-05-19,highest-temperature-in-tokyo-on-may-19-2026,highest-temperature-in-tokyo-on-may-19-2026-25c,25°C,0.005245299321903984,0.994754700678096,7.422061727812547,True,False,False,False,True,True,0.05,1.0,1779156900,,,,,,,False,
Tokyo,RJTT,2026-05-20,highest-temperature-in-tokyo-on-may-20-2026,highest-temperature-in-tokyo-on-may-20-2026-17corbelow,17°C or below,0.0,1.0,7.924289658925787,True,True,False,False,True,True,0.05,1.0,1779243300,,,,,,,False,
Tokyo,RJTT,2026-05-20,highest-temperature-in-tokyo-on-may-20-2026,highest-temperature-in-tokyo-on-may-20-2026-18c,18°C,0.0,1.0,7.924289658925787,True,False,False,False,True,True,0.05,1.0,1779243300,,,,,,,False,
Tokyo,RJTT,2026-05-20,highest-temperature-in-tokyo-on-may-20-2026,highest-temperature-in-tokyo-on-may-20-2026-19c,19°C,0.0,1.0,7.924289658925787,True,False,False,False,True,True,0.05,1.0,1779243300,,,,,,,False,
Tokyo,RJTT,2026-05-20,highest-temperature-in-tokyo-on-may-20-2026,highest-temperature-in-tokyo-on-may-20-2026-20c,20°C,0.0,1.0,7.924289658925787,True,False,False,False,True,True,0.05,1.0,1779243300,,,,,,,False,
Tokyo,RJTT,2026-05-20,highest-temperature-in-tokyo-on-may-20-2026,highest-temperature-in-tokyo-on-may-20-2026-21c,21°C,0.0,1.0,7.924289658925787,True,False,False,False,True,True,0.05,1.0,1779243300,,,,,,,False,
Tokyo,RJTT,2026-05-20,highest-temperature-in-tokyo-on-may-20-2026,highest-temperature-in-tokyo-on-may-20-2026-22c,22°C,0.0,1.0,7.924289658925787,True,False,False,False,True,True,0.05,1.0,1779243300,,,,,,,False,
Tokyo,RJTT,2026-05-20,highest-temperature-in-tokyo-on-may-20-2026,highest-temperature-in-tokyo-on-may-20-2026-23c,23°C,0.0008296857902662412,0.9991703142097338,7.924289658925787,True,False,False,False,True,True,0.05,1.0,1779243300,,,,,,,False,
Tokyo,RJTT,2026-05-20,highest-temperature-in-tokyo-on-may-20-2026,highest-temperature-in-tokyo-on-may-20-2026-24c,24°C,0.002157183054692227,0.9978428169453077,7.924289658925787,True,False,False,False,True,True,0.05,1.0,1779243300,0.9995,57.0,0.99,0.0004950000000000005,0.990495,0.007347816945307728,True,0.009596211995012593
Tokyo,RJTT,2026-05-20,highest-temperature-in-tokyo-on-may-20-2026,highest-temperature-in-tokyo-on-may-20-2026-25c,25°C,0.0057649744424305175,0.9942350255575695,7.924289658925787,True,False,False,False,True,True,0.05,1.0,1779243300,0.9995,56.0,0.99,0.0004950000000000005,0.990495,0.0037400255575694707,True,0.009596211995012593
Tokyo,RJTT,2026-05-20,highest-temperature-in-tokyo-on-may-20-2026,highest-temperature-in-tokyo-on-may-20-2026-26c,26°C,0.2649552465392132,0.7350447534607868,7.924289658925787,True,False,False,False,True,True,0.05,1.0,1779243300,0.975,56.0,0.985,0.0007387500000000007,0.98573875,-0.2506939965392132,True,0.014467575714153469
Tokyo,RJTT,2026-05-21,highest-temperature-in-tokyo-on-may-21-2026,highest-temperature-in-tokyo-on-may-21-2026-13corbelow,13°C or below,0.0,1.0,13.186490655937462,False,True,False,False,True,True,0.05,1.0,1779329700,,,,,,,False,
Tokyo,RJTT,2026-05-21,highest-temperature-in-tokyo-on-may-21-2026,highest-temperature-in-tokyo-on-may-21-2026-14c,14°C,0.0,1.0,13.186490655937462,False,False,False,False,True,True,0.05,1.0,1779329700,,,,,,,False,
Tokyo,RJTT,2026-05-21,highest-temperature-in-tokyo-on-may-21-2026,highest-temperature-in-tokyo-on-may-21-2026-15c,15°C,0.0,1.0,13.186490655937462,False,False,False,False,True,True,0.05,1.0,1779329700,,,,,,,False,
Tokyo,RJTT,2026-05-21,highest-temperature-in-tokyo-on-may-21-2026,highest-temperature-in-tokyo-on-may-21-2026-16c,16°C,0.0,1.0,13.186490655937462,False,False,False,False,True,True,0.05,1.0,1779329700,,,,,,,False,
Tokyo,RJTT,2026-05-21,highest-temperature-in-tokyo-on-may-21-2026,highest-temperature-in-tokyo-on-may-21-2026-17c,17°C,0.0,1.0,13.186490655937462,False,False,False,False,True,True,0.05,1.0,1779329700,,,,,,,False,
Tokyo,RJTT,2026-05-21,highest-temperature-in-tokyo-on-may-21-2026,highest-temperature-in-tokyo-on-may-21-2026-18c,18°C,0.0,1.0,13.186490655937462,False,False,False,False,True,True,0.05,1.0,1779329700,,,,,,,False,
Tokyo,RJTT,2026-05-21,highest-temperature-in-tokyo-on-may-21-2026,highest-temperature-in-tokyo-on-may-21-2026-19c,19°C,0.0,1.0,13.186490655937462,False,False,False,False,True,True,0.05,1.0,1779329700,,,,,,,False,
Tokyo,RJTT,2026-05-21,highest-temperature-in-tokyo-on-may-21-2026,highest-temperature-in-tokyo-on-may-21-2026-20c,20°C,0.0008359271362500744,0.99916407286375,13.186490655937462,False,False,False,False,True,True,0.05,1.0,1779329700,,,,,,,False,
Tokyo,RJTT,2026-05-21,highest-temperature-in-tokyo-on-may-21-2026,highest-temperature-in-tokyo-on-may-21-2026-21c,21°C,0.0021734105542501932,0.9978265894457498,13.186490655937462,False,False,False,False,True,True,0.05,1.0,1779329700,,,,,,,False,
Tokyo,RJTT,2026-05-21,highest-temperature-in-tokyo-on-may-21-2026,highest-temperature-in-tokyo-on-may-21-2026-22c,22°C,0.020739277499662093,0.9792607225003379,13.186490655937462,False,False,False,False,True,True,0.05,1.0,1779329700,,,,,,,False,
Tokyo,RJTT,2026-05-22,highest-temperature-in-tokyo-on-may-22-2026,highest-temperature-in-tokyo-on-may-22-2026-11corbelow,11°C or below,0.0,1.0,3.031156788750174,True,True,False,False,True,True,0.05,1.0,1779416100,,,,,,,False,
Tokyo,RJTT,2026-05-22,highest-temperature-in-tokyo-on-may-22-2026,highest-temperature-in-tokyo-on-may-22-2026-12c,12°C,0.0011324698581187862,0.9988675301418812,3.031156788750174,True,False,False,False,True,True,0.05,1.0,1779416100,,,,,,,False,
Tokyo,RJTT,2026-05-22,highest-temperature-in-tokyo-on-may-22-2026,highest-temperature-in-tokyo-on-may-22-2026-13c,13°C,0.0029444216311088436,0.9970555783688911,3.031156788750174,True,False,False,False,True,True,0.05,1.0,1779416100,,,,,,,False,
Tokyo,RJTT,2026-05-22,highest-temperature-in-tokyo-on-may-22-2026,highest-temperature-in-tokyo-on-may-22-2026-14c,14°C,0.004838967832790251,0.9951610321672097,3.031156788750174,True,False,False,False,True,True,0.05,1.0,1779416100,,,,,,,False,
Tokyo,RJTT,2026-05-22,highest-temperature-in-tokyo-on-may-22-2026,highest-temperature-in-tokyo-on-may-22-2026-15c,15°C,0.2546740044846586,0.7453259955153414,3.031156788750174,True,False,False,False,True,True,0.05,1.0,1779416100,,,,,,,False,
Tokyo,RJTT,2026-05-22,highest-temperature-in-tokyo-on-may-22-2026,highest-temperature-in-tokyo-on-may-22-2026-17c,17°C,0.15961061774166926,0.8403893822583307,3.031156788750174,True,False,False,False,True,True,0.05,1.0,1779416100,0.88,55.0,0.89,0.004895,0.894895,-0.05450561774166929,True,0.11744953318545748
Tokyo,RJTT,2026-05-22,highest-temperature-in-tokyo-on-may-22-2026,highest-temperature-in-tokyo-on-may-22-2026-18c,18°C,0.01255236358823543,0.9874476364117646,3.031156788750174,True,False,False,False,True,True,0.05,1.0,1779416100,0.966,55.0,0.976,0.0011712000000000011,0.9771712,0.010276436411764567,True,0.02336212937917126
Tokyo,RJTT,2026-05-22,highest-temperature-in-tokyo-on-may-22-2026,highest-temperature-in-tokyo-on-may-22-2026-19c,19°C,0.005034041630277514,0.9949659583697225,3.031156788750174,True,False,False,False,True,True,0.05,1.0,1779416100,0.998,55.0,0.99,0.0004950000000000005,0.990495,0.004470958369722444,True,0.009596211995012593
Tokyo,RJTT,2026-05-22,highest-temperature-in-tokyo-on-may-22-2026,highest-temperature-in-tokyo-on-may-22-2026-20c,20°C,0.0,1.0,3.031156788750174,True,False,False,False,True,True,0.05,1.0,1779416100,0.9985,55.0,0.99,0.0004950000000000005,0.990495,0.009504999999999986,True,0.009596211995012593
Tokyo,RJTT,2026-05-22,highest-temperature-in-tokyo-on-may-22-2026,highest-temperature-in-tokyo-on-may-22-2026-21corhigher,21°C or higher,0.0,1.0,3.031156788750174,True,True,False,False,True,True,0.05,1.0,1779416100,0.9975,55.0,0.99,0.0004950000000000005,0.990495,0.009504999999999986,True,0.009596211995012593
Tokyo,RJTT,2026-05-23,highest-temperature-in-tokyo-on-may-23-2026,highest-temperature-in-tokyo-on-may-23-2026-14corbelow,14°C or below,0.0007628097477090243,0.999237190252291,2.708057195331989,True,True,False,False,True,True,0.05,1.0,1779502500,,,,,,,False,
Tokyo,RJTT,2026-05-23,highest-temperature-in-tokyo-on-may-23-2026,highest-temperature-in-tokyo-on-may-23-2026-15c,15°C,0.0019833053440434633,0.9980166946559565,2.708057195331989,True,False,False,False,True,True,0.05,1.0,1779502500,0.9995,57.0,0.99,0.0004950000000000005,0.990495,0.0075216946559565345,True,0.009596211995012593
Tokyo,RJTT,2026-05-23,highest-temperature-in-tokyo-on-may-23-2026,highest-temperature-in-tokyo-on-may-23-2026-16c,16°C,0.013628613778304934,0.9863713862216951,2.708057195331989,True,False,False,False,True,True,0.05,1.0,1779502500,0.9995,57.0,0.99,0.0004950000000000005,0.990495,-0.0041236137783049465,True,0.009596211995012593
Tokyo,RJTT,2026-05-23,highest-temperature-in-tokyo-on-may-23-2026,highest-temperature-in-tokyo-on-may-23-2026-17c,17°C,0.17123486648602326,0.8287651335139767,2.708057195331989,True,False,False,False,True,True,0.05,1.0,1779502500,0.926,57.0,0.936,0.0029951999999999978,0.9389952,-0.11023006648602329,True,0.06496817023132806
Tokyo,RJTT,2026-05-23,highest-temperature-in-tokyo-on-may-23-2026,highest-temperature-in-tokyo-on-may-23-2026-19c,19°C,0.2594656766381364,0.7405343233618635,2.708057195331989,True,False,False,False,True,True,0.05,1.0,1779502500,0.585,57.0,0.595,0.01204875,0.60704875,0.1334855733618635,True,0.6473141572237813
Tokyo,RJTT,2026-05-23,highest-temperature-in-tokyo-on-may-23-2026,highest-temperature-in-tokyo-on-may-23-2026-20c,20°C,0.04191313034655529,0.9580868696534447,2.708057195331989,True,False,False,False,True,True,0.05,1.0,1779502500,0.865,56.0,0.875,0.0054687500000000005,0.88046875,0.07761811965344467,True,0.13575865128660158
Tokyo,RJTT,2026-05-23,highest-temperature-in-tokyo-on-may-23-2026,highest-temperature-in-tokyo-on-may-23-2026-21c,21°C,0.004371960665878636,0.9956280393341214,2.708057195331989,True,False,False,False,True,True,0.05,1.0,1779502500,0.9925,57.0,0.99,0.0004950000000000005,0.990495,0.005133039334121348,True,0.009596211995012593
Tokyo,RJTT,2026-05-23,highest-temperature-in-tokyo-on-may-23-2026,highest-temperature-in-tokyo-on-may-23-2026-22c,22°C,0.0,1.0,2.708057195331989,True,False,False,False,True,True,0.05,1.0,1779502500,0.9955,56.0,0.99,0.0004950000000000005,0.990495,0.009504999999999986,True,0.009596211995012593
Tokyo,RJTT,2026-05-23,highest-temperature-in-tokyo-on-may-23-2026,highest-temperature-in-tokyo-on-may-23-2026-23c,23°C,0.0,1.0,2.708057195331989,True,False,False,False,True,True,0.05,1.0,1779502500,0.9985,56.0,0.99,0.0004950000000000005,0.990495,0.009504999999999986,True,0.009596211995012593
Tokyo,RJTT,2026-05-23,highest-temperature-in-tokyo-on-may-23-2026,highest-temperature-in-tokyo-on-may-23-2026-24corhigher,24°C or higher,0.0,1.0,2.708057195331989,True,True,False,False,True,True,0.05,1.0,1779502500,0.9975,57.0,0.99,0.0004950000000000005,0.990495,0.009504999999999986,True,0.009596211995012593
Tokyo,RJTT,2026-05-24,highest-temperature-in-tokyo-on-may-24-2026,highest-temperature-in-tokyo-on-may-24-2026-15corbelow,15°C or below,0.0,1.0,4.556556112500076,True,True,False,False,True,True,0.05,1.0,1779588900,0.9995,56.0,0.99,0.0004950000000000005,0.990495,0.009504999999999986,True,0.009596211995012593
Tokyo,RJTT,2026-05-24,highest-temperature-in-tokyo-on-may-24-2026,highest-temperature-in-tokyo-on-may-24-2026-16c,16°C,0.0,1.0,4.556556112500076,True,False,False,False,True,True,0.05,1.0,1779588900,,,,,,,False,
Tokyo,RJTT,2026-05-24,highest-temperature-in-tokyo-on-may-24-2026,highest-temperature-in-tokyo-on-may-24-2026-17c,17°C,0.00076826848158601,0.9992317315184139,4.556556112500076,True,False,False,False,True,True,0.05,1.0,1779588900,,,,,,,False,
Tokyo,RJTT,2026-05-24,highest-temperature-in-tokyo-on-may-24-2026,highest-temperature-in-tokyo-on-may-24-2026-18c,18°C,0.0019974980521236256,0.9980025019478763,4.556556112500076,True,False,False,False,True,True,0.05,1.0,1779588900,0.9995,56.0,0.99,0.0004950000000000005,0.990495,0.007507501947876305,True,0.009596211995012593
Tokyo,RJTT,2026-05-24,highest-temperature-in-tokyo-on-may-24-2026,highest-temperature-in-tokyo-on-may-24-2026-19c,19°C,0.007251248701151683,0.9927487512988483,4.556556112500076,True,False,False,False,True,True,0.05,1.0,1779588900,0.9995,56.0,0.99,0.0004950000000000005,0.990495,0.0022537512988483055,True,0.009596211995012593
Tokyo,RJTT,2026-05-24,highest-temperature-in-tokyo-on-may-24-2026,highest-temperature-in-tokyo-on-may-24-2026-20c,20°C,0.2518839685636486,0.7481160314363514,4.556556112500076,True,False,False,False,True,True,0.05,1.0,1779588900,0.9925,56.0,0.99,0.0004950000000000005,0.990495,-0.2423789685636486,True,0.009596211995012593
Tokyo,RJTT,2026-05-24,highest-temperature-in-tokyo-on-may-24-2026,highest-temperature-in-tokyo-on-may-24-2026-22c,22°C,0.24353305308566764,0.7564669469143324,4.556556112500076,True,False,False,False,False,True,0.05,1.0,1779588900,0.49,56.0,0.5,0.0125,0.5125,0.2439669469143324,True,-1.0
Tokyo,RJTT,2026-05-24,highest-temperature-in-tokyo-on-may-24-2026,highest-temperature-in-tokyo-on-may-24-2026-23c,23°C,0.01653122930333669,0.9834687706966633,4.556556112500076,True,False,False,False,True,True,0.05,1.0,1779588900,0.84,56.0,0.85,0.0063750000000000005,0.856375,0.12709377069666328,True,0.16771274266530445
Tokyo,RJTT,2026-05-24,highest-temperature-in-tokyo-on-may-24-2026,highest-temperature-in-tokyo-on-may-24-2026-24c,24°C,0.002748635442249666,0.9972513645577503,4.556556112500076,True,False,False,False,True,True,0.05,1.0,1779588900,0.952,56.0,0.962,0.0018278000000000018,0.9638278,0.03342356455775031,True,0.03752973300832374
Tokyo,RJTT,2026-05-24,highest-temperature-in-tokyo-on-may-24-2026,highest-temperature-in-tokyo-on-may-24-2026-25corhigher,25°C or higher,0.0,1.0,4.556556112500076,True,True,False,False,True,True,0.05,1.0,1779588900,0.9905,56.0,0.99,0.0004950000000000005,0.990495,0.009504999999999986,True,0.009596211995012593
Tokyo,RJTT,2026-05-25,highest-temperature-in-tokyo-on-may-25-2026,highest-temperature-in-tokyo-on-may-25-2026-18corbelow,18°C or below,0.0,1.0,5.351531405273363,False,True,False,False,True,True,0.05,1.0,1779675300,,,,,,,False,
Tokyo,RJTT,2026-05-25,highest-temperature-in-tokyo-on-may-25-2026,highest-temperature-in-tokyo-on-may-25-2026-19c,19°C,0.0,1.0,5.351531405273363,False,False,False,False,True,True,0.05,1.0,1779675300,,,,,,,False,
Tokyo,RJTT,2026-05-25,highest-temperature-in-tokyo-on-may-25-2026,highest-temperature-in-tokyo-on-may-25-2026-20c,20°C,0.0,1.0,5.351531405273363,False,False,False,False,True,True,0.05,1.0,1779675300,,,,,,,False,
Tokyo,RJTT,2026-05-25,highest-temperature-in-tokyo-on-may-25-2026,highest-temperature-in-tokyo-on-may-25-2026-21c,21°C,0.0015558591269781675,0.9984441408730218,5.351531405273363,False,False,False,False,True,True,0.05,1.0,1779675300,0.9995,56.0,0.99,0.0004950000000000005,0.990495,0.007949140873021787,True,0.009596211995012593
Tokyo,RJTT,2026-05-25,highest-temperature-in-tokyo-on-may-25-2026,highest-temperature-in-tokyo-on-may-25-2026-22c,22°C,0.0040452337301432354,0.9959547662698568,5.351531405273363,False,False,False,False,True,True,0.05,1.0,1779675300,0.9995,56.0,0.99,0.0004950000000000005,0.990495,0.005459766269856781,True,0.009596211995012593
Tokyo,RJTT,2026-05-25,highest-temperature-in-tokyo-on-may-25-2026,highest-temperature-in-tokyo-on-may-25-2026-23c,23°C,0.01688127910736004,0.98311872089264,5.351531405273363,False,False,False,False,True,True,0.05,1.0,1779675300,0.993,56.0,0.99,0.0004950000000000005,0.990495,-0.007376279107360051,True,0.009596211995012593
Tokyo,RJTT,2026-05-25,highest-temperature-in-tokyo-on-may-25-2026,highest-temperature-in-tokyo-on-may-25-2026-24c,24°C,0.3052335195687996,0.6947664804312004,5.351531405273363,False,False,False,False,True,True,0.05,1.0,1779675300,0.9105,56.0,0.9205,0.003658987500000001,0.9241589875,-0.22939250706879966,True,0.0820648974103062
Tokyo,RJTT,2026-05-25,highest-temperature-in-tokyo-on-may-25-2026,highest-temperature-in-tokyo-on-may-25-2026-26c,26°C,0.24486727860465993,0.75513272139534,5.351531405273363,False,False,False,False,True,True,0.05,1.0,1779675300,0.445,56.0,0.455,0.01239875,0.46739875000000003,0.28773397139534,True,1.139500800975612
Tokyo,RJTT,2026-05-25,highest-temperature-in-tokyo-on-may-25-2026,highest-temperature-in-tokyo-on-may-25-2026-27c,27°C,0.01892812486911857,0.9810718751308815,5.351531405273363,False,False,False,False,True,True,0.05,1.0,1779675300,0.875,56.0,0.885,0.0050887499999999995,0.89008875,0.09098312513088147,True,0.12348347285593708
Tokyo,RJTT,2026-05-25,highest-temperature-in-tokyo-on-may-25-2026,highest-temperature-in-tokyo-on-may-25-2026-28corhigher,28°C or higher,0.0024481492818844946,0.9975518507181155,5.351531405273363,False,True,False,False,True,True,0.05,1.0,1779675300,0.9605,56.0,0.9705,0.0014314874999999986,0.9719314875,0.02562036321811545,True,0.02887910604912869
Tokyo,RJTT,2026-05-26,highest-temperature-in-tokyo-on-may-26-2026,highest-temperature-in-tokyo-on-may-26-2026-19corbelow,19°C or below,0.0,1.0,5.309234560722757,False,True,False,False,True,True,0.05,1.0,1779761700,,,,,,,False,
Tokyo,RJTT,2026-05-26,highest-temperature-in-tokyo-on-may-26-2026,highest-temperature-in-tokyo-on-may-26-2026-20c,20°C,0.0,1.0,5.309234560722757,False,False,False,False,True,True,0.05,1.0,1779761700,,,,,,,False,
Tokyo,RJTT,2026-05-26,highest-temperature-in-tokyo-on-may-26-2026,highest-temperature-in-tokyo-on-may-26-2026-21c,21°C,0.0,1.0,5.309234560722757,False,False,False,False,True,True,0.05,1.0,1779761700,,,,,,,False,
Tokyo,RJTT,2026-05-26,highest-temperature-in-tokyo-on-may-26-2026,highest-temperature-in-tokyo-on-may-26-2026-22c,22°C,0.001325764726934569,0.9986742352730654,5.309234560722757,False,False,False,False,True,True,0.05,1.0,1779761700,0.9995,55.0,0.99,0.0004950000000000005,0.990495,0.00817923527306541,True,0.009596211995012593
Tokyo,RJTT,2026-05-26,highest-temperature-in-tokyo-on-may-26-2026,highest-temperature-in-tokyo-on-may-26-2026-23c,23°C,0.0034469882900298792,0.9965530117099701,5.309234560722757,False,False,False,False,True,True,0.05,1.0,1779761700,0.9995,56.0,0.99,0.0004950000000000005,0.990495,0.0060580117099701125,True,0.009596211995012593
Tokyo,RJTT,2026-05-26,highest-temperature-in-tokyo-on-may-26-2026,highest-temperature-in-tokyo-on-may-26-2026-24c,24°C,0.017537888015484282,0.9824621119845157,5.309234560722757,False,False,False,False,True,True,0.05,1.0,1779761700,0.9665,56.0,0.9765,0.0011473874999999984,0.9776473875,0.004814724484515698,True,0.022863675376005643
Tokyo,RJTT,2026-05-26,highest-temperature-in-tokyo-on-may-26-2026,highest-temperature-in-tokyo-on-may-26-2026-25c,25°C,0.3120225168624097,0.6879774831375902,5.309234560722757,False,False,False,False,True,True,0.05,1.0,1779761700,0.64,55.0,0.65,0.011375,0.661375,0.02660248313759017,True,0.512001512001512
Tokyo,RJTT,2026-05-26,highest-temperature-in-tokyo-on-may-26-2026,highest-temperature-in-tokyo-on-may-26-2026-27c,27°C,0.2260847165671775,0.7739152834328225,5.309234560722757,False,False,False,False,True,True,0.05,1.0,1779761700,0.88,56.0,0.89,0.004895,0.894895,-0.12097971656717754,True,0.11744953318545748
Tokyo,RJTT,2026-05-26,highest-temperature-in-tokyo-on-may-26-2026,highest-temperature-in-tokyo-on-may-26-2026-28c,28°C,0.01614513798931092,0.9838548620106891,5.309234560722757,False,False,False,False,True,True,0.05,1.0,1779761700,0.9695,56.0,0.9795,0.0010039874999999982,0.9805039875,0.0033508745106890503,True,0.01988366467505065
Tokyo,RJTT,2026-05-26,highest-temperature-in-tokyo-on-may-26-2026,highest-temperature-in-tokyo-on-may-26-2026-29corhigher,29°C or higher,0.002333155913658352,0.9976668440863417,5.309234560722757,False,True,False,False,True,True,0.05,1.0,1779761700,0.995,56.0,0.99,0.0004950000000000005,0.990495,0.007171844086341639,True,0.009596211995012593
Tokyo,RJTT,2026-05-27,highest-temperature-in-tokyo-on-may-27-2026,highest-temperature-in-tokyo-on-may-27-2026-19corbelow,19°C or below,0.0,1.0,6.184859764042997,False,True,False,False,True,True,0.05,1.0,1779848100,,,,,,,False,
Tokyo,RJTT,2026-05-27,highest-temperature-in-tokyo-on-may-27-2026,highest-temperature-in-tokyo-on-may-27-2026-20c,20°C,0.0,1.0,6.184859764042997,False,False,False,False,True,True,0.05,1.0,1779848100,,,,,,,False,
Tokyo,RJTT,2026-05-27,highest-temperature-in-tokyo-on-may-27-2026,highest-temperature-in-tokyo-on-may-27-2026-21c,21°C,0.0,1.0,6.184859764042997,False,False,False,False,True,True,0.05,1.0,1779848100,0.9995,41.0,0.99,0.0004950000000000005,0.990495,0.009504999999999986,True,0.009596211995012593
Tokyo,RJTT,2026-05-27,highest-temperature-in-tokyo-on-may-27-2026,highest-temperature-in-tokyo-on-may-27-2026-22c,22°C,0.0,1.0,6.184859764042997,False,False,False,False,True,True,0.05,1.0,1779848100,0.9995,42.0,0.99,0.0004950000000000005,0.990495,0.009504999999999986,True,0.009596211995012593
Tokyo,RJTT,2026-05-27,highest-temperature-in-tokyo-on-may-27-2026,highest-temperature-in-tokyo-on-may-27-2026-23c,23°C,0.0016757617256253474,0.9983242382743747,6.184859764042997,False,False,False,False,True,True,0.05,1.0,1779848100,0.9995,41.0,0.99,0.0004950000000000005,0.990495,0.00782923827437465,True,0.009596211995012593
Tokyo,RJTT,2026-05-27,highest-temperature-in-tokyo-on-may-27-2026,highest-temperature-in-tokyo-on-may-27-2026-24c,24°C,0.004356980486625903,0.9956430195133741,6.184859764042997,False,False,False,False,True,True,0.05,1.0,1779848100,0.9995,42.0,0.99,0.0004950000000000005,0.990495,0.005148019513374069,True,0.009596211995012593
Tokyo,RJTT,2026-05-27,highest-temperature-in-tokyo-on-may-27-2026,highest-temperature-in-tokyo-on-may-27-2026-25c,25°C,0.0073798934001783065,0.9926201065998217,6.184859764042997,False,False,False,False,True,True,0.05,1.0,1779848100,0.9545,41.0,0.9645,0.001711987499999999,0.9662119875,0.02640811909982166,True,0.034969564585328516
Tokyo,RJTT,2026-05-27,highest-temperature-in-tokyo-on-may-27-2026,highest-temperature-in-tokyo-on-may-27-2026-26c,26°C,0.3006981318392389,0.6993018681607611,6.184859764042997,False,False,False,False,True,True,0.05,1.0,1779848100,0.785,41.0,0.795,0.00814875,0.8031487500000001,-0.10384688183923896,True,0.2450993667113346
Tokyo,RJTT,2026-05-27,highest-temperature-in-tokyo-on-may-27-2026,highest-temperature-in-tokyo-on-may-27-2026-28c,28°C,0.23871555755532434,0.7612844424446756,6.184859764042997,False,False,False,False,True,True,0.05,1.0,1779848100,0.7755,41.0,0.7855,0.008424487500000001,0.7939244875,-0.03264004505532436,True,0.25956563343815486
Tokyo,RJTT,2026-05-27,highest-temperature-in-tokyo-on-may-27-2026,highest-temperature-in-tokyo-on-may-27-2026-29corhigher,29°C or higher,0.021424728799235893,0.9785752712007642,6.184859764042997,False,True,False,False,True,True,0.05,1.0,1779848100,0.941,41.0,0.951,0.002329950000000002,0.95332995,0.02524532120076417,True,0.048954771640186134
Tokyo,RJTT,2026-05-28,highest-temperature-in-tokyo-on-may-28-2026,highest-temperature-in-tokyo-on-may-28-2026-17corbelow,17°C or below,0.0,1.0,7.403583482929662,True,True,False,False,True,True,0.05,1.0,1779934500,0.9995,57.0,0.99,0.0004950000000000005,0.990495,0.009504999999999986,True,0.009596211995012593
Tokyo,RJTT,2026-05-28,highest-temperature-in-tokyo-on-may-28-2026,highest-temperature-in-tokyo-on-may-28-2026-18c,18°C,0.0,1.0,7.403583482929662,True,False,False,False,True,True,0.05,1.0,1779934500,0.9995,57.0,0.99,0.0004950000000000005,0.990495,0.009504999999999986,True,0.009596211995012593
Tokyo,RJTT,2026-05-28,highest-temperature-in-tokyo-on-may-28-2026,highest-temperature-in-tokyo-on-may-28-2026-19c,19°C,0.0,1.0,7.403583482929662,True,False,False,False,True,True,0.05,1.0,1779934500,0.9995,57.0,0.99,0.0004950000000000005,0.990495,0.009504999999999986,True,0.009596211995012593
Tokyo,RJTT,2026-05-28,highest-temperature-in-tokyo-on-may-28-2026,highest-temperature-in-tokyo-on-may-28-2026-20c,20°C,0.0,1.0,7.403583482929662,True,False,False,False,True,True,0.05,1.0,1779934500,0.9995,57.0,0.99,0.0004950000000000005,0.990495,0.009504999999999986,True,0.009596211995012593
Tokyo,RJTT,2026-05-28,highest-temperature-in-tokyo-on-may-28-2026,highest-temperature-in-tokyo-on-may-28-2026-21c,21°C,0.0,1.0,7.403583482929662,True,False,False,False,True,True,0.05,1.0,1779934500,0.9995,57.0,0.99,0.0004950000000000005,0.990495,0.009504999999999986,True,0.009596211995012593
Tokyo,RJTT,2026-05-28,highest-temperature-in-tokyo-on-may-28-2026,highest-temperature-in-tokyo-on-may-28-2026-22c,22°C,0.0,1.0,7.403583482929662,True,False,False,False,True,True,0.05,1.0,1779934500,0.9995,57.0,0.99,0.0004950000000000005,0.990495,0.009504999999999986,True,0.009596211995012593
Tokyo,RJTT,2026-05-28,highest-temperature-in-tokyo-on-may-28-2026,highest-temperature-in-tokyo-on-may-28-2026-23c,23°C,0.0,1.0,7.403583482929662,True,False,False,False,True,True,0.05,1.0,1779934500,0.999,57.0,0.99,0.0004950000000000005,0.990495,0.009504999999999986,True,0.009596211995012593
Tokyo,RJTT,2026-05-28,highest-temperature-in-tokyo-on-may-28-2026,highest-temperature-in-tokyo-on-may-28-2026-24c,24°C,0.0004656552432478264,0.9995343447567522,7.403583482929662,True,False,False,False,True,True,0.05,1.0,1779934500,0.9995,57.0,0.99,0.0004950000000000005,0.990495,0.009039344756752166,True,0.009596211995012593
Tokyo,RJTT,2026-05-28,highest-temperature-in-tokyo-on-may-28-2026,highest-temperature-in-tokyo-on-may-28-2026-25c,25°C,0.0012107036324443487,0.9987892963675556,7.403583482929662,True,False,False,False,True,True,0.05,1.0,1779934500,0.999,56.0,0.99,0.0004950000000000005,0.990495,0.008294296367555631,True,0.009596211995012593
Tokyo,RJTT,2026-05-28,highest-temperature-in-tokyo-on-may-28-2026,highest-temperature-in-tokyo-on-may-28-2026-26c,26°C,0.0021437972444705586,0.9978562027555294,7.403583482929662,True,False,False,False,True,True,0.05,1.0,1779934500,0.9995,57.0,0.99,0.0004950000000000005,0.990495,0.007361202755529428,True,0.009596211995012593
Tokyo,RJTT,2026-05-29,highest-temperature-in-tokyo-on-may-29-2026,highest-temperature-in-tokyo-on-may-29-2026-21corbelow,21°C or below,0.0,1.0,3.794596900312527,True,True,False,False,True,True,0.05,1.0,1780020900,0.9995,57.0,0.99,0.0004950000000000005,0.990495,0.009504999999999986,True,0.009596211995012593
Tokyo,RJTT,2026-05-29,highest-temperature-in-tokyo-on-may-29-2026,highest-temperature-in-tokyo-on-may-29-2026-22c,22°C,0.0,1.0,3.794596900312527,True,False,False,False,True,True,0.05,1.0,1780020900,0.9995,57.0,0.99,0.0004950000000000005,0.990495,0.009504999999999986,True,0.009596211995012593
Tokyo,RJTT,2026-05-29,highest-temperature-in-tokyo-on-may-29-2026,highest-temperature-in-tokyo-on-may-29-2026-23c,23°C,0.0,1.0,3.794596900312527,True,False,False,False,True,True,0.05,1.0,1780020900,0.9995,56.0,0.99,0.0004950000000000005,0.990495,0.009504999999999986,True,0.009596211995012593
Tokyo,RJTT,2026-05-29,highest-temperature-in-tokyo-on-may-29-2026,highest-temperature-in-tokyo-on-may-29-2026-24c,24°C,0.0,1.0,3.794596900312527,True,False,False,False,True,True,0.05,1.0,1780020900,0.9995,57.0,0.99,0.0004950000000000005,0.990495,0.009504999999999986,True,0.009596211995012593
Tokyo,RJTT,2026-05-29,highest-temperature-in-tokyo-on-may-29-2026,highest-temperature-in-tokyo-on-may-29-2026-25c,25°C,0.0005388880170537686,0.9994611119829462,3.794596900312527,True,False,False,False,True,True,0.05,1.0,1780020900,0.9995,57.0,0.99,0.0004950000000000005,0.990495,0.008966111982946168,True,0.009596211995012593
Tokyo,RJTT,2026-05-29,highest-temperature-in-tokyo-on-may-29-2026,highest-temperature-in-tokyo-on-may-29-2026-26c,26°C,0.0014011088443397982,0.9985988911556603,3.794596900312527,True,False,False,False,True,True,0.05,1.0,1780020900,0.9995,57.0,0.99,0.0004950000000000005,0.990495,0.008103891155660237,True,0.009596211995012593
Tokyo,RJTT,2026-05-29,highest-temperature-in-tokyo-on-may-29-2026,highest-temperature-in-tokyo-on-may-29-2026-27c,27°C,0.00265473317615783,0.9973452668238422,3.794596900312527,True,False,False,False,True,True,0.05,1.0,1780020900,0.9995,57.0,0.99,0.0004950000000000005,0.990495,0.006850266823842155,True,0.009596211995012593
Tokyo,RJTT,2026-05-29,highest-temperature-in-tokyo-on-may-29-2026,highest-temperature-in-tokyo-on-may-29-2026-28c,28°C,0.288780466038862,0.711219533961138,3.794596900312527,True,False,False,False,True,True,0.05,1.0,1780020900,0.9995,57.0,0.99,0.0004950000000000005,0.990495,-0.279275466038862,True,0.009596211995012593
Tokyo,RJTT,2026-05-29,highest-temperature-in-tokyo-on-may-29-2026,highest-temperature-in-tokyo-on-may-29-2026-30c,30°C,0.10033683573414974,0.8996631642658502,3.794596900312527,True,False,False,False,False,True,0.05,1.0,1780020900,0.51,57.0,0.52,0.01248,0.5324800000000001,0.3671831642658502,True,-1.0
Tokyo,RJTT,2026-05-29,highest-temperature-in-tokyo-on-may-29-2026,highest-temperature-in-tokyo-on-may-29-2026-31corhigher,31°C or higher,0.004614958796947442,0.9953850412030526,3.794596900312527,True,True,False,False,True,True,0.05,1.0,1780020900,0.825,57.0,0.835,0.0068887500000000025,0.84188875,0.15349629120305264,True,0.1878053959029622
Tokyo,RJTT,2026-05-30,highest-temperature-in-tokyo-on-may-30-2026,highest-temperature-in-tokyo-on-may-30-2026-19corbelow,19°C or below,0.0,1.0,6.939818203711027,True,True,False,False,True,True,0.05,1.0,1780107300,0.9995,55.0,0.99,0.0004950000000000005,0.990495,0.009504999999999986,True,0.009596211995012593
Tokyo,RJTT,2026-05-30,highest-temperature-in-tokyo-on-may-30-2026,highest-temperature-in-tokyo-on-may-30-2026-20c,20°C,0.0,1.0,6.939818203711027,True,False,False,False,True,True,0.05,1.0,1780107300,0.9995,57.0,0.99,0.0004950000000000005,0.990495,0.009504999999999986,True,0.009596211995012593
Tokyo,RJTT,2026-05-30,highest-temperature-in-tokyo-on-may-30-2026,highest-temperature-in-tokyo-on-may-30-2026-21c,21°C,0.0,1.0,6.939818203711027,True,False,False,False,True,True,0.05,1.0,1780107300,0.9995,57.0,0.99,0.0004950000000000005,0.990495,0.009504999999999986,True,0.009596211995012593
Tokyo,RJTT,2026-05-30,highest-temperature-in-tokyo-on-may-30-2026,highest-temperature-in-tokyo-on-may-30-2026-22c,22°C,0.0,1.0,6.939818203711027,True,False,False,False,True,True,0.05,1.0,1780107300,0.9995,54.0,0.99,0.0004950000000000005,0.990495,0.009504999999999986,True,0.009596211995012593
Tokyo,RJTT,2026-05-30,highest-temperature-in-tokyo-on-may-30-2026,highest-temperature-in-tokyo-on-may-30-2026-23c,23°C,0.0,1.0,6.939818203711027,True,False,False,False,True,True,0.05,1.0,1780107300,0.9995,56.0,0.99,0.0004950000000000005,0.990495,0.009504999999999986,True,0.009596211995012593
Tokyo,RJTT,2026-05-30,highest-temperature-in-tokyo-on-may-30-2026,highest-temperature-in-tokyo-on-may-30-2026-24c,24°C,0.0003409855584720561,0.9996590144415279,6.939818203711027,True,False,False,False,True,True,0.05,1.0,1780107300,0.9995,57.0,0.99,0.0004950000000000005,0.990495,0.009164014441527923,True,0.009596211995012593
Tokyo,RJTT,2026-05-30,highest-temperature-in-tokyo-on-may-30-2026,highest-temperature-in-tokyo-on-may-30-2026-25c,25°C,0.0008865624520273458,0.9991134375479727,6.939818203711027,True,False,False,False,True,True,0.05,1.0,1780107300,0.9995,57.0,0.99,0.0004950000000000005,0.990495,0.008618437547972646,True,0.009596211995012593
Tokyo,RJTT,2026-05-30,highest-temperature-in-tokyo-on-may-30-2026,highest-temperature-in-tokyo-on-may-30-2026-26c,26°C,0.005402709536903805,0.9945972904630962,6.939818203711027,True,False,False,False,True,True,0.05,1.0,1780107300,0.9995,54.0,0.99,0.0004950000000000005,0.990495,0.004102290463096181,True,0.009596211995012593
Tokyo,RJTT,2026-05-30,highest-temperature-in-tokyo-on-may-30-2026,highest-temperature-in-tokyo-on-may-30-2026-27c,27°C,0.2845002015161471,0.7154997984838529,6.939818203711027,True,False,False,False,True,True,0.05,1.0,1780107300,0.93,56.0,0.9400000000000001,0.002819999999999998,0.9428200000000001,-0.22732020151614718,True,0.060647843702933635
Tokyo,RJTT,2026-05-30,highest-temperature-in-tokyo-on-may-30-2026,highest-temperature-in-tokyo-on-may-30-2026-29corhigher,29°C or higher,0.17650453308955003,0.82349546691045,6.939818203711027,True,True,False,False,True,True,0.05,1.0,1780107300,0.385,54.0,0.395,0.011948750000000001,0.40694875,0.4165467169104499,True,1.4573118850960962
Tokyo,RJTT,2026-05-31,highest-temperature-in-tokyo-on-may-31-2026,highest-temperature-in-tokyo-on-may-31-2026-21corbelow,21°C or below,0.0,1.0,9.6085373990625,True,True,False,False,True,True,0.05,1.0,1780193700,0.9995,57.0,0.99,0.0004950000000000005,0.990495,0.009504999999999986,True,0.009596211995012593
Tokyo,RJTT,2026-05-31,highest-temperature-in-tokyo-on-may-31-2026,highest-temperature-in-tokyo-on-may-31-2026-22c,22°C,0.0,1.0,9.6085373990625,True,False,False,False,True,True,0.05,1.0,1780193700,0.9995,57.0,0.99,0.0004950000000000005,0.990495,0.009504999999999986,True,0.009596211995012593
Tokyo,RJTT,2026-05-31,highest-temperature-in-tokyo-on-may-31-2026,highest-temperature-in-tokyo-on-may-31-2026-23c,23°C,0.01062439610756296,0.9893756038924371,9.6085373990625,True,False,False,False,True,True,0.05,1.0,1780193700,0.9995,57.0,0.99,0.0004950000000000005,0.990495,-0.0011193961075629533,True,0.009596211995012593
Tokyo,RJTT,2026-05-31,highest-temperature-in-tokyo-on-may-31-2026,highest-temperature-in-tokyo-on-may-31-2026-24c,24°C,0.02762342987966369,0.9723765701203363,9.6085373990625,True,False,False,False,True,True,0.05,1.0,1780193700,0.9965,57.0,0.99,0.0004950000000000005,0.990495,-0.018118429879663722,True,0.009596211995012593
Tokyo,RJTT,2026-05-31,highest-temperature-in-tokyo-on-may-31-2026,highest-temperature-in-tokyo-on-may-31-2026-25c,25°C,0.04646407532724218,0.9535359246727578,9.6085373990625,True,False,False,False,True,True,0.05,1.0,1780193700,0.9815,57.0,0.99,0.0004950000000000005,0.990495,-0.036959075327242186,True,0.009596211995012593
Tokyo,RJTT,2026-05-31,highest-temperature-in-tokyo-on-may-31-2026,highest-temperature-in-tokyo-on-may-31-2026-27c,27°C,0.1993671935230529,0.8006328064769471,9.6085373990625,True,False,True,False,False,True,0.05,1.0,1780193700,0.695,57.0,0.705,0.010398750000000002,0.71539875,0.08523405647694715,True,-1.0
Tokyo,RJTT,2026-05-31,highest-temperature-in-tokyo-on-may-31-2026,highest-temperature-in-tokyo-on-may-31-2026-28c,28°C,0.1523908340773033,0.8476091659226968,9.6085373990625,True,False,False,False,True,True,0.05,1.0,1780193700,0.495,57.0,0.505,0.012498750000000001,0.51749875,0.33011041592269674,True,0.9323718173232303
Tokyo,RJTT,2026-05-31,highest-temperature-in-tokyo-on-may-31-2026,highest-temperature-in-tokyo-on-may-31-2026-29c,29°C,0.01604587431819782,0.9839541256818022,9.6085373990625,True,False,False,False,True,True,0.05,1.0,1780193700,0.875,57.0,0.885,0.0050887499999999995,0.89008875,0.0938653756818022,True,0.12348347285593708
Tokyo,RJTT,2026-05-31,highest-temperature-in-tokyo-on-may-31-2026,highest-temperature-in-tokyo-on-may-31-2026-30c,30°C,0.0023476766423467274,0.9976523233576533,9.6085373990625,True,False,False,False,True,True,0.05,1.0,1780193700,0.9765,57.0,0.9865,0.000665887499999998,0.9871658875,0.010486435857653298,True,0.013000968390938228
Tokyo,RJTT,2026-05-31,highest-temperature-in-tokyo-on-may-31-2026,highest-temperature-in-tokyo-on-may-31-2026-31corhigher,31°C or higher,0.0,1.0,9.6085373990625,True,True,False,False,True,True,0.05,1.0,1780193700,0.988,57.0,0.99,0.0004950000000000005,0.990495,0.009504999999999986,True,0.009596211995012593
Tokyo,RJTT,2026-06-01,highest-temperature-in-tokyo-on-june-1-2026,highest-temperature-in-tokyo-on-june-1-2026-19corbelow,19°C or below,0.0,1.0,9.02360296283203,False,True,False,False,True,True,0.05,1.0,1780280100,0.9995,57.0,0.99,0.0004950000000000005,0.990495,0.009504999999999986,True,0.009596211995012593
Tokyo,RJTT,2026-06-01,highest-temperature-in-tokyo-on-june-1-2026,highest-temperature-in-tokyo-on-june-1-2026-20c,20°C,0.0,1.0,9.02360296283203,False,False,False,False,True,True,0.05,1.0,1780280100,0.9995,57.0,0.99,0.0004950000000000005,0.990495,0.009504999999999986,True,0.009596211995012593
Tokyo,RJTT,2026-06-01,highest-temperature-in-tokyo-on-june-1-2026,highest-temperature-in-tokyo-on-june-1-2026-21c,21°C,0.0,1.0,9.02360296283203,False,False,False,False,True,True,0.05,1.0,1780280100,0.9995,57.0,0.99,0.0004950000000000005,0.990495,0.009504999999999986,True,0.009596211995012593
Tokyo,RJTT,2026-06-01,highest-temperature-in-tokyo-on-june-1-2026,highest-temperature-in-tokyo-on-june-1-2026-22c,22°C,0.0,1.0,9.02360296283203,False,False,False,False,True,True,0.05,1.0,1780280100,0.9995,57.0,0.99,0.0004950000000000005,0.990495,0.009504999999999986,True,0.009596211995012593
Tokyo,RJTT,2026-06-01,highest-temperature-in-tokyo-on-june-1-2026,highest-temperature-in-tokyo-on-june-1-2026-23c,23°C,0.0,1.0,9.02360296283203,False,False,False,False,True,True,0.05,1.0,1780280100,0.9995,57.0,0.99,0.0004950000000000005,0.990495,0.009504999999999986,True,0.009596211995012593
Tokyo,RJTT,2026-06-01,highest-temperature-in-tokyo-on-june-1-2026,highest-temperature-in-tokyo-on-june-1-2026-24c,24°C,0.0,1.0,9.02360296283203,False,False,False,False,True,True,0.05,1.0,1780280100,0.9995,57.0,0.99,0.0004950000000000005,0.990495,0.009504999999999986,True,0.009596211995012593
Tokyo,RJTT,2026-06-01,highest-temperature-in-tokyo-on-june-1-2026,highest-temperature-in-tokyo-on-june-1-2026-25c,25°C,0.0,1.0,9.02360296283203,False,False,False,False,True,True,0.05,1.0,1780280100,0.9995,57.0,0.99,0.0004950000000000005,0.990495,0.009504999999999986,True,0.009596211995012593
Tokyo,RJTT,2026-06-01,highest-temperature-in-tokyo-on-june-1-2026,highest-temperature-in-tokyo-on-june-1-2026-26c,26°C,0.0009577252418662017,0.9990422747581338,9.02360296283203,False,False,False,False,True,True,0.05,1.0,1780280100,0.9985,57.0,0.99,0.0004950000000000005,0.990495,0.008547274758133772,True,0.009596211995012593
Tokyo,RJTT,2026-06-01,highest-temperature-in-tokyo-on-june-1-2026,highest-temperature-in-tokyo-on-june-1-2026-27c,27°C,0.0024900856288521244,0.9975099143711479,9.02360296283203,False,False,False,False,True,True,0.05,1.0,1780280100,0.9985,57.0,0.99,0.0004950000000000005,0.990495,0.007014914371147873,True,0.009596211995012593
Tokyo,RJTT,2026-06-01,highest-temperature-in-tokyo-on-june-1-2026,highest-temperature-in-tokyo-on-june-1-2026-28c,28°C,0.0105544286606325,0.9894455713393675,9.02360296283203,False,False,False,False,True,True,0.05,1.0,1780280100,0.92,57.0,0.93,0.0032549999999999983,0.9332550000000001,0.056190571339367446,True,0.07151850244574098
Tokyo,RJTT,2026-06-02,highest-temperature-in-tokyo-on-june-2-2026,highest-temperature-in-tokyo-on-june-2-2026-17corbelow,17°C or below,0.0,1.0,4.526538115078168,True,True,False,False,True,True,0.05,1.0,1780366500,0.9995,57.0,0.99,0.0004950000000000005,0.990495,0.009504999999999986,True,0.009596211995012593
Tokyo,RJTT,2026-06-02,highest-temperature-in-tokyo-on-june-2-2026,highest-temperature-in-tokyo-on-june-2-2026-18c,18°C,0.0,1.0,4.526538115078168,True,False,False,False,True,True,0.05,1.0,1780366500,0.9995,57.0,0.99,0.0004950000000000005,0.990495,0.009504999999999986,True,0.009596211995012593
Tokyo,RJTT,2026-06-02,highest-temperature-in-tokyo-on-june-2-2026,highest-temperature-in-tokyo-on-june-2-2026-19c,19°C,0.0,1.0,4.526538115078168,True,False,False,False,True,True,0.05,1.0,1780366500,0.9995,57.0,0.99,0.0004950000000000005,0.990495,0.009504999999999986,True,0.009596211995012593
Tokyo,RJTT,2026-06-02,highest-temperature-in-tokyo-on-june-2-2026,highest-temperature-in-tokyo-on-june-2-2026-20c,20°C,0.0,1.0,4.526538115078168,True,False,False,False,True,True,0.05,1.0,1780366500,0.9995,57.0,0.99,0.0004950000000000005,0.990495,0.009504999999999986,True,0.009596211995012593
Tokyo,RJTT,2026-06-02,highest-temperature-in-tokyo-on-june-2-2026,highest-temperature-in-tokyo-on-june-2-2026-21c,21°C,0.0,1.0,4.526538115078168,True,False,False,False,True,True,0.05,1.0,1780366500,0.9995,57.0,0.99,0.0004950000000000005,0.990495,0.009504999999999986,True,0.009596211995012593
Tokyo,RJTT,2026-06-02,highest-temperature-in-tokyo-on-june-2-2026,highest-temperature-in-tokyo-on-june-2-2026-22c,22°C,0.0005154147285817607,0.9994845852714183,4.526538115078168,True,False,False,False,True,True,0.05,1.0,1780366500,0.9995,57.0,0.99,0.0004950000000000005,0.990495,0.008989585271418243,True,0.009596211995012593
Tokyo,RJTT,2026-06-02,highest-temperature-in-tokyo-on-june-2-2026,highest-temperature-in-tokyo-on-june-2-2026-23c,23°C,0.001340078294312578,0.9986599217056874,4.526538115078168,True,False,False,False,True,True,0.05,1.0,1780366500,0.9995,57.0,0.99,0.0004950000000000005,0.990495,0.008164921705687389,True,0.009596211995012593
Tokyo,RJTT,2026-06-02,highest-temperature-in-tokyo-on-june-2-2026,highest-temperature-in-tokyo-on-june-2-2026-24c,24°C,0.0023957348420587947,0.9976042651579412,4.526538115078168,True,False,False,False,True,True,0.05,1.0,1780366500,0.9995,57.0,0.99,0.0004950000000000005,0.990495,0.007109265157941191,True,0.009596211995012593
Tokyo,RJTT,2026-06-02,highest-temperature-in-tokyo-on-june-2-2026,highest-temperature-in-tokyo-on-june-2-2026-25c,25°C,0.2745042453654664,0.7254957546345335,4.526538115078168,True,False,False,False,True,True,0.05,1.0,1780366500,0.9995,57.0,0.99,0.0004950000000000005,0.990495,-0.2649992453654665,True,0.009596211995012593
Tokyo,RJTT,2026-06-02,highest-temperature-in-tokyo-on-june-2-2026,highest-temperature-in-tokyo-on-june-2-2026-27corhigher,27°C or higher,0.10316746573058785,0.8968325342694121,4.526538115078168,True,True,False,False,True,True,0.05,1.0,1780366500,0.8955,57.0,0.9055,0.0042784875000000016,0.9097784875,-0.012945953230587892,True,0.09916865889841131
Tokyo,RJTT,2026-06-03,highest-temperature-in-tokyo-on-june-3-2026,highest-temperature-in-tokyo-on-june-3-2026-16corbelow,16°C or below,0.0,1.0,1.5259534776561594,True,True,False,False,True,True,0.05,1.0,1780452900,0.9995,57.0,0.99,0.0004950000000000005,0.990495,0.009504999999999986,True,0.009596211995012593
Tokyo,RJTT,2026-06-03,highest-temperature-in-tokyo-on-june-3-2026,highest-temperature-in-tokyo-on-june-3-2026-17c,17°C,0.0017612305909664762,0.9982387694090336,1.5259534776561594,True,False,False,False,True,True,0.05,1.0,1780452900,0.9995,57.0,0.99,0.0004950000000000005,0.990495,0.007743769409033541,True,0.009596211995012593
Tokyo,RJTT,2026-06-03,highest-temperature-in-tokyo-on-june-3-2026,highest-temperature-in-tokyo-on-june-3-2026-18c,18°C,0.004579199536512838,0.9954208004634871,1.5259534776561594,True,False,False,False,True,True,0.05,1.0,1780452900,0.9995,57.0,0.99,0.0004950000000000005,0.990495,0.004925800463487118,True,0.009596211995012593
Tokyo,RJTT,2026-06-03,highest-temperature-in-tokyo-on-june-3-2026,highest-temperature-in-tokyo-on-june-3-2026-19c,19°C,0.005374215652778955,0.994625784347221,1.5259534776561594,True,False,False,False,True,True,0.05,1.0,1780452900,0.9995,57.0,0.99,0.0004950000000000005,0.990495,0.004130784347221028,True,0.009596211995012593
Tokyo,RJTT,2026-06-03,highest-temperature-in-tokyo-on-june-3-2026,highest-temperature-in-tokyo-on-june-3-2026-20c,20°C,0.23072349975443654,0.7692765002455635,1.5259534776561594,True,False,False,False,True,True,0.05,1.0,1780452900,0.8275,57.0,0.8375,0.0068046875,0.8443046875,-0.0750281872544365,True,0.18440654754744568
Tokyo,RJTT,2026-06-03,highest-temperature-in-tokyo-on-june-3-2026,highest-temperature-in-tokyo-on-june-3-2026-22c,22°C,0.19173302540011078,0.8082669745998892,1.5259534776561594,True,False,False,False,True,True,0.05,1.0,1780452900,0.735,56.0,0.745,0.00949875,0.75449875,0.05376822459988917,True,0.32538324284831477
Tokyo,RJTT,2026-06-03,highest-temperature-in-tokyo-on-june-3-2026,highest-temperature-in-tokyo-on-june-3-2026-23c,23°C,0.019519749549784457,0.9804802504502156,1.5259534776561594,True,False,False,False,True,True,0.05,1.0,1780452900,0.955,57.0,0.965,0.0016887500000000014,0.96668875,0.013791500450215599,True,0.03445912658029804
Tokyo,RJTT,2026-06-03,highest-temperature-in-tokyo-on-june-3-2026,highest-temperature-in-tokyo-on-june-3-2026-24c,24°C,0.00431514076803627,0.9956848592319637,1.5259534776561594,True,False,False,False,True,True,0.05,1.0,1780452900,0.993,57.0,0.99,0.0004950000000000005,0.990495,0.005189859231963689,True,0.009596211995012593
Tokyo,RJTT,2026-06-03,highest-temperature-in-tokyo-on-june-3-2026,highest-temperature-in-tokyo-on-june-3-2026-25c,25°C,0.0,1.0,1.5259534776561594,True,False,False,False,True,True,0.05,1.0,1780452900,0.997,57.0,0.99,0.0004950000000000005,0.990495,0.009504999999999986,True,0.009596211995012593
Tokyo,RJTT,2026-06-03,highest-temperature-in-tokyo-on-june-3-2026,highest-temperature-in-tokyo-on-june-3-2026-26corhigher,26°C or higher,0.0,1.0,1.5259534776561594,True,True,False,False,True,True,0.05,1.0,1780452900,0.9985,57.0,0.99,0.0004950000000000005,0.990495,0.009504999999999986,True,0.009596211995012593
Tokyo,RJTT,2026-06-04,highest-temperature-in-tokyo-on-june-4-2026,highest-temperature-in-tokyo-on-june-4-2026-17corbelow,17°C or below,0.0,1.0,3.865324979882772,True,True,False,False,True,True,0.05,1.0,1780539300,0.9995,57.0,0.99,0.0004950000000000005,0.990495,0.009504999999999986,True,0.009596211995012593
Tokyo,RJTT,2026-06-04,highest-temperature-in-tokyo-on-june-4-2026,highest-temperature-in-tokyo-on-june-4-2026-18c,18°C,0.0004183196283896433,0.9995816803716103,3.865324979882772,True,False,False,False,True,True,0.05,1.0,1780539300,0.9995,57.0,0.99,0.0004950000000000005,0.990495,0.009086680371610312,True,0.009596211995012593
Tokyo,RJTT,2026-06-04,highest-temperature-in-tokyo-on-june-4-2026,highest-temperature-in-tokyo-on-june-4-2026-19c,19°C,0.0010876310338130725,0.998912368966187,3.865324979882772,True,False,False,False,True,True,0.05,1.0,1780539300,0.9995,57.0,0.99,0.0004950000000000005,0.990495,0.008417368966186944,True,0.009596211995012593
Tokyo,RJTT,2026-06-04,highest-temperature-in-tokyo-on-june-4-2026,highest-temperature-in-tokyo-on-june-4-2026-20c,20°C,0.004531270352152064,0.9954687296478479,3.865324979882772,True,False,False,False,True,True,0.05,1.0,1780539300,0.9995,57.0,0.99,0.0004950000000000005,0.990495,0.004973729647847924,True,0.009596211995012593
Tokyo,RJTT,2026-06-04,highest-temperature-in-tokyo-on-june-4-2026,highest-temperature-in-tokyo-on-june-4-2026-21c,21°C,0.1468922186538616,0.8531077813461384,3.865324979882772,True,False,False,False,True,True,0.05,1.0,1780539300,0.999,57.0,0.99,0.0004950000000000005,0.990495,-0.1373872186538616,True,0.009596211995012593
Tokyo,RJTT,2026-06-04,highest-temperature-in-tokyo-on-june-4-2026,highest-temperature-in-tokyo-on-june-4-2026-23c,23°C,0.1627906514179291,0.8372093485820709,3.865324979882772,True,False,False,False,False,True,0.05,1.0,1780539300,0.325,57.0,0.335,0.011138750000000003,0.34613875000000005,0.4910705985820708,True,-1.0
Tokyo,RJTT,2026-06-04,highest-temperature-in-tokyo-on-june-4-2026,highest-temperature-in-tokyo-on-june-4-2026-24c,24°C,0.016812829138081867,0.9831871708619181,3.865324979882772,True,False,False,False,True,True,0.05,1.0,1780539300,0.956,57.0,0.966,0.0016422000000000014,0.9676422,0.015544970861918084,True,0.03343983964320696
Tokyo,RJTT,2026-06-04,highest-temperature-in-tokyo-on-june-4-2026,highest-temperature-in-tokyo-on-june-4-2026-25c,25°C,0.0035845414286827886,0.9964154585713172,3.865324979882772,True,False,False,False,True,True,0.05,1.0,1780539300,0.9865,57.0,0.99,0.0004950000000000005,0.990495,0.0059204585713171776,True,0.009596211995012593
Tokyo,RJTT,2026-06-04,highest-temperature-in-tokyo-on-june-4-2026,highest-temperature-in-tokyo-on-june-4-2026-26c,26°C,0.0,1.0,3.865324979882772,True,False,False,False,True,True,0.05,1.0,1780539300,0.9955,57.0,0.99,0.0004950000000000005,0.990495,0.009504999999999986,True,0.009596211995012593
Tokyo,RJTT,2026-06-04,highest-temperature-in-tokyo-on-june-4-2026,highest-temperature-in-tokyo-on-june-4-2026-27corhigher,27°C or higher,0.0,1.0,3.865324979882772,True,True,False,False,True,True,0.05,1.0,1780539300,0.9975,57.0,0.99,0.0004950000000000005,0.990495,0.009504999999999986,True,0.009596211995012593
Tokyo,RJTT,2026-06-05,highest-temperature-in-tokyo-on-june-5-2026,highest-temperature-in-tokyo-on-june-5-2026-17corbelow,17°C or below,0.0013996396956696296,0.9986003603043304,2.7969309655664176,True,True,False,False,True,True,0.05,1.0,1780625700,0.9995,53.0,0.99,0.0004950000000000005,0.990495,0.0081053603043304,True,0.009596211995012593
Tokyo,RJTT,2026-06-05,highest-temperature-in-tokyo-on-june-5-2026,highest-temperature-in-tokyo-on-june-5-2026-18c,18°C,0.0036390632087410367,0.9963609367912589,2.7969309655664176,True,False,False,False,True,True,0.05,1.0,1780625700,0.9995,53.0,0.99,0.0004950000000000005,0.990495,0.005865936791258908,True,0.009596211995012593
Tokyo,RJTT,2026-06-05,highest-temperature-in-tokyo-on-june-5-2026,highest-temperature-in-tokyo-on-june-5-2026-19c,19°C,0.008274770704472027,0.991725229295528,2.7969309655664176,True,False,False,False,True,True,0.05,1.0,1780625700,0.9995,53.0,0.99,0.0004950000000000005,0.990495,0.0012302292955279626,True,0.009596211995012593
Tokyo,RJTT,2026-06-05,highest-temperature-in-tokyo-on-june-5-2026,highest-temperature-in-tokyo-on-june-5-2026-20c,20°C,0.2084636133112582,0.7915363866887418,2.7969309655664176,True,False,False,False,False,True,0.05,1.0,1780625700,0.8855,53.0,0.8955,0.004678987500000001,0.9001789874999999,-0.1086426008112581,True,-1.0
Tokyo,RJTT,2026-06-05,highest-temperature-in-tokyo-on-june-5-2026,highest-temperature-in-tokyo-on-june-5-2026-22c,22°C,0.22076583945252085,0.7792341605474792,2.7969309655664176,True,False,False,False,True,True,0.05,1.0,1780625700,0.815,53.0,0.825,0.007218750000000002,0.83221875,-0.052984589452520825,True,0.20160714956253978
Tokyo,RJTT,2026-06-05,highest-temperature-in-tokyo-on-june-5-2026,highest-temperature-in-tokyo-on-june-5-2026-23c,23°C,0.026385830209269656,0.9736141697907303,2.7969309655664176,True,False,False,False,True,True,0.05,1.0,1780625700,0.935,53.0,0.9450000000000001,0.0025987499999999973,0.94759875,0.0260154197907303,True,0.05529898598958671
Tokyo,RJTT,2026-06-05,highest-temperature-in-tokyo-on-june-5-2026,highest-temperature-in-tokyo-on-june-5-2026-24c,24°C,0.0049204791042322905,0.9950795208957677,2.7969309655664176,True,False,False,False,True,True,0.05,1.0,1780625700,0.9945,53.0,0.99,0.0004950000000000005,0.990495,0.004584520895767663,True,0.009596211995012593
Tokyo,RJTT,2026-06-05,highest-temperature-in-tokyo-on-june-5-2026,highest-temperature-in-tokyo-on-june-5-2026-25c,25°C,0.0,1.0,2.7969309655664176,True,False,False,False,True,True,0.05,1.0,1780625700,0.997,53.0,0.99,0.0004950000000000005,0.990495,0.009504999999999986,True,0.009596211995012593
Tokyo,RJTT,2026-06-05,highest-temperature-in-tokyo-on-june-5-2026,highest-temperature-in-tokyo-on-june-5-2026-26c,26°C,0.0,1.0,2.7969309655664176,True,False,False,False,True,True,0.05,1.0,1780625700,0.997,53.0,0.99,0.0004950000000000005,0.990495,0.009504999999999986,True,0.009596211995012593
Tokyo,RJTT,2026-06-05,highest-temperature-in-tokyo-on-june-5-2026,highest-temperature-in-tokyo-on-june-5-2026-27corhigher,27°C or higher,0.0,1.0,2.7969309655664176,True,True,False,False,True,True,0.05,1.0,1780625700,0.9985,53.0,0.99,0.0004950000000000005,0.990495,0.009504999999999986,True,0.009596211995012593
Tokyo,RJTT,2026-06-06,highest-temperature-in-tokyo-on-june-6-2026,highest-temperature-in-tokyo-on-june-6-2026-17corbelow,17°C or below,0.0,1.0,6.07708621986329,False,True,False,False,True,True,0.05,1.0,1780712100,0.9995,56.0,0.99,0.0004950000000000005,0.990495,0.009504999999999986,True,0.009596211995012593
Tokyo,RJTT,2026-06-06,highest-temperature-in-tokyo-on-june-6-2026,highest-temperature-in-tokyo-on-june-6-2026-18c,18°C,0.0020937499709022503,0.9979062500290977,6.07708621986329,False,False,False,False,True,True,0.05,1.0,1780712100,0.9995,57.0,0.99,0.0004950000000000005,0.990495,0.007411250029097705,True,0.009596211995012593
Tokyo,RJTT,2026-06-06,highest-temperature-in-tokyo-on-june-6-2026,highest-temperature-in-tokyo-on-june-6-2026-19c,19°C,0.00544374992434585,0.9945562500756542,6.07708621986329,False,False,False,False,True,True,0.05,1.0,1780712100,0.9995,56.0,0.99,0.0004950000000000005,0.990495,0.004061250075654166,True,0.009596211995012593
Tokyo,RJTT,2026-06-06,highest-temperature-in-tokyo-on-june-6-2026,highest-temperature-in-tokyo-on-june-6-2026-20c,20°C,0.042985569805864335,0.9570144301941357,6.07708621986329,False,False,False,False,True,True,0.05,1.0,1780712100,0.9805,56.0,0.99,0.0004950000000000005,0.990495,-0.033480569805864335,True,0.009596211995012593
Tokyo,RJTT,2026-06-06,highest-temperature-in-tokyo-on-june-6-2026,highest-temperature-in-tokyo-on-june-6-2026-21c,21°C,0.2681465921662406,0.7318534078337594,6.07708621986329,False,False,False,False,True,True,0.05,1.0,1780712100,0.909,57.0,0.919,0.003721949999999998,0.92272195,-0.1908685421662406,True,0.08375009394758615
Tokyo,RJTT,2026-06-06,highest-temperature-in-tokyo-on-june-6-2026,highest-temperature-in-tokyo-on-june-6-2026-22c,22°C,0.34907556664404776,0.6509244333559523,6.07708621986329,False,False,True,True,False,True,0.05,1.0,1780712100,0.55,57.0,0.56,0.01232,0.57232,0.07860443335595224,True,-1.0
Tokyo,RJTT,2026-06-06,highest-temperature-in-tokyo-on-june-6-2026,highest-temperature-in-tokyo-on-june-6-2026-23c,23°C,0.28463583292019123,0.7153641670798088,6.07708621986329,False,False,False,False,True,True,0.05,1.0,1780712100,0.635,57.0,0.645,0.01144875,0.65644875,0.05891541707980874,True,0.5233481669361089
Tokyo,RJTT,2026-06-06,highest-temperature-in-tokyo-on-june-6-2026,highest-temperature-in-tokyo-on-june-6-2026-24c,24°C,0.043838398207583965,0.956161601792416,6.07708621986329,False,False,False,False,True,True,0.05,1.0,1780712100,0.95,56.0,0.96,0.0019200000000000016,0.96192,-0.005758398207583948,True,0.03958749168330011
Tokyo,RJTT,2026-06-06,highest-temperature-in-tokyo-on-june-6-2026,highest-temperature-in-tokyo-on-june-6-2026-25c,25°C,0.0037805403608239564,0.996219459639176,6.07708621986329,False,False,False,False,True,True,0.05,1.0,1780712100,0.9875,57.0,0.99,0.0004950000000000005,0.990495,0.005724459639176005,True,0.009596211995012593
Tokyo,RJTT,2026-06-06,highest-temperature-in-tokyo-on-june-6-2026,highest-temperature-in-tokyo-on-june-6-2026-26c,26°C,0.0,1.0,6.07708621986329,False,False,False,False,True,True,0.05,1.0,1780712100,0.9945,57.0,0.99,0.0004950000000000005,0.990495,0.009504999999999986,True,0.009596211995012593
Tokyo,RJTT,2026-06-06,highest-temperature-in-tokyo-on-june-6-2026,highest-temperature-in-tokyo-on-june-6-2026-27corhigher,27°C or higher,0.0,1.0,6.07708621986329,False,True,False,False,True,True,0.05,1.0,1780712100,0.998,56.0,0.99,0.0004950000000000005,0.990495,0.009504999999999986,True,0.009596211995012593
Tokyo,RJTT,2026-06-07,highest-temperature-in-tokyo-on-june-7-2026,highest-temperature-in-tokyo-on-june-7-2026-16corbelow,16°C or below,0.0,1.0,4.481853745605463,False,True,False,False,True,True,0.05,1.0,1780798500,0.9995,57.0,0.99,0.0004950000000000005,0.990495,0.009504999999999986,True,0.009596211995012593
Tokyo,RJTT,2026-06-07,highest-temperature-in-tokyo-on-june-7-2026,highest-temperature-in-tokyo-on-june-7-2026-17c,17°C,0.0018805534482908373,0.9981194465517091,4.481853745605463,False,False,False,False,True,True,0.05,1.0,1780798500,0.9995,57.0,0.99,0.0004950000000000005,0.990495,0.00762444655170913,True,0.009596211995012593
Tokyo,RJTT,2026-06-07,highest-temperature-in-tokyo-on-june-7-2026,highest-temperature-in-tokyo-on-june-7-2026-18c,18°C,0.004889438965556177,0.9951105610344438,4.481853745605463,False,False,False,False,True,True,0.05,1.0,1780798500,0.9995,57.0,0.99,0.0004950000000000005,0.990495,0.004615561034443827,True,0.009596211995012593
Tokyo,RJTT,2026-06-07,highest-temperature-in-tokyo-on-june-7-2026,highest-temperature-in-tokyo-on-june-7-2026-19c,19°C,0.030597310514719925,0.9694026894852801,4.481853745605463,False,False,False,False,True,True,0.05,1.0,1780798500,0.986,57.0,0.99,0.0004950000000000005,0.990495,-0.021092310514719936,True,0.009596211995012593
Tokyo,RJTT,2026-06-07,highest-temperature-in-tokyo-on-june-7-2026,highest-temperature-in-tokyo-on-june-7-2026-20c,20°C,0.22457658908270545,0.7754234109172946,4.481853745605463,False,False,False,False,True,True,0.05,1.0,1780798500,0.857,56.0,0.867,0.005765550000000001,0.87276555,-0.09734213908270539,True,0.14578308000355888
Tokyo,RJTT,2026-06-07,highest-temperature-in-tokyo-on-june-7-2026,highest-temperature-in-tokyo-on-june-7-2026-22c,22°C,0.2801812636668626,0.7198187363331374,4.481853745605463,False,False,False,False,True,True,0.05,1.0,1780798500,0.64,57.0,0.65,0.011375,0.661375,0.058443736333137375,True,0.512001512001512
Tokyo,RJTT,2026-06-07,highest-temperature-in-tokyo-on-june-7-2026,highest-temperature-in-tokyo-on-june-7-2026-23c,23°C,0.03899476012827758,0.9610052398717224,4.481853745605463,False,False,False,False,True,True,0.05,1.0,1780798500,0.94,57.0,0.95,0.002375000000000002,0.952375,0.0086302398717224,True,0.050006562541015986
Tokyo,RJTT,2026-06-07,highest-temperature-in-tokyo-on-june-7-2026,highest-temperature-in-tokyo-on-june-7-2026-24c,24°C,0.005285488837222101,0.9947145111627779,4.481853745605463,False,False,False,False,True,True,0.05,1.0,1780798500,0.993,57.0,0.99,0.0004950000000000005,0.990495,0.004219511162777856,True,0.009596211995012593
Tokyo,RJTT,2026-06-07,highest-temperature-in-tokyo-on-june-7-2026,highest-temperature-in-tokyo-on-june-7-2026-25c,25°C,0.0,1.0,4.481853745605463,False,False,False,False,True,True,0.05,1.0,1780798500,0.9985,57.0,0.99,0.0004950000000000005,0.990495,0.009504999999999986,True,0.009596211995012593
Tokyo,RJTT,2026-06-07,highest-temperature-in-tokyo-on-june-7-2026,highest-temperature-in-tokyo-on-june-7-2026-26corhigher,26°C or higher,0.0,1.0,4.481853745605463,False,True,False,False,True,True,0.05,1.0,1780798500,0.9975,56.0,0.99,0.0004950000000000005,0.990495,0.009504999999999986,True,0.009596211995012593
Tokyo,RJTT,2026-06-08,highest-temperature-in-tokyo-on-june-8-2026,highest-temperature-in-tokyo-on-june-8-2026-18corbelow,18°C or below,0.0,1.0,5.923109980195292,True,True,False,False,True,True,0.05,1.0,1780884900,0.9995,57.0,0.99,0.0004950000000000005,0.990495,0.009504999999999986,True,0.009596211995012593
Tokyo,RJTT,2026-06-08,highest-temperature-in-tokyo-on-june-8-2026,highest-temperature-in-tokyo-on-june-8-2026-19c,19°C,0.0010969596143095557,0.9989030403856904,5.923109980195292,True,False,False,False,True,True,0.05,1.0,1780884900,0.9995,57.0,0.99,0.0004950000000000005,0.990495,0.00840804038569043,True,0.009596211995012593
Tokyo,RJTT,2026-06-08,highest-temperature-in-tokyo-on-june-8-2026,highest-temperature-in-tokyo-on-june-8-2026-20c,20°C,0.0028520949972048446,0.9971479050027952,5.923109980195292,True,False,False,False,True,True,0.05,1.0,1780884900,0.9995,58.0,0.99,0.0004950000000000005,0.990495,0.00665290500279514,True,0.009596211995012593
Tokyo,RJTT,2026-06-08,highest-temperature-in-tokyo-on-june-8-2026,highest-temperature-in-tokyo-on-june-8-2026-21c,21°C,0.006633452717307971,0.993366547282692,5.923109980195292,True,False,False,False,True,True,0.05,1.0,1780884900,0.9655,58.0,0.9755,0.0011949874999999987,0.9766949875000001,0.01667155978269197,True,0.0238610956319667
Tokyo,RJTT,2026-06-08,highest-temperature-in-tokyo-on-june-8-2026,highest-temperature-in-tokyo-on-june-8-2026-22c,22°C,0.2834578798121182,0.7165421201878819,5.923109980195292,True,False,False,False,True,True,0.05,1.0,1780884900,0.745,57.0,0.755,0.00924875,0.76424875,-0.04770662981211815,True,0.3084744986498178
Tokyo,RJTT,2026-06-08,highest-temperature-in-tokyo-on-june-8-2026,highest-temperature-in-tokyo-on-june-8-2026-24c,24°C,0.21865635948640988,0.7813436405135901,5.923109980195292,True,False,False,False,True,True,0.05,1.0,1780884900,0.785,58.0,0.795,0.00814875,0.8031487500000001,-0.021805109486410013,True,0.2450993667113346
Tokyo,RJTT,2026-06-08,highest-temperature-in-tokyo-on-june-8-2026,highest-temperature-in-tokyo-on-june-8-2026-25c,25°C,0.019454410750634085,0.980545589249366,5.923109980195292,True,False,False,False,True,True,0.05,1.0,1780884900,0.985,57.0,0.99,0.0004950000000000005,0.990495,-0.009949410750634047,True,0.009596211995012593
Tokyo,RJTT,2026-06-08,highest-temperature-in-tokyo-on-june-8-2026,highest-temperature-in-tokyo-on-june-8-2026-26c,26°C,0.0032497907407907397,0.9967502092592092,5.923109980195292,True,False,False,False,True,True,0.05,1.0,1780884900,0.9955,57.0,0.99,0.0004950000000000005,0.990495,0.0062552092592091935,True,0.009596211995012593
Tokyo,RJTT,2026-06-08,highest-temperature-in-tokyo-on-june-8-2026,highest-temperature-in-tokyo-on-june-8-2026-27c,27°C,0.0,1.0,5.923109980195292,True,False,False,False,True,True,0.05,1.0,1780884900,0.9995,57.0,0.99,0.0004950000000000005,0.990495,0.009504999999999986,True,0.009596211995012593
Tokyo,RJTT,2026-06-08,highest-temperature-in-tokyo-on-june-8-2026,highest-temperature-in-tokyo-on-june-8-2026-28corhigher,28°C or higher,0.0,1.0,5.923109980195292,True,True,False,False,True,True,0.05,1.0,1780884900,0.9995,57.0,0.99,0.0004950000000000005,0.990495,0.009504999999999986,True,0.009596211995012593
Tokyo,RJTT,2026-06-09,highest-temperature-in-tokyo-on-june-9-2026,highest-temperature-in-tokyo-on-june-9-2026-19corbelow,19°C or below,0.0028290307508075374,0.9971709692491925,3.6056272869140855,True,True,False,False,True,True,0.05,1.0,1780971300,0.9995,54.0,0.99,0.0004950000000000005,0.990495,0.006675969249192448,True,0.009596211995012593
Tokyo,RJTT,2026-06-09,highest-temperature-in-tokyo-on-june-9-2026,highest-temperature-in-tokyo-on-june-9-2026-20c,20°C,0.010101344077392493,0.9898986559226075,3.6056272869140855,True,False,False,False,True,True,0.05,1.0,1780971300,0.9995,55.0,0.99,0.0004950000000000005,0.990495,-0.0005963440773925077,True,0.009596211995012593
Tokyo,RJTT,2026-06-09,highest-temperature-in-tokyo-on-june-9-2026,highest-temperature-in-tokyo-on-june-9-2026-21c,21°C,0.15602153275915065,0.8439784672408494,3.6056272869140855,True,False,False,False,True,True,0.05,1.0,1780971300,0.999,57.0,0.99,0.0004950000000000005,0.990495,-0.14651653275915066,True,0.009596211995012593
Tokyo,RJTT,2026-06-09,highest-temperature-in-tokyo-on-june-9-2026,highest-temperature-in-tokyo-on-june-9-2026-23c,23°C,0.13842675486996686,0.8615732451300331,3.6056272869140855,True,False,False,False,True,True,0.05,1.0,1780971300,0.8,54.0,0.81,0.007694999999999998,0.8176950000000001,0.04387824513003302,True,0.22294987739927463
Tokyo,RJTT,2026-06-09,highest-temperature-in-tokyo-on-june-9-2026,highest-temperature-in-tokyo-on-june-9-2026-24c,24°C,0.01567756650968514,0.9843224334903149,3.6056272869140855,True,False,False,False,True,True,0.05,1.0,1780971300,0.94,54.0,0.95,0.002375000000000002,0.952375,0.031947433490314925,True,0.050006562541015986
Tokyo,RJTT,2026-06-09,highest-temperature-in-tokyo-on-june-9-2026,highest-temperature-in-tokyo-on-june-9-2026-25c,25°C,0.0037087005811885327,0.9962912994188114,3.6056272869140855,True,False,False,False,True,True,0.05,1.0,1780971300,0.9945,54.0,0.99,0.0004950000000000005,0.990495,0.005796299418811435,True,0.009596211995012593
Tokyo,RJTT,2026-06-09,highest-temperature-in-tokyo-on-june-9-2026,highest-temperature-in-tokyo-on-june-9-2026-26c,26°C,0.0,1.0,3.6056272869140855,True,False,False,False,True,True,0.05,1.0,1780971300,0.9945,57.0,0.99,0.0004950000000000005,0.990495,0.009504999999999986,True,0.009596211995012593
Tokyo,RJTT,2026-06-09,highest-temperature-in-tokyo-on-june-9-2026,highest-temperature-in-tokyo-on-june-9-2026-27c,27°C,0.0,1.0,3.6056272869140855,True,False,False,False,True,True,0.05,1.0,1780971300,0.998,54.0,0.99,0.0004950000000000005,0.990495,0.009504999999999986,True,0.009596211995012593
Tokyo,RJTT,2026-06-09,highest-temperature-in-tokyo-on-june-9-2026,highest-temperature-in-tokyo-on-june-9-2026-28c,28°C,0.0,1.0,3.6056272869140855,True,False,False,False,True,True,0.05,1.0,1780971300,0.9995,57.0,0.99,0.0004950000000000005,0.990495,0.009504999999999986,True,0.009596211995012593
Tokyo,RJTT,2026-06-09,highest-temperature-in-tokyo-on-june-9-2026,highest-temperature-in-tokyo-on-june-9-2026-29corhigher,29°C or higher,0.0,1.0,3.6056272869140855,True,True,False,False,True,True,0.05,1.0,1780971300,0.9995,55.0,0.99,0.0004950000000000005,0.990495,0.009504999999999986,True,0.009596211995012593
Tokyo,RJTT,2026-06-10,highest-temperature-in-tokyo-on-june-10-2026,highest-temperature-in-tokyo-on-june-10-2026-17corbelow,17°C or below,0.0,1.0,3.284920092832152,True,True,False,False,True,True,0.05,1.0,1781057700,0.9995,57.0,0.99,0.0004950000000000005,0.990495,0.009504999999999986,True,0.009596211995012593
Tokyo,RJTT,2026-06-10,highest-temperature-in-tokyo-on-june-10-2026,highest-temperature-in-tokyo-on-june-10-2026-18c,18°C,0.0005435423509070026,0.999456457649093,3.284920092832152,True,False,False,False,True,True,0.05,1.0,1781057700,0.9995,57.0,0.99,0.0004950000000000005,0.990495,0.008961457649092952,True,0.009596211995012593
Tokyo,RJTT,2026-06-10,highest-temperature-in-tokyo-on-june-10-2026,highest-temperature-in-tokyo-on-june-10-2026-19c,19°C,0.0014132101123582065,0.9985867898876418,3.284920092832152,True,False,False,False,True,True,0.05,1.0,1781057700,0.9995,57.0,0.99,0.0004950000000000005,0.990495,0.00809178988764181,True,0.009596211995012593
Tokyo,RJTT,2026-06-10,highest-temperature-in-tokyo-on-june-10-2026,highest-temperature-in-tokyo-on-june-10-2026-20c,20°C,0.006055040334066675,0.9939449596659333,3.284920092832152,True,False,False,False,True,True,0.05,1.0,1781057700,0.9995,56.0,0.99,0.0004950000000000005,0.990495,0.003449959665933311,True,0.009596211995012593
Tokyo,RJTT,2026-06-10,highest-temperature-in-tokyo-on-june-10-2026,highest-temperature-in-tokyo-on-june-10-2026-21c,21°C,0.11562283093881877,0.8843771690611812,3.284920092832152,True,False,False,False,True,True,0.05,1.0,1781057700,0.915,57.0,0.925,0.0034687499999999983,0.9284687500000001,-0.04409158093881882,True,0.07704217293258386
Tokyo,RJTT,2026-06-10,highest-temperature-in-tokyo-on-june-10-2026,highest-temperature-in-tokyo-on-june-10-2026-23c,23°C,0.23781633536113064,0.7621836646388693,3.284920092832152,True,False,False,False,True,True,0.05,1.0,1781057700,0.86,57.0,0.87,0.005655,0.875655,-0.11347133536113063,True,0.14200227258452247
Tokyo,RJTT,2026-06-10,highest-temperature-in-tokyo-on-june-10-2026,highest-temperature-in-tokyo-on-june-10-2026-24c,24°C,0.024936569857088718,0.9750634301429113,3.284920092832152,True,False,False,False,True,True,0.05,1.0,1781057700,0.9605,57.0,0.9705,0.0014314874999999986,0.9719314875,0.0031319426429112784,True,0.02887910604912869
Tokyo,RJTT,2026-06-10,highest-temperature-in-tokyo-on-june-10-2026,highest-temperature-in-tokyo-on-june-10-2026-25c,25°C,0.003667579274271767,0.9963324207257283,3.284920092832152,True,False,False,False,True,True,0.05,1.0,1781057700,0.9965,57.0,0.99,0.0004950000000000005,0.990495,0.005837420725728237,True,0.009596211995012593
Tokyo,RJTT,2026-06-10,highest-temperature-in-tokyo-on-june-10-2026,highest-temperature-in-tokyo-on-june-10-2026-26c,26°C,0.0,1.0,3.284920092832152,True,False,False,False,True,True,0.05,1.0,1781057700,0.9975,57.0,0.99,0.0004950000000000005,0.990495,0.009504999999999986,True,0.009596211995012593
Tokyo,RJTT,2026-06-10,highest-temperature-in-tokyo-on-june-10-2026,highest-temperature-in-tokyo-on-june-10-2026-27corhigher,27°C or higher,0.0,1.0,3.284920092832152,True,True,False,False,True,True,0.05,1.0,1781057700,0.999,57.0,0.99,0.0004950000000000005,0.990495,0.009504999999999986,True,0.009596211995012593
Tokyo,RJTT,2026-06-11,highest-temperature-in-tokyo-on-june-11-2026,highest-temperature-in-tokyo-on-june-11-2026-19corbelow,19°C or below,0.0,1.0,4.453852010097577,True,True,False,False,True,True,0.05,1.0,1781144100,0.9995,55.0,0.99,0.0004950000000000005,0.990495,0.009504999999999986,True,0.009596211995012593
Tokyo,RJTT,2026-06-11,highest-temperature-in-tokyo-on-june-11-2026,highest-temperature-in-tokyo-on-june-11-2026-20c,20°C,0.0,1.0,4.453852010097577,True,False,False,False,True,True,0.05,1.0,1781144100,0.9995,56.0,0.99,0.0004950000000000005,0.990495,0.009504999999999986,True,0.009596211995012593
Tokyo,RJTT,2026-06-11,highest-temperature-in-tokyo-on-june-11-2026,highest-temperature-in-tokyo-on-june-11-2026-21c,21°C,0.0003263247365140979,0.9996736752634859,4.453852010097577,True,False,False,False,True,True,0.05,1.0,1781144100,0.9995,55.0,0.99,0.0004950000000000005,0.990495,0.009178675263485925,True,0.009596211995012593
Tokyo,RJTT,2026-06-11,highest-temperature-in-tokyo-on-june-11-2026,highest-temperature-in-tokyo-on-june-11-2026-22c,22°C,0.0008484443149366544,0.9991515556850633,4.453852010097577,True,False,False,False,True,True,0.05,1.0,1781144100,0.9995,56.0,0.99,0.0004950000000000005,0.990495,0.008656555685063294,True,0.009596211995012593
Tokyo,RJTT,2026-06-11,highest-temperature-in-tokyo-on-june-11-2026,highest-temperature-in-tokyo-on-june-11-2026-23c,23°C,0.003029273544324363,0.9969707264556756,4.453852010097577,True,False,False,False,True,True,0.05,1.0,1781144100,0.9995,56.0,0.99,0.0004950000000000005,0.990495,0.006475726455675623,True,0.009596211995012593
Tokyo,RJTT,2026-06-11,highest-temperature-in-tokyo-on-june-11-2026,highest-temperature-in-tokyo-on-june-11-2026-24c,24°C,0.1728958420854143,0.8271041579145857,4.453852010097577,True,False,False,False,True,True,0.05,1.0,1781144100,0.89,55.0,0.9,0.0045,0.9045,-0.07739584208541428,True,0.10558319513543402
Tokyo,RJTT,2026-06-11,highest-temperature-in-tokyo-on-june-11-2026,highest-temperature-in-tokyo-on-june-11-2026-26c,26°C,0.22908362317107125,0.7709163768289288,4.453852010097577,True,False,False,False,False,True,0.05,1.0,1781144100,0.74,56.0,0.75,0.009375000000000001,0.759375,0.011541376828928751,True,-1.0
Tokyo,RJTT,2026-06-11,highest-temperature-in-tokyo-on-june-11-2026,highest-temperature-in-tokyo-on-june-11-2026-27c,27°C,0.020169881498502584,0.9798301185014974,4.453852010097577,True,False,False,False,True,True,0.05,1.0,1781144100,0.9415,55.0,0.9515,0.0023073874999999995,0.9538073875,0.026022731001497323,True,0.0484297071980897
Tokyo,RJTT,2026-06-11,highest-temperature-in-tokyo-on-june-11-2026,highest-temperature-in-tokyo-on-june-11-2026-28c,28°C,0.0019033458119615248,0.9980966541880385,4.453852010097577,True,False,False,False,True,True,0.05,1.0,1781144100,0.9945,56.0,0.99,0.0004950000000000005,0.990495,0.007601654188038487,True,0.009596211995012593
Tokyo,RJTT,2026-06-11,highest-temperature-in-tokyo-on-june-11-2026,highest-temperature-in-tokyo-on-june-11-2026-29corhigher,29°C or higher,0.0,1.0,4.453852010097577,True,True,False,False,True,True,0.05,1.0,1781144100,0.9965,56.0,0.99,0.0004950000000000005,0.990495,0.009504999999999986,True,0.009596211995012593
Tokyo,RJTT,2026-06-12,highest-temperature-in-tokyo-on-june-12-2026,highest-temperature-in-tokyo-on-june-12-2026-19corbelow,19°C or below,0.0,1.0,6.309795255644488,True,True,False,False,True,True,0.05,1.0,1781230500,0.9995,41.0,0.99,0.0004950000000000005,0.990495,0.009504999999999986,True,0.009596211995012593
Tokyo,RJTT,2026-06-12,highest-temperature-in-tokyo-on-june-12-2026,highest-temperature-in-tokyo-on-june-12-2026-20c,20°C,0.0,1.0,6.309795255644488,True,False,False,False,True,True,0.05,1.0,1781230500,0.9995,40.0,0.99,0.0004950000000000005,0.990495,0.009504999999999986,True,0.009596211995012593
Tokyo,RJTT,2026-06-12,highest-temperature-in-tokyo-on-june-12-2026,highest-temperature-in-tokyo-on-june-12-2026-21c,21°C,0.0,1.0,6.309795255644488,True,False,False,False,True,True,0.05,1.0,1781230500,0.9995,41.0,0.99,0.0004950000000000005,0.990495,0.009504999999999986,True,0.009596211995012593
Tokyo,RJTT,2026-06-12,highest-temperature-in-tokyo-on-june-12-2026,highest-temperature-in-tokyo-on-june-12-2026-22c,22°C,0.0009053127769549803,0.9990946872230451,6.309795255644488,True,False,False,False,True,True,0.05,1.0,1781230500,0.9995,40.0,0.99,0.0004950000000000005,0.990495,0.00859968722304505,True,0.009596211995012593
Tokyo,RJTT,2026-06-12,highest-temperature-in-tokyo-on-june-12-2026,highest-temperature-in-tokyo-on-june-12-2026-23c,23°C,0.0023538132200829486,0.997646186779917,6.309795255644488,True,False,False,False,True,True,0.05,1.0,1781230500,0.9995,40.0,0.99,0.0004950000000000005,0.990495,0.007151186779916996,True,0.009596211995012593
Tokyo,RJTT,2026-06-12,highest-temperature-in-tokyo-on-june-12-2026,highest-temperature-in-tokyo-on-june-12-2026-24c,24°C,0.009414318945875525,0.9905856810541245,6.309795255644488,True,False,False,False,True,True,0.05,1.0,1781230500,0.955,41.0,0.965,0.0016887500000000014,0.96668875,0.023896931054124493,True,0.03445912658029804
Tokyo,RJTT,2026-06-12,highest-temperature-in-tokyo-on-june-12-2026,highest-temperature-in-tokyo-on-june-12-2026-25c,25°C,0.22365884823312177,0.7763411517668782,6.309795255644488,True,False,False,False,True,True,0.05,1.0,1781230500,0.62,40.0,0.63,0.011655,0.641655,0.13468615176687826,True,0.5584698942578177
Tokyo,RJTT,2026-06-12,highest-temperature-in-tokyo-on-june-12-2026,highest-temperature-in-tokyo-on-june-12-2026-27c,27°C,0.25123122505195966,0.7487687749480403,6.309795255644488,True,False,False,False,True,True,0.05,1.0,1781230500,0.93,40.0,0.9400000000000001,0.002819999999999998,0.9428200000000001,-0.19405122505195982,True,0.060647843702933635
Tokyo,RJTT,2026-06-12,highest-temperature-in-tokyo-on-june-12-2026,highest-temperature-in-tokyo-on-june-12-2026-28c,28°C,0.026491097010812058,0.9735089029891879,6.309795255644488,True,False,False,False,True,True,0.05,1.0,1781230500,0.972,40.0,0.982,0.0008838000000000008,0.9828838,-0.009374897010812067,True,0.01741426606074903
Tokyo,RJTT,2026-06-12,highest-temperature-in-tokyo-on-june-12-2026,highest-temperature-in-tokyo-on-june-12-2026-29corhigher,29°C or higher,0.002645231212530406,0.9973547687874696,6.309795255644488,True,True,False,False,True,True,0.05,1.0,1781230500,0.9985,41.0,0.99,0.0004950000000000005,0.990495,0.006859768787469633,True,0.009596211995012593
Tokyo,RJTT,2026-06-13,highest-temperature-in-tokyo-on-june-13-2026,highest-temperature-in-tokyo-on-june-13-2026-21corbelow,21°C or below,0.0,1.0,7.152321983203237,True,True,False,False,True,True,0.05,1.0,1781316900,0.9995,56.0,0.99,0.0004950000000000005,0.990495,0.009504999999999986,True,0.009596211995012593
Tokyo,RJTT,2026-06-13,highest-temperature-in-tokyo-on-june-13-2026,highest-temperature-in-tokyo-on-june-13-2026-22c,22°C,0.0,1.0,7.152321983203237,True,False,False,False,True,True,0.05,1.0,1781316900,0.9995,56.0,0.99,0.0004950000000000005,0.990495,0.009504999999999986,True,0.009596211995012593
Tokyo,RJTT,2026-06-13,highest-temperature-in-tokyo-on-june-13-2026,highest-temperature-in-tokyo-on-june-13-2026-23c,23°C,0.0013668064010655435,0.9986331935989344,7.152321983203237,True,False,False,False,True,True,0.05,1.0,1781316900,0.9995,56.0,0.99,0.0004950000000000005,0.990495,0.008138193598934418,True,0.009596211995012593
Tokyo,RJTT,2026-06-13,highest-temperature-in-tokyo-on-june-13-2026,highest-temperature-in-tokyo-on-june-13-2026-24c,24°C,0.0035536966427704127,0.9964463033572296,7.152321983203237,True,False,False,False,True,True,0.05,1.0,1781316900,0.994,56.0,0.99,0.0004950000000000005,0.990495,0.005951303357229598,True,0.009596211995012593
Tokyo,RJTT,2026-06-13,highest-temperature-in-tokyo-on-june-13-2026,highest-temperature-in-tokyo-on-june-13-2026-25c,25°C,0.013203339116165782,0.9867966608838342,7.152321983203237,True,False,False,False,True,True,0.05,1.0,1781316900,0.97,56.0,0.98,0.0009800000000000008,0.98098,0.005816660883834257,True,0.01938877449081544
Tokyo,RJTT,2026-06-13,highest-temperature-in-tokyo-on-june-13-2026,highest-temperature-in-tokyo-on-june-13-2026-26c,26°C,0.22616169694702234,0.7738383030529776,7.152321983203237,True,False,False,False,True,True,0.05,1.0,1781316900,0.735,56.0,0.745,0.00949875,0.75449875,0.01933955305297763,True,0.32538324284831477
Tokyo,RJTT,2026-06-13,highest-temperature-in-tokyo-on-june-13-2026,highest-temperature-in-tokyo-on-june-13-2026-28c,28°C,0.22009782913982423,0.7799021708601758,7.152321983203237,True,False,False,False,True,True,0.05,1.0,1781316900,0.875,56.0,0.885,0.0050887499999999995,0.89008875,-0.11018657913982421,True,0.12348347285593708
Tokyo,RJTT,2026-06-13,highest-temperature-in-tokyo-on-june-13-2026,highest-temperature-in-tokyo-on-june-13-2026-29c,29°C,0.024537147023537317,0.9754628529764627,7.152321983203237,True,False,False,False,True,True,0.05,1.0,1781316900,0.9645,56.0,0.9745,0.0012424874999999985,0.9757424875,-0.0002796345235372977,True,0.024860568039987152
Tokyo,RJTT,2026-06-13,highest-temperature-in-tokyo-on-june-13-2026,highest-temperature-in-tokyo-on-june-13-2026-30c,30°C,0.002412658615508949,0.997587341384491,7.152321983203237,True,False,False,False,True,True,0.05,1.0,1781316900,0.9885,56.0,0.99,0.0004950000000000005,0.990495,0.007092341384490997,True,0.009596211995012593
Tokyo,RJTT,2026-06-13,highest-temperature-in-tokyo-on-june-13-2026,highest-temperature-in-tokyo-on-june-13-2026-31corhigher,31°C or higher,0.0,1.0,7.152321983203237,True,True,False,False,True,True,0.05,1.0,1781316900,0.9995,56.0,0.99,0.0004950000000000005,0.990495,0.009504999999999986,True,0.009596211995012593
Tokyo,RJTT,2026-06-14,highest-temperature-in-tokyo-on-june-14-2026,highest-temperature-in-tokyo-on-june-14-2026-21corbelow,21°C or below,0.0,1.0,5.274865393945476,True,True,False,False,True,True,0.05,1.0,1781403300,0.9995,55.0,0.99,0.0004950000000000005,0.990495,0.009504999999999986,True,0.009596211995012593
Tokyo,RJTT,2026-06-14,highest-temperature-in-tokyo-on-june-14-2026,highest-temperature-in-tokyo-on-june-14-2026-22c,22°C,0.0,1.0,5.274865393945476,True,False,False,False,True,True,0.05,1.0,1781403300,0.9995,55.0,0.99,0.0004950000000000005,0.990495,0.009504999999999986,True,0.009596211995012593
Tokyo,RJTT,2026-06-14,highest-temperature-in-tokyo-on-june-14-2026,highest-temperature-in-tokyo-on-june-14-2026-23c,23°C,0.0004609906262438106,0.9995390093737562,5.274865393945476,True,False,False,False,True,True,0.05,1.0,1781403300,0.9995,55.0,0.99,0.0004950000000000005,0.990495,0.009044009373756157,True,0.009596211995012593
Tokyo,RJTT,2026-06-14,highest-temperature-in-tokyo-on-june-14-2026,highest-temperature-in-tokyo-on-june-14-2026-24c,24°C,0.0011985756282339075,0.9988014243717661,5.274865393945476,True,False,False,False,True,True,0.05,1.0,1781403300,0.9995,55.0,0.99,0.0004950000000000005,0.990495,0.008306424371766097,True,0.009596211995012593
Tokyo,RJTT,2026-06-14,highest-temperature-in-tokyo-on-june-14-2026,highest-temperature-in-tokyo-on-june-14-2026-25c,25°C,0.005191752152398973,0.994808247847601,5.274865393945476,True,False,False,False,True,True,0.05,1.0,1781403300,0.9995,55.0,0.99,0.0004950000000000005,0.990495,0.004313247847601009,True,0.009596211995012593
Tokyo,RJTT,2026-06-14,highest-temperature-in-tokyo-on-june-14-2026,highest-temperature-in-tokyo-on-june-14-2026-26c,26°C,0.25715329547569626,0.7428467045243037,5.274865393945476,True,False,False,False,False,True,0.05,1.0,1781403300,0.595,55.0,0.605,0.011948750000000001,0.6169487499999999,0.12589795452430375,True,-1.0
Tokyo,RJTT,2026-06-14,highest-temperature-in-tokyo-on-june-14-2026,highest-temperature-in-tokyo-on-june-14-2026-28c,28°C,0.15263233424065,0.84736766575935,5.274865393945476,True,False,False,False,True,True,0.05,1.0,1781403300,0.897,55.0,0.907,0.00421755,0.91121755,-0.06384988424065008,True,0.09743277003389572
Tokyo,RJTT,2026-06-14,highest-temperature-in-tokyo-on-june-14-2026,highest-temperature-in-tokyo-on-june-14-2026-29c,29°C,0.007313839325758157,0.9926861606742419,5.274865393945476,True,False,False,False,True,True,0.05,1.0,1781403300,0.9875,55.0,0.99,0.0004950000000000005,0.990495,0.0021911606742418543,True,0.009596211995012593
Tokyo,RJTT,2026-06-14,highest-temperature-in-tokyo-on-june-14-2026,highest-temperature-in-tokyo-on-june-14-2026-30c,30°C,0.002414998058564091,0.997585001941436,5.274865393945476,True,False,False,False,True,True,0.05,1.0,1781403300,0.9955,56.0,0.99,0.0004950000000000005,0.990495,0.007090001941435942,True,0.009596211995012593
Tokyo,RJTT,2026-06-14,highest-temperature-in-tokyo-on-june-14-2026,highest-temperature-in-tokyo-on-june-14-2026-31corhigher,31°C or higher,0.0,1.0,5.274865393945476,True,True,False,False,True,True,0.05,1.0,1781403300,0.999,55.0,0.99,0.0004950000000000005,0.990495,0.009504999999999986,True,0.009596211995012593
Tokyo,RJTT,2026-06-15,highest-temperature-in-tokyo-on-june-15-2026,highest-temperature-in-tokyo-on-june-15-2026-17corbelow,17°C or below,0.000534012929299758,0.9994659870707002,2.7383698828125915,True,True,False,False,True,True,0.05,1.0,1781489700,0.9995,56.0,0.99,0.0004950000000000005,0.990495,0.00897098707070021,True,0.009596211995012593
Tokyo,RJTT,2026-06-15,highest-temperature-in-tokyo-on-june-15-2026,highest-temperature-in-tokyo-on-june-15-2026-18c,18°C,0.0013884336161793707,0.9986115663838206,2.7383698828125915,True,False,False,False,True,True,0.05,1.0,1781489700,0.9995,56.0,0.99,0.0004950000000000005,0.990495,0.008116566383820634,True,0.009596211995012593
Tokyo,RJTT,2026-06-15,highest-temperature-in-tokyo-on-june-15-2026,highest-temperature-in-tokyo-on-june-15-2026-19c,19°C,0.00693995941640135,0.9930600405835986,2.7383698828125915,True,False,False,False,True,True,0.05,1.0,1781489700,0.9995,56.0,0.99,0.0004950000000000005,0.990495,0.0025650405835986323,True,0.009596211995012593
Tokyo,RJTT,2026-06-15,highest-temperature-in-tokyo-on-june-15-2026,highest-temperature-in-tokyo-on-june-15-2026-20c,20°C,0.12951165999921155,0.8704883400007885,2.7383698828125915,True,False,False,False,True,True,0.05,1.0,1781489700,0.9995,56.0,0.99,0.0004950000000000005,0.990495,-0.12000665999921156,True,0.009596211995012593
Tokyo,RJTT,2026-06-15,highest-temperature-in-tokyo-on-june-15-2026,highest-temperature-in-tokyo-on-june-15-2026-22c,22°C,0.10838512232460774,0.8916148776753923,2.7383698828125915,True,False,False,False,False,True,0.05,1.0,1781489700,0.585,57.0,0.595,0.01204875,0.60704875,0.28456612767539224,True,-1.0
Tokyo,RJTT,2026-06-15,highest-temperature-in-tokyo-on-june-15-2026,highest-temperature-in-tokyo-on-june-15-2026-23c,23°C,0.01190344305683978,0.9880965569431602,2.7383698828125915,True,False,False,False,True,True,0.05,1.0,1781489700,0.915,56.0,0.925,0.0034687499999999983,0.9284687500000001,0.059627806943160166,True,0.07704217293258386
Tokyo,RJTT,2026-06-15,highest-temperature-in-tokyo-on-june-15-2026,highest-temperature-in-tokyo-on-june-15-2026-24c,24°C,0.003153484588368986,0.996846515411631,2.7383698828125915,True,False,False,False,True,True,0.05,1.0,1781489700,0.9845,56.0,0.99,0.0004950000000000005,0.990495,0.006351515411631037,True,0.009596211995012593
Tokyo,RJTT,2026-06-15,highest-temperature-in-tokyo-on-june-15-2026,highest-temperature-in-tokyo-on-june-15-2026-25c,25°C,0.0,1.0,2.7383698828125915,True,False,False,False,True,True,0.05,1.0,1781489700,0.9995,56.0,0.99,0.0004950000000000005,0.990495,0.009504999999999986,True,0.009596211995012593
Tokyo,RJTT,2026-06-15,highest-temperature-in-tokyo-on-june-15-2026,highest-temperature-in-tokyo-on-june-15-2026-26c,26°C,0.0,1.0,2.7383698828125915,True,False,False,False,True,True,0.05,1.0,1781489700,0.9995,56.0,0.99,0.0004950000000000005,0.990495,0.009504999999999986,True,0.009596211995012593
Tokyo,RJTT,2026-06-15,highest-temperature-in-tokyo-on-june-15-2026,highest-temperature-in-tokyo-on-june-15-2026-27corhigher,27°C or higher,0.0,1.0,2.7383698828125915,True,True,False,False,True,True,0.05,1.0,1781489700,0.9975,56.0,0.99,0.0004950000000000005,0.990495,0.009504999999999986,True,0.009596211995012593
Tokyo,RJTT,2026-06-16,highest-temperature-in-tokyo-on-june-16-2026,highest-temperature-in-tokyo-on-june-16-2026-21corbelow,21°C or below,0.0,1.0,6.23325115142589,True,True,False,False,True,True,0.05,1.0,1781576100,0.9995,56.0,0.99,0.0004950000000000005,0.990495,0.009504999999999986,True,0.009596211995012593
Tokyo,RJTT,2026-06-16,highest-temperature-in-tokyo-on-june-16-2026,highest-temperature-in-tokyo-on-june-16-2026-22c,22°C,0.000933912722040662,0.9990660872779593,6.23325115142589,True,False,False,False,True,True,0.05,1.0,1781576100,0.9995,55.0,0.99,0.0004950000000000005,0.990495,0.0085710872779593,True,0.009596211995012593
Tokyo,RJTT,2026-06-16,highest-temperature-in-tokyo-on-june-16-2026,highest-temperature-in-tokyo-on-june-16-2026-23c,23°C,0.0024281730773057213,0.9975718269226943,6.23325115142589,True,False,False,False,True,True,0.05,1.0,1781576100,0.9995,56.0,0.99,0.0004950000000000005,0.990495,0.00707682692269429,True,0.009596211995012593
Tokyo,RJTT,2026-06-16,highest-temperature-in-tokyo-on-june-16-2026,highest-temperature-in-tokyo-on-june-16-2026-24c,24°C,0.004070703456248383,0.9959292965437516,6.23325115142589,True,False,False,False,True,True,0.05,1.0,1781576100,0.985,56.0,0.99,0.0004950000000000005,0.990495,0.005434296543751604,True,0.009596211995012593
Tokyo,RJTT,2026-06-16,highest-temperature-in-tokyo-on-june-16-2026,highest-temperature-in-tokyo-on-june-16-2026-25c,25°C,0.26880230377585446,0.7311976962241455,6.23325115142589,True,False,False,False,True,True,0.05,1.0,1781576100,0.775,56.0,0.785,0.00843875,0.7934387500000001,-0.06224105377585454,True,0.26033673046596206
Tokyo,RJTT,2026-06-16,highest-temperature-in-tokyo-on-june-16-2026,highest-temperature-in-tokyo-on-june-16-2026-27c,27°C,0.2452156072169672,0.7547843927830328,6.23325115142589,True,False,False,False,True,True,0.05,1.0,1781576100,0.715,56.0,0.725,0.00996875,0.73496875,0.019815642783032827,True,0.3606020664143885
Tokyo,RJTT,2026-06-16,highest-temperature-in-tokyo-on-june-16-2026,highest-temperature-in-tokyo-on-june-16-2026-28c,28°C,0.02383366806031026,0.9761663319396897,6.23325115142589,True,False,False,False,True,True,0.05,1.0,1781576100,0.9325,55.0,0.9425,0.0027096875000000003,0.9452096875,0.030956644439689707,True,0.057966304434432736
Tokyo,RJTT,2026-06-16,highest-temperature-in-tokyo-on-june-16-2026,highest-temperature-in-tokyo-on-june-16-2026-29c,29°C,0.0022397756352152856,0.9977602243647847,6.23325115142589,True,False,False,False,True,True,0.05,1.0,1781576100,0.9935,56.0,0.99,0.0004950000000000005,0.990495,0.007265224364784717,True,0.009596211995012593
Tokyo,RJTT,2026-06-16,highest-temperature-in-tokyo-on-june-16-2026,highest-temperature-in-tokyo-on-june-16-2026-30c,30°C,0.0,1.0,6.23325115142589,True,False,False,False,True,True,0.05,1.0,1781576100,0.999,56.0,0.99,0.0004950000000000005,0.990495,0.009504999999999986,True,0.009596211995012593
Tokyo,RJTT,2026-06-16,highest-temperature-in-tokyo-on-june-16-2026,highest-temperature-in-tokyo-on-june-16-2026-31corhigher,31°C or higher,0.0,1.0,6.23325115142589,True,True,False,False,True,True,0.05,1.0,1781576100,0.9995,56.0,0.99,0.0004950000000000005,0.990495,0.009504999999999986,True,0.009596211995012593
Tokyo,RJTT,2026-06-17,highest-temperature-in-tokyo-on-june-17-2026,highest-temperature-in-tokyo-on-june-17-2026-20corbelow,20°C or below,0.0,1.0,5.48482118765638,True,True,False,False,True,True,0.05,1.0,1781662500,0.9995,57.0,0.99,0.0004950000000000005,0.990495,0.009504999999999986,True,0.009596211995012593
Tokyo,RJTT,2026-06-17,highest-temperature-in-tokyo-on-june-17-2026,highest-temperature-in-tokyo-on-june-17-2026-21c,21°C,0.0,1.0,5.48482118765638,True,False,False,False,True,True,0.05,1.0,1781662500,0.9995,57.0,0.99,0.0004950000000000005,0.990495,0.009504999999999986,True,0.009596211995012593
Tokyo,RJTT,2026-06-17,highest-temperature-in-tokyo-on-june-17-2026,highest-temperature-in-tokyo-on-june-17-2026-22c,22°C,0.0,1.0,5.48482118765638,True,False,False,False,True,True,0.05,1.0,1781662500,0.9995,57.0,0.99,0.0004950000000000005,0.990495,0.009504999999999986,True,0.009596211995012593
Tokyo,RJTT,2026-06-17,highest-temperature-in-tokyo-on-june-17-2026,highest-temperature-in-tokyo-on-june-17-2026-23c,23°C,0.00039075485665470366,0.9996092451433453,5.48482118765638,True,False,False,False,True,True,0.05,1.0,1781662500,0.9995,57.0,0.99,0.0004950000000000005,0.990495,0.009114245143345245,True,0.009596211995012593
Tokyo,RJTT,2026-06-17,highest-temperature-in-tokyo-on-june-17-2026,highest-temperature-in-tokyo-on-june-17-2026-24c,24°C,0.0010159626273022295,0.9989840373726978,5.48482118765638,True,False,False,False,True,True,0.05,1.0,1781662500,0.9995,57.0,0.99,0.0004950000000000005,0.990495,0.008489037372697794,True,0.009596211995012593
Tokyo,RJTT,2026-06-17,highest-temperature-in-tokyo-on-june-17-2026,highest-temperature-in-tokyo-on-june-17-2026-25c,25°C,0.002503596666249775,0.9974964033337502,5.48482118765638,True,False,False,False,True,True,0.05,1.0,1781662500,0.9995,57.0,0.99,0.0004950000000000005,0.990495,0.007001403333750211,True,0.009596211995012593
Tokyo,RJTT,2026-06-17,highest-temperature-in-tokyo-on-june-17-2026,highest-temperature-in-tokyo-on-june-17-2026-26c,26°C,0.2791722723672409,0.720827727632759,5.48482118765638,True,False,False,False,True,True,0.05,1.0,1781662500,0.9995,57.0,0.99,0.0004950000000000005,0.990495,-0.269667272367241,True,0.009596211995012593
Tokyo,RJTT,2026-06-17,highest-temperature-in-tokyo-on-june-17-2026,highest-temperature-in-tokyo-on-june-17-2026-28c,28°C,0.13900799355353274,0.8609920064464672,5.48482118765638,True,False,False,False,False,True,0.05,1.0,1781662500,0.337,57.0,0.34700000000000003,0.011329550000000002,0.35832955000000005,0.5026624564464672,True,-1.0
Tokyo,RJTT,2026-06-17,highest-temperature-in-tokyo-on-june-17-2026,highest-temperature-in-tokyo-on-june-17-2026-29c,29°C,0.004410387663473161,0.9955896123365269,5.48482118765638,True,False,False,False,True,True,0.05,1.0,1781662500,0.9145,57.0,0.9245,0.0034899875000000006,0.9279899875,0.06759962483652693,True,0.07759783345722804
Tokyo,RJTT,2026-06-17,highest-temperature-in-tokyo-on-june-17-2026,highest-temperature-in-tokyo-on-june-17-2026-30corhigher,30°C or higher,0.001659295231638831,0.9983407047683611,5.48482118765638,True,True,False,False,True,True,0.05,1.0,1781662500,0.986,57.0,0.99,0.0004950000000000005,0.990495,0.007845704768361106,True,0.009596211995012593
Tokyo,RJTT,2026-06-18,highest-temperature-in-tokyo-on-june-18-2026,highest-temperature-in-tokyo-on-june-18-2026-21corbelow,21°C or below,0.0058235898029922436,0.9941764101970078,3.192721842480566,True,True,False,False,True,True,0.05,1.0,1781748900,0.9995,57.0,0.99,0.0004950000000000005,0.990495,0.0036814101970077395,True,0.009596211995012593
Tokyo,RJTT,2026-06-18,highest-temperature-in-tokyo-on-june-18-2026,highest-temperature-in-tokyo-on-june-18-2026-22c,22°C,0.03398506943307834,0.9660149305669217,3.192721842480566,True,False,False,False,True,True,0.05,1.0,1781748900,0.999,57.0,0.99,0.0004950000000000005,0.990495,-0.024480069433078344,True,0.009596211995012593
Tokyo,RJTT,2026-06-18,highest-temperature-in-tokyo-on-june-18-2026,highest-temperature-in-tokyo-on-june-18-2026-23c,23°C,0.13070223743691736,0.8692977625630827,3.192721842480566,True,False,False,False,True,True,0.05,1.0,1781748900,0.9695,56.0,0.9795,0.0010039874999999982,0.9805039875,-0.11120622493691734,True,0.01988366467505065
Tokyo,RJTT,2026-06-18,highest-temperature-in-tokyo-on-june-18-2026,highest-temperature-in-tokyo-on-june-18-2026-25c,25°C,0.295146199635367,0.704853800364633,3.192721842480566,True,False,False,False,True,True,0.05,1.0,1781748900,0.415,56.0,0.425,0.01221875,0.43721875,0.267635050364633,True,1.2871846186834395
Tokyo,RJTT,2026-06-18,highest-temperature-in-tokyo-on-june-18-2026,highest-temperature-in-tokyo-on-june-18-2026-26c,26°C,0.05926374396081528,0.9407362560391848,3.192721842480566,True,False,False,False,False,True,0.05,1.0,1781748900,0.84,56.0,0.85,0.0063750000000000005,0.856375,0.08436125603918476,True,-1.0
Tokyo,RJTT,2026-06-18,highest-temperature-in-tokyo-on-june-18-2026,highest-temperature-in-tokyo-on-june-18-2026-27c,27°C,0.004174044496457322,0.9958259555035427,3.192721842480566,True,False,False,False,True,True,0.05,1.0,1781748900,0.95,57.0,0.96,0.0019200000000000016,0.96192,0.033905955503542695,True,0.03958749168330011
Tokyo,RJTT,2026-06-18,highest-temperature-in-tokyo-on-june-18-2026,highest-temperature-in-tokyo-on-june-18-2026-28c,28°C,0.0,1.0,3.192721842480566,True,False,False,False,True,True,0.05,1.0,1781748900,0.9595,57.0,0.9695,0.0014784874999999988,0.9709784875,0.029021512499999957,True,0.029888934588779836
Tokyo,RJTT,2026-06-18,highest-temperature-in-tokyo-on-june-18-2026,highest-temperature-in-tokyo-on-june-18-2026-29c,29°C,0.0,1.0,3.192721842480566,True,False,False,False,True,True,0.05,1.0,1781748900,0.9965,56.0,0.99,0.0004950000000000005,0.990495,0.009504999999999986,True,0.009596211995012593
Tokyo,RJTT,2026-06-18,highest-temperature-in-tokyo-on-june-18-2026,highest-temperature-in-tokyo-on-june-18-2026-30c,30°C,0.0,1.0,3.192721842480566,True,False,False,False,True,True,0.05,1.0,1781748900,0.9975,57.0,0.99,0.0004950000000000005,0.990495,0.009504999999999986,True,0.009596211995012593
Tokyo,RJTT,2026-06-18,highest-temperature-in-tokyo-on-june-18-2026,highest-temperature-in-tokyo-on-june-18-2026-31corhigher,31°C or higher,0.0,1.0,3.192721842480566,True,True,False,False,True,True,0.05,1.0,1781748900,0.9975,57.0,0.99,0.0004950000000000005,0.990495,0.009504999999999986,True,0.009596211995012593
Tokyo,RJTT,2026-06-19,highest-temperature-in-tokyo-on-june-19-2026,highest-temperature-in-tokyo-on-june-19-2026-23corbelow,23°C or below,0.0,1.0,7.157250042187499,False,True,False,False,True,True,0.05,1.0,1781835300,0.9995,44.0,0.99,0.0004950000000000005,0.990495,0.009504999999999986,True,0.009596211995012593
Tokyo,RJTT,2026-06-19,highest-temperature-in-tokyo-on-june-19-2026,highest-temperature-in-tokyo-on-june-19-2026-24c,24°C,0.0007418444520356724,0.9992581555479644,7.157250042187499,False,False,False,False,True,True,0.05,1.0,1781835300,0.9995,44.0,0.99,0.0004950000000000005,0.990495,0.008763155547964363,True,0.009596211995012593
Tokyo,RJTT,2026-06-19,highest-temperature-in-tokyo-on-june-19-2026,highest-temperature-in-tokyo-on-june-19-2026-25c,25°C,0.0019287955752927482,0.9980712044247072,7.157250042187499,False,False,False,False,True,True,0.05,1.0,1781835300,0.9995,43.0,0.99,0.0004950000000000005,0.990495,0.007576204424707189,True,0.009596211995012593
Tokyo,RJTT,2026-06-19,highest-temperature-in-tokyo-on-june-19-2026,highest-temperature-in-tokyo-on-june-19-2026-26c,26°C,0.009361502658082334,0.9906384973419177,7.157250042187499,False,False,False,False,True,True,0.05,1.0,1781835300,0.9945,44.0,0.99,0.0004950000000000005,0.990495,0.0001434973419176533,True,0.009596211995012593
Tokyo,RJTT,2026-06-19,highest-temperature-in-tokyo-on-june-19-2026,highest-temperature-in-tokyo-on-june-19-2026-27c,27°C,0.2033137589313215,0.7966862410686785,7.157250042187499,False,False,False,False,True,True,0.05,1.0,1781835300,0.795,43.0,0.805,0.00784875,0.81284875,-0.01616250893132154,True,0.23024117340403127
Tokyo,RJTT,2026-06-19,highest-temperature-in-tokyo-on-june-19-2026,highest-temperature-in-tokyo-on-june-19-2026-29c,29°C,0.29644729090025873,0.7035527090997413,7.157250042187499,False,False,False,False,False,True,0.05,1.0,1781835300,0.758,44.0,0.768,0.0089088,0.7769088000000001,-0.07335609090025874,True,-1.0
Tokyo,RJTT,2026-06-19,highest-temperature-in-tokyo-on-june-19-2026,highest-temperature-in-tokyo-on-june-19-2026-30c,30°C,0.028461531993967466,0.9715384680060325,7.157250042187499,False,False,False,False,True,True,0.05,1.0,1781835300,0.9815,44.0,0.99,0.0004950000000000005,0.990495,-0.018956531993967518,True,0.009596211995012593
Tokyo,RJTT,2026-06-19,highest-temperature-in-tokyo-on-june-19-2026,highest-temperature-in-tokyo-on-june-19-2026-31c,31°C,0.0024107897853107648,0.9975892102146893,7.157250042187499,False,False,False,False,True,True,0.05,1.0,1781835300,0.993,44.0,0.99,0.0004950000000000005,0.990495,0.007094210214689256,True,0.009596211995012593
Tokyo,RJTT,2026-06-19,highest-temperature-in-tokyo-on-june-19-2026,highest-temperature-in-tokyo-on-june-19-2026-32c,32°C,0.0,1.0,7.157250042187499,False,False,False,False,True,True,0.05,1.0,1781835300,0.996,44.0,0.99,0.0004950000000000005,0.990495,0.009504999999999986,True,0.009596211995012593
Tokyo,RJTT,2026-06-19,highest-temperature-in-tokyo-on-june-19-2026,highest-temperature-in-tokyo-on-june-19-2026-33corhigher,33°C or higher,0.0,1.0,7.157250042187499,False,True,False,False,True,True,0.05,1.0,1781835300,0.9985,44.0,0.99,0.0004950000000000005,0.990495,0.009504999999999986,True,0.009596211995012593
Tokyo,RJTT,2026-06-20,highest-temperature-in-tokyo-on-june-20-2026,highest-temperature-in-tokyo-on-june-20-2026-18corbelow,18°C or below,0.0,1.0,5.43571044187496,True,True,False,False,True,True,0.05,1.0,1781921700,0.9995,55.0,0.99,0.0004950000000000005,0.990495,0.009504999999999986,True,0.009596211995012593
Tokyo,RJTT,2026-06-20,highest-temperature-in-tokyo-on-june-20-2026,highest-temperature-in-tokyo-on-june-20-2026-19c,19°C,0.0,1.0,5.43571044187496,True,False,False,False,True,True,0.05,1.0,1781921700,0.9995,56.0,0.99,0.0004950000000000005,0.990495,0.009504999999999986,True,0.009596211995012593
Tokyo,RJTT,2026-06-20,highest-temperature-in-tokyo-on-june-20-2026,highest-temperature-in-tokyo-on-june-20-2026-20c,20°C,0.0,1.0,5.43571044187496,True,False,False,False,True,True,0.05,1.0,1781921700,0.9995,56.0,0.99,0.0004950000000000005,0.990495,0.009504999999999986,True,0.009596211995012593
Tokyo,RJTT,2026-06-20,highest-temperature-in-tokyo-on-june-20-2026,highest-temperature-in-tokyo-on-june-20-2026-21c,21°C,0.0008295189264693561,0.9991704810735307,5.43571044187496,True,False,False,False,True,True,0.05,1.0,1781921700,0.9995,56.0,0.99,0.0004950000000000005,0.990495,0.008675481073530666,True,0.009596211995012593
Tokyo,RJTT,2026-06-20,highest-temperature-in-tokyo-on-june-20-2026,highest-temperature-in-tokyo-on-june-20-2026-22c,22°C,0.002156749208820326,0.9978432507911796,5.43571044187496,True,False,False,False,True,True,0.05,1.0,1781921700,0.9995,55.0,0.99,0.0004950000000000005,0.990495,0.007348250791179622,True,0.009596211995012593
Tokyo,RJTT,2026-06-20,highest-temperature-in-tokyo-on-june-20-2026,highest-temperature-in-tokyo-on-june-20-2026-23c,23°C,0.0061599106047944795,0.9938400893952055,5.43571044187496,True,False,False,False,True,True,0.05,1.0,1781921700,0.9995,56.0,0.99,0.0004950000000000005,0.990495,0.0033450893952055027,True,0.009596211995012593
Tokyo,RJTT,2026-06-20,highest-temperature-in-tokyo-on-june-20-2026,highest-temperature-in-tokyo-on-june-20-2026-24c,24°C,0.23768893857089018,0.7623110614291098,5.43571044187496,True,False,False,False,False,True,0.05,1.0,1781921700,0.405,56.0,0.41500000000000004,0.012138750000000002,0.42713875,0.33517231142910975,True,-1.0
Tokyo,RJTT,2026-06-20,highest-temperature-in-tokyo-on-june-20-2026,highest-temperature-in-tokyo-on-june-20-2026-26c,26°C,0.17676467072759885,0.8232353292724012,5.43571044187496,True,False,False,False,True,True,0.05,1.0,1781921700,0.944,56.0,0.954,0.0021942000000000016,0.9561942,-0.13295887072759882,True,0.045812660231572266
Tokyo,RJTT,2026-06-20,highest-temperature-in-tokyo-on-june-20-2026,highest-temperature-in-tokyo-on-june-20-2026-27c,27°C,0.012333958225216338,0.9876660417747837,5.43571044187496,True,False,False,False,True,True,0.05,1.0,1781921700,0.9965,56.0,0.99,0.0004950000000000005,0.990495,-0.002828958225216338,True,0.009596211995012593
Tokyo,RJTT,2026-06-20,highest-temperature-in-tokyo-on-june-20-2026,highest-temperature-in-tokyo-on-june-20-2026-28corhigher,28°C or higher,0.003244678399770882,0.9967553216002292,5.43571044187496,True,True,False,False,True,True,0.05,1.0,1781921700,0.997,56.0,0.99,0.0004950000000000005,0.990495,0.006260321600229157,True,0.009596211995012593
Tokyo,RJTT,2026-06-21,highest-temperature-in-tokyo-on-june-21-2026,highest-temperature-in-tokyo-on-june-21-2026-20corbelow,20°C or below,0.0,1.0,9.634249966464736,False,True,False,False,True,True,0.05,1.0,1782008100,0.9995,57.0,0.99,0.0004950000000000005,0.990495,0.009504999999999986,True,0.009596211995012593
Tokyo,RJTT,2026-06-21,highest-temperature-in-tokyo-on-june-21-2026,highest-temperature-in-tokyo-on-june-21-2026-21c,21°C,0.0,1.0,9.634249966464736,False,False,False,False,True,True,0.05,1.0,1782008100,0.9995,57.0,0.99,0.0004950000000000005,0.990495,0.009504999999999986,True,0.009596211995012593
Tokyo,RJTT,2026-06-21,highest-temperature-in-tokyo-on-june-21-2026,highest-temperature-in-tokyo-on-june-21-2026-22c,22°C,0.002001562810058212,0.9979984371899417,9.634249966464736,False,False,False,False,True,True,0.05,1.0,1782008100,0.9995,57.0,0.99,0.0004950000000000005,0.990495,0.007503437189941731,True,0.009596211995012593
Tokyo,RJTT,2026-06-21,highest-temperature-in-tokyo-on-june-21-2026,highest-temperature-in-tokyo-on-june-21-2026-23c,23°C,0.005204063306151351,0.9947959366938487,9.634249966464736,False,False,False,False,True,True,0.05,1.0,1782008100,0.9995,57.0,0.99,0.0004950000000000005,0.990495,0.004300936693848678,True,0.009596211995012593
Tokyo,RJTT,2026-06-21,highest-temperature-in-tokyo-on-june-21-2026,highest-temperature-in-tokyo-on-june-21-2026-24c,24°C,0.021157722000694656,0.9788422779993053,9.634249966464736,False,False,False,False,True,True,0.05,1.0,1782008100,0.9915,57.0,0.99,0.0004950000000000005,0.990495,-0.01165272200069467,True,0.009596211995012593
Tokyo,RJTT,2026-06-21,highest-temperature-in-tokyo-on-june-21-2026,highest-temperature-in-tokyo-on-june-21-2026-25c,25°C,0.38097638935377187,0.6190236106462281,9.634249966464736,False,False,False,True,True,True,0.05,1.0,1782008100,0.9585,57.0,0.9685,0.0015253874999999989,0.9700253875,-0.3510017768537719,True,0.030900853612968016
Tokyo,RJTT,2026-06-21,highest-temperature-in-tokyo-on-june-21-2026,highest-temperature-in-tokyo-on-june-21-2026-26c,26°C,0.23726564838248815,0.7627343516175118,9.634249966464736,False,False,True,False,False,True,0.05,1.0,1782008100,0.8285,57.0,0.8385,0.0067708874999999995,0.8452708875,-0.08253653588248822,True,-1.0
Tokyo,RJTT,2026-06-21,highest-temperature-in-tokyo-on-june-21-2026,highest-temperature-in-tokyo-on-june-21-2026-27c,27°C,0.3260399767392406,0.6739600232607594,9.634249966464736,False,False,False,False,True,True,0.05,1.0,1782008100,0.76,57.0,0.77,0.008855,0.778855,-0.10489497673924053,True,0.28393603430677095
Tokyo,RJTT,2026-06-21,highest-temperature-in-tokyo-on-june-21-2026,highest-temperature-in-tokyo-on-june-21-2026-28c,28°C,0.024269753425959533,0.9757302465740405,9.634249966464736,False,False,False,False,True,True,0.05,1.0,1782008100,0.655,57.0,0.665,0.011138750000000001,0.67613875,0.2995914965740405,True,0.4789863766867377
Tokyo,RJTT,2026-06-21,highest-temperature-in-tokyo-on-june-21-2026,highest-temperature-in-tokyo-on-june-21-2026-29c,29°C,0.0030848839816356175,0.9969151160183644,9.634249966464736,False,False,False,False,True,True,0.05,1.0,1782008100,0.87,57.0,0.88,0.00528,0.88528,0.1116351160183644,True,0.12958611964576194
Tokyo,RJTT,2026-06-21,highest-temperature-in-tokyo-on-june-21-2026,highest-temperature-in-tokyo-on-june-21-2026-30corhigher,30°C or higher,0.0,1.0,9.634249966464736,False,True,False,False,True,True,0.05,1.0,1782008100,0.881,57.0,0.891,0.0048559499999999995,0.8958559500000001,0.10414404999999993,True,0.11625088832640995
Tokyo,RJTT,2026-06-22,highest-temperature-in-tokyo-on-june-22-2026,highest-temperature-in-tokyo-on-june-22-2026-20corbelow,20°C or below,0.0,1.0,6.565484967890725,True,True,False,False,True,True,0.05,1.0,1782094500,0.9995,56.0,0.99,0.0004950000000000005,0.990495,0.009504999999999986,True,0.009596211995012593
Tokyo,RJTT,2026-06-22,highest-temperature-in-tokyo-on-june-22-2026,highest-temperature-in-tokyo-on-june-22-2026-21c,21°C,0.0,1.0,6.565484967890725,True,False,False,False,True,True,0.05,1.0,1782094500,0.9995,56.0,0.99,0.0004950000000000005,0.990495,0.009504999999999986,True,0.009596211995012593
Tokyo,RJTT,2026-06-22,highest-temperature-in-tokyo-on-june-22-2026,highest-temperature-in-tokyo-on-june-22-2026-22c,22°C,0.0,1.0,6.565484967890725,True,False,False,False,True,True,0.05,1.0,1782094500,0.9995,56.0,0.99,0.0004950000000000005,0.990495,0.009504999999999986,True,0.009596211995012593
Tokyo,RJTT,2026-06-22,highest-temperature-in-tokyo-on-june-22-2026,highest-temperature-in-tokyo-on-june-22-2026-23c,23°C,0.0006129194253133111,0.9993870805746867,6.565484967890725,True,False,False,False,True,True,0.05,1.0,1782094500,0.9995,55.0,0.99,0.0004950000000000005,0.990495,0.008892080574686712,True,0.009596211995012593
Tokyo,RJTT,2026-06-22,highest-temperature-in-tokyo-on-june-22-2026,highest-temperature-in-tokyo-on-june-22-2026-24c,24°C,0.0015935905058146085,0.9984064094941854,6.565484967890725,True,False,False,False,True,True,0.05,1.0,1782094500,0.9995,56.0,0.99,0.0004950000000000005,0.990495,0.00791140949418534,True,0.009596211995012593
Tokyo,RJTT,2026-06-22,highest-temperature-in-tokyo-on-june-22-2026,highest-temperature-in-tokyo-on-june-22-2026-25c,25°C,0.007077787930204521,0.9929222120697955,6.565484967890725,True,False,False,False,True,True,0.05,1.0,1782094500,0.9995,56.0,0.99,0.0004950000000000005,0.990495,0.002427212069795459,True,0.009596211995012593
Tokyo,RJTT,2026-06-22,highest-temperature-in-tokyo-on-june-22-2026,highest-temperature-in-tokyo-on-june-22-2026-26c,26°C,0.24314696888798976,0.7568530311120103,6.565484967890725,True,False,False,False,True,True,0.05,1.0,1782094500,0.8485,55.0,0.8585,0.006073887499999999,0.8645738875000001,-0.10772085638798978,True,0.15663914265511503
Tokyo,RJTT,2026-06-22,highest-temperature-in-tokyo-on-june-22-2026,highest-temperature-in-tokyo-on-june-22-2026-28c,28°C,0.22757608616457672,0.7724239138354233,6.565484967890725,True,False,False,False,False,True,0.05,1.0,1782094500,0.6395,56.0,0.6495,0.011382487500000002,0.6608824875,0.1115414263354233,True,-1.0
Tokyo,RJTT,2026-06-22,highest-temperature-in-tokyo-on-june-22-2026,highest-temperature-in-tokyo-on-june-22-2026-29c,29°C,0.015971040638323268,0.9840289593616768,6.565484967890725,True,False,False,False,True,True,0.05,1.0,1782094500,0.93,55.0,0.9400000000000001,0.002819999999999998,0.9428200000000001,0.04120895936167668,True,0.060647843702933635
Tokyo,RJTT,2026-06-22,highest-temperature-in-tokyo-on-june-22-2026,highest-temperature-in-tokyo-on-june-22-2026-30corhigher,30°C or higher,0.0027558991367437682,0.9972441008632562,6.565484967890725,True,True,False,False,True,True,0.05,1.0,1782094500,0.9945,55.0,0.99,0.0004950000000000005,0.990495,0.006749100863256197,True,0.009596211995012593
Tokyo,RJTT,2026-06-23,highest-temperature-in-tokyo-on-june-23-2026,highest-temperature-in-tokyo-on-june-23-2026-19corbelow,19°C or below,0.0016538983230709398,0.998346101676929,4.723288714863344,False,True,False,False,True,True,0.05,1.0,1782180900,0.9995,56.0,0.99,0.0004950000000000005,0.990495,0.00785110167692904,True,0.009596211995012593
Tokyo,RJTT,2026-06-23,highest-temperature-in-tokyo-on-june-23-2026,highest-temperature-in-tokyo-on-june-23-2026-20c,20°C,0.004300135639984443,0.9956998643600156,4.723288714863344,False,False,False,False,True,True,0.05,1.0,1782180900,0.9995,56.0,0.99,0.0004950000000000005,0.990495,0.005204864360015549,True,0.009596211995012593
Tokyo,RJTT,2026-06-23,highest-temperature-in-tokyo-on-june-23-2026,highest-temperature-in-tokyo-on-june-23-2026-21c,21°C,0.03523457161900478,0.9647654283809952,4.723288714863344,False,False,False,False,True,True,0.05,1.0,1782180900,0.9995,56.0,0.99,0.0004950000000000005,0.990495,-0.0257295716190048,True,0.009596211995012593
Tokyo,RJTT,2026-06-23,highest-temperature-in-tokyo-on-june-23-2026,highest-temperature-in-tokyo-on-june-23-2026-22c,22°C,0.25660428691286163,0.7433957130871384,4.723288714863344,False,False,False,False,True,True,0.05,1.0,1782180900,0.9925,56.0,0.99,0.0004950000000000005,0.990495,-0.24709928691286165,True,0.009596211995012593
Tokyo,RJTT,2026-06-23,highest-temperature-in-tokyo-on-june-23-2026,highest-temperature-in-tokyo-on-june-23-2026-24c,24°C,0.24555459566853785,0.7544454043314621,4.723288714863344,False,False,False,False,True,True,0.05,1.0,1782180900,0.61,56.0,0.62,0.01178,0.63178,0.12266540433146211,True,0.5828294659533382
Tokyo,RJTT,2026-06-23,highest-temperature-in-tokyo-on-june-23-2026,highest-temperature-in-tokyo-on-june-23-2026-25c,25°C,0.0280226111301119,0.971977388869888,4.723288714863344,False,False,False,False,True,True,0.05,1.0,1782180900,0.65,56.0,0.66,0.01122,0.67122,0.300757388869888,True,0.4898244986740561
Tokyo,RJTT,2026-06-23,highest-temperature-in-tokyo-on-june-23-2026,highest-temperature-in-tokyo-on-june-23-2026-26c,26°C,0.004995891371218036,0.995004108628782,4.723288714863344,False,False,False,False,True,True,0.05,1.0,1782180900,0.935,56.0,0.9450000000000001,0.0025987499999999973,0.94759875,0.047405358628781924,True,0.05529898598958671
Tokyo,RJTT,2026-06-23,highest-temperature-in-tokyo-on-june-23-2026,highest-temperature-in-tokyo-on-june-23-2026-27c,27°C,0.0,1.0,4.723288714863344,False,False,False,False,True,True,0.05,1.0,1782180900,0.9895,56.0,0.99,0.0004950000000000005,0.990495,0.009504999999999986,True,0.009596211995012593
Tokyo,RJTT,2026-06-23,highest-temperature-in-tokyo-on-june-23-2026,highest-temperature-in-tokyo-on-june-23-2026-28c,28°C,0.0,1.0,4.723288714863344,False,False,False,False,True,True,0.05,1.0,1782180900,0.994,56.0,0.99,0.0004950000000000005,0.990495,0.009504999999999986,True,0.009596211995012593
Tokyo,RJTT,2026-06-23,highest-temperature-in-tokyo-on-june-23-2026,highest-temperature-in-tokyo-on-june-23-2026-29corhigher,29°C or higher,0.0,1.0,4.723288714863344,False,True,False,False,True,True,0.05,1.0,1782180900,0.9985,56.0,0.99,0.0004950000000000005,0.990495,0.009504999999999986,True,0.009596211995012593
Tokyo,RJTT,2026-06-24,highest-temperature-in-tokyo-on-june-24-2026,highest-temperature-in-tokyo-on-june-24-2026-20corbelow,20°C or below,0.0,1.0,6.211300953515661,True,True,False,False,True,True,0.05,1.0,1782267300,0.9995,57.0,0.99,0.0004950000000000005,0.990495,0.009504999999999986,True,0.009596211995012593
Tokyo,RJTT,2026-06-24,highest-temperature-in-tokyo-on-june-24-2026,highest-temperature-in-tokyo-on-june-24-2026-21c,21°C,0.0,1.0,6.211300953515661,True,False,False,False,True,True,0.05,1.0,1782267300,0.9995,56.0,0.99,0.0004950000000000005,0.990495,0.009504999999999986,True,0.009596211995012593
Tokyo,RJTT,2026-06-24,highest-temperature-in-tokyo-on-june-24-2026,highest-temperature-in-tokyo-on-june-24-2026-22c,22°C,0.0007494941458844388,0.9992505058541156,6.211300953515661,True,False,False,False,True,True,0.05,1.0,1782267300,0.9995,56.0,0.99,0.0004950000000000005,0.990495,0.008755505854115553,True,0.009596211995012593
Tokyo,RJTT,2026-06-24,highest-temperature-in-tokyo-on-june-24-2026,highest-temperature-in-tokyo-on-june-24-2026-23c,23°C,0.001948684779299541,0.9980513152207005,6.211300953515661,True,False,False,False,True,True,0.05,1.0,1782267300,0.9995,56.0,0.99,0.0004950000000000005,0.990495,0.007556315220700438,True,0.009596211995012593
Tokyo,RJTT,2026-06-24,highest-temperature-in-tokyo-on-june-24-2026,highest-temperature-in-tokyo-on-june-24-2026-24c,24°C,0.013582217865887985,0.986417782134112,6.211300953515661,True,False,False,False,True,True,0.05,1.0,1782267300,0.95,56.0,0.96,0.0019200000000000016,0.96192,0.024497782134112023,True,0.03958749168330011
Tokyo,RJTT,2026-06-24,highest-temperature-in-tokyo-on-june-24-2026,highest-temperature-in-tokyo-on-june-24-2026-25c,25°C,0.27646491829835523,0.7235350817016448,6.211300953515661,True,False,False,False,False,True,0.05,1.0,1782267300,0.6,57.0,0.61,0.011895000000000001,0.621895,0.10164008170164485,True,-1.0
Tokyo,RJTT,2026-06-24,highest-temperature-in-tokyo-on-june-24-2026,highest-temperature-in-tokyo-on-june-24-2026-27c,27°C,0.21604430730545923,0.7839556926945408,6.211300953515661,True,False,False,False,True,True,0.05,1.0,1782267300,0.873,56.0,0.883,0.0051655500000000005,0.88816555,-0.10420985730545917,True,0.1259162213621099
Tokyo,RJTT,2026-06-24,highest-temperature-in-tokyo-on-june-24-2026,highest-temperature-in-tokyo-on-june-24-2026-28c,28°C,0.012265250770783604,0.9877347492292164,6.211300953515661,True,False,False,False,True,True,0.05,1.0,1782267300,0.9935,56.0,0.99,0.0004950000000000005,0.990495,-0.0027602507707835677,True,0.009596211995012593
Tokyo,RJTT,2026-06-24,highest-temperature-in-tokyo-on-june-24-2026,highest-temperature-in-tokyo-on-june-24-2026-29c,29°C,0.001771186990395229,0.9982288130096048,6.211300953515661,True,False,False,False,True,True,0.05,1.0,1782267300,0.999,56.0,0.99,0.0004950000000000005,0.990495,0.00773381300960474,True,0.009596211995012593
Tokyo,RJTT,2026-06-24,highest-temperature-in-tokyo-on-june-24-2026,highest-temperature-in-tokyo-on-june-24-2026-30corhigher,30°C or higher,0.0,1.0,6.211300953515661,True,True,False,False,True,True,0.05,1.0,1782267300,0.9995,56.0,0.99,0.0004950000000000005,0.990495,0.009504999999999986,True,0.009596211995012593
Tokyo,RJTT,2026-06-25,highest-temperature-in-tokyo-on-june-25-2026,highest-temperature-in-tokyo-on-june-25-2026-17corbelow,17°C or below,0.0,1.0,1.9505292681446773,True,True,False,False,True,True,0.05,1.0,1782353700,0.9995,55.0,0.99,0.0004950000000000005,0.990495,0.009504999999999986,True,0.009596211995012593
Tokyo,RJTT,2026-06-25,highest-temperature-in-tokyo-on-june-25-2026,highest-temperature-in-tokyo-on-june-25-2026-18c,18°C,0.0010514842109114895,0.9989485157890885,1.9505292681446773,True,False,False,False,True,True,0.05,1.0,1782353700,0.9995,54.0,0.99,0.0004950000000000005,0.990495,0.008453515789088484,True,0.009596211995012593
Tokyo,RJTT,2026-06-25,highest-temperature-in-tokyo-on-june-25-2026,highest-temperature-in-tokyo-on-june-25-2026-19c,19°C,0.0027338589483698727,0.9972661410516301,1.9505292681446773,True,False,False,False,True,True,0.05,1.0,1782353700,0.9995,54.0,0.99,0.0004950000000000005,0.990495,0.006771141051630125,True,0.009596211995012593
Tokyo,RJTT,2026-06-25,highest-temperature-in-tokyo-on-june-25-2026,highest-temperature-in-tokyo-on-june-25-2026-20c,20°C,0.0101877412611977,0.9898122587388023,1.9505292681446773,True,False,False,False,True,True,0.05,1.0,1782353700,0.9995,55.0,0.99,0.0004950000000000005,0.990495,-0.0006827412611977168,True,0.009596211995012593
Tokyo,RJTT,2026-06-25,highest-temperature-in-tokyo-on-june-25-2026,highest-temperature-in-tokyo-on-june-25-2026-21c,21°C,0.16303214002113234,0.8369678599788677,1.9505292681446773,True,False,False,False,True,True,0.05,1.0,1782353700,0.999,55.0,0.99,0.0004950000000000005,0.990495,-0.15352714002113232,True,0.009596211995012593
Tokyo,RJTT,2026-06-25,highest-temperature-in-tokyo-on-june-25-2026,highest-temperature-in-tokyo-on-june-25-2026-23c,23°C,0.09504977690575744,0.9049502230942426,1.9505292681446773,True,False,False,False,True,True,0.05,1.0,1782353700,0.88,57.0,0.89,0.004895,0.894895,0.01005522309424256,True,0.11744953318545748
Tokyo,RJTT,2026-06-25,highest-temperature-in-tokyo-on-june-25-2026,highest-temperature-in-tokyo-on-june-25-2026-24c,24°C,0.010598595206680675,0.9894014047933193,1.9505292681446773,True,False,False,False,True,True,0.05,1.0,1782353700,0.9815,57.0,0.99,0.0004950000000000005,0.990495,-0.0010935952066807308,True,0.009596211995012593
Tokyo,RJTT,2026-06-25,highest-temperature-in-tokyo-on-june-25-2026,highest-temperature-in-tokyo-on-june-25-2026-25c,25°C,0.0034315241907676174,0.9965684758092324,1.9505292681446773,True,False,False,False,True,True,0.05,1.0,1782353700,0.9965,56.0,0.99,0.0004950000000000005,0.990495,0.006073475809232343,True,0.009596211995012593
Tokyo,RJTT,2026-06-25,highest-temperature-in-tokyo-on-june-25-2026,highest-temperature-in-tokyo-on-june-25-2026-26c,26°C,0.0,1.0,1.9505292681446773,True,False,False,False,True,True,0.05,1.0,1782353700,0.9985,54.0,0.99,0.0004950000000000005,0.990495,0.009504999999999986,True,0.009596211995012593
Tokyo,RJTT,2026-06-25,highest-temperature-in-tokyo-on-june-25-2026,highest-temperature-in-tokyo-on-june-25-2026-27corhigher,27°C or higher,0.0,1.0,1.9505292681446773,True,True,False,False,True,True,0.05,1.0,1782353700,0.9995,54.0,0.99,0.0004950000000000005,0.990495,0.009504999999999986,True,0.009596211995012593
Tokyo,RJTT,2026-06-26,highest-temperature-in-tokyo-on-june-26-2026,highest-temperature-in-tokyo-on-june-26-2026-22corbelow,22°C or below,0.0,1.0,7.132951597500025,True,True,False,False,True,True,0.05,1.0,1782440100,0.9995,57.0,0.99,0.0004950000000000005,0.990495,0.009504999999999986,True,0.009596211995012593
Tokyo,RJTT,2026-06-26,highest-temperature-in-tokyo-on-june-26-2026,highest-temperature-in-tokyo-on-june-26-2026-23c,23°C,0.0,1.0,7.132951597500025,True,False,False,False,True,True,0.05,1.0,1782440100,0.9995,57.0,0.99,0.0004950000000000005,0.990495,0.009504999999999986,True,0.009596211995012593
Tokyo,RJTT,2026-06-26,highest-temperature-in-tokyo-on-june-26-2026,highest-temperature-in-tokyo-on-june-26-2026-24c,24°C,0.0007400049486631765,0.9992599950513368,7.132951597500025,True,False,False,False,True,True,0.05,1.0,1782440100,0.9995,57.0,0.99,0.0004950000000000005,0.990495,0.008764995051336766,True,0.009596211995012593
Tokyo,RJTT,2026-06-26,highest-temperature-in-tokyo-on-june-26-2026,highest-temperature-in-tokyo-on-june-26-2026-25c,25°C,0.0019240128665242587,0.9980759871334758,7.132951597500025,True,False,False,False,True,True,0.05,1.0,1782440100,0.9995,57.0,0.99,0.0004950000000000005,0.990495,0.0075809871334757695,True,0.009596211995012593
Tokyo,RJTT,2026-06-26,highest-temperature-in-tokyo-on-june-26-2026,highest-temperature-in-tokyo-on-june-26-2026-26c,26°C,0.008317442511035611,0.9916825574889644,7.132951597500025,True,False,False,False,True,True,0.05,1.0,1782440100,0.9995,57.0,0.99,0.0004950000000000005,0.990495,0.0011875574889643747,True,0.009596211995012593
Tokyo,RJTT,2026-06-26,highest-temperature-in-tokyo-on-june-26-2026,highest-temperature-in-tokyo-on-june-26-2026-27c,27°C,0.27217815235645926,0.7278218476435407,7.132951597500025,True,False,False,False,True,True,0.05,1.0,1782440100,0.42,57.0,0.43,0.012255000000000002,0.442255,0.28556684764354073,True,1.261138935681903
Tokyo,RJTT,2026-06-26,highest-temperature-in-tokyo-on-june-26-2026,highest-temperature-in-tokyo-on-june-26-2026-29c,29°C,0.2043520666267679,0.7956479333732321,7.132951597500025,True,False,False,False,True,True,0.05,1.0,1782440100,0.9335,57.0,0.9435,0.0026653874999999997,0.9461653875,-0.15051745412676787,True,0.05689767688738234
Tokyo,RJTT,2026-06-26,highest-temperature-in-tokyo-on-june-26-2026,highest-temperature-in-tokyo-on-june-26-2026-30c,30°C,0.01838089558887537,0.9816191044111247,7.132951597500025,True,False,False,False,True,True,0.05,1.0,1782440100,0.995,57.0,0.99,0.0004950000000000005,0.990495,-0.00887589558887536,True,0.009596211995012593
Tokyo,RJTT,2026-06-26,highest-temperature-in-tokyo-on-june-26-2026,highest-temperature-in-tokyo-on-june-26-2026-31c,31°C,0.002119757917010414,0.9978802420829895,7.132951597500025,True,False,False,False,True,True,0.05,1.0,1782440100,0.993,58.0,0.99,0.0004950000000000005,0.990495,0.007385242082989518,True,0.009596211995012593
Tokyo,RJTT,2026-06-26,highest-temperature-in-tokyo-on-june-26-2026,highest-temperature-in-tokyo-on-june-26-2026-32corhigher,32°C or higher,0.0,1.0,7.132951597500025,True,True,False,False,True,True,0.05,1.0,1782440100,0.996,57.0,0.99,0.0004950000000000005,0.990495,0.009504999999999986,True,0.009596211995012593
Tokyo,RJTT,2026-06-27,highest-temperature-in-tokyo-on-june-27-2026,highest-temperature-in-tokyo-on-june-27-2026-21corbelow,21°C or below,0.006298968008860095,0.9937010319911399,2.0008734836133044,True,True,False,False,True,True,0.05,1.0,1782526500,0.9995,57.0,0.99,0.0004950000000000005,0.990495,0.0032060319911398905,True,0.009596211995012593
Tokyo,RJTT,2026-06-27,highest-temperature-in-tokyo-on-june-27-2026,highest-temperature-in-tokyo-on-june-27-2026-22c,22°C,0.015002892399095023,0.984997107600905,2.0008734836133044,True,False,False,False,True,True,0.05,1.0,1782526500,0.9995,56.0,0.99,0.0004950000000000005,0.990495,-0.005497892399095039,True,0.009596211995012593
Tokyo,RJTT,2026-06-27,highest-temperature-in-tokyo-on-june-27-2026,highest-temperature-in-tokyo-on-june-27-2026-23c,23°C,0.20346342342556675,0.7965365765744332,2.0008734836133044,True,False,False,False,False,True,0.05,1.0,1782526500,0.265,56.0,0.275,0.00996875,0.28496875000000005,0.5115678265744332,True,-1.0
Tokyo,RJTT,2026-06-27,highest-temperature-in-tokyo-on-june-27-2026,highest-temperature-in-tokyo-on-june-27-2026-25c,25°C,0.146580743747216,0.853419256252784,2.0008734836133044,True,False,False,False,True,True,0.05,1.0,1782526500,0.87,56.0,0.88,0.00528,0.88528,-0.031860743747215925,True,0.12958611964576194
Tokyo,RJTT,2026-06-27,highest-temperature-in-tokyo-on-june-27-2026,highest-temperature-in-tokyo-on-june-27-2026-26c,26°C,0.014208439529133095,0.9857915604708669,2.0008734836133044,True,False,False,False,True,True,0.05,1.0,1782526500,0.9895,57.0,0.99,0.0004950000000000005,0.990495,-0.004703439529133102,True,0.009596211995012593
Tokyo,RJTT,2026-06-27,highest-temperature-in-tokyo-on-june-27-2026,highest-temperature-in-tokyo-on-june-27-2026-27c,27°C,0.0031595008334133682,0.9968404991665867,2.0008734836133044,True,False,False,False,True,True,0.05,1.0,1782526500,0.996,57.0,0.99,0.0004950000000000005,0.990495,0.006345499166586666,True,0.009596211995012593
Tokyo,RJTT,2026-06-27,highest-temperature-in-tokyo-on-june-27-2026,highest-temperature-in-tokyo-on-june-27-2026-28c,28°C,0.0,1.0,2.0008734836133044,True,False,False,False,True,True,0.05,1.0,1782526500,0.9995,57.0,0.99,0.0004950000000000005,0.990495,0.009504999999999986,True,0.009596211995012593
Tokyo,RJTT,2026-06-27,highest-temperature-in-tokyo-on-june-27-2026,highest-temperature-in-tokyo-on-june-27-2026-29c,29°C,0.0,1.0,2.0008734836133044,True,False,False,False,True,True,0.05,1.0,1782526500,0.9995,57.0,0.99,0.0004950000000000005,0.990495,0.009504999999999986,True,0.009596211995012593
Tokyo,RJTT,2026-06-27,highest-temperature-in-tokyo-on-june-27-2026,highest-temperature-in-tokyo-on-june-27-2026-30c,30°C,0.0,1.0,2.0008734836133044,True,False,False,False,True,True,0.05,1.0,1782526500,0.9995,56.0,0.99,0.0004950000000000005,0.990495,0.009504999999999986,True,0.009596211995012593
Tokyo,RJTT,2026-06-27,highest-temperature-in-tokyo-on-june-27-2026,highest-temperature-in-tokyo-on-june-27-2026-31corhigher,31°C or higher,0.0,1.0,2.0008734836133044,True,True,False,False,True,True,0.05,1.0,1782526500,0.9985,56.0,0.99,0.0004950000000000005,0.990495,0.009504999999999986,True,0.009596211995012593
Tokyo,RJTT,2026-06-28,highest-temperature-in-tokyo-on-june-28-2026,highest-temperature-in-tokyo-on-june-28-2026-19corbelow,19°C or below,0.0,1.0,6.004567264746115,True,True,False,False,True,True,0.05,1.0,1782612900,0.9995,56.0,0.99,0.0004950000000000005,0.990495,0.009504999999999986,True,0.009596211995012593
Tokyo,RJTT,2026-06-28,highest-temperature-in-tokyo-on-june-28-2026,highest-temperature-in-tokyo-on-june-28-2026-20c,20°C,0.0012023536304823902,0.9987976463695176,6.004567264746115,True,False,False,False,True,True,0.05,1.0,1782612900,0.9995,57.0,0.99,0.0004950000000000005,0.990495,0.008302646369517608,True,0.009596211995012593
Tokyo,RJTT,2026-06-28,highest-temperature-in-tokyo-on-june-28-2026,highest-temperature-in-tokyo-on-june-28-2026-21c,21°C,0.0031261194392542143,0.9968738805607458,6.004567264746115,True,False,False,False,True,True,0.05,1.0,1782612900,0.9995,57.0,0.99,0.0004950000000000005,0.990495,0.006378880560745759,True,0.009596211995012593
Tokyo,RJTT,2026-06-28,highest-temperature-in-tokyo-on-june-28-2026,highest-temperature-in-tokyo-on-june-28-2026-22c,22°C,0.007486278523119005,0.992513721476881,6.004567264746115,True,False,False,False,True,True,0.05,1.0,1782612900,0.9995,56.0,0.99,0.0004950000000000005,0.990495,0.0020187214768809802,True,0.009596211995012593
Tokyo,RJTT,2026-06-28,highest-temperature-in-tokyo-on-june-28-2026,highest-temperature-in-tokyo-on-june-28-2026-23c,23°C,0.19258179223164984,0.8074182077683502,6.004567264746115,True,False,False,False,True,True,0.05,1.0,1782612900,0.9995,57.0,0.99,0.0004950000000000005,0.990495,-0.18307679223164985,True,0.009596211995012593
Tokyo,RJTT,2026-06-28,highest-temperature-in-tokyo-on-june-28-2026,highest-temperature-in-tokyo-on-june-28-2026-25c,25°C,0.164369106273775,0.835630893726225,6.004567264746115,True,False,False,False,True,True,0.05,1.0,1782612900,0.79,57.0,0.8,0.007999999999999998,0.808,0.02763089372622496,True,0.2376237623762376
Tokyo,RJTT,2026-06-28,highest-temperature-in-tokyo-on-june-28-2026,highest-temperature-in-tokyo-on-june-28-2026-26c,26°C,0.0197108014195977,0.9802891985804023,6.004567264746115,True,False,False,False,True,True,0.05,1.0,1782612900,0.997,57.0,0.99,0.0004950000000000005,0.990495,-0.010205801419597704,True,0.009596211995012593
Tokyo,RJTT,2026-06-28,highest-temperature-in-tokyo-on-june-28-2026,highest-temperature-in-tokyo-on-june-28-2026-27c,27°C,0.005207893503593629,0.9947921064964064,6.004567264746115,True,False,False,False,True,True,0.05,1.0,1782612900,0.997,57.0,0.99,0.0004950000000000005,0.990495,0.0042971064964063554,True,0.009596211995012593
Tokyo,RJTT,2026-06-28,highest-temperature-in-tokyo-on-june-28-2026,highest-temperature-in-tokyo-on-june-28-2026-28c,28°C,0.0,1.0,6.004567264746115,True,False,False,False,True,True,0.05,1.0,1782612900,0.999,57.0,0.99,0.0004950000000000005,0.990495,0.009504999999999986,True,0.009596211995012593
Tokyo,RJTT,2026-06-28,highest-temperature-in-tokyo-on-june-28-2026,highest-temperature-in-tokyo-on-june-28-2026-29corhigher,29°C or higher,0.0,1.0,6.004567264746115,True,True,False,False,True,True,0.05,1.0,1782612900,0.998,57.0,0.99,0.0004950000000000005,0.990495,0.009504999999999986,True,0.009596211995012593
Tokyo,RJTT,2026-06-29,highest-temperature-in-tokyo-on-june-29-2026,highest-temperature-in-tokyo-on-june-29-2026-24c,24°C,0.3017327801392376,0.6982672198607625,9.086577637499914,False,False,True,False,True,True,0.05,1.0,1782699300,0.89,45.0,0.9,0.0045,0.9045,-0.20623278013923751,True,0.10558319513543402
Tokyo,RJTT,2026-06-29,highest-temperature-in-tokyo-on-june-29-2026,highest-temperature-in-tokyo-on-june-29-2026-25c,25°C,0.2530213271042635,0.7469786728957365,9.086577637499914,False,False,False,False,False,True,0.05,1.0,1782699300,0.705,45.0,0.715,0.010188750000000002,0.7251887499999999,0.021789922895736558,True,-1.0
Tokyo,RJTT,2026-06-29,highest-temperature-in-tokyo-on-june-29-2026,highest-temperature-in-tokyo-on-june-29-2026-26c,26°C,0.017081088290437318,0.9829189117095627,9.086577637499914,False,False,False,False,True,True,0.05,1.0,1782699300,0.61,45.0,0.62,0.01178,0.63178,0.3511389117095627,True,0.5828294659533382
Tokyo,RJTT,2026-06-29,highest-temperature-in-tokyo-on-june-29-2026,highest-temperature-in-tokyo-on-june-29-2026-27c,27°C,0.003063992403734532,0.9969360075962654,9.086577637499914,False,False,False,False,True,True,0.05,1.0,1782699300,0.86,45.0,0.87,0.005655,0.875655,0.12128100759626548,True,0.14200227258452247
Tokyo,RJTT,2026-06-29,highest-temperature-in-tokyo-on-june-29-2026,highest-temperature-in-tokyo-on-june-29-2026-28c,28°C,0.0,1.0,9.086577637499914,False,False,False,False,True,True,0.05,1.0,1782699300,0.982,46.0,0.99,0.0004950000000000005,0.990495,0.009504999999999986,True,0.009596211995012593
Tokyo,RJTT,2026-06-29,highest-temperature-in-tokyo-on-june-29-2026,highest-temperature-in-tokyo-on-june-29-2026-29c,29°C,0.0,1.0,9.086577637499914,False,False,False,False,True,True,0.05,1.0,1782699300,0.997,45.0,0.99,0.0004950000000000005,0.990495,0.009504999999999986,True,0.009596211995012593
Tokyo,RJTT,2026-06-29,highest-temperature-in-tokyo-on-june-29-2026,highest-temperature-in-tokyo-on-june-29-2026-30c,30°C,0.0,1.0,9.086577637499914,False,False,False,False,True,True,0.05,1.0,1782699300,0.9965,46.0,0.99,0.0004950000000000005,0.990495,0.009504999999999986,True,0.009596211995012593
Tokyo,RJTT,2026-06-29,highest-temperature-in-tokyo-on-june-29-2026,highest-temperature-in-tokyo-on-june-29-2026-31c,31°C,0.0,1.0,9.086577637499914,False,False,False,False,True,True,0.05,1.0,1782699300,0.9985,46.0,0.99,0.0004950000000000005,0.990495,0.009504999999999986,True,0.009596211995012593
Tokyo,RJTT,2026-06-29,highest-temperature-in-tokyo-on-june-29-2026,highest-temperature-in-tokyo-on-june-29-2026-32c,32°C,0.0,1.0,9.086577637499914,False,False,False,False,True,True,0.05,1.0,1782699300,0.9995,46.0,0.99,0.0004950000000000005,0.990495,0.009504999999999986,True,0.009596211995012593
Tokyo,RJTT,2026-06-29,highest-temperature-in-tokyo-on-june-29-2026,highest-temperature-in-tokyo-on-june-29-2026-33corhigher,33°C or higher,0.0,1.0,9.086577637499914,False,True,False,False,True,True,0.05,1.0,1782699300,0.9995,45.0,0.99,0.0004950000000000005,0.990495,0.009504999999999986,True,0.009596211995012593
Tokyo,RJTT,2026-06-30,highest-temperature-in-tokyo-on-june-30-2026,highest-temperature-in-tokyo-on-june-30-2026-22corbelow,22°C or below,0.0,1.0,4.703243368007861,False,True,False,False,True,True,0.05,1.0,1782785700,0.9985,57.0,0.99,0.0004950000000000005,0.990495,0.009504999999999986,True,0.009596211995012593
Tokyo,RJTT,2026-06-30,highest-temperature-in-tokyo-on-june-30-2026,highest-temperature-in-tokyo-on-june-30-2026-23c,23°C,0.0019542530081656834,0.9980457469918343,4.703243368007861,False,False,False,False,True,True,0.05,1.0,1782785700,0.9995,57.0,0.99,0.0004950000000000005,0.990495,0.007550746991834334,True,0.009596211995012593
Tokyo,RJTT,2026-06-30,highest-temperature-in-tokyo-on-june-30-2026,highest-temperature-in-tokyo-on-june-30-2026-24c,24°C,0.005081057821230777,0.9949189421787692,4.703243368007861,False,False,False,False,True,True,0.05,1.0,1782785700,0.9985,57.0,0.99,0.0004950000000000005,0.990495,0.00442394217876918,True,0.009596211995012593
Tokyo,RJTT,2026-06-30,highest-temperature-in-tokyo-on-june-30-2026,highest-temperature-in-tokyo-on-june-30-2026-25c,25°C,0.012026131373624734,0.9879738686263753,4.703243368007861,False,False,False,False,True,True,0.05,1.0,1782785700,0.9945,57.0,0.99,0.0004950000000000005,0.990495,-0.002521131373624752,True,0.009596211995012593
Tokyo,RJTT,2026-06-30,highest-temperature-in-tokyo-on-june-30-2026,highest-temperature-in-tokyo-on-june-30-2026-26c,26°C,0.22176751911644532,0.7782324808835547,4.703243368007861,False,False,False,False,True,True,0.05,1.0,1782785700,0.825,56.0,0.835,0.0068887500000000025,0.84188875,-0.06365626911644529,True,0.1878053959029622
Tokyo,RJTT,2026-06-30,highest-temperature-in-tokyo-on-june-30-2026,highest-temperature-in-tokyo-on-june-30-2026-28c,28°C,0.29790296248835874,0.7020970375116413,4.703243368007861,False,False,False,False,True,True,0.05,1.0,1782785700,0.575,57.0,0.585,0.012138750000000002,0.5971387499999999,0.10495828751164138,True,0.6746526665703743
Tokyo,RJTT,2026-06-30,highest-temperature-in-tokyo-on-june-30-2026,highest-temperature-in-tokyo-on-june-30-2026-29c,29°C,0.030824700528912154,0.9691752994710878,4.703243368007861,False,False,False,False,True,True,0.05,1.0,1782785700,0.925,57.0,0.935,0.003038749999999998,0.93803875,0.031136549471087793,True,0.06605404094447054
Tokyo,RJTT,2026-06-30,highest-temperature-in-tokyo-on-june-30-2026,highest-temperature-in-tokyo-on-june-30-2026-30c,30°C,0.003106448104498721,0.9968935518955013,4.703243368007861,False,False,False,False,True,True,0.05,1.0,1782785700,0.9875,57.0,0.99,0.0004950000000000005,0.990495,0.006398551895501314,True,0.009596211995012593
Tokyo,RJTT,2026-06-30,highest-temperature-in-tokyo-on-june-30-2026,highest-temperature-in-tokyo-on-june-30-2026-31c,31°C,0.0,1.0,4.703243368007861,False,False,False,False,True,True,0.05,1.0,1782785700,0.9955,57.0,0.99,0.0004950000000000005,0.990495,0.009504999999999986,True,0.009596211995012593
Tokyo,RJTT,2026-06-30,highest-temperature-in-tokyo-on-june-30-2026,highest-temperature-in-tokyo-on-june-30-2026-32corhigher,32°C or higher,0.0,1.0,4.703243368007861,False,True,False,False,True,True,0.05,1.0,1782785700,0.9975,57.0,0.99,0.0004950000000000005,0.990495,0.009504999999999986,True,0.009596211995012593
Tokyo,RJTT,2026-07-01,highest-temperature-in-tokyo-on-july-1-2026,highest-temperature-in-tokyo-on-july-1-2026-22corbelow,22°C or below,0.0,1.0,6.077551393828344,False,True,False,False,True,True,0.05,1.0,1782872100,0.9995,56.0,0.99,0.0004950000000000005,0.990495,0.009504999999999986,True,0.009596211995012593
Tokyo,RJTT,2026-07-01,highest-temperature-in-tokyo-on-july-1-2026,highest-temperature-in-tokyo-on-july-1-2026-23c,23°C,0.0,1.0,6.077551393828344,False,False,False,False,True,True,0.05,1.0,1782872100,0.9995,56.0,0.99,0.0004950000000000005,0.990495,0.009504999999999986,True,0.009596211995012593
Tokyo,RJTT,2026-07-01,highest-temperature-in-tokyo-on-july-1-2026,highest-temperature-in-tokyo-on-july-1-2026-24c,24°C,0.002888749190997815,0.9971112508090022,6.077551393828344,False,False,False,False,True,True,0.05,1.0,1782872100,0.9985,55.0,0.99,0.0004950000000000005,0.990495,0.006616250809002189,True,0.009596211995012593
Tokyo,RJTT,2026-07-01,highest-temperature-in-tokyo-on-july-1-2026,highest-temperature-in-tokyo-on-july-1-2026-25c,25°C,0.007510747896594319,0.9924892521034057,6.077551393828344,False,False,False,False,True,True,0.05,1.0,1782872100,0.974,56.0,0.984,0.0007872000000000008,0.9847872,0.007702052103405688,True,0.015447804358139638
Tokyo,RJTT,2026-07-01,highest-temperature-in-tokyo-on-july-1-2026,highest-temperature-in-tokyo-on-july-1-2026-26c,26°C,0.016579153601058768,0.9834208463989412,6.077551393828344,False,False,False,False,True,True,0.05,1.0,1782872100,0.82,55.0,0.83,0.007055000000000002,0.837055,0.14636584639894124,True,0.1946646277723687
Tokyo,RJTT,2026-07-01,highest-temperature-in-tokyo-on-july-1-2026,highest-temperature-in-tokyo-on-july-1-2026-27c,27°C,0.37068850811240006,0.6293114918875999,6.077551393828344,False,False,False,False,False,True,0.05,1.0,1782872100,0.51,56.0,0.52,0.01248,0.5324800000000001,0.09683149188759987,True,-1.0
Tokyo,RJTT,2026-07-01,highest-temperature-in-tokyo-on-july-1-2026,highest-temperature-in-tokyo-on-july-1-2026-29c,29°C,0.12305551836906764,0.8769444816309324,6.077551393828344,False,False,False,False,True,True,0.05,1.0,1782872100,0.905,56.0,0.915,0.0038887499999999985,0.91888875,-0.04194426836906762,True,0.08827102301557166
Tokyo,RJTT,2026-07-01,highest-temperature-in-tokyo-on-july-1-2026,highest-temperature-in-tokyo-on-july-1-2026-30c,30°C,0.010417662677662896,0.9895823373223371,6.077551393828344,False,False,False,False,True,True,0.05,1.0,1782872100,0.9775,56.0,0.9875,0.000617187499999998,0.9881171875,0.0014651498223371417,True,0.012025711778239856
Tokyo,RJTT,2026-07-01,highest-temperature-in-tokyo-on-july-1-2026,highest-temperature-in-tokyo-on-july-1-2026-31c,31°C,0.002304104030180098,0.9976958959698199,6.077551393828344,False,False,False,False,True,True,0.05,1.0,1782872100,0.9975,55.0,0.99,0.0004950000000000005,0.990495,0.007200895969819876,True,0.009596211995012593
Tokyo,RJTT,2026-07-01,highest-temperature-in-tokyo-on-july-1-2026,highest-temperature-in-tokyo-on-july-1-2026-32corhigher,32°C or higher,0.0,1.0,6.077551393828344,False,True,False,False,True,True,0.05,1.0,1782872100,0.9975,56.0,0.99,0.0004950000000000005,0.990495,0.009504999999999986,True,0.009596211995012593
Tokyo,RJTT,2026-07-02,highest-temperature-in-tokyo-on-july-2-2026,highest-temperature-in-tokyo-on-july-2-2026-19corbelow,19°C or below,0.0,1.0,4.5311568363281225,True,True,False,False,True,True,0.05,1.0,1782958500,0.9995,56.0,0.99,0.0004950000000000005,0.990495,0.009504999999999986,True,0.009596211995012593
Tokyo,RJTT,2026-07-02,highest-temperature-in-tokyo-on-july-2-2026,highest-temperature-in-tokyo-on-july-2-2026-20c,20°C,0.0014709889795084,0.9985290110204916,4.5311568363281225,True,False,False,False,True,True,0.05,1.0,1782958500,0.9995,56.0,0.99,0.0004950000000000005,0.990495,0.008034011020491616,True,0.009596211995012593
Tokyo,RJTT,2026-07-02,highest-temperature-in-tokyo-on-july-2-2026,highest-temperature-in-tokyo-on-july-2-2026-21c,21°C,0.00382457134672184,0.9961754286532781,4.5311568363281225,True,False,False,False,True,True,0.05,1.0,1782958500,0.9995,56.0,0.99,0.0004950000000000005,0.990495,0.005680428653278113,True,0.009596211995012593
Tokyo,RJTT,2026-07-02,highest-temperature-in-tokyo-on-july-2-2026,highest-temperature-in-tokyo-on-july-2-2026-22c,22°C,0.005606011561472222,0.9943939884385278,4.5311568363281225,True,False,False,False,True,True,0.05,1.0,1782958500,0.9995,56.0,0.99,0.0004950000000000005,0.990495,0.0038989884385277618,True,0.009596211995012593
Tokyo,RJTT,2026-07-02,highest-temperature-in-tokyo-on-july-2-2026,highest-temperature-in-tokyo-on-july-2-2026-23c,23°C,0.24164161980001167,0.7583583801999884,4.5311568363281225,True,False,False,False,True,True,0.05,1.0,1782958500,0.9995,56.0,0.99,0.0004950000000000005,0.990495,-0.23213661980001166,True,0.009596211995012593
Tokyo,RJTT,2026-07-02,highest-temperature-in-tokyo-on-july-2-2026,highest-temperature-in-tokyo-on-july-2-2026-25c,25°C,0.12733393551347497,0.8726660644865251,4.5311568363281225,True,False,False,False,True,True,0.05,1.0,1782958500,0.96,56.0,0.97,0.0014550000000000014,0.971455,-0.0987889355134749,True,0.029383759412427768
Tokyo,RJTT,2026-07-02,highest-temperature-in-tokyo-on-july-2-2026,highest-temperature-in-tokyo-on-july-2-2026-26c,26°C,0.013390348804070239,0.9866096511959298,4.5311568363281225,True,False,False,False,True,True,0.05,1.0,1782958500,0.991,56.0,0.99,0.0004950000000000005,0.990495,-0.00388534880407021,True,0.009596211995012593
Tokyo,RJTT,2026-07-02,highest-temperature-in-tokyo-on-july-2-2026,highest-temperature-in-tokyo-on-july-2-2026-27c,27°C,0.0033309262201713973,0.9966690737798286,4.5311568363281225,True,False,False,False,True,True,0.05,1.0,1782958500,0.9965,56.0,0.99,0.0004950000000000005,0.990495,0.006174073779828593,True,0.009596211995012593
Tokyo,RJTT,2026-07-02,highest-temperature-in-tokyo-on-july-2-2026,highest-temperature-in-tokyo-on-july-2-2026-28c,28°C,0.0,1.0,4.5311568363281225,True,False,False,False,True,True,0.05,1.0,1782958500,0.9965,56.0,0.99,0.0004950000000000005,0.990495,0.009504999999999986,True,0.009596211995012593
Tokyo,RJTT,2026-07-02,highest-temperature-in-tokyo-on-july-2-2026,highest-temperature-in-tokyo-on-july-2-2026-29corhigher,29°C or higher,0.0,1.0,4.5311568363281225,True,True,False,False,True,True,0.05,1.0,1782958500,0.9975,56.0,0.99,0.0004950000000000005,0.990495,0.009504999999999986,True,0.009596211995012593
Tokyo,RJTT,2026-07-03,highest-temperature-in-tokyo-on-july-3-2026,highest-temperature-in-tokyo-on-july-3-2026-21corbelow,21°C or below,0.0006434507268955464,0.9993565492731045,2.1475531617187613,True,True,False,False,True,True,0.05,1.0,1783044900,0.9995,56.0,0.99,0.0004950000000000005,0.990495,0.008861549273104452,True,0.009596211995012593
Tokyo,RJTT,2026-07-03,highest-temperature-in-tokyo-on-july-3-2026,highest-temperature-in-tokyo-on-july-3-2026-22c,22°C,0.0016729718899284208,0.9983270281100716,2.1475531617187613,True,False,False,False,True,True,0.05,1.0,1783044900,0.9995,56.0,0.99,0.0004950000000000005,0.990495,0.007832028110071554,True,0.009596211995012593
Tokyo,RJTT,2026-07-03,highest-temperature-in-tokyo-on-july-3-2026,highest-temperature-in-tokyo-on-july-3-2026-23c,23°C,0.003180521139082183,0.9968194788609178,2.1475531617187613,True,False,False,False,True,True,0.05,1.0,1783044900,0.9995,57.0,0.99,0.0004950000000000005,0.990495,0.006324478860917804,True,0.009596211995012593
Tokyo,RJTT,2026-07-03,highest-temperature-in-tokyo-on-july-3-2026,highest-temperature-in-tokyo-on-july-3-2026-24c,24°C,0.18030165250151345,0.8196983474984866,2.1475531617187613,True,False,False,False,True,True,0.05,1.0,1783044900,0.968,56.0,0.978,0.0010758000000000009,0.9790757999999999,-0.15937745250151336,True,0.021371379008652935
Tokyo,RJTT,2026-07-03,highest-temperature-in-tokyo-on-july-3-2026,highest-temperature-in-tokyo-on-july-3-2026-26c,26°C,0.1834832252993259,0.8165167747006741,2.1475531617187613,True,False,False,False,False,True,0.05,1.0,1783044900,0.47,56.0,0.48,0.01248,0.49248,0.3240367747006741,True,-1.0
Tokyo,RJTT,2026-07-03,highest-temperature-in-tokyo-on-july-3-2026,highest-temperature-in-tokyo-on-july-3-2026-27c,27°C,0.017229509630740325,0.9827704903692597,2.1475531617187613,True,False,False,False,True,True,0.05,1.0,1783044900,0.8485,57.0,0.8585,0.006073887499999999,0.8645738875000001,0.11819660286925959,True,0.15663914265511503
Tokyo,RJTT,2026-07-03,highest-temperature-in-tokyo-on-july-3-2026,highest-temperature-in-tokyo-on-july-3-2026-28c,28°C,0.0030818625049303405,0.9969181374950696,2.1475531617187613,True,False,False,False,True,True,0.05,1.0,1783044900,0.981,56.0,0.99,0.0004950000000000005,0.990495,0.00642313749506962,True,0.009596211995012593
Tokyo,RJTT,2026-07-03,highest-temperature-in-tokyo-on-july-3-2026,highest-temperature-in-tokyo-on-july-3-2026-29c,29°C,0.0,1.0,2.1475531617187613,True,False,False,False,True,True,0.05,1.0,1783044900,0.9965,56.0,0.99,0.0004950000000000005,0.990495,0.009504999999999986,True,0.009596211995012593
Tokyo,RJTT,2026-07-03,highest-temperature-in-tokyo-on-july-3-2026,highest-temperature-in-tokyo-on-july-3-2026-30c,30°C,0.0,1.0,2.1475531617187613,True,False,False,False,True,True,0.05,1.0,1783044900,0.997,56.0,0.99,0.0004950000000000005,0.990495,0.009504999999999986,True,0.009596211995012593
Tokyo,RJTT,2026-07-03,highest-temperature-in-tokyo-on-july-3-2026,highest-temperature-in-tokyo-on-july-3-2026-31corhigher,31°C or higher,0.0,1.0,2.1475531617187613,True,True,False,False,True,True,0.05,1.0,1783044900,0.9985,56.0,0.99,0.0004950000000000005,0.990495,0.009504999999999986,True,0.009596211995012593
Tokyo,RJTT,2026-07-04,highest-temperature-in-tokyo-on-july-4-2026,highest-temperature-in-tokyo-on-july-4-2026-21corbelow,21°C or below,0.0,1.0,4.493358427324182,False,True,False,False,True,True,0.05,1.0,1783131300,0.9995,56.0,0.99,0.0004950000000000005,0.990495,0.009504999999999986,True,0.009596211995012593
Tokyo,RJTT,2026-07-04,highest-temperature-in-tokyo-on-july-4-2026,highest-temperature-in-tokyo-on-july-4-2026-22c,22°C,0.0015866652680228252,0.9984133347319771,4.493358427324182,False,False,False,False,True,True,0.05,1.0,1783131300,0.9995,56.0,0.99,0.0004950000000000005,0.990495,0.007918334731977117,True,0.009596211995012593
Tokyo,RJTT,2026-07-04,highest-temperature-in-tokyo-on-july-4-2026,highest-temperature-in-tokyo-on-july-4-2026-23c,23°C,0.004125329696859346,0.9958746703031407,4.493358427324182,False,False,False,False,True,True,0.05,1.0,1783131300,0.9995,56.0,0.99,0.0004950000000000005,0.990495,0.005379670303140682,True,0.009596211995012593
Tokyo,RJTT,2026-07-04,highest-temperature-in-tokyo-on-july-4-2026,highest-temperature-in-tokyo-on-july-4-2026-24c,24°C,0.024012901012279483,0.9759870989877205,4.493358427324182,False,False,False,False,True,True,0.05,1.0,1783131300,0.9895,56.0,0.99,0.0004950000000000005,0.990495,-0.0145079010122795,True,0.009596211995012593
Tokyo,RJTT,2026-07-04,highest-temperature-in-tokyo-on-july-4-2026,highest-temperature-in-tokyo-on-july-4-2026-25c,25°C,0.33658031427121493,0.6634196857287851,4.493358427324182,False,False,False,False,True,True,0.05,1.0,1783131300,0.79,56.0,0.8,0.007999999999999998,0.808,-0.14458031427121498,True,0.2376237623762376
Tokyo,RJTT,2026-07-04,highest-temperature-in-tokyo-on-july-4-2026,highest-temperature-in-tokyo-on-july-4-2026-27c,27°C,0.1374399153303854,0.8625600846696146,4.493358427324182,False,False,False,False,True,True,0.05,1.0,1783131300,0.805,56.0,0.8150000000000001,0.007538749999999999,0.8225387500000001,0.04002133466961455,True,0.21574819423401004
Tokyo,RJTT,2026-07-04,highest-temperature-in-tokyo-on-july-4-2026,highest-temperature-in-tokyo-on-july-4-2026-28c,28°C,0.010273213809261312,0.9897267861907387,4.493358427324182,False,False,False,False,False,True,0.05,1.0,1783131300,0.96,55.0,0.97,0.0014550000000000014,0.971455,0.01827178619073877,True,-1.0
Tokyo,RJTT,2026-07-04,highest-temperature-in-tokyo-on-july-4-2026,highest-temperature-in-tokyo-on-july-4-2026-29c,29°C,0.0024922035153465676,0.9975077964846535,4.493358427324182,False,False,False,False,True,True,0.05,1.0,1783131300,0.996,56.0,0.99,0.0004950000000000005,0.990495,0.007012796484653472,True,0.009596211995012593
Tokyo,RJTT,2026-07-04,highest-temperature-in-tokyo-on-july-4-2026,highest-temperature-in-tokyo-on-july-4-2026-30c,30°C,0.0,1.0,4.493358427324182,False,False,False,False,True,True,0.05,1.0,1783131300,0.998,56.0,0.99,0.0004950000000000005,0.990495,0.009504999999999986,True,0.009596211995012593
Tokyo,RJTT,2026-07-04,highest-temperature-in-tokyo-on-july-4-2026,highest-temperature-in-tokyo-on-july-4-2026-31corhigher,31°C or higher,0.0,1.0,4.493358427324182,False,True,False,False,True,True,0.05,1.0,1783131300,0.9985,56.0,0.99,0.0004950000000000005,0.990495,0.009504999999999986,True,0.009596211995012593
Tokyo,RJTT,2026-07-05,highest-temperature-in-tokyo-on-july-5-2026,highest-temperature-in-tokyo-on-july-5-2026-21corbelow,21°C or below,0.0,1.0,6.966335970000046,True,True,False,False,True,True,0.05,1.0,1783217700,0.9995,56.0,0.99,0.0004950000000000005,0.990495,0.009504999999999986,True,0.009596211995012593
Tokyo,RJTT,2026-07-05,highest-temperature-in-tokyo-on-july-5-2026,highest-temperature-in-tokyo-on-july-5-2026-22c,22°C,0.0006212142291821113,0.9993787857708178,6.966335970000046,True,False,False,False,True,True,0.05,1.0,1783217700,0.9995,56.0,0.99,0.0004950000000000005,0.990495,0.008883785770817831,True,0.009596211995012593
Tokyo,RJTT,2026-07-05,highest-temperature-in-tokyo-on-july-5-2026,highest-temperature-in-tokyo-on-july-5-2026-23c,23°C,0.0016151569958734891,0.9983848430041266,6.966335970000046,True,False,False,False,True,True,0.05,1.0,1783217700,0.9995,56.0,0.99,0.0004950000000000005,0.990495,0.00788984300412654,True,0.009596211995012593
Tokyo,RJTT,2026-07-05,highest-temperature-in-tokyo-on-july-5-2026,highest-temperature-in-tokyo-on-july-5-2026-24c,24°C,0.01012831374615919,0.9898716862538408,6.966335970000046,True,False,False,False,True,True,0.05,1.0,1783217700,0.9995,56.0,0.99,0.0004950000000000005,0.990495,-0.0006233137461592042,True,0.009596211995012593
Tokyo,RJTT,2026-07-05,highest-temperature-in-tokyo-on-july-5-2026,highest-temperature-in-tokyo-on-july-5-2026-25c,25°C,0.270890822150074,0.729109177849926,6.966335970000046,True,False,False,False,True,True,0.05,1.0,1783217700,0.905,56.0,0.915,0.0038887499999999985,0.91888875,-0.18977957215007402,True,0.08827102301557166
Tokyo,RJTT,2026-07-05,highest-temperature-in-tokyo-on-july-5-2026,highest-temperature-in-tokyo-on-july-5-2026-27c,27°C,0.14351312560744992,0.8564868743925501,6.966335970000046,True,False,False,False,True,True,0.05,1.0,1783217700,0.655,56.0,0.665,0.011138750000000001,0.67613875,0.1803481243925501,True,0.4789863766867377
Tokyo,RJTT,2026-07-05,highest-temperature-in-tokyo-on-july-5-2026,highest-temperature-in-tokyo-on-july-5-2026-28c,28°C,0.008995251269710751,0.9910047487302892,6.966335970000046,True,False,False,False,True,True,0.05,1.0,1783217700,0.9635,56.0,0.9735,0.0012898874999999986,0.9747898875000001,0.016214861230289146,True,0.02586209892334357
Tokyo,RJTT,2026-07-05,highest-temperature-in-tokyo-on-july-5-2026,highest-temperature-in-tokyo-on-july-5-2026-29c,29°C,0.002711091557061562,0.9972889084429385,6.966335970000046,True,False,False,False,True,True,0.05,1.0,1783217700,0.995,56.0,0.99,0.0004950000000000005,0.990495,0.006793908442938479,True,0.009596211995012593
Tokyo,RJTT,2026-07-05,highest-temperature-in-tokyo-on-july-5-2026,highest-temperature-in-tokyo-on-july-5-2026-30c,30°C,0.0,1.0,6.966335970000046,True,False,False,False,True,True,0.05,1.0,1783217700,0.9975,56.0,0.99,0.0004950000000000005,0.990495,0.009504999999999986,True,0.009596211995012593
Tokyo,RJTT,2026-07-05,highest-temperature-in-tokyo-on-july-5-2026,highest-temperature-in-tokyo-on-july-5-2026-31corhigher,31°C or higher,0.0,1.0,6.966335970000046,True,True,False,False,True,True,0.05,1.0,1783217700,0.9975,56.0,0.99,0.0004950000000000005,0.990495,0.009504999999999986,True,0.009596211995012593
Tokyo,RJTT,2026-07-06,highest-temperature-in-tokyo-on-july-6-2026,highest-temperature-in-tokyo-on-july-6-2026-19corbelow,19°C or below,0.0,1.0,1.7594610131250334,True,True,False,False,True,True,0.05,1.0,1783304100,0.9995,56.0,0.99,0.0004950000000000005,0.990495,0.009504999999999986,True,0.009596211995012593
Tokyo,RJTT,2026-07-06,highest-temperature-in-tokyo-on-july-6-2026,highest-temperature-in-tokyo-on-july-6-2026-20c,20°C,0.0,1.0,1.7594610131250334,True,False,False,False,True,True,0.05,1.0,1783304100,0.9995,56.0,0.99,0.0004950000000000005,0.990495,0.009504999999999986,True,0.009596211995012593
Tokyo,RJTT,2026-07-06,highest-temperature-in-tokyo-on-july-6-2026,highest-temperature-in-tokyo-on-july-6-2026-21c,21°C,0.0005867408856438972,0.9994132591143561,1.7594610131250334,True,False,False,False,True,True,0.05,1.0,1783304100,0.9995,56.0,0.99,0.0004950000000000005,0.990495,0.008918259114356064,True,0.009596211995012593
Tokyo,RJTT,2026-07-06,highest-temperature-in-tokyo-on-july-6-2026,highest-temperature-in-tokyo-on-july-6-2026-22c,22°C,0.0015255263026741324,0.9984744736973259,1.7594610131250334,True,False,False,False,True,True,0.05,1.0,1783304100,0.9995,55.0,0.99,0.0004950000000000005,0.990495,0.007979473697325878,True,0.009596211995012593
Tokyo,RJTT,2026-07-06,highest-temperature-in-tokyo-on-july-6-2026,highest-temperature-in-tokyo-on-july-6-2026-23c,23°C,0.003351710640262517,0.9966482893597375,1.7594610131250334,True,False,False,False,True,True,0.05,1.0,1783304100,0.9995,56.0,0.99,0.0004950000000000005,0.990495,0.006153289359737468,True,0.009596211995012593
Tokyo,RJTT,2026-07-06,highest-temperature-in-tokyo-on-july-6-2026,highest-temperature-in-tokyo-on-july-6-2026-24c,24°C,0.20564078930225116,0.7943592106977488,1.7594610131250334,True,False,False,False,True,True,0.05,1.0,1783304100,0.9995,56.0,0.99,0.0004950000000000005,0.990495,-0.19613578930225117,True,0.009596211995012593
Tokyo,RJTT,2026-07-06,highest-temperature-in-tokyo-on-july-6-2026,highest-temperature-in-tokyo-on-july-6-2026-26c,26°C,0.09483576975702722,0.9051642302429728,1.7594610131250334,True,False,False,False,False,True,0.05,1.0,1783304100,0.411,56.0,0.421,0.01218795,0.43318795,0.4719762802429728,True,-1.0
Tokyo,RJTT,2026-07-06,highest-temperature-in-tokyo-on-july-6-2026,highest-temperature-in-tokyo-on-july-6-2026-27c,27°C,0.005726115545973792,0.9942738844540262,1.7594610131250334,True,False,False,False,True,True,0.05,1.0,1783304100,0.8705,56.0,0.8805000000000001,0.005260987499999998,0.8857609875000001,0.1085128969540261,True,0.12897272979072127
Tokyo,RJTT,2026-07-06,highest-temperature-in-tokyo-on-july-6-2026,highest-temperature-in-tokyo-on-july-6-2026-28c,28°C,0.0019547496579797987,0.9980452503420202,1.7594610131250334,True,False,False,False,True,True,0.05,1.0,1783304100,0.9875,56.0,0.99,0.0004950000000000005,0.990495,0.0075502503420201705,True,0.009596211995012593
Tokyo,RJTT,2026-07-06,highest-temperature-in-tokyo-on-july-6-2026,highest-temperature-in-tokyo-on-july-6-2026-29corhigher,29°C or higher,0.0,1.0,1.7594610131250334,True,True,False,False,True,True,0.05,1.0,1783304100,0.9955,56.0,0.99,0.0004950000000000005,0.990495,0.009504999999999986,True,0.009596211995012593
Tokyo,RJTT,2026-07-07,highest-temperature-in-tokyo-on-july-7-2026,highest-temperature-in-tokyo-on-july-7-2026-22corbelow,22°C or below,0.005947611491991741,0.9940523885080083,7.836379199999996,False,True,False,False,True,True,0.05,1.0,1783390500,0.9995,53.0,0.99,0.0004950000000000005,0.990495,0.0035573885080082412,True,0.009596211995012593
Tokyo,RJTT,2026-07-07,highest-temperature-in-tokyo-on-july-7-2026,highest-temperature-in-tokyo-on-july-7-2026-23c,23°C,0.016199115420811764,0.9838008845791882,7.836379199999996,False,False,False,False,True,True,0.05,1.0,1783390500,0.9995,56.0,0.99,0.0004950000000000005,0.990495,-0.006694115420811775,True,0.009596211995012593
Tokyo,RJTT,2026-07-07,highest-temperature-in-tokyo-on-july-7-2026,highest-temperature-in-tokyo-on-july-7-2026-24c,24°C,0.36400364851095307,0.635996351489047,7.836379199999996,False,False,False,False,False,True,0.05,1.0,1783390500,0.9145,56.0,0.9245,0.0034899875000000006,0.9279899875,-0.29199363601095296,True,-1.0
Tokyo,RJTT,2026-07-07,highest-temperature-in-tokyo-on-july-7-2026,highest-temperature-in-tokyo-on-july-7-2026-25c,25°C,0.3979618335990745,0.6020381664009256,7.836379199999996,False,False,True,True,True,True,0.05,1.0,1783390500,0.731,52.0,0.741,0.00959595,0.75059595,-0.14855778359907446,True,0.3322747078504753
Tokyo,RJTT,2026-07-07,highest-temperature-in-tokyo-on-july-7-2026,highest-temperature-in-tokyo-on-july-7-2026-26c,26°C,0.1983671646597866,0.8016328353402133,7.836379199999996,False,False,False,False,True,True,0.05,1.0,1783390500,0.43,56.0,0.44,0.012320000000000003,0.45232,0.34931283534021335,True,1.2108241952599927
Tokyo,RJTT,2026-07-07,highest-temperature-in-tokyo-on-july-7-2026,highest-temperature-in-tokyo-on-july-7-2026-27c,27°C,0.014229821764710873,0.9857701782352891,7.836379199999996,False,False,False,False,True,True,0.05,1.0,1783390500,0.9,56.0,0.91,0.004094999999999999,0.914095,0.07167517823528913,True,0.09397819701453347
Tokyo,RJTT,2026-07-07,highest-temperature-in-tokyo-on-july-7-2026,highest-temperature-in-tokyo-on-july-7-2026-28c,28°C,0.0032908045526714434,0.9967091954473286,7.836379199999996,False,False,False,False,True,True,0.05,1.0,1783390500,0.965,53.0,0.975,0.001218750000000001,0.97621875,0.020490445447328587,True,0.024360574922372757
Tokyo,RJTT,2026-07-07,highest-temperature-in-tokyo-on-july-7-2026,highest-temperature-in-tokyo-on-july-7-2026-29c,29°C,0.0,1.0,7.836379199999996,False,False,False,False,True,True,0.05,1.0,1783390500,0.9975,55.0,0.99,0.0004950000000000005,0.990495,0.009504999999999986,True,0.009596211995012593
Tokyo,RJTT,2026-07-07,highest-temperature-in-tokyo-on-july-7-2026,highest-temperature-in-tokyo-on-july-7-2026-30c,30°C,0.0,1.0,7.836379199999996,False,False,False,False,True,True,0.05,1.0,1783390500,0.9975,55.0,0.99,0.0004950000000000005,0.990495,0.009504999999999986,True,0.009596211995012593
Tokyo,RJTT,2026-07-07,highest-temperature-in-tokyo-on-july-7-2026,highest-temperature-in-tokyo-on-july-7-2026-31c,31°C,0.0,1.0,7.836379199999996,False,False,False,False,True,True,0.05,1.0,1783390500,0.9985,55.0,0.99,0.0004950000000000005,0.990495,0.009504999999999986,True,0.009596211995012593
Tokyo,RJTT,2026-07-07,highest-temperature-in-tokyo-on-july-7-2026,highest-temperature-in-tokyo-on-july-7-2026-32corhigher,32°C or higher,0.0,1.0,7.836379199999996,False,True,False,False,True,True,0.05,1.0,1783390500,0.9985,54.0,0.99,0.0004950000000000005,0.990495,0.009504999999999986,True,0.009596211995012593
Tokyo,RJTT,2026-07-08,highest-temperature-in-tokyo-on-july-8-2026,highest-temperature-in-tokyo-on-july-8-2026-23corbelow,23°C or below,0.0,1.0,6.025211817187596,False,True,False,False,True,True,0.05,1.0,1783476900,0.9995,55.0,0.99,0.0004950000000000005,0.990495,0.009504999999999986,True,0.009596211995012593
Tokyo,RJTT,2026-07-08,highest-temperature-in-tokyo-on-july-8-2026,highest-temperature-in-tokyo-on-july-8-2026-24c,24°C,0.001763883095626374,0.9982361169043736,6.025211817187596,False,False,False,False,True,True,0.05,1.0,1783476900,0.9995,55.0,0.99,0.0004950000000000005,0.990495,0.007741116904373624,True,0.009596211995012593
Tokyo,RJTT,2026-07-08,highest-temperature-in-tokyo-on-july-8-2026,highest-temperature-in-tokyo-on-july-8-2026-25c,25°C,0.004586096048628572,0.9954139039513714,6.025211817187596,False,False,False,False,True,True,0.05,1.0,1783476900,0.9995,55.0,0.99,0.0004950000000000005,0.990495,0.004918903951371401,True,0.009596211995012593
Tokyo,RJTT,2026-07-08,highest-temperature-in-tokyo-on-july-8-2026,highest-temperature-in-tokyo-on-july-8-2026-26c,26°C,0.027491483049455367,0.9725085169505446,6.025211817187596,False,False,False,False,True,True,0.05,1.0,1783476900,0.9795,55.0,0.9895,0.0005194874999999978,0.9900194875,-0.017510970549455385,True,0.010081127317203453
Tokyo,RJTT,2026-07-08,highest-temperature-in-tokyo-on-july-8-2026,highest-temperature-in-tokyo-on-july-8-2026-27c,27°C,0.366478965844008,0.633521034155992,6.025211817187596,False,False,False,False,True,True,0.05,1.0,1783476900,0.89,55.0,0.9,0.0045,0.9045,-0.27097896584400794,True,0.10558319513543402
Tokyo,RJTT,2026-07-08,highest-temperature-in-tokyo-on-july-8-2026,highest-temperature-in-tokyo-on-july-8-2026-28c,28°C,0.3810131725350115,0.6189868274649886,6.025211817187596,False,False,True,True,False,True,0.05,1.0,1783476900,0.655,55.0,0.665,0.011138750000000001,0.67613875,-0.057151922535011446,True,-1.0
Tokyo,RJTT,2026-07-08,highest-temperature-in-tokyo-on-july-8-2026,highest-temperature-in-tokyo-on-july-8-2026-29c,29°C,0.20628720483552562,0.7937127951644743,6.025211817187596,False,False,False,False,True,True,0.05,1.0,1783476900,0.595,55.0,0.605,0.011948750000000001,0.6169487499999999,0.17676404516447441,True,0.6208801784589077
Tokyo,RJTT,2026-07-08,highest-temperature-in-tokyo-on-july-8-2026,highest-temperature-in-tokyo-on-july-8-2026-30c,30°C,0.010715181378921872,0.9892848186210781,6.025211817187596,False,False,False,False,True,True,0.05,1.0,1783476900,0.8795,56.0,0.8895,0.004914487500000002,0.8944144875,0.09487033112107812,True,0.11804986835032683
Tokyo,RJTT,2026-07-08,highest-temperature-in-tokyo-on-july-8-2026,highest-temperature-in-tokyo-on-july-8-2026-31c,31°C,0.0016640132128227269,0.9983359867871773,6.025211817187596,False,False,False,False,True,True,0.05,1.0,1783476900,0.9875,55.0,0.99,0.0004950000000000005,0.990495,0.007840986787177262,True,0.009596211995012593
Tokyo,RJTT,2026-07-08,highest-temperature-in-tokyo-on-july-8-2026,highest-temperature-in-tokyo-on-july-8-2026-32c,32°C,0.0,1.0,6.025211817187596,False,False,False,False,True,True,0.05,1.0,1783476900,0.9945,55.0,0.99,0.0004950000000000005,0.990495,0.009504999999999986,True,0.009596211995012593
Tokyo,RJTT,2026-07-08,highest-temperature-in-tokyo-on-july-8-2026,highest-temperature-in-tokyo-on-july-8-2026-33corhigher,33°C or higher,0.0,1.0,6.025211817187596,False,True,False,False,True,True,0.05,1.0,1783476900,0.9975,55.0,0.99,0.0004950000000000005,0.990495,0.009504999999999986,True,0.009596211995012593
Tokyo,RJTT,2026-07-09,highest-temperature-in-tokyo-on-july-9-2026,highest-temperature-in-tokyo-on-july-9-2026-23corbelow,23°C or below,0.0,1.0,7.560165340019566,True,True,False,False,True,True,0.05,1.0,1783563300,0.9995,44.0,0.99,0.0004950000000000005,0.990495,0.009504999999999986,True,0.009596211995012593
Tokyo,RJTT,2026-07-09,highest-temperature-in-tokyo-on-july-9-2026,highest-temperature-in-tokyo-on-july-9-2026-24c,24°C,0.0,1.0,7.560165340019566,True,False,False,False,True,True,0.05,1.0,1783563300,0.9995,44.0,0.99,0.0004950000000000005,0.990495,0.009504999999999986,True,0.009596211995012593
Tokyo,RJTT,2026-07-09,highest-temperature-in-tokyo-on-july-9-2026,highest-temperature-in-tokyo-on-july-9-2026-25c,25°C,0.0,1.0,7.560165340019566,True,False,False,False,True,True,0.05,1.0,1783563300,0.9995,44.0,0.99,0.0004950000000000005,0.990495,0.009504999999999986,True,0.009596211995012593
Tokyo,RJTT,2026-07-09,highest-temperature-in-tokyo-on-july-9-2026,highest-temperature-in-tokyo-on-july-9-2026-26c,26°C,0.0010291615072280074,0.998970838492772,7.560165340019566,True,False,False,False,True,True,0.05,1.0,1783563300,0.9995,44.0,0.99,0.0004950000000000005,0.990495,0.008475838492772003,True,0.009596211995012593
Tokyo,RJTT,2026-07-09,highest-temperature-in-tokyo-on-july-9-2026,highest-temperature-in-tokyo-on-july-9-2026-27c,27°C,0.002675819918792819,0.9973241800812072,7.560165340019566,True,False,False,False,True,True,0.05,1.0,1783563300,0.9995,44.0,0.99,0.0004950000000000005,0.990495,0.006829180081207142,True,0.009596211995012593
Tokyo,RJTT,2026-07-09,highest-temperature-in-tokyo-on-july-9-2026,highest-temperature-in-tokyo-on-july-9-2026-28c,28°C,0.009731685550437458,0.9902683144495625,7.560165340019566,True,False,False,False,True,True,0.05,1.0,1783563300,0.9995,44.0,0.99,0.0004950000000000005,0.990495,-0.00022668555043747762,True,0.009596211995012593
Tokyo,RJTT,2026-07-09,highest-temperature-in-tokyo-on-july-9-2026,highest-temperature-in-tokyo-on-july-9-2026-29c,29°C,0.28709249064839604,0.712907509351604,7.560165340019566,True,False,False,False,True,True,0.05,1.0,1783563300,0.82,44.0,0.83,0.007055000000000002,0.837055,-0.12414749064839603,True,0.1946646277723687
Tokyo,RJTT,2026-07-09,highest-temperature-in-tokyo-on-july-9-2026,highest-temperature-in-tokyo-on-july-9-2026-31c,31°C,0.17342707416509795,0.826572925834902,7.560165340019566,True,False,False,False,True,True,0.05,1.0,1783563300,0.7895,44.0,0.7995,0.008014987500000001,0.8075149875,0.019057938334902103,True,0.238367108325652
Tokyo,RJTT,2026-07-09,highest-temperature-in-tokyo-on-july-9-2026,highest-temperature-in-tokyo-on-july-9-2026-32c,32°C,0.011330021714673679,0.9886699782853263,7.560165340019566,True,False,False,False,True,True,0.05,1.0,1783563300,0.9455,44.0,0.9555,0.0021259874999999995,0.9576259875,0.03104399078532627,True,0.044249021072018335
Tokyo,RJTT,2026-07-09,highest-temperature-in-tokyo-on-july-9-2026,highest-temperature-in-tokyo-on-july-9-2026-33corhigher,33°C or higher,0.001903995211911549,0.9980960047880885,7.560165340019566,True,True,False,False,True,True,0.05,1.0,1783563300,0.9905,44.0,0.99,0.0004950000000000005,0.990495,0.00760100478808845,True,0.009596211995012593
Tokyo,RJTT,2026-07-10,highest-temperature-in-tokyo-on-july-10-2026,highest-temperature-in-tokyo-on-july-10-2026-26corbelow,26°C or below,0.0,1.0,6.979645697168039,True,True,False,False,True,True,0.05,1.0,1783649700,0.9995,54.0,0.99,0.0004950000000000005,0.990495,0.009504999999999986,True,0.009596211995012593
Tokyo,RJTT,2026-07-10,highest-temperature-in-tokyo-on-july-10-2026,highest-temperature-in-tokyo-on-july-10-2026-27c,27°C,0.0003692862375431762,0.9996307137624568,6.979645697168039,True,False,False,False,True,True,0.05,1.0,1783649700,0.9995,54.0,0.99,0.0004950000000000005,0.990495,0.00913571376245681,True,0.009596211995012593
Tokyo,RJTT,2026-07-10,highest-temperature-in-tokyo-on-july-10-2026,highest-temperature-in-tokyo-on-july-10-2026-28c,28°C,0.000960144217612258,0.9990398557823877,6.979645697168039,True,False,False,False,True,True,0.05,1.0,1783649700,0.9995,54.0,0.99,0.0004950000000000005,0.990495,0.008544855782387728,True,0.009596211995012593
Tokyo,RJTT,2026-07-10,highest-temperature-in-tokyo-on-july-10-2026,highest-temperature-in-tokyo-on-july-10-2026-29c,29°C,0.006188862463338164,0.9938111375366618,6.979645697168039,True,False,False,False,True,True,0.05,1.0,1783649700,0.9995,55.0,0.99,0.0004950000000000005,0.990495,0.003316137536661823,True,0.009596211995012593
Tokyo,RJTT,2026-07-10,highest-temperature-in-tokyo-on-july-10-2026,highest-temperature-in-tokyo-on-july-10-2026-30c,30°C,0.26647622486088174,0.7335237751391183,6.979645697168039,True,False,False,False,False,True,0.05,1.0,1783649700,0.835,55.0,0.845,0.006548750000000001,0.85154875,-0.1180249748608817,True,-1.0
Tokyo,RJTT,2026-07-10,highest-temperature-in-tokyo-on-july-10-2026,highest-temperature-in-tokyo-on-july-10-2026-32c,32°C,0.13921868922326647,0.8607813107767335,6.979645697168039,True,False,False,False,True,True,0.05,1.0,1783649700,0.802,55.0,0.812,0.007632799999999999,0.8196328,0.04114851077673343,True,0.2200585432891411
Tokyo,RJTT,2026-07-10,highest-temperature-in-tokyo-on-july-10-2026,highest-temperature-in-tokyo-on-july-10-2026-33c,33°C,0.004866065623662293,0.9951339343763377,6.979645697168039,True,False,False,False,True,True,0.05,1.0,1783649700,0.9425,55.0,0.9525,0.0022621874999999994,0.9547621875,0.04037174687633771,True,0.04738123596877375
Tokyo,RJTT,2026-07-10,highest-temperature-in-tokyo-on-july-10-2026,highest-temperature-in-tokyo-on-july-10-2026-34c,34°C,0.001258259154733637,0.9987417408452663,6.979645697168039,True,False,False,False,True,True,0.05,1.0,1783649700,0.989,54.0,0.99,0.0004950000000000005,0.990495,0.008246740845266332,True,0.009596211995012593
Tokyo,RJTT,2026-07-10,highest-temperature-in-tokyo-on-july-10-2026,highest-temperature-in-tokyo-on-july-10-2026-35c,35°C,0.0,1.0,6.979645697168039,True,False,False,False,True,True,0.05,1.0,1783649700,0.999,55.0,0.99,0.0004950000000000005,0.990495,0.009504999999999986,True,0.009596211995012593
Tokyo,RJTT,2026-07-10,highest-temperature-in-tokyo-on-july-10-2026,highest-temperature-in-tokyo-on-july-10-2026-36corhigher,36°C or higher,0.0,1.0,6.979645697168039,True,True,False,False,True,True,0.05,1.0,1783649700,0.9995,54.0,0.99,0.0004950000000000005,0.990495,0.009504999999999986,True,0.009596211995012593
Tokyo,RJTT,2026-07-11,highest-temperature-in-tokyo-on-july-11-2026,highest-temperature-in-tokyo-on-july-11-2026-26corbelow,26°C or below,0.0007938343730283982,0.9992061656269716,6.15869707464833,True,True,False,False,True,True,0.05,1.0,1783736100,0.9995,57.0,0.99,0.0004950000000000005,0.990495,0.008711165626971606,True,0.009596211995012593
Tokyo,RJTT,2026-07-11,highest-temperature-in-tokyo-on-july-11-2026,highest-temperature-in-tokyo-on-july-11-2026-27c,27°C,0.0020639693698738353,0.9979360306301261,6.15869707464833,True,False,False,False,True,True,0.05,1.0,1783736100,0.9995,57.0,0.99,0.0004950000000000005,0.990495,0.007441030630126133,True,0.009596211995012593
Tokyo,RJTT,2026-07-11,highest-temperature-in-tokyo-on-july-11-2026,highest-temperature-in-tokyo-on-july-11-2026-28c,28°C,0.007959385959671167,0.9920406140403288,6.15869707464833,True,False,False,False,True,True,0.05,1.0,1783736100,0.9995,57.0,0.99,0.0004950000000000005,0.990495,0.0015456140403288243,True,0.009596211995012593
Tokyo,RJTT,2026-07-11,highest-temperature-in-tokyo-on-july-11-2026,highest-temperature-in-tokyo-on-july-11-2026-29c,29°C,0.23604973221193962,0.7639502677880604,6.15869707464833,True,False,False,False,True,True,0.05,1.0,1783736100,0.62,56.0,0.63,0.011655,0.641655,0.12229526778806044,True,0.5584698942578177
Tokyo,RJTT,2026-07-11,highest-temperature-in-tokyo-on-july-11-2026,highest-temperature-in-tokyo-on-july-11-2026-31c,31°C,0.1602173777208853,0.8397826222791147,6.15869707464833,True,False,False,False,True,True,0.05,1.0,1783736100,0.905,57.0,0.915,0.0038887499999999985,0.91888875,-0.07910612772088532,True,0.08827102301557166
Tokyo,RJTT,2026-07-11,highest-temperature-in-tokyo-on-july-11-2026,highest-temperature-in-tokyo-on-july-11-2026-32c,32°C,0.00837907397226771,0.9916209260277323,6.15869707464833,True,False,False,False,True,True,0.05,1.0,1783736100,0.9875,56.0,0.99,0.0004950000000000005,0.990495,0.0011259260277323158,True,0.009596211995012593
Tokyo,RJTT,2026-07-11,highest-temperature-in-tokyo-on-july-11-2026,highest-temperature-in-tokyo-on-july-11-2026-33c,33°C,0.0022407744862832438,0.9977592255137168,6.15869707464833,True,False,False,False,True,True,0.05,1.0,1783736100,0.997,56.0,0.99,0.0004950000000000005,0.990495,0.007264225513716749,True,0.009596211995012593
Tokyo,RJTT,2026-07-11,highest-temperature-in-tokyo-on-july-11-2026,highest-temperature-in-tokyo-on-july-11-2026-34c,34°C,0.0,1.0,6.15869707464833,True,False,False,False,True,True,0.05,1.0,1783736100,0.998,57.0,0.99,0.0004950000000000005,0.990495,0.009504999999999986,True,0.009596211995012593
Tokyo,RJTT,2026-07-11,highest-temperature-in-tokyo-on-july-11-2026,highest-temperature-in-tokyo-on-july-11-2026-35c,35°C,0.0,1.0,6.15869707464833,True,False,False,False,True,True,0.05,1.0,1783736100,0.9995,56.0,0.99,0.0004950000000000005,0.990495,0.009504999999999986,True,0.009596211995012593
Tokyo,RJTT,2026-07-11,highest-temperature-in-tokyo-on-july-11-2026,highest-temperature-in-tokyo-on-july-11-2026-36corhigher,36°C or higher,0.0,1.0,6.15869707464833,True,True,False,False,True,True,0.05,1.0,1783736100,0.9995,57.0,0.99,0.0004950000000000005,0.990495,0.009504999999999986,True,0.009596211995012593
Tokyo,RJTT,2026-07-12,highest-temperature-in-tokyo-on-july-12-2026,highest-temperature-in-tokyo-on-july-12-2026-23corbelow,23°C or below,0.0,1.0,6.343098330410129,True,True,False,False,True,True,0.05,1.0,1783822500,0.9995,55.0,0.99,0.0004950000000000005,0.990495,0.009504999999999986,True,0.009596211995012593
Tokyo,RJTT,2026-07-12,highest-temperature-in-tokyo-on-july-12-2026,highest-temperature-in-tokyo-on-july-12-2026-24c,24°C,0.0,1.0,6.343098330410129,True,False,False,False,True,True,0.05,1.0,1783822500,0.9995,56.0,0.99,0.0004950000000000005,0.990495,0.009504999999999986,True,0.009596211995012593
Tokyo,RJTT,2026-07-12,highest-temperature-in-tokyo-on-july-12-2026,highest-temperature-in-tokyo-on-july-12-2026-25c,25°C,0.0007191946822749434,0.999280805317725,6.343098330410129,True,False,False,False,True,True,0.05,1.0,1783822500,0.9995,55.0,0.99,0.0004950000000000005,0.990495,0.008785805317724993,True,0.009596211995012593
Tokyo,RJTT,2026-07-12,highest-temperature-in-tokyo-on-july-12-2026,highest-temperature-in-tokyo-on-july-12-2026-26c,26°C,0.0018699061739148525,0.9981300938260852,6.343098330410129,True,False,False,False,True,True,0.05,1.0,1783822500,0.9995,56.0,0.99,0.0004950000000000005,0.990495,0.007635093826085182,True,0.009596211995012593
Tokyo,RJTT,2026-07-12,highest-temperature-in-tokyo-on-july-12-2026,highest-temperature-in-tokyo-on-july-12-2026-27c,27°C,0.0030720502731153006,0.9969279497268847,6.343098330410129,True,False,False,False,True,True,0.05,1.0,1783822500,0.9995,55.0,0.99,0.0004950000000000005,0.990495,0.006432949726884685,True,0.009596211995012593
Tokyo,RJTT,2026-07-12,highest-temperature-in-tokyo-on-july-12-2026,highest-temperature-in-tokyo-on-july-12-2026-28c,28°C,0.2714531768150228,0.7285468231849772,6.343098330410129,True,False,False,False,True,True,0.05,1.0,1783822500,0.855,56.0,0.865,0.00583875,0.87083875,-0.14229192681502278,True,0.14831821620248298
Tokyo,RJTT,2026-07-12,highest-temperature-in-tokyo-on-july-12-2026,highest-temperature-in-tokyo-on-july-12-2026-30c,30°C,0.14940535503333466,0.8505946449666654,6.343098330410129,True,False,False,False,True,True,0.05,1.0,1783822500,0.775,56.0,0.785,0.00843875,0.7934387500000001,0.05715589496666529,True,0.26033673046596206
Tokyo,RJTT,2026-07-12,highest-temperature-in-tokyo-on-july-12-2026,highest-temperature-in-tokyo-on-july-12-2026-31c,31°C,0.0071010082936330205,0.992898991706367,6.343098330410129,True,False,False,False,True,True,0.05,1.0,1783822500,0.953,55.0,0.963,0.0017815500000000015,0.96478155,0.028117441706366986,True,0.036504066645967725
Tokyo,RJTT,2026-07-12,highest-temperature-in-tokyo-on-july-12-2026,highest-temperature-in-tokyo-on-july-12-2026-32c,32°C,0.0018556387071382672,0.9981443612928618,6.343098330410129,True,False,False,False,True,True,0.05,1.0,1783822500,0.997,56.0,0.99,0.0004950000000000005,0.990495,0.007649361292861756,True,0.009596211995012593
Tokyo,RJTT,2026-07-12,highest-temperature-in-tokyo-on-july-12-2026,highest-temperature-in-tokyo-on-july-12-2026-33corhigher,33°C or higher,0.0,1.0,6.343098330410129,True,True,False,False,True,True,0.05,1.0,1783822500,0.997,56.0,0.99,0.0004950000000000005,0.990495,0.009504999999999986,True,0.009596211995012593
Tokyo,RJTT,2026-07-13,highest-temperature-in-tokyo-on-july-13-2026,highest-temperature-in-tokyo-on-july-13-2026-23corbelow,23°C or below,0.0,1.0,5.970643082929627,False,True,False,False,True,True,0.05,1.0,1783908900,0.9995,57.0,0.99,0.0004950000000000005,0.990495,0.009504999999999986,True,0.009596211995012593
Tokyo,RJTT,2026-07-13,highest-temperature-in-tokyo-on-july-13-2026,highest-temperature-in-tokyo-on-july-13-2026-24c,24°C,0.0,1.0,5.970643082929627,False,False,False,False,True,True,0.05,1.0,1783908900,0.9995,56.0,0.99,0.0004950000000000005,0.990495,0.009504999999999986,True,0.009596211995012593
Tokyo,RJTT,2026-07-13,highest-temperature-in-tokyo-on-july-13-2026,highest-temperature-in-tokyo-on-july-13-2026-25c,25°C,0.0014818079686692218,0.9985181920313307,5.970643082929627,False,False,False,False,True,True,0.05,1.0,1783908900,0.9995,57.0,0.99,0.0004950000000000005,0.990495,0.008023192031330728,True,0.009596211995012593
Tokyo,RJTT,2026-07-13,highest-temperature-in-tokyo-on-july-13-2026,highest-temperature-in-tokyo-on-july-13-2026-26c,26°C,0.0038527007185399764,0.9961472992814601,5.970643082929627,False,False,False,False,True,True,0.05,1.0,1783908900,0.9995,57.0,0.99,0.0004950000000000005,0.990495,0.005652299281460049,True,0.009596211995012593
Tokyo,RJTT,2026-07-13,highest-temperature-in-tokyo-on-july-13-2026,highest-temperature-in-tokyo-on-july-13-2026-27c,27°C,0.01770155667419404,0.982298443325806,5.970643082929627,False,False,False,False,True,True,0.05,1.0,1783908900,0.9995,57.0,0.99,0.0004950000000000005,0.990495,-0.008196556674194055,True,0.009596211995012593
Tokyo,RJTT,2026-07-13,highest-temperature-in-tokyo-on-july-13-2026,highest-temperature-in-tokyo-on-july-13-2026-28c,28°C,0.34480016186184015,0.6551998381381599,5.970643082929627,False,False,False,False,False,True,0.05,1.0,1783908900,0.9605,57.0,0.9705,0.0014314874999999986,0.9719314875,-0.3167316493618402,True,-1.0
Tokyo,RJTT,2026-07-13,highest-temperature-in-tokyo-on-july-13-2026,highest-temperature-in-tokyo-on-july-13-2026-30c,30°C,0.1344766686227097,0.8655233313772903,5.970643082929627,False,False,False,False,True,True,0.05,1.0,1783908900,0.3815,56.0,0.3915,0.011911387500000002,0.4034113875,0.4621119438772903,True,1.478859127396348
Tokyo,RJTT,2026-07-13,highest-temperature-in-tokyo-on-july-13-2026,highest-temperature-in-tokyo-on-july-13-2026-31c,31°C,0.004502798398901533,0.9954972016010984,5.970643082929627,False,False,False,False,True,True,0.05,1.0,1783908900,0.815,57.0,0.825,0.007218750000000002,0.83221875,0.16327845160109844,True,0.20160714956253978
Tokyo,RJTT,2026-07-13,highest-temperature-in-tokyo-on-july-13-2026,highest-temperature-in-tokyo-on-july-13-2026-32c,32°C,0.0018116019450191356,0.9981883980549808,5.970643082929627,False,False,False,False,True,True,0.05,1.0,1783908900,0.945,56.0,0.955,0.002148750000000002,0.95714875,0.04103964805498084,True,0.04476968705229978
Tokyo,RJTT,2026-07-13,highest-temperature-in-tokyo-on-july-13-2026,highest-temperature-in-tokyo-on-july-13-2026-33corhigher,33°C or higher,0.0,1.0,5.970643082929627,False,True,False,False,True,True,0.05,1.0,1783908900,0.9945,57.0,0.99,0.0004950000000000005,0.990495,0.009504999999999986,True,0.009596211995012593
Tokyo,RJTT,2026-07-14,highest-temperature-in-tokyo-on-july-14-2026,highest-temperature-in-tokyo-on-july-14-2026-27corbelow,27°C or below,0.0,1.0,8.755548096972745,True,True,False,False,True,True,0.05,1.0,1783995300,0.9995,55.0,0.99,0.0004950000000000005,0.990495,0.009504999999999986,True,0.009596211995012593
Tokyo,RJTT,2026-07-14,highest-temperature-in-tokyo-on-july-14-2026,highest-temperature-in-tokyo-on-july-14-2026-28c,28°C,0.0,1.0,8.755548096972745,True,False,False,False,True,True,0.05,1.0,1783995300,0.9995,55.0,0.99,0.0004950000000000005,0.990495,0.009504999999999986,True,0.009596211995012593
Tokyo,RJTT,2026-07-14,highest-temperature-in-tokyo-on-july-14-2026,highest-temperature-in-tokyo-on-july-14-2026-29c,29°C,0.0,1.0,8.755548096972745,True,False,False,False,True,True,0.05,1.0,1783995300,0.9995,55.0,0.99,0.0004950000000000005,0.990495,0.009504999999999986,True,0.009596211995012593
Tokyo,RJTT,2026-07-14,highest-temperature-in-tokyo-on-july-14-2026,highest-temperature-in-tokyo-on-july-14-2026-30c,30°C,0.0004770417189967379,0.9995229582810032,8.755548096972745,True,False,False,False,True,True,0.05,1.0,1783995300,0.9995,55.0,0.99,0.0004950000000000005,0.990495,0.009027958281003223,True,0.009596211995012593
Tokyo,RJTT,2026-07-14,highest-temperature-in-tokyo-on-july-14-2026,highest-temperature-in-tokyo-on-july-14-2026-31c,31°C,0.0012403084693915184,0.9987596915306085,8.755548096972745,True,False,False,False,True,True,0.05,1.0,1783995300,0.9995,55.0,0.99,0.0004950000000000005,0.990495,0.008264691530608492,True,0.009596211995012593
Tokyo,RJTT,2026-07-14,highest-temperature-in-tokyo-on-july-14-2026,highest-temperature-in-tokyo-on-july-14-2026-32c,32°C,0.0039250430470078035,0.9960749569529922,8.755548096972745,True,False,False,False,True,True,0.05,1.0,1783995300,0.9995,55.0,0.99,0.0004950000000000005,0.990495,0.005579956952992182,True,0.009596211995012593
Tokyo,RJTT,2026-07-14,highest-temperature-in-tokyo-on-july-14-2026,highest-temperature-in-tokyo-on-july-14-2026-33c,33°C,0.3343184218997364,0.6656815781002636,8.755548096972745,True,False,False,False,True,True,0.05,1.0,1783995300,0.373,55.0,0.383,0.011815550000000001,0.39481555,0.2708660281002636,True,1.5328283042549868
Tokyo,RJTT,2026-07-14,highest-temperature-in-tokyo-on-july-14-2026,highest-temperature-in-tokyo-on-july-14-2026-35c,35°C,0.11799657317018523,0.8820034268298148,8.755548096972745,True,False,False,False,True,True,0.05,1.0,1783995300,0.9755,55.0,0.9855,0.000714487499999998,0.9862144875000001,-0.10421106067018526,True,0.013978209278739717
Tokyo,RJTT,2026-07-14,highest-temperature-in-tokyo-on-july-14-2026,highest-temperature-in-tokyo-on-july-14-2026-36c,36°C,0.0028254149201052156,0.9971745850798948,8.755548096972745,True,False,False,False,True,True,0.05,1.0,1783995300,0.991,55.0,0.99,0.0004950000000000005,0.990495,0.006679585079894745,True,0.009596211995012593
Tokyo,RJTT,2026-07-14,highest-temperature-in-tokyo-on-july-14-2026,highest-temperature-in-tokyo-on-july-14-2026-37corhigher,37°C or higher,0.0009828376958163068,0.9990171623041837,8.755548096972745,True,True,False,False,True,True,0.05,1.0,1783995300,0.9985,55.0,0.99,0.0004950000000000005,0.990495,0.008522162304183678,True,0.009596211995012593
Tokyo,RJTT,2026-07-15,highest-temperature-in-tokyo-on-july-15-2026,highest-temperature-in-tokyo-on-july-15-2026-26corbelow,26°C or below,0.0,1.0,8.862901247460997,True,True,False,False,True,True,0.05,1.0,1784081700,0.9995,42.0,0.99,0.0004950000000000005,0.990495,0.009504999999999986,True,0.009596211995012593
Tokyo,RJTT,2026-07-15,highest-temperature-in-tokyo-on-july-15-2026,highest-temperature-in-tokyo-on-july-15-2026-27c,27°C,0.0,1.0,8.862901247460997,True,False,False,False,True,True,0.05,1.0,1784081700,0.9995,42.0,0.99,0.0004950000000000005,0.990495,0.009504999999999986,True,0.009596211995012593
Tokyo,RJTT,2026-07-15,highest-temperature-in-tokyo-on-july-15-2026,highest-temperature-in-tokyo-on-july-15-2026-28c,28°C,0.0,1.0,8.862901247460997,True,False,False,False,True,True,0.05,1.0,1784081700,0.9995,41.0,0.99,0.0004950000000000005,0.990495,0.009504999999999986,True,0.009596211995012593
Tokyo,RJTT,2026-07-15,highest-temperature-in-tokyo-on-july-15-2026,highest-temperature-in-tokyo-on-july-15-2026-29c,29°C,0.0005298645381807129,0.9994701354618193,8.862901247460997,True,False,False,False,True,True,0.05,1.0,1784081700,0.9995,41.0,0.99,0.0004950000000000005,0.990495,0.008975135461819272,True,0.009596211995012593
Tokyo,RJTT,2026-07-15,highest-temperature-in-tokyo-on-july-15-2026,highest-temperature-in-tokyo-on-july-15-2026-30c,30°C,0.0013776477992698535,0.9986223522007301,8.862901247460997,True,False,False,False,True,True,0.05,1.0,1784081700,0.9995,41.0,0.99,0.0004950000000000005,0.990495,0.008127352200730131,True,0.009596211995012593
Tokyo,RJTT,2026-07-15,highest-temperature-in-tokyo-on-july-15-2026,highest-temperature-in-tokyo-on-july-15-2026-31c,31°C,0.00982137226852586,0.9901786277314741,8.862901247460997,True,False,False,False,True,True,0.05,1.0,1784081700,0.9995,41.0,0.99,0.0004950000000000005,0.990495,-0.0003163722685258774,True,0.009596211995012593
Tokyo,RJTT,2026-07-15,highest-temperature-in-tokyo-on-july-15-2026,highest-temperature-in-tokyo-on-july-15-2026-32c,32°C,0.25676313217638663,0.7432368678236134,8.862901247460997,True,False,False,False,True,True,0.05,1.0,1784081700,0.88,41.0,0.89,0.004895,0.894895,-0.15165813217638657,True,0.11744953318545748
Tokyo,RJTT,2026-07-15,highest-temperature-in-tokyo-on-july-15-2026,highest-temperature-in-tokyo-on-july-15-2026-34c,34°C,0.14726179752077354,0.8527382024792265,8.862901247460997,True,False,False,False,True,True,0.05,1.0,1784081700,0.6825,41.0,0.6925,0.0106471875,0.7031471875,0.14959101497922644,True,0.422177344626014
Tokyo,RJTT,2026-07-15,highest-temperature-in-tokyo-on-july-15-2026,highest-temperature-in-tokyo-on-july-15-2026-35c,35°C,0.00687446566390299,0.993125534336097,8.862901247460997,True,False,False,False,True,True,0.05,1.0,1784081700,0.886,42.0,0.896,0.0046592,0.9006592,0.09246633433609697,True,0.11029787959752158
Tokyo,RJTT,2026-07-15,highest-temperature-in-tokyo-on-july-15-2026,highest-temperature-in-tokyo-on-july-15-2026-36corhigher,36°C or higher,0.0014466750062213291,0.9985533249937787,8.862901247460997,True,True,False,False,True,True,0.05,1.0,1784081700,0.992,42.0,0.99,0.0004950000000000005,0.990495,0.008058324993778676,True,0.009596211995012593
Tokyo,RJTT,2026-07-16,highest-temperature-in-tokyo-on-july-16-2026,highest-temperature-in-tokyo-on-july-16-2026-28corbelow,28°C or below,0.002420746285355348,0.9975792537146446,8.896082616386849,False,True,False,False,True,True,0.05,1.0,1784168100,0.9995,56.0,0.99,0.0004950000000000005,0.990495,0.007084253714644606,True,0.009596211995012593
Tokyo,RJTT,2026-07-16,highest-temperature-in-tokyo-on-july-16-2026,highest-temperature-in-tokyo-on-july-16-2026-29c,29°C,0.006293940341923905,0.9937060596580761,8.896082616386849,False,False,False,False,True,True,0.05,1.0,1784168100,0.9925,56.0,0.99,0.0004950000000000005,0.990495,0.0032110596580761097,True,0.009596211995012593
Tokyo,RJTT,2026-07-16,highest-temperature-in-tokyo-on-july-16-2026,highest-temperature-in-tokyo-on-july-16-2026-30c,30°C,0.04598656184296135,0.9540134381570387,8.896082616386849,False,False,False,False,True,True,0.05,1.0,1784168100,0.9775,57.0,0.9875,0.000617187499999998,0.9881171875,-0.03410374934296134,True,0.012025711778239856
Tokyo,RJTT,2026-07-16,highest-temperature-in-tokyo-on-july-16-2026,highest-temperature-in-tokyo-on-july-16-2026-31c,31°C,0.31734984780800757,0.6826501521919924,8.896082616386849,False,False,False,False,True,True,0.05,1.0,1784168100,0.8695,56.0,0.8795000000000001,0.005298987499999998,0.8847989875000001,-0.20214883530800765,True,0.13020020832697887
Tokyo,RJTT,2026-07-16,highest-temperature-in-tokyo-on-july-16-2026,highest-temperature-in-tokyo-on-july-16-2026-32c,32°C,0.3923416800033389,0.6076583199966611,8.896082616386849,False,False,True,True,True,True,0.05,1.0,1784168100,0.58,56.0,0.59,0.012095000000000002,0.6020949999999999,0.0055633199966611535,True,0.6608674710801454
Tokyo,RJTT,2026-07-16,highest-temperature-in-tokyo-on-july-16-2026,highest-temperature-in-tokyo-on-july-16-2026-33c,33°C,0.2150611655166747,0.7849388344833252,8.896082616386849,False,False,False,False,False,True,0.05,1.0,1784168100,0.635,56.0,0.645,0.01144875,0.65644875,0.12849008448332522,True,-1.0
Tokyo,RJTT,2026-07-16,highest-temperature-in-tokyo-on-july-16-2026,highest-temperature-in-tokyo-on-july-16-2026-34c,34°C,0.018273264043299736,0.9817267359567002,8.896082616386849,False,False,False,False,True,True,0.05,1.0,1784168100,0.92,56.0,0.93,0.0032549999999999983,0.9332550000000001,0.04847173595670018,True,0.07151850244574098
Tokyo,RJTT,2026-07-16,highest-temperature-in-tokyo-on-july-16-2026,highest-temperature-in-tokyo-on-july-16-2026-35c,35°C,0.0022727941584385247,0.9977272058415615,8.896082616386849,False,False,False,False,True,True,0.05,1.0,1784168100,0.971,56.0,0.981,0.0009319500000000008,0.98193195,0.015795255841561495,True,0.018400511359264682
Tokyo,RJTT,2026-07-16,highest-temperature-in-tokyo-on-july-16-2026,highest-temperature-in-tokyo-on-july-16-2026-36c,36°C,0.0,1.0,8.896082616386849,False,False,False,False,True,True,0.05,1.0,1784168100,0.9975,56.0,0.99,0.0004950000000000005,0.990495,0.009504999999999986,True,0.009596211995012593
Tokyo,RJTT,2026-07-16,highest-temperature-in-tokyo-on-july-16-2026,highest-temperature-in-tokyo-on-july-16-2026-37c,37°C,0.0,1.0,8.896082616386849,False,False,False,False,True,True,0.05,1.0,1784168100,0.9985,57.0,0.99,0.0004950000000000005,0.990495,0.009504999999999986,True,0.009596211995012593
Tokyo,RJTT,2026-07-16,highest-temperature-in-tokyo-on-july-16-2026,highest-temperature-in-tokyo-on-july-16-2026-38corhigher,38°C or higher,0.0,1.0,8.896082616386849,False,True,False,False,True,True,0.05,1.0,1784168100,0.9995,56.0,0.99,0.0004950000000000005,0.990495,0.009504999999999986,True,0.009596211995012593
Tokyo,RJTT,2026-07-17,highest-temperature-in-tokyo-on-july-17-2026,highest-temperature-in-tokyo-on-july-17-2026-25corbelow,25°C or below,0.0,1.0,7.634177975214911,True,True,False,False,True,True,0.05,1.0,1784254500,0.9995,55.0,0.99,0.0004950000000000005,0.990495,0.009504999999999986,True,0.009596211995012593
Tokyo,RJTT,2026-07-17,highest-temperature-in-tokyo-on-july-17-2026,highest-temperature-in-tokyo-on-july-17-2026-26c,26°C,0.0,1.0,7.634177975214911,True,False,False,False,True,True,0.05,1.0,1784254500,0.9995,55.0,0.99,0.0004950000000000005,0.990495,0.009504999999999986,True,0.009596211995012593
Tokyo,RJTT,2026-07-17,highest-temperature-in-tokyo-on-july-17-2026,highest-temperature-in-tokyo-on-july-17-2026-27c,27°C,0.0,1.0,7.634177975214911,True,False,False,False,True,True,0.05,1.0,1784254500,0.9995,56.0,0.99,0.0004950000000000005,0.990495,0.009504999999999986,True,0.009596211995012593
Tokyo,RJTT,2026-07-17,highest-temperature-in-tokyo-on-july-17-2026,highest-temperature-in-tokyo-on-july-17-2026-28c,28°C,0.0003893277264041234,0.9996106722735959,7.634177975214911,True,False,False,False,True,True,0.05,1.0,1784254500,0.9995,55.0,0.99,0.0004950000000000005,0.990495,0.009115672273595887,True,0.009596211995012593
Tokyo,RJTT,2026-07-17,highest-temperature-in-tokyo-on-july-17-2026,highest-temperature-in-tokyo-on-july-17-2026-29c,29°C,0.0010122520886507208,0.9989877479113493,7.634177975214911,True,False,False,False,True,True,0.05,1.0,1784254500,0.9995,55.0,0.99,0.0004950000000000005,0.990495,0.008492747911349241,True,0.009596211995012593
Tokyo,RJTT,2026-07-17,highest-temperature-in-tokyo-on-july-17-2026,highest-temperature-in-tokyo-on-july-17-2026-30c,30°C,0.003775424703816531,0.9962245752961835,7.634177975214911,True,False,False,False,True,True,0.05,1.0,1784254500,0.9995,55.0,0.99,0.0004950000000000005,0.990495,0.005729575296183453,True,0.009596211995012593
Tokyo,RJTT,2026-07-17,highest-temperature-in-tokyo-on-july-17-2026,highest-temperature-in-tokyo-on-july-17-2026-31c,31°C,0.28511747133799625,0.7148825286620037,7.634177975214911,True,False,False,False,True,True,0.05,1.0,1784254500,0.9995,55.0,0.99,0.0004950000000000005,0.990495,-0.27561247133799627,True,0.009596211995012593
Tokyo,RJTT,2026-07-17,highest-temperature-in-tokyo-on-july-17-2026,highest-temperature-in-tokyo-on-july-17-2026-33c,33°C,0.11786941165511446,0.8821305883448856,7.634177975214911,True,False,False,False,True,True,0.05,1.0,1784254500,0.733,55.0,0.743,0.009547550000000002,0.75254755,0.1295830383448856,True,0.3288196872078051
Tokyo,RJTT,2026-07-17,highest-temperature-in-tokyo-on-july-17-2026,highest-temperature-in-tokyo-on-july-17-2026-34c,34°C,0.0030027074945631225,0.9969972925054369,7.634177975214911,True,False,False,False,True,True,0.05,1.0,1784254500,0.981,56.0,0.99,0.0004950000000000005,0.990495,0.00650229250543688,True,0.009596211995012593
Tokyo,RJTT,2026-07-17,highest-temperature-in-tokyo-on-july-17-2026,highest-temperature-in-tokyo-on-july-17-2026-35corhigher,35°C or higher,0.001275644205192398,0.9987243557948076,7.634177975214911,True,True,False,False,True,True,0.05,1.0,1784254500,0.997,55.0,0.99,0.0004950000000000005,0.990495,0.008229355794807547,True,0.009596211995012593
Tokyo,RJTT,2026-07-18,highest-temperature-in-tokyo-on-july-18-2026,highest-temperature-in-tokyo-on-july-18-2026-24corbelow,24°C or below,0.0,1.0,6.038813424375249,False,True,False,False,True,True,0.05,1.0,1784340900,0.9995,55.0,0.99,0.0004950000000000005,0.990495,0.009504999999999986,True,0.009596211995012593
Tokyo,RJTT,2026-07-18,highest-temperature-in-tokyo-on-july-18-2026,highest-temperature-in-tokyo-on-july-18-2026-25c,25°C,0.0,1.0,6.038813424375249,False,False,False,False,True,True,0.05,1.0,1784340900,0.9995,55.0,0.99,0.0004950000000000005,0.990495,0.009504999999999986,True,0.009596211995012593
Tokyo,RJTT,2026-07-18,highest-temperature-in-tokyo-on-july-18-2026,highest-temperature-in-tokyo-on-july-18-2026-26c,26°C,0.004007026285255091,0.9959929737147449,6.038813424375249,False,False,False,False,True,True,0.05,1.0,1784340900,0.9995,54.0,0.99,0.0004950000000000005,0.990495,0.005497973714744919,True,0.009596211995012593
Tokyo,RJTT,2026-07-18,highest-temperature-in-tokyo-on-july-18-2026,highest-temperature-in-tokyo-on-july-18-2026-27c,27°C,0.010418268341663234,0.9895817316583367,6.038813424375249,False,False,False,False,True,True,0.05,1.0,1784340900,0.9995,55.0,0.99,0.0004950000000000005,0.990495,-0.0009132683416632759,True,0.009596211995012593
Tokyo,RJTT,2026-07-18,highest-temperature-in-tokyo-on-july-18-2026,highest-temperature-in-tokyo-on-july-18-2026-28c,28°C,0.038834895475022176,0.9611651045249778,6.038813424375249,False,False,False,False,True,True,0.05,1.0,1784340900,0.9995,54.0,0.99,0.0004950000000000005,0.990495,-0.029329895475022183,True,0.009596211995012593
Tokyo,RJTT,2026-07-18,highest-temperature-in-tokyo-on-july-18-2026,highest-temperature-in-tokyo-on-july-18-2026-29c,29°C,0.39861300734357175,0.6013869926564283,6.038813424375249,False,False,False,False,False,True,0.05,1.0,1784340900,0.285,55.0,0.295,0.010398750000000002,0.30539875,0.29598824265642826,True,-1.0
Tokyo,RJTT,2026-07-18,highest-temperature-in-tokyo-on-july-18-2026,highest-temperature-in-tokyo-on-july-18-2026-31c,31°C,0.08291264473201901,0.917087355267981,6.038813424375249,False,False,False,False,True,True,0.05,1.0,1784340900,0.935,55.0,0.9450000000000001,0.0025987499999999973,0.94759875,-0.030511394732019026,True,0.05529898598958671
Tokyo,RJTT,2026-07-18,highest-temperature-in-tokyo-on-july-18-2026,highest-temperature-in-tokyo-on-july-18-2026-32c,32°C,0.00845252036135858,0.9915474796386414,6.038813424375249,False,False,False,False,True,True,0.05,1.0,1784340900,0.9765,55.0,0.9865,0.000665887499999998,0.9871658875,0.004381592138641421,True,0.013000968390938228
Tokyo,RJTT,2026-07-18,highest-temperature-in-tokyo-on-july-18-2026,highest-temperature-in-tokyo-on-july-18-2026-33c,33°C,0.0026473841933988113,0.9973526158066012,6.038813424375249,False,False,False,False,True,True,0.05,1.0,1784340900,0.997,55.0,0.99,0.0004950000000000005,0.990495,0.006857615806601158,True,0.009596211995012593
Tokyo,RJTT,2026-07-18,highest-temperature-in-tokyo-on-july-18-2026,highest-temperature-in-tokyo-on-july-18-2026-34corhigher,34°C or higher,0.0,1.0,6.038813424375249,False,True,False,False,True,True,0.05,1.0,1784340900,0.9995,55.0,0.99,0.0004950000000000005,0.990495,0.009504999999999986,True,0.009596211995012593
Tokyo,RJTT,2026-07-19,highest-temperature-in-tokyo-on-july-19-2026,highest-temperature-in-tokyo-on-july-19-2026-26corbelow,26°C or below,0.0,1.0,6.1796612160352,True,True,False,False,True,True,0.05,1.0,1784427300,0.9995,55.0,0.99,0.0004950000000000005,0.990495,0.009504999999999986,True,0.009596211995012593
Tokyo,RJTT,2026-07-19,highest-temperature-in-tokyo-on-july-19-2026,highest-temperature-in-tokyo-on-july-19-2026-27c,27°C,0.0,1.0,6.1796612160352,True,False,False,False,True,True,0.05,1.0,1784427300,0.9995,55.0,0.99,0.0004950000000000005,0.990495,0.009504999999999986,True,0.009596211995012593
Tokyo,RJTT,2026-07-19,highest-temperature-in-tokyo-on-july-19-2026,highest-temperature-in-tokyo-on-july-19-2026-28c,28°C,0.0004509324414575216,0.9995490675585424,6.1796612160352,True,False,False,False,True,True,0.05,1.0,1784427300,0.9995,53.0,0.99,0.0004950000000000005,0.990495,0.009054067558542434,True,0.009596211995012593
Tokyo,RJTT,2026-07-19,highest-temperature-in-tokyo-on-july-19-2026,highest-temperature-in-tokyo-on-july-19-2026-29c,29°C,0.001172424347789556,0.9988275756522105,6.1796612160352,True,False,False,False,True,True,0.05,1.0,1784427300,0.9995,56.0,0.99,0.0004950000000000005,0.990495,0.008332575652210461,True,0.009596211995012593
Tokyo,RJTT,2026-07-19,highest-temperature-in-tokyo-on-july-19-2026,highest-temperature-in-tokyo-on-july-19-2026-30c,30°C,0.004722264195121451,0.9952777358048785,6.1796612160352,True,False,False,False,True,True,0.05,1.0,1784427300,0.9995,56.0,0.99,0.0004950000000000005,0.990495,0.004782735804878535,True,0.009596211995012593
Tokyo,RJTT,2026-07-19,highest-temperature-in-tokyo-on-july-19-2026,highest-temperature-in-tokyo-on-july-19-2026-31c,31°C,0.20943632108130883,0.7905636789186912,6.1796612160352,True,False,False,False,True,True,0.05,1.0,1784427300,0.815,56.0,0.825,0.007218750000000002,0.83221875,-0.041655071081308837,True,0.20160714956253978
Tokyo,RJTT,2026-07-19,highest-temperature-in-tokyo-on-july-19-2026,highest-temperature-in-tokyo-on-july-19-2026-33c,33°C,0.13586975711769675,0.8641302428823032,6.1796612160352,True,False,False,False,True,True,0.05,1.0,1784427300,0.825,56.0,0.835,0.0068887500000000025,0.84188875,0.02224149288230326,True,0.1878053959029622
Tokyo,RJTT,2026-07-19,highest-temperature-in-tokyo-on-july-19-2026,highest-temperature-in-tokyo-on-july-19-2026-34c,34°C,0.007418987772483994,0.992581012227516,6.1796612160352,True,False,False,False,True,True,0.05,1.0,1784427300,0.985,54.0,0.99,0.0004950000000000005,0.990495,0.002086012227516032,True,0.009596211995012593
Tokyo,RJTT,2026-07-19,highest-temperature-in-tokyo-on-july-19-2026,highest-temperature-in-tokyo-on-july-19-2026-35c,35°C,0.0017638438362882712,0.9982361561637118,6.1796612160352,True,False,False,False,True,True,0.05,1.0,1784427300,0.996,54.0,0.99,0.0004950000000000005,0.990495,0.007741156163711738,True,0.009596211995012593
Tokyo,RJTT,2026-07-19,highest-temperature-in-tokyo-on-july-19-2026,highest-temperature-in-tokyo-on-july-19-2026-36corhigher,36°C or higher,0.0,1.0,6.1796612160352,True,True,False,False,True,True,0.05,1.0,1784427300,0.9995,53.0,0.99,0.0004950000000000005,0.990495,0.009504999999999986,True,0.009596211995012593
Tokyo,RJTT,2026-07-20,highest-temperature-in-tokyo-on-july-20-2026,highest-temperature-in-tokyo-on-july-20-2026-27corbelow,27°C or below,0.0,1.0,8.275316147402364,True,True,False,False,True,True,0.05,1.0,1784513700,0.9995,54.0,0.99,0.0004950000000000005,0.990495,0.009504999999999986,True,0.009596211995012593
Tokyo,RJTT,2026-07-20,highest-temperature-in-tokyo-on-july-20-2026,highest-temperature-in-tokyo-on-july-20-2026-28c,28°C,0.0,1.0,8.275316147402364,True,False,False,False,True,True,0.05,1.0,1784513700,0.9995,55.0,0.99,0.0004950000000000005,0.990495,0.009504999999999986,True,0.009596211995012593
Tokyo,RJTT,2026-07-20,highest-temperature-in-tokyo-on-july-20-2026,highest-temperature-in-tokyo-on-july-20-2026-29c,29°C,0.0,1.0,8.275316147402364,True,False,False,False,True,True,0.05,1.0,1784513700,0.9995,55.0,0.99,0.0004950000000000005,0.990495,0.009504999999999986,True,0.009596211995012593
Tokyo,RJTT,2026-07-20,highest-temperature-in-tokyo-on-july-20-2026,highest-temperature-in-tokyo-on-july-20-2026-30c,30°C,0.0006336586669067334,0.9993663413330933,8.275316147402364,True,False,False,False,True,True,0.05,1.0,1784513700,0.9995,55.0,0.99,0.0004950000000000005,0.990495,0.008871341333093308,True,0.009596211995012593
Tokyo,RJTT,2026-07-20,highest-temperature-in-tokyo-on-july-20-2026,highest-temperature-in-tokyo-on-july-20-2026-31c,31°C,0.001647512533957507,0.9983524874660425,8.275316147402364,True,False,False,False,True,True,0.05,1.0,1784513700,0.9995,55.0,0.99,0.0004950000000000005,0.990495,0.007857487466042534,True,0.009596211995012593
Tokyo,RJTT,2026-07-20,highest-temperature-in-tokyo-on-july-20-2026,highest-temperature-in-tokyo-on-july-20-2026-32c,32°C,0.0066687318753676506,0.9933312681246323,8.275316147402364,True,False,False,False,True,True,0.05,1.0,1784513700,0.9735,55.0,0.9835,0.0008113874999999981,0.9843113875,0.009019880624632326,True,0.015938668087389196
Tokyo,RJTT,2026-07-20,highest-temperature-in-tokyo-on-july-20-2026,highest-temperature-in-tokyo-on-july-20-2026-33c,33°C,0.21227780621572978,0.7877221937842702,8.275316147402364,True,False,False,False,True,True,0.05,1.0,1784513700,0.66,55.0,0.67,0.011055,0.6810550000000001,0.10666719378427014,True,0.46831019521184025
Tokyo,RJTT,2026-07-20,highest-temperature-in-tokyo-on-july-20-2026,highest-temperature-in-tokyo-on-july-20-2026-35c,35°C,0.17884604741182208,0.8211539525881779,8.275316147402364,True,False,False,False,False,True,0.05,1.0,1784513700,0.845,54.0,0.855,0.006198750000000001,0.86119875,-0.0400447974118221,True,-1.0
Tokyo,RJTT,2026-07-20,highest-temperature-in-tokyo-on-july-20-2026,highest-temperature-in-tokyo-on-july-20-2026-36c,36°C,0.011234884887158791,0.9887651151128412,8.275316147402364,True,False,False,False,True,True,0.05,1.0,1784513700,0.942,55.0,0.952,0.0022848000000000018,0.9542847999999999,0.03448031511284122,True,0.04790519559779227
Tokyo,RJTT,2026-07-20,highest-temperature-in-tokyo-on-july-20-2026,highest-temperature-in-tokyo-on-july-20-2026-37corhigher,37°C or higher,0.0012904223242233273,0.9987095776757767,8.275316147402364,True,True,False,False,True,True,0.05,1.0,1784513700,0.994,55.0,0.99,0.0004950000000000005,0.990495,0.008214577675776713,True,0.009596211995012593
Tokyo,RJTT,2026-07-21,highest-temperature-in-tokyo-on-july-21-2026,highest-temperature-in-tokyo-on-july-21-2026-28corbelow,28°C or below,0.0,1.0,9.149974020879,False,True,False,False,True,True,0.05,1.0,1784600100,0.9995,56.0,0.99,0.0004950000000000005,0.990495,0.009504999999999986,True,0.009596211995012593
Tokyo,RJTT,2026-07-21,highest-temperature-in-tokyo-on-july-21-2026,highest-temperature-in-tokyo-on-july-21-2026-29c,29°C,0.0,1.0,9.149974020879,False,False,False,False,True,True,0.05,1.0,1784600100,0.9995,55.0,0.99,0.0004950000000000005,0.990495,0.009504999999999986,True,0.009596211995012593
Tokyo,RJTT,2026-07-21,highest-temperature-in-tokyo-on-july-21-2026,highest-temperature-in-tokyo-on-july-21-2026-30c,30°C,0.0006199298739103765,0.9993800701260896,9.149974020879,False,False,False,False,True,True,0.05,1.0,1784600100,0.9995,55.0,0.99,0.0004950000000000005,0.990495,0.008885070126089634,True,0.009596211995012593
Tokyo,RJTT,2026-07-21,highest-temperature-in-tokyo-on-july-21-2026,highest-temperature-in-tokyo-on-july-21-2026-31c,31°C,0.0016118176721669787,0.998388182327833,9.149974020879,False,False,False,False,True,True,0.05,1.0,1784600100,0.9995,55.0,0.99,0.0004950000000000005,0.990495,0.007893182327832982,True,0.009596211995012593
Tokyo,RJTT,2026-07-21,highest-temperature-in-tokyo-on-july-21-2026,highest-temperature-in-tokyo-on-july-21-2026-32c,32°C,0.0072561497667021895,0.9927438502332978,9.149974020879,False,False,False,False,True,True,0.05,1.0,1784600100,0.9995,55.0,0.99,0.0004950000000000005,0.990495,0.0022488502332977944,True,0.009596211995012593
Tokyo,RJTT,2026-07-21,highest-temperature-in-tokyo-on-july-21-2026,highest-temperature-in-tokyo-on-july-21-2026-33c,33°C,0.36959453147759874,0.6304054685224012,9.149974020879,False,False,False,False,True,True,0.05,1.0,1784600100,0.98,56.0,0.99,0.0004950000000000005,0.990495,-0.3600895314775988,True,0.009596211995012593
Tokyo,RJTT,2026-07-21,highest-temperature-in-tokyo-on-july-21-2026,highest-temperature-in-tokyo-on-july-21-2026-35c,35°C,0.13167601298426398,0.868323987015736,9.149974020879,False,False,False,False,True,True,0.05,1.0,1784600100,0.61,55.0,0.62,0.01178,0.63178,0.23654398701573598,True,0.5828294659533382
Tokyo,RJTT,2026-07-21,highest-temperature-in-tokyo-on-july-21-2026,highest-temperature-in-tokyo-on-july-21-2026-36c,36°C,0.00416198972187507,0.9958380102781249,9.149974020879,False,False,False,False,True,True,0.05,1.0,1784600100,0.66,56.0,0.67,0.011055,0.6810550000000001,0.31478301027812483,True,0.46831019521184025
Tokyo,RJTT,2026-07-21,highest-temperature-in-tokyo-on-july-21-2026,highest-temperature-in-tokyo-on-july-21-2026-37c,37°C,0.0011030570087510636,0.998896942991249,9.149974020879,False,False,False,False,True,True,0.05,1.0,1784600100,0.9575,55.0,0.9675,0.0015721874999999987,0.9690721875,0.029824755491248967,True,0.031914869603044904
Tokyo,RJTT,2026-07-21,highest-temperature-in-tokyo-on-july-21-2026,highest-temperature-in-tokyo-on-july-21-2026-38corhigher,38°C or higher,0.0,1.0,9.149974020879,False,True,False,False,True,True,0.05,1.0,1784600100,0.988,56.0,0.99,0.0004950000000000005,0.990495,0.009504999999999986,True,0.009596211995012593
Tokyo,RJTT,2026-07-22,highest-temperature-in-tokyo-on-july-22-2026,highest-temperature-in-tokyo-on-july-22-2026-29corbelow,29°C or below,0.0,1.0,9.421043692324346,True,True,False,False,True,True,0.05,1.0,1784686500,0.9995,55.0,0.99,0.0004950000000000005,0.990495,0.009504999999999986,True,0.009596211995012593
Tokyo,RJTT,2026-07-22,highest-temperature-in-tokyo-on-july-22-2026,highest-temperature-in-tokyo-on-july-22-2026-30c,30°C,0.0,1.0,9.421043692324346,True,False,False,False,True,True,0.05,1.0,1784686500,0.9995,56.0,0.99,0.0004950000000000005,0.990495,0.009504999999999986,True,0.009596211995012593
Tokyo,RJTT,2026-07-22,highest-temperature-in-tokyo-on-july-22-2026,highest-temperature-in-tokyo-on-july-22-2026-31c,31°C,0.00031795036943850323,0.9996820496305615,9.421043692324346,True,False,False,False,True,True,0.05,1.0,1784686500,0.9995,55.0,0.99,0.0004950000000000005,0.990495,0.009187049630561495,True,0.009596211995012593
Tokyo,RJTT,2026-07-22,highest-temperature-in-tokyo-on-july-22-2026,highest-temperature-in-tokyo-on-july-22-2026-32c,32°C,0.0008266709605401084,0.9991733290394599,9.421043692324346,True,False,False,False,True,True,0.05,1.0,1784686500,0.9995,55.0,0.99,0.0004950000000000005,0.990495,0.008678329039459864,True,0.009596211995012593
Tokyo,RJTT,2026-07-22,highest-temperature-in-tokyo-on-july-22-2026,highest-temperature-in-tokyo-on-july-22-2026-33c,33°C,0.0023016286841196494,0.9976983713158804,9.421043692324346,True,False,False,False,True,True,0.05,1.0,1784686500,0.9995,56.0,0.99,0.0004950000000000005,0.990495,0.007203371315880336,True,0.009596211995012593
Tokyo,RJTT,2026-07-22,highest-temperature-in-tokyo-on-july-22-2026,highest-temperature-in-tokyo-on-july-22-2026-34c,34°C,0.2793000999621337,0.7206999000378663,9.421043692324346,True,False,False,False,False,True,0.05,1.0,1784686500,0.785,55.0,0.795,0.00814875,0.8031487500000001,-0.08244884996213375,True,-1.0
Tokyo,RJTT,2026-07-22,highest-temperature-in-tokyo-on-july-22-2026,highest-temperature-in-tokyo-on-july-22-2026-36c,36°C,0.14300779091852991,0.8569922090814701,9.421043692324346,True,False,False,False,True,True,0.05,1.0,1784686500,0.605,56.0,0.615,0.011838750000000002,0.62683875,0.2301534590814701,True,0.5953066079593834
Tokyo,RJTT,2026-07-22,highest-temperature-in-tokyo-on-july-22-2026,highest-temperature-in-tokyo-on-july-22-2026-37c,37°C,0.004061011829716131,0.9959389881702839,9.421043692324346,True,False,False,False,True,True,0.05,1.0,1784686500,0.895,55.0,0.905,0.00429875,0.90929875,0.08664023817028388,True,0.09974856998318749
Tokyo,RJTT,2026-07-22,highest-temperature-in-tokyo-on-july-22-2026,highest-temperature-in-tokyo-on-july-22-2026-38c,38°C,0.0010933905086039127,0.9989066094913961,9.421043692324346,True,False,False,False,True,True,0.05,1.0,1784686500,0.9895,56.0,0.99,0.0004950000000000005,0.990495,0.008411609491396077,True,0.009596211995012593
Tokyo,RJTT,2026-07-22,highest-temperature-in-tokyo-on-july-22-2026,highest-temperature-in-tokyo-on-july-22-2026-39corhigher,39°C or higher,0.0,1.0,9.421043692324346,True,True,False,False,True,True,0.05,1.0,1784686500,0.997,56.0,0.99,0.0004950000000000005,0.990495,0.009504999999999986,True,0.009596211995012593
Tokyo,RJTT,2026-07-23,highest-temperature-in-tokyo-on-july-23-2026,highest-temperature-in-tokyo-on-july-23-2026-29corbelow,29°C or below,0.0,1.0,6.556267230995999,True,True,False,False,True,True,0.05,1.0,1784772900,0.9995,54.0,0.99,0.0004950000000000005,0.990495,0.009504999999999986,True,0.009596211995012593
Tokyo,RJTT,2026-07-23,highest-temperature-in-tokyo-on-july-23-2026,highest-temperature-in-tokyo-on-july-23-2026-30c,30°C,0.0,1.0,6.556267230995999,True,False,False,False,True,True,0.05,1.0,1784772900,0.9995,54.0,0.99,0.0004950000000000005,0.990495,0.009504999999999986,True,0.009596211995012593
Tokyo,RJTT,2026-07-23,highest-temperature-in-tokyo-on-july-23-2026,highest-temperature-in-tokyo-on-july-23-2026-31c,31°C,0.0,1.0,6.556267230995999,True,False,False,False,True,True,0.05,1.0,1784772900,0.9995,55.0,0.99,0.0004950000000000005,0.990495,0.009504999999999986,True,0.009596211995012593
Tokyo,RJTT,2026-07-23,highest-temperature-in-tokyo-on-july-23-2026,highest-temperature-in-tokyo-on-july-23-2026-32c,32°C,0.0007475127453357431,0.9992524872546643,6.556267230995999,True,False,False,False,True,True,0.05,1.0,1784772900,0.9995,54.0,0.99,0.0004950000000000005,0.990495,0.008757487254664298,True,0.009596211995012593
Tokyo,RJTT,2026-07-23,highest-temperature-in-tokyo-on-july-23-2026,highest-temperature-in-tokyo-on-july-23-2026-33c,33°C,0.0019435331378729321,0.9980564668621271,6.556267230995999,True,False,False,False,True,True,0.05,1.0,1784772900,0.9995,53.0,0.99,0.0004950000000000005,0.990495,0.007561466862127109,True,0.009596211995012593
Tokyo,RJTT,2026-07-23,highest-temperature-in-tokyo-on-july-23-2026,highest-temperature-in-tokyo-on-july-23-2026-34c,34°C,0.006356560013625835,0.9936434399863742,6.556267230995999,True,False,False,False,True,True,0.05,1.0,1784772900,0.9,53.0,0.91,0.004094999999999999,0.914095,0.07954843998637418,True,0.09397819701453347
Tokyo,RJTT,2026-07-23,highest-temperature-in-tokyo-on-july-23-2026,highest-temperature-in-tokyo-on-july-23-2026-35c,35°C,0.21133546326866684,0.7886645367313332,6.556267230995999,True,False,False,False,False,True,0.05,1.0,1784772900,0.55,54.0,0.56,0.01232,0.57232,0.21634453673133314,True,-1.0
Tokyo,RJTT,2026-07-23,highest-temperature-in-tokyo-on-july-23-2026,highest-temperature-in-tokyo-on-july-23-2026-37c,37°C,0.2347997478651243,0.7652002521348757,6.556267230995999,True,False,False,False,True,True,0.05,1.0,1784772900,0.855,53.0,0.865,0.00583875,0.87083875,-0.10563849786512425,True,0.14831821620248298
Tokyo,RJTT,2026-07-23,highest-temperature-in-tokyo-on-july-23-2026,highest-temperature-in-tokyo-on-july-23-2026-38c,38°C,0.013518093136991852,0.9864819068630082,6.556267230995999,True,False,False,False,True,True,0.05,1.0,1784772900,0.981,54.0,0.99,0.0004950000000000005,0.990495,-0.00401309313699183,True,0.009596211995012593
Tokyo,RJTT,2026-07-23,highest-temperature-in-tokyo-on-july-23-2026,highest-temperature-in-tokyo-on-july-23-2026-39corhigher,39°C or higher,0.001315237014249553,0.9986847629857505,6.556267230995999,True,True,False,False,True,True,0.05,1.0,1784772900,0.996,55.0,0.99,0.0004950000000000005,0.990495,0.00818976298575047,True,0.009596211995012593
Tokyo,RJTT,2026-07-24,highest-temperature-in-tokyo-on-july-24-2026,highest-temperature-in-tokyo-on-july-24-2026-27corbelow,27°C or below,0.0,1.0,6.437468509804759,True,True,False,False,True,True,0.05,1.0,1784859300,0.9995,53.0,0.99,0.0004950000000000005,0.990495,0.009504999999999986,True,0.009596211995012593
Tokyo,RJTT,2026-07-24,highest-temperature-in-tokyo-on-july-24-2026,highest-temperature-in-tokyo-on-july-24-2026-28c,28°C,0.0011378220997938632,0.9988621779002061,6.437468509804759,True,False,False,False,True,True,0.05,1.0,1784859300,0.9995,53.0,0.99,0.0004950000000000005,0.990495,0.008367177900206135,True,0.009596211995012593
Tokyo,RJTT,2026-07-24,highest-temperature-in-tokyo-on-july-24-2026,highest-temperature-in-tokyo-on-july-24-2026-29c,29°C,0.002958337459464044,0.997041662540536,6.437468509804759,True,False,False,False,True,True,0.05,1.0,1784859300,0.9995,52.0,0.99,0.0004950000000000005,0.990495,0.00654666254053593,True,0.009596211995012593
Tokyo,RJTT,2026-07-24,highest-temperature-in-tokyo-on-july-24-2026,highest-temperature-in-tokyo-on-july-24-2026-30c,30°C,0.008344423914854238,0.9916555760851458,6.437468509804759,True,False,False,False,True,True,0.05,1.0,1784859300,0.981,53.0,0.99,0.0004950000000000005,0.990495,0.001160576085145748,True,0.009596211995012593
Tokyo,RJTT,2026-07-24,highest-temperature-in-tokyo-on-july-24-2026,highest-temperature-in-tokyo-on-july-24-2026-31c,31°C,0.20921201086624042,0.7907879891337596,6.437468509804759,True,False,False,False,True,True,0.05,1.0,1784859300,0.87,53.0,0.88,0.00528,0.88528,-0.09449201086624037,True,0.12958611964576194
Tokyo,RJTT,2026-07-24,highest-temperature-in-tokyo-on-july-24-2026,highest-temperature-in-tokyo-on-july-24-2026-33c,33°C,0.23782501895746858,0.7621749810425315,6.437468509804759,True,False,False,False,True,True,0.05,1.0,1784859300,0.735,52.0,0.745,0.00949875,0.75449875,0.007676231042531456,True,0.32538324284831477
Tokyo,RJTT,2026-07-24,highest-temperature-in-tokyo-on-july-24-2026,highest-temperature-in-tokyo-on-july-24-2026-34c,34°C,0.02030826033805633,0.9796917396619437,6.437468509804759,True,False,False,False,False,True,0.05,1.0,1784859300,0.9,53.0,0.91,0.004094999999999999,0.914095,0.06559673966194368,True,-1.0
Tokyo,RJTT,2026-07-24,highest-temperature-in-tokyo-on-july-24-2026,highest-temperature-in-tokyo-on-july-24-2026-35c,35°C,0.001746962247405883,0.9982530377525941,6.437468509804759,True,False,False,False,True,True,0.05,1.0,1784859300,0.9885,52.0,0.99,0.0004950000000000005,0.990495,0.0077580377525940936,True,0.009596211995012593
Tokyo,RJTT,2026-07-24,highest-temperature-in-tokyo-on-july-24-2026,highest-temperature-in-tokyo-on-july-24-2026-36c,36°C,0.0,1.0,6.437468509804759,True,False,False,False,True,True,0.05,1.0,1784859300,0.9995,53.0,0.99,0.0004950000000000005,0.990495,0.009504999999999986,True,0.009596211995012593
Tokyo,RJTT,2026-07-24,highest-temperature-in-tokyo-on-july-24-2026,highest-temperature-in-tokyo-on-july-24-2026-37corhigher,37°C or higher,0.0,1.0,6.437468509804759,True,True,False,False,True,True,0.05,1.0,1784859300,0.998,53.0,0.99,0.0004950000000000005,0.990495,0.009504999999999986,True,0.009596211995012593
Tokyo,RJTT,2026-07-25,highest-temperature-in-tokyo-on-july-25-2026,highest-temperature-in-tokyo-on-july-25-2026-26corbelow,26°C or below,0.0,1.0,9.617012380546951,False,True,False,False,True,True,0.05,1.0,1784945700,0.9995,53.0,0.99,0.0004950000000000005,0.990495,0.009504999999999986,True,0.009596211995012593
Tokyo,RJTT,2026-07-25,highest-temperature-in-tokyo-on-july-25-2026,highest-temperature-in-tokyo-on-july-25-2026-27c,27°C,0.0,1.0,9.617012380546951,False,False,False,False,True,True,0.05,1.0,1784945700,0.9995,52.0,0.99,0.0004950000000000005,0.990495,0.009504999999999986,True,0.009596211995012593
Tokyo,RJTT,2026-07-25,highest-temperature-in-tokyo-on-july-25-2026,highest-temperature-in-tokyo-on-july-25-2026-28c,28°C,0.0,1.0,9.617012380546951,False,False,False,False,True,True,0.05,1.0,1784945700,0.9995,53.0,0.99,0.0004950000000000005,0.990495,0.009504999999999986,True,0.009596211995012593
Tokyo,RJTT,2026-07-25,highest-temperature-in-tokyo-on-july-25-2026,highest-temperature-in-tokyo-on-july-25-2026-29c,29°C,0.0,1.0,9.617012380546951,False,False,False,False,True,True,0.05,1.0,1784945700,0.9995,53.0,0.99,0.0004950000000000005,0.990495,0.009504999999999986,True,0.009596211995012593
Tokyo,RJTT,2026-07-25,highest-temperature-in-tokyo-on-july-25-2026,highest-temperature-in-tokyo-on-july-25-2026-30c,30°C,0.001631112587233759,0.9983688874127662,9.617012380546951,False,False,False,False,True,True,0.05,1.0,1784945700,0.9995,52.0,0.99,0.0004950000000000005,0.990495,0.007873887412766178,True,0.009596211995012593
Tokyo,RJTT,2026-07-25,highest-temperature-in-tokyo-on-july-25-2026,highest-temperature-in-tokyo-on-july-25-2026-31c,31°C,0.004240892726807773,0.9957591072731923,9.617012380546951,False,False,False,False,True,True,0.05,1.0,1784945700,0.9995,53.0,0.99,0.0004950000000000005,0.990495,0.0052641072731922645,True,0.009596211995012593
Tokyo,RJTT,2026-07-25,highest-temperature-in-tokyo-on-july-25-2026,highest-temperature-in-tokyo-on-july-25-2026-32c,32°C,0.021821471219020224,0.9781785287809798,9.617012380546951,False,False,False,False,True,True,0.05,1.0,1784945700,0.975,53.0,0.985,0.0007387500000000007,0.98573875,-0.0075602212190202245,True,0.014467575714153469
Tokyo,RJTT,2026-07-25,highest-temperature-in-tokyo-on-july-25-2026,highest-temperature-in-tokyo-on-july-25-2026-33c,33°C,0.30553702992099774,0.6944629700790023,9.617012380546951,False,False,False,False,True,True,0.05,1.0,1784945700,0.75,53.0,0.76,0.009120000000000001,0.76912,-0.07465702992099776,True,0.30018722696068223
Tokyo,RJTT,2026-07-25,highest-temperature-in-tokyo-on-july-25-2026,highest-temperature-in-tokyo-on-july-25-2026-34c,34°C,0.3357482055978541,0.6642517944021459,9.617012380546951,False,False,True,True,True,True,0.05,1.0,1784945700,0.57,52.0,0.58,0.012180000000000002,0.5921799999999999,0.07207179440214595,True,0.6886757404843125
Tokyo,RJTT,2026-07-25,highest-temperature-in-tokyo-on-july-25-2026,highest-temperature-in-tokyo-on-july-25-2026-35c,35°C,0.31049813140706356,0.6895018685929364,9.617012380546951,False,False,False,False,True,True,0.05,1.0,1784945700,0.744,53.0,0.754,0.009274200000000002,0.7632742,-0.07377233140706363,True,0.3101451614635997
Tokyo,RJTT,2026-07-25,highest-temperature-in-tokyo-on-july-25-2026,highest-temperature-in-tokyo-on-july-25-2026-36corhigher,36°C or higher,0.020523156541022866,0.9794768434589771,9.617012380546951,False,True,False,False,False,True,0.05,1.0,1784945700,0.917,53.0,0.927,0.0033835499999999986,0.9303835500000001,0.04909329345897706,True,-1.0
